iteration,mu_friction_coeff,chain_tension_N,power_W,chain_speed_ms,efficiency_11sp_pct,efficiency_12sp_pct,delta_efficiency_pct,loss_11sp_pct,loss_12sp_pct
1,0.003695,688.5,191.25,0.2778,95.9353,96.1755,0.2402,4.0647,3.8245
2,0.003112,930.4,251.5,0.2703,96.5763,96.7786,0.2023,3.4237,3.2214
3,0.004049,709.56,213.29,0.3006,95.546,95.8092,0.2632,4.454,4.1908
4,0.002842,754.34,225.8,0.2993,96.8741,97.0588,0.1847,3.1259,2.9412
5,0.002837,747.6,247.48,0.331,96.8791,97.0635,0.1844,3.1209,2.9365
6,0.003563,754.95,238.39,0.3158,96.0808,96.3124,0.2316,3.9192,3.6876
7,0.003933,682.21,270.87,0.3971,95.6735,95.9291,0.2557,4.3265,4.0709
8,0.003777,795.69,173.32,0.2178,95.8449,96.0904,0.2455,4.1551,3.9096
9,0.00414,794.44,163.91,0.2063,95.4459,95.715,0.2691,4.5541,4.285
10,0.002935,968.15,240.56,0.2485,96.7711,96.9619,0.1908,3.2289,3.0381
11,0.00393,928.11,230.43,0.2483,95.677,95.9325,0.2554,4.323,4.0675
12,0.004162,808.7,232.81,0.2879,95.4214,95.692,0.2706,4.5786,4.308
13,0.003961,890.3,279.26,0.3137,95.6427,95.9002,0.2575,4.3573,4.0998
14,0.003608,919.55,156.87,0.1706,96.0309,96.2654,0.2345,3.9691,3.7346
15,0.003119,778.39,161.97,0.2081,96.569,96.7718,0.2027,3.431,3.2282
16,0.003126,714.34,191.7,0.2684,96.5615,96.7647,0.2032,3.4385,3.2353
17,0.00369,804.04,205.53,0.2556,95.941,96.1809,0.2398,4.059,3.8191
18,0.003093,770.77,290.5,0.3769,96.5974,96.7984,0.2011,3.4026,3.2016
19,0.003707,887.1,175.67,0.198,95.922,96.163,0.241,4.078,3.837
20,0.003821,735.56,206.92,0.2813,95.7971,96.0455,0.2484,4.2029,3.9545
21,0.004185,897.6,233.54,0.2602,95.3961,95.6682,0.272,4.6039,4.3318
22,0.003758,966.57,266.4,0.2756,95.8657,96.11,0.2443,4.1343,3.89
23,0.003121,690.91,197.32,0.2856,96.5673,96.7701,0.2028,3.4327,3.2299
24,0.003175,751.73,291.44,0.3877,96.5077,96.714,0.2064,3.4923,3.286
25,0.004027,786.99,248.32,0.3155,95.5704,95.8321,0.2617,4.4296,4.1679
26,0.003354,990.95,218.83,0.2208,96.3107,96.5287,0.218,3.6893,3.4713
27,0.003171,763.85,234.21,0.3066,96.5121,96.7182,0.2061,3.4879,3.2818
28,0.003168,878.76,284.67,0.3239,96.5154,96.7213,0.2059,3.4846,3.2787
29,0.003359,754.57,299.63,0.3971,96.3049,96.5233,0.2183,3.6951,3.4767
30,0.003513,710.91,157.07,0.2209,96.1353,96.3637,0.2284,3.8647,3.6363
31,0.002954,893.33,268.81,0.3009,96.7511,96.9431,0.192,3.2489,3.0569
32,0.003391,701.6,207.24,0.2954,96.2699,96.4903,0.2204,3.7301,3.5097
33,0.004195,859.9,295.66,0.3438,95.386,95.6586,0.2726,4.614,4.3414
34,0.004005,683.9,258.11,0.3774,95.5944,95.8547,0.2603,4.4056,4.1453
35,0.003754,862.57,190.02,0.2203,95.8702,96.1142,0.244,4.1298,3.8858
36,0.003697,717.93,215.21,0.2998,95.9329,96.1732,0.2403,4.0671,3.8268
37,0.003435,1004.3,281.38,0.2802,96.2213,96.4446,0.2233,3.7787,3.5554
38,0.003169,850.2,176.8,0.2079,96.5144,96.7203,0.206,3.4856,3.2797
39,0.004078,975.98,194.77,0.1996,95.5146,95.7796,0.265,4.4854,4.2204
40,0.003695,887.05,172.93,0.1949,95.936,96.1762,0.2401,4.064,3.8238
41,0.003868,863.39,266.79,0.309,95.7457,95.9971,0.2514,4.2543,4.0029
42,0.003542,680.19,198.62,0.292,96.1033,96.3335,0.2303,3.8967,3.6665
43,0.002827,995.89,281.81,0.283,96.89,97.0738,0.1838,3.11,2.9262
44,0.003964,784.55,158.69,0.2023,95.6392,95.8969,0.2577,4.3608,4.1031
45,0.004029,1001.96,162.85,0.1625,95.5679,95.8298,0.2619,4.4321,4.1702
46,0.00348,703.53,264.09,0.3754,96.1716,96.3978,0.2262,3.8284,3.6022
47,0.003872,723.65,221.29,0.3058,95.7406,95.9923,0.2517,4.2594,4.0077
48,0.00357,770.12,280.86,0.3647,96.0733,96.3053,0.232,3.9267,3.6947
49,0.003392,752.01,230.89,0.307,96.2684,96.4889,0.2205,3.7316,3.5111
50,0.003822,748.39,196.76,0.2629,95.7959,96.0443,0.2484,4.2041,3.9557
51,0.004193,900.96,215.72,0.2394,95.3875,95.66,0.2726,4.6125,4.34
52,0.003525,721.14,183.7,0.2547,96.1229,96.352,0.2291,3.8771,3.648
53,0.003273,880.02,184.52,0.2097,96.3993,96.6121,0.2128,3.6007,3.3879
54,0.003108,704.14,244.67,0.3475,96.5809,96.7829,0.202,3.4191,3.2171
55,0.003121,987.84,278.95,0.2824,96.5674,96.7703,0.2028,3.4326,3.2297
56,0.002899,760.92,250.35,0.329,96.8109,96.9993,0.1884,3.1891,3.0007
57,0.0031,724.99,290.33,0.4005,96.5901,96.7916,0.2015,3.4099,3.2084
58,0.003599,840.71,267.69,0.3184,96.0406,96.2746,0.234,3.9594,3.7254
59,0.00393,744.74,164.54,0.2209,95.6765,95.9319,0.2555,4.3235,4.0681
60,0.003403,824.02,220.05,0.2671,96.2562,96.4774,0.2212,3.7438,3.5226
61,0.003821,908.94,297.62,0.3274,95.7972,96.0456,0.2483,4.2028,3.9544
62,0.002938,816.89,200.9,0.2459,96.7684,96.9594,0.191,3.2316,3.0406
63,0.004006,764.54,178.53,0.2335,95.593,95.8534,0.2604,4.407,4.1466
64,0.003428,823.44,191.78,0.2329,96.2291,96.452,0.2228,3.7709,3.548
65,0.00315,993.91,216.47,0.2178,96.5353,96.74,0.2047,3.4647,3.26
66,0.004006,867.11,157.59,0.1817,95.5935,95.8539,0.2604,4.4065,4.1461
67,0.004199,964.25,295.35,0.3063,95.3811,95.654,0.2729,4.6189,4.346
68,0.004097,968.56,174.95,0.1806,95.4934,95.7597,0.2663,4.5066,4.2403
69,0.00348,752.67,210.16,0.2792,96.1721,96.3983,0.2262,3.8279,3.6017
70,0.002882,808.85,297.8,0.3682,96.8297,97.017,0.1873,3.1703,2.983
71,0.003171,946.58,218.25,0.2306,96.5116,96.7177,0.2061,3.4884,3.2823
72,0.003392,1005.49,299.31,0.2977,96.2686,96.4891,0.2205,3.7314,3.5109
73,0.003578,924.26,173.22,0.1874,96.0641,96.2967,0.2326,3.9359,3.7033
74,0.003215,1009.36,236.88,0.2347,96.4631,96.6721,0.209,3.5369,3.3279
75,0.003559,934.31,158.57,0.1697,96.085,96.3164,0.2313,3.915,3.6836
76,0.003618,850.97,277.91,0.3266,96.0204,96.2555,0.2352,3.9796,3.7445
77,0.00302,1006.66,162.02,0.1609,96.6776,96.8739,0.1963,3.3224,3.1261
78,0.00306,882.31,251.28,0.2848,96.6338,96.8327,0.1989,3.3662,3.1673
79,0.003129,720.76,283.54,0.3934,96.5578,96.7612,0.2034,3.4422,3.2388
80,0.003145,882.14,242.91,0.2754,96.5408,96.7452,0.2044,3.4592,3.2548
81,0.003387,878.45,228.42,0.26,96.2744,96.4945,0.2201,3.7256,3.5055
82,0.004109,749.45,257.43,0.3435,95.4806,95.7476,0.2671,4.5194,4.2524
83,0.003134,814.57,250.75,0.3078,96.5524,96.7561,0.2037,3.4476,3.2439
84,0.00322,787.5,262.78,0.3337,96.458,96.6673,0.2093,3.542,3.3327
85,0.002902,835.82,299.77,0.3587,96.8083,96.9969,0.1886,3.1917,3.0031
86,0.004195,704.91,181.97,0.2582,95.386,95.6587,0.2726,4.614,4.3413
87,0.003171,997.31,282.13,0.2829,96.5116,96.7177,0.2061,3.4884,3.2823
88,0.004031,805.64,173.66,0.2156,95.5659,95.8279,0.262,4.4341,4.1721
89,0.003967,919.2,241.75,0.263,95.636,95.8939,0.2579,4.364,4.1061
90,0.004182,902.35,151.17,0.1675,95.3997,95.6715,0.2718,4.6003,4.3285
91,0.003944,781.79,249.51,0.3192,95.6617,95.918,0.2564,4.3383,4.082
92,0.004115,725.66,167.31,0.2306,95.474,95.7415,0.2674,4.526,4.2585
93,0.00295,868.1,190.85,0.2199,96.7552,96.9469,0.1917,3.2448,3.0531
94,0.003647,923.99,180.54,0.1954,95.9886,96.2256,0.237,4.0114,3.7744
95,0.003688,769.75,223.28,0.2901,95.9433,96.183,0.2397,4.0567,3.817
96,0.004067,967.68,163.84,0.1693,95.5258,95.7902,0.2644,4.4742,4.2098
97,0.003393,774.07,150.53,0.1945,96.2677,96.4882,0.2205,3.7323,3.5118
98,0.00388,896.62,189.29,0.2111,95.7325,95.9846,0.2522,4.2675,4.0154
99,0.003838,867.57,214.15,0.2468,95.7785,96.028,0.2495,4.2215,3.972
100,0.002814,705.58,282.47,0.4003,96.9051,97.088,0.1829,3.0949,2.912
101,0.004066,865.5,275.19,0.318,95.5279,95.7922,0.2643,4.4721,4.2078
102,0.003616,730.35,169.12,0.2316,96.0229,96.2579,0.235,3.9771,3.7421
103,0.003232,985.65,269.42,0.2733,96.4453,96.6553,0.2101,3.5547,3.3447
104,0.004005,985.63,181.51,0.1842,95.5945,95.8548,0.2603,4.4055,4.1452
105,0.003149,714.95,267.02,0.3735,96.5357,96.7404,0.2047,3.4643,3.2596
106,0.004038,818.17,243.1,0.2971,95.5584,95.8209,0.2625,4.4416,4.1791
107,0.003016,996.16,279.69,0.2808,96.682,96.8781,0.1961,3.318,3.1219
108,0.004167,955.66,282.21,0.2953,95.4166,95.6875,0.2708,4.5834,4.3125
109,0.002835,930.43,199.83,0.2148,96.8818,97.0661,0.1843,3.1182,2.9339
110,0.004103,952.76,279.61,0.2935,95.4865,95.7532,0.2667,4.5135,4.2468
111,0.003935,770.71,268.11,0.3479,95.6714,95.9272,0.2558,4.3286,4.0728
112,0.002951,976.54,278.79,0.2855,96.7535,96.9454,0.1918,3.2465,3.0546
113,0.003111,957.64,219.05,0.2287,96.5775,96.7797,0.2022,3.4225,3.2203
114,0.003227,950.42,184.14,0.1937,96.45,96.6598,0.2098,3.55,3.3402
115,0.002833,745.66,199.24,0.2672,96.8836,97.0677,0.1842,3.1164,2.9323
116,0.00401,1008.74,191.87,0.1902,95.5889,95.8496,0.2607,4.4111,4.1504
117,0.003698,815.89,297.17,0.3642,95.9321,96.1725,0.2404,4.0679,3.8275
118,0.003551,999.34,167.3,0.1674,96.0942,96.325,0.2308,3.9058,3.675
119,0.004159,740.71,294.38,0.3974,95.4256,95.6959,0.2703,4.5744,4.3041
120,0.003172,716.86,215.18,0.3002,96.5112,96.7173,0.2062,3.4888,3.2827
121,0.00382,786.65,240.93,0.3063,95.798,96.0463,0.2483,4.202,3.9537
122,0.003516,810.97,236.49,0.2916,96.1324,96.3609,0.2285,3.8676,3.6391
123,0.003157,920.99,150.25,0.1631,96.5277,96.7329,0.2052,3.4723,3.2671
124,0.004096,863.07,257.91,0.2988,95.4946,95.7608,0.2662,4.5054,4.2392
125,0.003839,908.01,204.63,0.2254,95.7774,96.0269,0.2495,4.2226,3.9731
126,0.002898,905.84,199.53,0.2203,96.8122,97.0006,0.1884,3.1878,2.9994
127,0.003239,968.33,257.96,0.2664,96.4366,96.6471,0.2106,3.5634,3.3529
128,0.00322,785.16,211.26,0.2691,96.4575,96.6668,0.2093,3.5425,3.3332
129,0.003363,780.52,169.09,0.2166,96.3003,96.5189,0.2186,3.6997,3.4811
130,0.003389,999.72,251.6,0.2517,96.2725,96.4928,0.2203,3.7275,3.5072
131,0.004064,889.28,195.14,0.2194,95.5297,95.7938,0.2642,4.4703,4.2062
132,0.003567,680.14,193.04,0.2838,96.0762,96.308,0.2319,3.9238,3.692
133,0.003402,877.19,248.21,0.283,96.258,96.4791,0.2211,3.742,3.5209
134,0.003451,830.33,182.06,0.2193,96.2039,96.4282,0.2243,3.7961,3.5718
135,0.003462,986.4,269.4,0.2731,96.1913,96.4164,0.2251,3.8087,3.5836
136,0.003038,708.83,227.32,0.3207,96.6587,96.8561,0.1974,3.3413,3.1439
137,0.003686,793.96,272.76,0.3435,95.9453,96.1849,0.2396,4.0547,3.8151
138,0.003852,908.75,183.7,0.2021,95.7632,96.0136,0.2504,4.2368,3.9864
139,0.003079,688.3,186.73,0.2713,96.6133,96.8135,0.2001,3.3867,3.1865
140,0.003465,968.91,160.92,0.1661,96.1883,96.4135,0.2252,3.8117,3.5865
141,0.00338,894.12,179.17,0.2004,96.2818,96.5015,0.2197,3.7182,3.4985
142,0.003775,848.09,186.6,0.22,95.8476,96.093,0.2454,4.1524,3.907
143,0.003718,681.89,262.64,0.3852,95.9097,96.1514,0.2417,4.0903,3.8486
144,0.003878,716.24,213.77,0.2985,95.7341,95.9862,0.2521,4.2659,4.0138
145,0.003046,1005.71,227.69,0.2264,96.6491,96.8471,0.198,3.3509,3.1529
146,0.00287,764.73,277.25,0.3625,96.8427,97.0292,0.1866,3.1573,2.9708
147,0.003439,952.48,250.14,0.2626,96.217,96.4406,0.2235,3.783,3.5594
148,0.004183,882.45,292.51,0.3315,95.3986,95.6705,0.2719,4.6014,4.3295
149,0.004048,888.3,257.89,0.2903,95.5472,95.8103,0.2631,4.4528,4.1897
150,0.003507,962.39,232.18,0.2413,96.1426,96.3706,0.2279,3.8574,3.6294
151,0.004056,932.84,221.2,0.2371,95.5383,95.8019,0.2636,4.4617,4.1981
152,0.003163,764.06,245.65,0.3215,96.5208,96.7264,0.2056,3.4792,3.2736
153,0.003872,857.24,244.01,0.2846,95.7406,95.9923,0.2517,4.2594,4.0077
154,0.003184,706.34,192.86,0.273,96.4971,96.7041,0.207,3.5029,3.2959
155,0.00318,788.7,231.02,0.2929,96.5016,96.7083,0.2067,3.4984,3.2917
156,0.002994,758.63,254.09,0.3349,96.7069,96.9015,0.1946,3.2931,3.0985
157,0.003789,701.84,211.14,0.3008,95.8321,96.0784,0.2463,4.1679,3.9216
158,0.00356,821.36,181.03,0.2204,96.0844,96.3158,0.2314,3.9156,3.6842
159,0.003388,987.65,237.61,0.2406,96.273,96.4932,0.2202,3.727,3.5068
160,0.003774,971.29,264.84,0.2727,95.8489,96.0942,0.2453,4.1511,3.9058
161,0.003333,682.0,202.76,0.2973,96.3342,96.5508,0.2166,3.6658,3.4492
162,0.003855,970.17,293.01,0.302,95.7596,96.0102,0.2506,4.2404,3.9898
163,0.003387,934.16,231.92,0.2483,96.2747,96.4948,0.2201,3.7253,3.5052
164,0.003645,754.98,182.91,0.2423,95.991,96.2279,0.2369,4.009,3.7721
165,0.00341,689.87,200.42,0.2905,96.2488,96.4705,0.2217,3.7512,3.5295
166,0.003751,817.47,174.76,0.2138,95.8741,96.1179,0.2438,4.1259,3.8821
167,0.003454,723.39,243.34,0.3364,96.2002,96.4248,0.2245,3.7998,3.5752
168,0.002838,813.97,234.66,0.2883,96.8785,97.0629,0.1845,3.1215,2.9371
169,0.002838,898.53,170.35,0.1896,96.8783,97.0627,0.1845,3.1217,2.9373
170,0.003446,697.1,206.87,0.2968,96.209,96.433,0.224,3.791,3.567
171,0.003096,791.13,264.18,0.3339,96.594,96.7953,0.2013,3.406,3.2047
172,0.003331,935.68,274.79,0.2937,96.3361,96.5526,0.2165,3.6639,3.4474
173,0.003153,707.85,152.91,0.216,96.5315,96.7365,0.205,3.4685,3.2635
174,0.003555,1019.97,202.49,0.1985,96.0893,96.3204,0.2311,3.9107,3.6796
175,0.00371,945.62,247.76,0.262,95.9188,96.1599,0.2412,4.0812,3.8401
176,0.003856,1002.87,179.9,0.1794,95.7585,96.0091,0.2506,4.2415,3.9909
177,0.002829,731.81,168.93,0.2308,96.8886,97.0725,0.1839,3.1114,2.9275
178,0.003737,871.75,182.69,0.2096,95.889,96.132,0.2429,4.111,3.868
179,0.003779,940.75,175.17,0.1862,95.8428,96.0885,0.2457,4.1572,3.9115
180,0.00365,934.29,167.18,0.1789,95.9848,96.2221,0.2373,4.0152,3.7779
181,0.003947,1008.01,166.21,0.1649,95.6583,95.9148,0.2566,4.3417,4.0852
182,0.002836,786.07,251.6,0.3201,96.8805,97.0648,0.1843,3.1195,2.9352
183,0.004141,814.86,257.25,0.3157,95.4444,95.7136,0.2692,4.5556,4.2864
184,0.002906,914.81,244.09,0.2668,96.803,96.9919,0.1889,3.197,3.0081
185,0.002943,942.64,277.54,0.2944,96.7631,96.9543,0.1913,3.2369,3.0457
186,0.003641,721.16,297.58,0.4126,95.9954,96.232,0.2366,4.0046,3.768
187,0.003896,798.05,214.26,0.2685,95.7147,95.968,0.2532,4.2853,4.032
188,0.003319,852.03,201.18,0.2361,96.3493,96.565,0.2157,3.6507,3.435
189,0.003989,959.59,165.83,0.1728,95.6117,95.871,0.2593,4.3883,4.129
190,0.004145,896.1,274.31,0.3061,95.4404,95.7098,0.2694,4.5596,4.2902
191,0.00379,828.07,260.07,0.3141,95.8307,96.0771,0.2464,4.1693,3.9229
192,0.004152,771.83,271.23,0.3514,95.4332,95.703,0.2699,4.5668,4.297
193,0.003553,844.39,215.34,0.255,96.0912,96.3222,0.231,3.9088,3.6778
194,0.003823,771.25,277.76,0.3601,95.7942,96.0427,0.2485,4.2058,3.9573
195,0.003963,709.47,282.24,0.3978,95.6407,95.8983,0.2576,4.3593,4.1017
196,0.003141,838.0,241.55,0.2882,96.5445,96.7486,0.2042,3.4555,3.2514
197,0.003331,689.76,277.64,0.4025,96.3364,96.5528,0.2165,3.6636,3.4472
198,0.003055,752.12,269.67,0.3586,96.64,96.8385,0.1985,3.36,3.1615
199,0.003276,979.31,255.18,0.2606,96.3959,96.6088,0.213,3.6041,3.3912
200,0.003187,683.45,292.21,0.4275,96.4945,96.7017,0.2071,3.5055,3.2983
201,0.00292,924.83,223.29,0.2414,96.7882,96.9779,0.1898,3.2118,3.0221
202,0.003861,914.81,246.89,0.2699,95.7524,96.0034,0.251,4.2476,3.9966
203,0.003487,949.6,163.96,0.1727,96.1641,96.3908,0.2267,3.8359,3.6092
204,0.00311,915.21,195.93,0.2141,96.5787,96.7809,0.2022,3.4213,3.2191
205,0.003614,840.91,229.64,0.2731,96.0244,96.2593,0.2349,3.9756,3.7407
206,0.003396,933.62,199.62,0.2138,96.2647,96.4854,0.2207,3.7353,3.5146
207,0.003784,772.11,187.71,0.2431,95.8376,96.0836,0.246,4.1624,3.9164
208,0.002969,745.48,167.93,0.2253,96.7342,96.9272,0.193,3.2658,3.0728
209,0.00355,939.14,177.77,0.1893,96.0948,96.3255,0.2308,3.9052,3.6745
210,0.003103,844.63,258.69,0.3063,96.5868,96.7885,0.2017,3.4132,3.2115
211,0.004167,858.38,192.45,0.2242,95.416,95.6869,0.2709,4.584,4.3131
212,0.002941,746.0,184.12,0.2468,96.7652,96.9563,0.1911,3.2348,3.0437
213,0.003051,684.81,230.12,0.336,96.6437,96.842,0.1983,3.3563,3.158
214,0.003184,1011.26,233.0,0.2304,96.4976,96.7045,0.207,3.5024,3.2955
215,0.003776,722.94,280.27,0.3877,95.846,96.0914,0.2455,4.154,3.9086
216,0.003487,976.72,236.11,0.2417,96.164,96.3907,0.2267,3.836,3.6093
217,0.003457,829.76,177.65,0.2141,96.1971,96.4218,0.2247,3.8029,3.5782
218,0.002872,999.96,221.66,0.2217,96.8409,97.0276,0.1867,3.1591,2.9724
219,0.003951,816.24,161.11,0.1974,95.6539,95.9108,0.2568,4.3461,4.0892
220,0.003681,698.23,172.38,0.2469,95.9507,96.1899,0.2393,4.0493,3.8101
221,0.003588,783.3,299.09,0.3818,96.0532,96.2864,0.2332,3.9468,3.7136
222,0.002966,939.91,240.95,0.2564,96.7376,96.9304,0.1928,3.2624,3.0696
223,0.003907,756.73,228.39,0.3018,95.7023,95.9562,0.254,4.2977,4.0438
224,0.003431,830.53,279.02,0.336,96.2262,96.4492,0.223,3.7738,3.5508
225,0.004186,783.83,243.15,0.3102,95.3954,95.6674,0.2721,4.6046,4.3326
226,0.003653,931.63,292.14,0.3136,95.9812,96.2186,0.2375,4.0188,3.7814
227,0.003091,751.75,249.06,0.3313,96.6,96.8009,0.2009,3.4,3.1991
228,0.00302,739.1,161.26,0.2182,96.6781,96.8744,0.1963,3.3219,3.1256
229,0.002804,833.17,239.07,0.2869,96.9159,97.0981,0.1822,3.0841,2.9019
230,0.003208,758.7,256.04,0.3375,96.4715,96.68,0.2085,3.5285,3.32
231,0.003784,834.37,253.11,0.3034,95.8374,96.0834,0.246,4.1626,3.9166
232,0.004093,947.86,243.76,0.2572,95.4972,95.7633,0.2661,4.5028,4.2367
233,0.003726,997.45,213.77,0.2143,95.9018,96.1439,0.2422,4.0982,3.8561
234,0.003562,900.2,286.26,0.318,96.0814,96.3129,0.2316,3.9186,3.6871
235,0.003957,704.28,174.89,0.2483,95.647,95.9042,0.2572,4.353,4.0958
236,0.003231,934.65,235.38,0.2518,96.4463,96.6563,0.21,3.5537,3.3437
237,0.003204,722.28,253.3,0.3507,96.4755,96.6838,0.2083,3.5245,3.3162
238,0.00378,1000.51,225.07,0.225,95.8424,96.0881,0.2457,4.1576,3.9119
239,0.003491,707.35,155.98,0.2205,96.1596,96.3865,0.2269,3.8404,3.6135
240,0.003405,789.59,187.56,0.2375,96.2547,96.476,0.2213,3.7453,3.524
241,0.002928,1007.05,275.39,0.2735,96.7794,96.9697,0.1903,3.2206,3.0303
242,0.003605,1003.27,299.94,0.299,96.0342,96.2685,0.2343,3.9658,3.7315
243,0.003741,771.63,156.03,0.2022,95.8847,96.1279,0.2432,4.1153,3.8721
244,0.003859,839.97,247.73,0.2949,95.7553,96.0062,0.2508,4.2447,3.9938
245,0.004083,741.71,237.8,0.3206,95.5092,95.7746,0.2654,4.4908,4.2254
246,0.003689,847.19,163.69,0.1932,95.9424,96.1822,0.2398,4.0576,3.8178
247,0.003287,793.32,250.52,0.3158,96.3841,96.5978,0.2137,3.6159,3.4022
248,0.004001,792.13,254.05,0.3207,95.5991,95.8591,0.2601,4.4009,4.1409
249,0.003204,1001.37,272.03,0.2717,96.4761,96.6844,0.2082,3.5239,3.3156
250,0.00357,834.64,197.18,0.2362,96.0729,96.3049,0.2321,3.9271,3.6951
251,0.003253,1009.86,210.63,0.2086,96.4222,96.6336,0.2114,3.5778,3.3664
252,0.00352,1015.96,248.65,0.2447,96.1275,96.3564,0.2288,3.8725,3.6436
253,0.00356,820.5,178.14,0.2171,96.0844,96.3158,0.2314,3.9156,3.6842
254,0.003306,937.19,243.81,0.2602,96.3629,96.5778,0.2149,3.6371,3.4222
255,0.003864,749.21,232.38,0.3102,95.7496,96.0008,0.2512,4.2504,3.9992
256,0.004099,828.96,254.74,0.3073,95.4914,95.7578,0.2664,4.5086,4.2422
257,0.00297,1010.87,241.33,0.2387,96.733,96.9261,0.193,3.267,3.0739
258,0.003135,733.85,232.63,0.317,96.5515,96.7553,0.2038,3.4485,3.2447
259,0.003573,711.69,298.84,0.4199,96.0695,96.3018,0.2323,3.9305,3.6982
260,0.004078,836.89,167.62,0.2003,95.5141,95.7792,0.2651,4.4859,4.2208
261,0.003965,849.45,257.49,0.3031,95.6385,95.8962,0.2577,4.3615,4.1038
262,0.003512,772.96,275.21,0.356,96.1363,96.3646,0.2283,3.8637,3.6354
263,0.004172,762.87,232.69,0.305,95.4104,95.6816,0.2712,4.5896,4.3184
264,0.003337,993.44,226.24,0.2277,96.3293,96.5462,0.2169,3.6707,3.4538
265,0.004031,973.77,191.44,0.1966,95.5658,95.8279,0.262,4.4342,4.1721
266,0.003906,821.08,290.14,0.3534,95.7034,95.9573,0.2539,4.2966,4.0427
267,0.003511,958.99,192.43,0.2007,96.1381,96.3663,0.2282,3.8619,3.6337
268,0.003218,879.56,299.84,0.3409,96.4602,96.6694,0.2092,3.5398,3.3306
269,0.003485,730.52,230.79,0.3159,96.166,96.3925,0.2266,3.834,3.6075
270,0.003283,867.65,231.51,0.2668,96.3885,96.6019,0.2134,3.6115,3.3981
271,0.003437,789.4,178.3,0.2259,96.2188,96.4422,0.2234,3.7812,3.5578
272,0.003776,874.41,185.03,0.2116,95.8459,96.0913,0.2455,4.1541,3.9087
273,0.003886,694.84,261.71,0.3766,95.7257,95.9782,0.2526,4.2743,4.0218
274,0.003787,955.88,207.91,0.2175,95.8339,96.0801,0.2462,4.1661,3.9199
275,0.003729,959.05,297.12,0.3098,95.8979,96.1403,0.2424,4.1021,3.8597
276,0.003493,692.59,225.34,0.3254,96.1572,96.3843,0.2271,3.8428,3.6157
277,0.003626,975.7,281.13,0.2881,96.0111,96.2468,0.2357,3.9889,3.7532
278,0.003416,858.82,218.54,0.2545,96.2419,96.464,0.2221,3.7581,3.536
279,0.003811,819.39,248.22,0.3029,95.8074,96.0552,0.2477,4.1926,3.9448
280,0.003016,839.63,295.38,0.3518,96.6823,96.8783,0.196,3.3177,3.1217
281,0.003274,915.52,247.48,0.2703,96.3986,96.6114,0.2128,3.6014,3.3886
282,0.003992,969.8,278.9,0.2876,95.6083,95.8678,0.2595,4.3917,4.1322
283,0.003332,787.66,257.81,0.3273,96.3348,96.5514,0.2166,3.6652,3.4486
284,0.003863,976.61,155.38,0.1591,95.7505,96.0016,0.2511,4.2495,3.9984
285,0.002896,894.59,288.14,0.3221,96.8146,97.0029,0.1882,3.1854,2.9971
286,0.004196,933.9,215.1,0.2303,95.384,95.6567,0.2728,4.616,4.3433
287,0.002938,895.47,280.89,0.3137,96.7684,96.9594,0.191,3.2316,3.0406
288,0.003421,915.96,285.51,0.3117,96.2367,96.4591,0.2224,3.7633,3.5409
289,0.002864,950.69,194.01,0.2041,96.8492,97.0354,0.1862,3.1508,2.9646
290,0.003325,729.49,229.67,0.3148,96.3427,96.5589,0.2161,3.6573,3.4411
291,0.003592,949.46,175.5,0.1848,96.0485,96.282,0.2335,3.9515,3.718
292,0.002911,976.09,242.96,0.2489,96.7984,96.9876,0.1892,3.2016,3.0124
293,0.003137,990.36,171.47,0.1731,96.5491,96.753,0.2039,3.4509,3.247
294,0.003446,766.35,188.3,0.2457,96.2098,96.4338,0.224,3.7902,3.5662
295,0.002813,953.58,285.18,0.2991,96.9055,97.0884,0.1829,3.0945,2.9116
296,0.003749,733.71,216.26,0.2947,95.8765,96.1201,0.2437,4.1235,3.8799
297,0.003284,879.77,245.84,0.2794,96.3878,96.6013,0.2134,3.6122,3.3987
298,0.003394,765.03,276.8,0.3618,96.2666,96.4872,0.2206,3.7334,3.5128
299,0.003079,810.8,222.48,0.2744,96.6132,96.8133,0.2001,3.3868,3.1867
300,0.003132,874.45,236.22,0.2701,96.5547,96.7583,0.2036,3.4453,3.2417
301,0.00419,780.38,296.69,0.3802,95.3913,95.6636,0.2723,4.6087,4.3364
302,0.003722,773.32,234.89,0.3037,95.9063,96.1482,0.2419,4.0937,3.8518
303,0.00376,933.19,157.36,0.1686,95.8639,96.1083,0.2444,4.1361,3.8917
304,0.003649,848.89,285.62,0.3365,95.9861,96.2233,0.2372,4.0139,3.7767
305,0.003201,951.61,241.06,0.2533,96.4793,96.6873,0.208,3.5207,3.3127
306,0.003293,896.45,243.13,0.2712,96.3774,96.5915,0.2141,3.6226,3.4085
307,0.003749,925.12,248.88,0.269,95.8762,96.1199,0.2437,4.1238,3.8801
308,0.003974,893.6,285.51,0.3195,95.629,95.8872,0.2583,4.371,4.1128
309,0.003705,785.04,216.12,0.2753,95.9246,96.1655,0.2408,4.0754,3.8345
310,0.003611,929.0,163.52,0.176,96.0275,96.2622,0.2347,3.9725,3.7378
311,0.003213,934.14,176.35,0.1888,96.4655,96.6744,0.2089,3.5345,3.3256
312,0.002985,863.4,295.72,0.3425,96.7165,96.9105,0.194,3.2835,3.0895
313,0.003543,990.59,274.57,0.2772,96.1025,96.3328,0.2303,3.8975,3.6672
314,0.00316,960.39,222.28,0.2314,96.5243,96.7297,0.2054,3.4757,3.2703
315,0.003929,933.83,200.81,0.215,95.678,95.9334,0.2554,4.322,4.0666
316,0.002961,1007.38,171.11,0.1699,96.7426,96.9351,0.1925,3.2574,3.0649
317,0.004153,972.45,258.63,0.266,95.4316,95.7015,0.27,4.5684,4.2985
318,0.004172,1008.87,270.69,0.2683,95.4109,95.6821,0.2712,4.5891,4.3179
319,0.003312,948.83,152.09,0.1603,96.3567,96.572,0.2153,3.6433,3.428
320,0.003551,834.63,250.92,0.3006,96.0937,96.3245,0.2308,3.9063,3.6755
321,0.003741,878.75,273.36,0.3111,95.8846,96.1278,0.2432,4.1154,3.8722
322,0.004116,716.84,185.07,0.2582,95.472,95.7395,0.2676,4.528,4.2605
323,0.002835,980.64,234.21,0.2388,96.8815,97.0657,0.1843,3.1185,2.9343
324,0.004081,755.26,159.48,0.2112,95.5105,95.7758,0.2653,4.4895,4.2242
325,0.003953,989.19,195.33,0.1975,95.6513,95.9082,0.257,4.3487,4.0918
326,0.003372,727.52,291.94,0.4013,96.2912,96.5104,0.2192,3.7088,3.4896
327,0.003226,847.49,164.58,0.1942,96.4513,96.661,0.2097,3.5487,3.339
328,0.004042,726.13,218.05,0.3003,95.5536,95.8164,0.2627,4.4464,4.1836
329,0.003739,932.67,291.9,0.313,95.8875,96.1305,0.243,4.1125,3.8695
330,0.003387,932.37,173.18,0.1857,96.2745,96.4947,0.2201,3.7255,3.5053
331,0.003381,713.67,223.4,0.313,96.2811,96.5008,0.2198,3.7189,3.4992
332,0.003371,1003.52,154.91,0.1544,96.2915,96.5106,0.2191,3.7085,3.4894
333,0.003319,830.75,292.58,0.3522,96.3494,96.5651,0.2157,3.6506,3.4349
334,0.003998,713.78,252.85,0.3542,95.6026,95.8625,0.2598,4.3974,4.1375
335,0.003562,1012.47,203.8,0.2013,96.0815,96.3131,0.2315,3.9185,3.6869
336,0.003357,744.53,168.32,0.2261,96.3069,96.5251,0.2182,3.6931,3.4749
337,0.003987,834.6,249.42,0.2988,95.614,95.8732,0.2592,4.386,4.1268
338,0.003698,883.03,153.2,0.1735,95.9318,96.1722,0.2404,4.0682,3.8278
339,0.003902,762.81,168.89,0.2214,95.7083,95.9619,0.2536,4.2917,4.0381
340,0.00359,703.33,264.77,0.3765,96.0505,96.2839,0.2334,3.9495,3.7161
341,0.00309,753.42,280.45,0.3722,96.601,96.8018,0.2009,3.399,3.1982
342,0.00326,730.17,285.08,0.3904,96.414,96.6259,0.2119,3.586,3.3741
343,0.002804,971.86,171.7,0.1767,96.9156,97.0979,0.1823,3.0844,2.9021
344,0.002982,765.22,176.17,0.2302,96.7198,96.9136,0.1938,3.2802,3.0864
345,0.003725,688.77,152.23,0.221,95.902,96.1441,0.2422,4.098,3.8559
346,0.003906,760.9,198.57,0.261,95.7034,95.9573,0.2539,4.2966,4.0427
347,0.003044,697.82,261.26,0.3744,96.6517,96.8495,0.1979,3.3483,3.1505
348,0.003537,933.53,221.44,0.2372,96.1098,96.3397,0.2299,3.8902,3.6603
349,0.003889,854.5,166.36,0.1947,95.7219,95.9747,0.2528,4.2781,4.0253
350,0.003505,1001.44,156.5,0.1563,96.1441,96.3719,0.2278,3.8559,3.6281
351,0.003897,974.77,228.22,0.2341,95.7138,95.9671,0.2533,4.2862,4.0329
352,0.003441,1007.77,159.12,0.1579,96.2146,96.4383,0.2237,3.7854,3.5617
353,0.003471,816.55,252.91,0.3097,96.1824,96.408,0.2256,3.8176,3.592
354,0.003486,989.3,161.02,0.1628,96.165,96.3916,0.2266,3.835,3.6084
355,0.002913,886.82,159.85,0.1803,96.7956,96.9849,0.1894,3.2044,3.0151
356,0.003185,895.25,232.25,0.2594,96.4965,96.7035,0.207,3.5035,3.2965
357,0.003255,1018.17,229.58,0.2255,96.4192,96.6308,0.2116,3.5808,3.3692
358,0.003435,885.85,164.88,0.1861,96.2213,96.4446,0.2233,3.7787,3.5554
359,0.003782,969.95,247.64,0.2553,95.8393,96.0851,0.2459,4.1607,3.9149
360,0.003877,925.09,182.25,0.197,95.7358,95.9878,0.252,4.2642,4.0122
361,0.003432,757.69,200.84,0.2651,96.2246,96.4477,0.2231,3.7754,3.5523
362,0.003435,821.44,164.26,0.2,96.2216,96.4449,0.2233,3.7784,3.5551
363,0.003397,906.14,206.15,0.2275,96.2628,96.4836,0.2208,3.7372,3.5164
364,0.003014,993.81,160.07,0.1611,96.6849,96.8808,0.1959,3.3151,3.1192
365,0.003964,711.7,164.48,0.2311,95.6391,95.8968,0.2577,4.3609,4.1032
366,0.003834,956.0,233.46,0.2442,95.7823,96.0315,0.2492,4.2177,3.9685
367,0.003621,870.94,199.45,0.229,96.0168,96.2522,0.2354,3.9832,3.7478
368,0.002971,800.22,249.8,0.3122,96.7318,96.9249,0.1931,3.2682,3.0751
369,0.00385,975.15,258.16,0.2647,95.7646,96.0148,0.2503,4.2354,3.9852
370,0.004156,884.14,202.75,0.2293,95.4287,95.6988,0.2701,4.5713,4.3012
371,0.003609,752.33,248.51,0.3303,96.03,96.2646,0.2346,3.97,3.7354
372,0.003114,716.79,276.81,0.3862,96.5747,96.7771,0.2024,3.4253,3.2229
373,0.003315,939.29,236.12,0.2514,96.354,96.5694,0.2154,3.646,3.4306
374,0.00393,967.35,296.18,0.3062,95.6769,95.9323,0.2555,4.3231,4.0677
375,0.003946,888.61,246.4,0.2773,95.6596,95.9161,0.2565,4.3404,4.0839
376,0.002837,995.89,274.42,0.2756,96.8796,97.064,0.1844,3.1204,2.936
377,0.003174,741.34,255.4,0.3445,96.5081,96.7145,0.2063,3.4919,3.2855
378,0.003233,795.54,150.92,0.1897,96.4442,96.6543,0.2101,3.5558,3.3457
379,0.004018,872.55,210.12,0.2408,95.5804,95.8416,0.2612,4.4196,4.1584
380,0.002999,895.28,154.6,0.1727,96.7015,96.8964,0.1949,3.2985,3.1036
381,0.003845,753.15,212.97,0.2828,95.771,96.0209,0.2499,4.229,3.9791
382,0.003277,805.82,258.24,0.3205,96.395,96.608,0.213,3.605,3.392
383,0.003888,872.98,162.74,0.1864,95.7237,95.9764,0.2527,4.2763,4.0236
384,0.002874,733.52,242.68,0.3308,96.839,97.0258,0.1868,3.161,2.9742
385,0.003744,772.51,249.29,0.3227,95.8821,96.1254,0.2433,4.1179,3.8746
386,0.00348,830.3,190.98,0.23,96.1721,96.3983,0.2262,3.8279,3.6017
387,0.003857,718.7,214.49,0.2984,95.7574,96.0081,0.2507,4.2426,3.9919
388,0.003197,910.69,222.99,0.2449,96.4838,96.6916,0.2078,3.5162,3.3084
389,0.003734,695.44,209.29,0.3009,95.8926,96.1353,0.2427,4.1074,3.8647
390,0.003639,682.61,195.21,0.286,95.997,96.2336,0.2365,4.003,3.7664
391,0.003096,726.66,188.33,0.2592,96.5947,96.7959,0.2012,3.4053,3.2041
392,0.003259,682.63,262.05,0.3839,96.4147,96.6266,0.2119,3.5853,3.3734
393,0.003046,809.27,255.55,0.3158,96.6494,96.8474,0.198,3.3506,3.1526
394,0.0035,963.34,270.93,0.2812,96.1496,96.3771,0.2275,3.8504,3.6229
395,0.002901,973.0,156.35,0.1607,96.809,96.9976,0.1886,3.191,3.0024
396,0.002826,993.2,279.32,0.2812,96.8911,97.0748,0.1837,3.1089,2.9252
397,0.003606,874.96,256.42,0.2931,96.0333,96.2677,0.2344,3.9667,3.7323
398,0.003385,719.16,153.13,0.2129,96.2768,96.4968,0.22,3.7232,3.5032
399,0.003255,952.45,242.72,0.2548,96.4199,96.6314,0.2116,3.5801,3.3686
400,0.003965,992.72,163.22,0.1644,95.6387,95.8964,0.2577,4.3613,4.1036
401,0.003982,762.73,238.33,0.3125,95.6195,95.8783,0.2588,4.3805,4.1217
402,0.003534,814.56,196.54,0.2413,96.1131,96.3428,0.2297,3.8869,3.6572
403,0.003275,793.24,175.22,0.2209,96.3971,96.61,0.2129,3.6029,3.39
404,0.003515,718.77,226.49,0.3151,96.1339,96.3623,0.2285,3.8661,3.6377
405,0.004068,798.79,259.11,0.3244,95.5249,95.7893,0.2644,4.4751,4.2107
406,0.003947,957.11,185.44,0.1937,95.6588,95.9153,0.2565,4.3412,4.0847
407,0.003005,747.07,240.36,0.3217,96.6945,96.8898,0.1953,3.3055,3.1102
408,0.003864,902.87,176.57,0.1956,95.7493,96.0004,0.2512,4.2507,3.9996
409,0.003882,848.0,263.17,0.3103,95.7298,95.9821,0.2523,4.2702,4.0179
410,0.003864,832.63,288.62,0.3466,95.7498,96.0009,0.2511,4.2502,3.9991
411,0.00359,896.0,243.68,0.272,96.0507,96.2841,0.2334,3.9493,3.7159
412,0.00401,893.25,172.64,0.1933,95.5891,95.8497,0.2606,4.4109,4.1503
413,0.002896,830.35,195.42,0.2354,96.8148,97.0031,0.1882,3.1852,2.9969
414,0.003185,699.1,226.1,0.3234,96.497,96.704,0.207,3.503,3.296
415,0.003235,833.65,158.53,0.1902,96.442,96.6522,0.2102,3.558,3.3478
416,0.003964,706.09,279.64,0.396,95.6392,95.8969,0.2577,4.3608,4.1031
417,0.003997,889.1,226.06,0.2543,95.6028,95.8627,0.2598,4.3972,4.1373
418,0.003448,868.47,268.77,0.3095,96.2074,96.4315,0.2241,3.7926,3.5685
419,0.004054,832.91,271.47,0.3259,95.5403,95.8039,0.2635,4.4597,4.1961
420,0.003713,789.32,221.34,0.2804,95.9162,96.1575,0.2413,4.0838,3.8425
421,0.003011,701.04,165.53,0.2361,96.6877,96.8834,0.1957,3.3123,3.1166
422,0.004059,796.77,257.15,0.3227,95.5353,95.7992,0.2638,4.4647,4.2008
423,0.003506,738.67,187.16,0.2534,96.143,96.3709,0.2279,3.857,3.6291
424,0.003413,829.4,228.41,0.2754,96.2459,96.4677,0.2218,3.7541,3.5323
425,0.003022,806.77,192.43,0.2385,96.6755,96.872,0.1964,3.3245,3.128
426,0.003372,795.04,239.68,0.3015,96.2905,96.5097,0.2192,3.7095,3.4903
427,0.003905,900.08,159.89,0.1776,95.7046,95.9584,0.2538,4.2954,4.0416
428,0.002932,910.65,192.62,0.2115,96.7745,96.9651,0.1906,3.2255,3.0349
429,0.003813,903.23,285.95,0.3166,95.8055,96.0533,0.2479,4.1945,3.9467
430,0.004023,793.34,237.41,0.2993,95.5751,95.8366,0.2615,4.4249,4.1634
431,0.002998,798.94,295.15,0.3694,96.7022,96.8971,0.1949,3.2978,3.1029
432,0.003778,813.27,239.26,0.2942,95.8443,96.0899,0.2456,4.1557,3.9101
433,0.004113,785.26,206.5,0.263,95.4755,95.7428,0.2674,4.5245,4.2572
434,0.003908,956.48,250.52,0.2619,95.7008,95.9549,0.254,4.2992,4.0451
435,0.003961,931.18,252.81,0.2715,95.6434,95.9008,0.2574,4.3566,4.0992
436,0.003537,899.65,213.51,0.2373,96.1094,96.3393,0.2299,3.8906,3.6607
437,0.003307,803.28,177.04,0.2204,96.3628,96.5777,0.2149,3.6372,3.4223
438,0.0031,1002.21,222.94,0.2224,96.5901,96.7916,0.2015,3.4099,3.2084
439,0.003117,726.77,161.57,0.2223,96.5711,96.7737,0.2026,3.4289,3.2263
440,0.003982,714.39,265.63,0.3718,95.6196,95.8784,0.2588,4.3804,4.1216
441,0.003969,980.45,155.66,0.1588,95.6339,95.8919,0.258,4.3661,4.1081
442,0.003271,940.54,169.66,0.1804,96.4014,96.614,0.2126,3.5986,3.386
443,0.003327,735.16,274.7,0.3737,96.3399,96.5561,0.2163,3.6601,3.4439
444,0.00388,955.07,174.83,0.1831,95.7325,95.9847,0.2522,4.2675,4.0153
445,0.003413,819.69,251.45,0.3068,96.246,96.4678,0.2218,3.754,3.5322
446,0.003133,831.03,192.74,0.2319,96.5542,96.7578,0.2036,3.4458,3.2422
447,0.003848,832.64,230.1,0.2764,95.7673,96.0174,0.2501,4.2327,3.9826
448,0.003233,954.93,220.35,0.2308,96.4434,96.6536,0.2102,3.5566,3.3464
449,0.003969,805.07,292.07,0.3628,95.6339,95.8919,0.258,4.3661,4.1081
450,0.004178,836.97,192.27,0.2297,95.404,95.6755,0.2716,4.596,4.3245
451,0.003335,859.34,294.94,0.3432,96.3319,96.5487,0.2168,3.6681,3.4513
452,0.003944,952.43,170.76,0.1793,95.662,95.9183,0.2563,4.338,4.0817
453,0.00315,898.0,281.12,0.313,96.535,96.7397,0.2048,3.465,3.2603
454,0.003576,714.88,276.88,0.3873,96.066,96.2985,0.2325,3.934,3.7015
455,0.003992,776.92,264.47,0.3404,95.6092,95.8687,0.2595,4.3908,4.1313
456,0.003182,987.8,172.1,0.1742,96.4999,96.7067,0.2068,3.5001,3.2933
457,0.003412,1001.78,183.31,0.183,96.2463,96.4681,0.2218,3.7537,3.5319
458,0.003432,798.86,154.0,0.1928,96.2253,96.4483,0.2231,3.7747,3.5517
459,0.002875,850.68,185.37,0.2179,96.838,97.0248,0.1868,3.162,2.9752
460,0.004192,807.47,154.23,0.191,95.3884,95.6609,0.2725,4.6116,4.3391
461,0.004103,965.32,247.49,0.2564,95.4865,95.7532,0.2667,4.5135,4.2468
462,0.003908,726.78,193.03,0.2656,95.7013,95.9553,0.254,4.2987,4.0447
463,0.003962,916.66,170.82,0.1863,95.6422,95.8997,0.2575,4.3578,4.1003
464,0.003788,832.52,150.79,0.1811,95.8335,96.0797,0.2462,4.1665,3.9203
465,0.002911,767.01,275.24,0.3589,96.798,96.9872,0.1892,3.202,3.0128
466,0.003568,927.26,229.17,0.2471,96.0748,96.3068,0.2319,3.9252,3.6932
467,0.002956,777.95,195.17,0.2509,96.7488,96.9409,0.1921,3.2512,3.0591
468,0.002867,822.74,269.08,0.3271,96.8465,97.0328,0.1863,3.1535,2.9672
469,0.00344,717.69,285.77,0.3982,96.216,96.4396,0.2236,3.784,3.5604
470,0.003635,685.59,227.31,0.3315,96.001,96.2373,0.2363,3.999,3.7627
471,0.003139,728.82,214.39,0.2942,96.5474,96.7514,0.204,3.4526,3.2486
472,0.003661,761.79,212.49,0.2789,95.9732,96.2111,0.2379,4.0268,3.7889
473,0.00373,709.11,296.2,0.4177,95.8969,96.1393,0.2425,4.1031,3.8607
474,0.002895,858.86,226.1,0.2633,96.8158,97.0039,0.1882,3.1842,2.9961
475,0.004184,868.41,208.57,0.2402,95.398,95.6699,0.2719,4.602,4.3301
476,0.003458,896.13,297.16,0.3316,96.196,96.4208,0.2248,3.804,3.5792
477,0.003155,685.52,268.28,0.3913,96.5294,96.7345,0.2051,3.4706,3.2655
478,0.003283,929.2,244.24,0.2628,96.389,96.6024,0.2134,3.611,3.3976
479,0.00388,929.96,199.88,0.2149,95.7319,95.9841,0.2522,4.2681,4.0159
480,0.002862,865.64,272.03,0.3142,96.8517,97.0378,0.186,3.1483,2.9622
481,0.003045,944.91,219.69,0.2325,96.6504,96.8483,0.1979,3.3496,3.1517
482,0.003774,894.79,271.72,0.3037,95.8491,96.0944,0.2453,4.1509,3.9056
483,0.002888,943.9,218.65,0.2316,96.8228,97.0106,0.1877,3.1772,2.9894
484,0.003211,694.89,179.92,0.2589,96.4681,96.6768,0.2087,3.5319,3.3232
485,0.002859,997.35,227.31,0.2279,96.8555,97.0413,0.1858,3.1445,2.9587
486,0.004185,864.63,188.0,0.2174,95.3968,95.6688,0.272,4.6032,4.3312
487,0.003855,744.98,203.55,0.2732,95.7599,96.0105,0.2505,4.2401,3.9895
488,0.003893,974.37,199.79,0.205,95.7175,95.9706,0.2531,4.2825,4.0294
489,0.002974,805.13,283.42,0.352,96.7283,96.9216,0.1933,3.2717,3.0784
490,0.003841,984.18,208.0,0.2113,95.7753,96.0249,0.2496,4.2247,3.9751
491,0.004163,848.71,224.63,0.2647,95.4205,95.6911,0.2706,4.5795,4.3089
492,0.004094,856.55,270.17,0.3154,95.4966,95.7627,0.2661,4.5034,4.2373
493,0.003818,706.84,240.37,0.3401,95.8003,96.0485,0.2482,4.1997,3.9515
494,0.003951,865.46,198.18,0.229,95.6536,95.9104,0.2568,4.3464,4.0896
495,0.002912,904.71,195.97,0.2166,96.7967,96.986,0.1893,3.2033,3.014
496,0.003644,824.88,253.46,0.3073,95.992,96.2288,0.2368,4.008,3.7712
497,0.003292,694.4,280.51,0.404,96.3786,96.5926,0.214,3.6214,3.4074
498,0.003294,1019.37,191.18,0.1876,96.3771,96.5911,0.2141,3.6229,3.4089
499,0.004172,1002.29,161.26,0.1609,95.4108,95.6819,0.2712,4.5892,4.3181
500,0.003693,803.53,270.16,0.3362,95.9382,96.1782,0.24,4.0618,3.8218
501,0.003751,1003.95,171.42,0.1707,95.8737,96.1175,0.2438,4.1263,3.8825
502,0.003651,945.65,155.22,0.1641,95.9843,96.2216,0.2373,4.0157,3.7784
503,0.002894,944.7,204.95,0.2169,96.8165,97.0046,0.1881,3.1835,2.9954
504,0.003336,872.86,240.76,0.2758,96.3304,96.5472,0.2168,3.6696,3.4528
505,0.003751,1002.6,205.8,0.2053,95.8742,96.118,0.2438,4.1258,3.882
506,0.003868,875.13,229.42,0.2622,95.7448,95.9963,0.2514,4.2552,4.0037
507,0.003357,900.85,187.44,0.2081,96.307,96.5252,0.2182,3.693,3.4748
508,0.002959,930.13,224.86,0.2417,96.7453,96.9376,0.1923,3.2547,3.0624
509,0.003342,870.97,189.27,0.2173,96.324,96.5413,0.2172,3.676,3.4587
510,0.003164,831.73,299.45,0.36,96.5192,96.7248,0.2057,3.4808,3.2752
511,0.0032,991.6,223.68,0.2256,96.4802,96.6882,0.208,3.5198,3.3118
512,0.002972,969.96,217.81,0.2246,96.7311,96.9243,0.1932,3.2689,3.0757
513,0.004058,831.34,163.17,0.1963,95.536,95.7998,0.2638,4.464,4.2002
514,0.003755,967.48,197.94,0.2046,95.8698,96.1139,0.2441,4.1302,3.8861
515,0.003286,702.08,231.33,0.3295,96.385,96.5986,0.2136,3.615,3.4014
516,0.004048,969.46,256.77,0.2649,95.5473,95.8105,0.2631,4.4527,4.1895
517,0.004098,896.82,269.05,0.3,95.4919,95.7583,0.2664,4.5081,4.2417
518,0.003512,721.26,180.15,0.2498,96.1365,96.3648,0.2283,3.8635,3.6352
519,0.002994,948.73,153.94,0.1623,96.7061,96.9008,0.1946,3.2939,3.0992
520,0.003576,805.43,270.55,0.3359,96.0668,96.2992,0.2324,3.9332,3.7008
521,0.003572,888.06,162.93,0.1835,96.0705,96.3027,0.2322,3.9295,3.6973
522,0.003233,1019.86,257.83,0.2528,96.4437,96.6538,0.2101,3.5563,3.3462
523,0.003536,941.52,273.5,0.2905,96.1104,96.3403,0.2298,3.8896,3.6597
524,0.002903,1010.61,246.35,0.2438,96.8064,96.9951,0.1887,3.1936,3.0049
525,0.00343,911.24,201.68,0.2213,96.227,96.45,0.2229,3.773,3.55
526,0.004029,945.29,245.97,0.2602,95.5679,95.8298,0.2619,4.4321,4.1702
527,0.003055,1008.53,214.89,0.2131,96.6398,96.8383,0.1986,3.3602,3.1617
528,0.004075,698.84,168.62,0.2413,95.5175,95.7824,0.2649,4.4825,4.2176
529,0.003014,735.98,198.4,0.2696,96.6844,96.8803,0.1959,3.3156,3.1197
530,0.003793,797.65,291.14,0.365,95.8276,96.0742,0.2465,4.1724,3.9258
531,0.004053,967.62,187.59,0.1939,95.5418,95.8053,0.2634,4.4582,4.1947
532,0.003689,867.29,168.78,0.1946,95.942,96.1818,0.2398,4.058,3.8182
533,0.003224,861.38,225.39,0.2617,96.4537,96.6632,0.2096,3.5463,3.3368
534,0.003036,1000.15,173.13,0.1731,96.6603,96.8576,0.1973,3.3397,3.1424
535,0.003722,925.02,240.77,0.2603,95.9056,96.1475,0.2419,4.0944,3.8525
536,0.00398,871.63,273.79,0.3141,95.6225,95.8812,0.2587,4.3775,4.1188
537,0.00284,695.46,246.22,0.354,96.8763,97.0609,0.1846,3.1237,2.9391
538,0.003607,901.38,265.04,0.294,96.0318,96.2663,0.2345,3.9682,3.7337
539,0.003383,897.26,224.71,0.2504,96.2785,96.4984,0.2199,3.7215,3.5016
540,0.003678,778.49,293.5,0.377,95.9542,96.1932,0.2391,4.0458,3.8068
541,0.003476,953.59,252.75,0.265,96.1763,96.4022,0.2259,3.8237,3.5978
542,0.003216,704.81,158.99,0.2256,96.462,96.671,0.2091,3.538,3.329
543,0.003415,844.65,180.6,0.2138,96.243,96.465,0.222,3.757,3.535
544,0.003649,786.28,257.75,0.3278,95.9857,96.2229,0.2372,4.0143,3.7771
545,0.003828,972.66,296.31,0.3046,95.7893,96.0381,0.2488,4.2107,3.9619
546,0.002983,805.98,234.25,0.2906,96.7186,96.9125,0.1939,3.2814,3.0875
547,0.003247,838.6,190.12,0.2267,96.4286,96.6396,0.211,3.5714,3.3604
548,0.003147,712.92,193.53,0.2715,96.5382,96.7428,0.2046,3.4618,3.2572
549,0.003338,889.23,187.24,0.2106,96.3284,96.5454,0.217,3.6716,3.4546
550,0.004011,734.3,199.12,0.2712,95.5874,95.8482,0.2607,4.4126,4.1518
551,0.003609,786.32,264.47,0.3363,96.0304,96.2649,0.2346,3.9696,3.7351
552,0.003498,855.01,224.81,0.2629,96.1527,96.38,0.2273,3.8473,3.62
553,0.003232,687.88,291.78,0.4242,96.4448,96.6549,0.2101,3.5552,3.3451
554,0.003508,1008.67,182.27,0.1807,96.1416,96.3696,0.228,3.8584,3.6304
555,0.003294,697.18,224.23,0.3216,96.3765,96.5907,0.2141,3.6235,3.4093
556,0.004035,902.45,220.59,0.2444,95.5612,95.8235,0.2623,4.4388,4.1765
557,0.003551,968.04,214.64,0.2217,96.0935,96.3243,0.2308,3.9065,3.6757
558,0.004035,927.35,264.58,0.2853,95.561,95.8233,0.2623,4.439,4.1767
559,0.003312,816.2,235.54,0.2886,96.3565,96.5718,0.2153,3.6435,3.4282
560,0.003073,868.1,161.03,0.1855,96.6202,96.8199,0.1997,3.3798,3.1801
561,0.003506,939.9,191.96,0.2042,96.1434,96.3713,0.2279,3.8566,3.6287
562,0.004185,911.34,167.82,0.1841,95.3968,95.6688,0.272,4.6032,4.3312
563,0.004165,813.93,269.23,0.3308,95.4184,95.6891,0.2707,4.5816,4.3109
564,0.003275,999.24,263.24,0.2634,96.3978,96.6107,0.2129,3.6022,3.3893
565,0.003079,853.1,225.01,0.2638,96.6135,96.8136,0.2001,3.3865,3.1864
566,0.002863,726.59,199.96,0.2752,96.8502,97.0364,0.1861,3.1498,2.9636
567,0.003463,835.38,240.94,0.2884,96.1904,96.4155,0.2251,3.8096,3.5845
568,0.003522,791.51,241.96,0.3057,96.1261,96.355,0.2289,3.8739,3.645
569,0.003028,1016.81,260.9,0.2566,96.6697,96.8665,0.1968,3.3303,3.1335
570,0.003219,794.37,274.24,0.3452,96.4592,96.6684,0.2092,3.5408,3.3316
571,0.003545,920.97,194.97,0.2117,96.1002,96.3306,0.2304,3.8998,3.6694
572,0.003942,805.24,251.07,0.3118,95.6637,95.92,0.2562,4.3363,4.08
573,0.004172,878.46,269.51,0.3068,95.411,95.6821,0.2712,4.589,4.3179
574,0.003815,913.93,154.0,0.1685,95.803,96.051,0.248,4.197,3.949
575,0.003464,1008.8,267.44,0.2651,96.1891,96.4143,0.2252,3.8109,3.5857
576,0.003887,876.4,258.21,0.2946,95.7247,95.9773,0.2526,4.2753,4.0227
577,0.003617,737.97,244.35,0.3311,96.0214,96.2565,0.2351,3.9786,3.7435
578,0.003668,966.0,172.17,0.1782,95.9656,96.204,0.2384,4.0344,3.796
579,0.003753,690.73,292.23,0.4231,95.8717,96.1156,0.2439,4.1283,3.8844
580,0.002954,686.44,197.05,0.2871,96.7508,96.9428,0.192,3.2492,3.0572
581,0.003012,914.77,211.56,0.2313,96.6868,96.8826,0.1958,3.3132,3.1174
582,0.003885,992.98,280.92,0.2829,95.7265,95.9791,0.2525,4.2735,4.0209
583,0.00383,701.18,170.71,0.2435,95.7868,96.0358,0.249,4.2132,3.9642
584,0.00309,790.52,249.33,0.3154,96.6007,96.8016,0.2009,3.3993,3.1984
585,0.003536,786.68,175.98,0.2237,96.1108,96.3406,0.2298,3.8892,3.6594
586,0.004077,796.39,203.14,0.2551,95.5153,95.7803,0.265,4.4847,4.2197
587,0.003881,925.11,246.5,0.2664,95.7311,95.9834,0.2523,4.2689,4.0166
588,0.003771,887.43,178.84,0.2015,95.8523,96.0974,0.2451,4.1477,3.9026
589,0.003145,869.75,183.73,0.2112,96.5404,96.7448,0.2044,3.4596,3.2552
590,0.004162,781.19,193.35,0.2475,95.4217,95.6923,0.2705,4.5783,4.3077
591,0.00309,919.7,197.56,0.2148,96.6008,96.8017,0.2009,3.3992,3.1983
592,0.003288,997.46,269.31,0.27,96.3828,96.5966,0.2137,3.6172,3.4034
593,0.003183,721.44,251.49,0.3486,96.4989,96.7058,0.2069,3.5011,3.2942
594,0.003332,1013.25,272.76,0.2692,96.3353,96.5518,0.2166,3.6647,3.4482
595,0.004136,953.57,193.57,0.203,95.4499,95.7188,0.2689,4.5501,4.2812
596,0.003203,922.81,201.95,0.2188,96.477,96.6852,0.2082,3.523,3.3148
597,0.003419,767.19,221.86,0.2892,96.2387,96.461,0.2223,3.7613,3.539
598,0.003083,863.12,289.95,0.3359,96.6088,96.8092,0.2004,3.3912,3.1908
599,0.003775,726.67,242.35,0.3335,95.8479,96.0932,0.2454,4.1521,3.9068
600,0.003622,762.44,250.48,0.3285,96.0163,96.2517,0.2354,3.9837,3.7483
601,0.003543,896.9,157.87,0.176,96.1022,96.3325,0.2303,3.8978,3.6675
602,0.003379,923.9,165.08,0.1787,96.2835,96.5031,0.2196,3.7165,3.4969
603,0.003879,681.76,232.55,0.3411,95.733,95.9852,0.2521,4.267,4.0148
604,0.004101,818.35,290.25,0.3547,95.4892,95.7557,0.2665,4.5108,4.2443
605,0.00403,842.33,179.92,0.2136,95.5673,95.8292,0.2619,4.4327,4.1708
606,0.004149,789.2,246.88,0.3128,95.4356,95.7053,0.2697,4.5644,4.2947
607,0.004071,710.42,236.12,0.3324,95.5218,95.7864,0.2646,4.4782,4.2136
608,0.003549,925.86,290.5,0.3138,96.0959,96.3266,0.2307,3.9041,3.6734
609,0.004079,739.52,282.34,0.3818,95.5136,95.7787,0.2651,4.4864,4.2213
610,0.003046,992.68,299.58,0.3018,96.6493,96.8473,0.198,3.3507,3.1527
611,0.003356,848.43,290.49,0.3424,96.3086,96.5268,0.2181,3.6914,3.4732
612,0.004147,994.85,281.51,0.283,95.4383,95.7079,0.2696,4.5617,4.2921
613,0.002813,873.11,166.1,0.1902,96.9057,97.0886,0.1828,3.0943,2.9114
614,0.004176,776.75,298.36,0.3841,95.4062,95.6776,0.2715,4.5938,4.3224
615,0.003561,847.93,290.78,0.3429,96.0833,96.3148,0.2314,3.9167,3.6852
616,0.003991,839.13,178.92,0.2132,95.6094,95.8688,0.2594,4.3906,4.1312
617,0.002958,735.25,218.84,0.2976,96.7465,96.9388,0.1923,3.2535,3.0612
618,0.00316,743.31,260.49,0.3505,96.5238,96.7292,0.2054,3.4762,3.2708
619,0.003907,873.05,263.59,0.3019,95.7022,95.9562,0.254,4.2978,4.0438
620,0.003046,971.09,284.56,0.293,96.6497,96.8477,0.198,3.3503,3.1523
621,0.003958,855.2,163.01,0.1906,95.6464,95.9037,0.2573,4.3536,4.0963
622,0.003737,742.83,171.09,0.2303,95.8893,96.1322,0.2429,4.1107,3.8678
623,0.003253,764.34,189.12,0.2474,96.4217,96.6331,0.2114,3.5783,3.3669
624,0.00313,936.28,293.11,0.3131,96.5573,96.7607,0.2034,3.4427,3.2393
625,0.003223,925.78,151.72,0.1639,96.455,96.6645,0.2095,3.545,3.3355
626,0.003715,915.54,159.32,0.174,95.9133,96.1548,0.2415,4.0867,3.8452
627,0.002966,784.31,210.81,0.2688,96.7379,96.9307,0.1928,3.2621,3.0693
628,0.003504,984.34,255.53,0.2596,96.1461,96.3738,0.2277,3.8539,3.6262
629,0.003235,719.92,287.42,0.3992,96.4411,96.6514,0.2103,3.5589,3.3486
630,0.003213,888.97,182.87,0.2057,96.4656,96.6745,0.2088,3.5344,3.3255
631,0.002987,732.08,262.16,0.3581,96.7143,96.9085,0.1942,3.2857,3.0915
632,0.003648,821.39,232.39,0.2829,95.9872,96.2243,0.2371,4.0128,3.7757
633,0.003459,862.76,249.61,0.2893,96.1949,96.4198,0.2248,3.8051,3.5802
634,0.003106,764.14,263.21,0.3445,96.5836,96.7855,0.2019,3.4164,3.2145
635,0.004022,707.84,217.01,0.3066,95.5754,95.8368,0.2615,4.4246,4.1632
636,0.003785,706.55,234.63,0.3321,95.8362,96.0822,0.246,4.1638,3.9178
637,0.002886,866.2,225.82,0.2607,96.8249,97.0125,0.1876,3.1751,2.9875
638,0.003602,730.95,199.22,0.2725,96.038,96.2722,0.2341,3.962,3.7278
639,0.003528,719.52,180.81,0.2513,96.1187,96.348,0.2294,3.8813,3.652
640,0.003616,710.92,226.56,0.3187,96.022,96.257,0.2351,3.978,3.743
641,0.003932,834.17,226.99,0.2721,95.6746,95.9302,0.2556,4.3254,4.0698
642,0.00344,699.63,219.36,0.3135,96.2165,96.4401,0.2236,3.7835,3.5599
643,0.00393,925.92,209.39,0.2261,95.6774,95.9328,0.2554,4.3226,4.0672
644,0.003943,933.57,236.75,0.2536,95.6627,95.919,0.2563,4.3373,4.081
645,0.002863,797.14,159.56,0.2002,96.8503,97.0364,0.1861,3.1497,2.9636
646,0.004192,997.76,160.35,0.1607,95.389,95.6615,0.2725,4.611,4.3385
647,0.004107,690.79,211.33,0.3059,95.482,95.749,0.267,4.518,4.251
648,0.003877,940.38,296.75,0.3156,95.7358,95.9878,0.252,4.2642,4.0122
649,0.003704,822.92,298.93,0.3633,95.9253,96.1661,0.2408,4.0747,3.8339
650,0.003335,975.67,286.02,0.2931,96.331,96.5478,0.2168,3.669,3.4522
651,0.003326,912.13,249.27,0.2733,96.3415,96.5577,0.2162,3.6585,3.4423
652,0.003555,902.2,202.17,0.2241,96.0895,96.3206,0.2311,3.9105,3.6794
653,0.00305,862.67,229.33,0.2658,96.6452,96.8434,0.1982,3.3548,3.1566
654,0.003819,755.71,150.52,0.1992,95.7991,96.0473,0.2482,4.2009,3.9527
655,0.002832,781.44,251.02,0.3212,96.885,97.0691,0.1841,3.115,2.9309
656,0.003562,860.86,273.5,0.3177,96.0816,96.3131,0.2315,3.9184,3.6869
657,0.003147,797.69,191.35,0.2399,96.5388,96.7434,0.2045,3.4612,3.2566
658,0.004112,926.51,166.93,0.1802,95.4764,95.7437,0.2673,4.5236,4.2563
659,0.003933,822.54,264.91,0.3221,95.6734,95.9291,0.2557,4.3266,4.0709
660,0.004037,685.32,180.91,0.264,95.559,95.8214,0.2624,4.441,4.1786
661,0.002941,691.42,239.67,0.3466,96.7646,96.9558,0.1912,3.2354,3.0442
662,0.003785,696.55,261.08,0.3748,95.8369,96.0829,0.246,4.1631,3.9171
663,0.003363,759.68,182.59,0.2404,96.3005,96.5191,0.2186,3.6995,3.4809
664,0.004009,699.19,225.58,0.3226,95.5899,95.8505,0.2606,4.4101,4.1495
665,0.003205,957.37,259.73,0.2713,96.4745,96.6829,0.2083,3.5255,3.3171
666,0.003246,883.29,250.88,0.284,96.4289,96.6399,0.211,3.5711,3.3601
667,0.003249,782.6,171.49,0.2191,96.4262,96.6374,0.2112,3.5738,3.3626
668,0.003724,755.15,195.08,0.2583,95.9033,96.1454,0.2421,4.0967,3.8546
669,0.002885,1002.5,281.96,0.2813,96.8261,97.0137,0.1875,3.1739,2.9863
670,0.004076,892.84,214.08,0.2398,95.5162,95.7811,0.265,4.4838,4.2189
671,0.003494,1010.58,291.24,0.2882,96.1567,96.3838,0.2271,3.8433,3.6162
672,0.00374,947.17,197.81,0.2088,95.8861,96.1292,0.2431,4.1139,3.8708
673,0.003383,730.73,206.47,0.2826,96.2789,96.4987,0.2199,3.7211,3.5013
674,0.003856,841.0,277.4,0.3298,95.7582,96.0089,0.2507,4.2418,3.9911
675,0.003221,920.58,270.87,0.2942,96.4569,96.6662,0.2094,3.5431,3.3338
676,0.004081,871.21,295.17,0.3388,95.5113,95.7765,0.2652,4.4887,4.2235
677,0.00358,725.59,186.43,0.2569,96.0618,96.2945,0.2327,3.9382,3.7055
678,0.003085,899.88,288.33,0.3204,96.6069,96.8074,0.2005,3.3931,3.1926
679,0.003986,711.44,258.69,0.3636,95.6154,95.8745,0.2591,4.3846,4.1255
680,0.003067,771.28,251.05,0.3255,96.6267,96.826,0.1993,3.3733,3.174
681,0.003644,977.03,178.22,0.1824,95.9915,96.2284,0.2369,4.0085,3.7716
682,0.003866,926.26,233.83,0.2524,95.747,95.9983,0.2513,4.253,4.0017
683,0.003471,975.62,199.94,0.2049,96.1817,96.4074,0.2256,3.8183,3.5926
684,0.00414,685.21,290.57,0.4241,95.4462,95.7153,0.2691,4.5538,4.2847
685,0.004147,719.89,299.94,0.4166,95.4384,95.7079,0.2695,4.5616,4.2921
686,0.00347,762.48,240.66,0.3156,96.1825,96.408,0.2256,3.8175,3.592
687,0.003086,991.14,232.81,0.2349,96.605,96.8057,0.2006,3.395,3.1943
688,0.003886,809.42,230.05,0.2842,95.7257,95.9783,0.2526,4.2743,4.0217
689,0.003303,768.93,226.92,0.2951,96.3667,96.5814,0.2147,3.6333,3.4186
690,0.003496,713.53,297.2,0.4165,96.1542,96.3814,0.2273,3.8458,3.6186
691,0.003457,965.51,287.15,0.2974,96.197,96.4217,0.2247,3.803,3.5783
692,0.003319,820.74,234.38,0.2856,96.3491,96.5648,0.2157,3.6509,3.4352
693,0.00311,729.61,189.12,0.2592,96.5792,96.7814,0.2021,3.4208,3.2186
694,0.004109,876.91,212.64,0.2425,95.4805,95.7475,0.2671,4.5195,4.2525
695,0.003013,792.15,206.98,0.2613,96.6853,96.8812,0.1959,3.3147,3.1188
696,0.003967,849.76,248.19,0.2921,95.6366,95.8945,0.2578,4.3634,4.1055
697,0.003759,767.49,273.24,0.356,95.8653,96.1097,0.2443,4.1347,3.8903
698,0.004153,898.18,223.59,0.2489,95.4316,95.7015,0.27,4.5684,4.2985
699,0.003036,950.29,175.39,0.1846,96.6609,96.8582,0.1973,3.3391,3.1418
700,0.003808,846.03,287.53,0.3399,95.8107,96.0583,0.2475,4.1893,3.9417
701,0.003559,898.22,158.81,0.1768,96.0851,96.3164,0.2313,3.9149,3.6836
702,0.002847,967.88,291.78,0.3015,96.8679,97.053,0.1851,3.1321,2.947
703,0.003736,939.88,211.86,0.2254,95.8909,96.1338,0.2428,4.1091,3.8662
704,0.00398,758.69,256.08,0.3375,95.6225,95.8812,0.2587,4.3775,4.1188
705,0.002813,851.95,205.98,0.2418,96.9059,97.0888,0.1828,3.0941,2.9112
706,0.003665,906.7,242.48,0.2674,95.9685,96.2068,0.2382,4.0315,3.7932
707,0.003476,845.87,150.99,0.1785,96.1759,96.4018,0.226,3.8241,3.5982
708,0.003572,684.03,229.41,0.3354,96.0705,96.3027,0.2322,3.9295,3.6973
709,0.003185,1012.34,152.57,0.1507,96.4969,96.7039,0.207,3.5031,3.2961
710,0.003938,909.17,270.93,0.298,95.6677,95.9237,0.256,4.3323,4.0763
711,0.004074,716.39,164.45,0.2296,95.5189,95.7837,0.2648,4.4811,4.2163
712,0.003008,745.26,228.97,0.3072,96.6907,96.8862,0.1955,3.3093,3.1138
713,0.003941,770.89,209.53,0.2718,95.6646,95.9208,0.2562,4.3354,4.0792
714,0.003322,818.05,234.75,0.287,96.3455,96.5614,0.2159,3.6545,3.4386
715,0.004186,756.79,252.61,0.3338,95.395,95.6672,0.2721,4.605,4.3328
716,0.003987,902.27,278.73,0.3089,95.6143,95.8734,0.2592,4.3857,4.1266
717,0.003863,711.79,206.89,0.2907,95.7502,96.0014,0.2511,4.2498,3.9986
718,0.003574,699.08,151.42,0.2166,96.0688,96.3011,0.2323,3.9312,3.6989
719,0.00304,849.95,215.09,0.2531,96.6561,96.8537,0.1976,3.3439,3.1463
720,0.003898,872.39,278.69,0.3195,95.7121,95.9654,0.2534,4.2879,4.0346
721,0.002934,859.57,156.38,0.1819,96.7731,96.9638,0.1907,3.2269,3.0362
722,0.003096,975.16,283.13,0.2903,96.5944,96.7957,0.2012,3.4056,3.2043
723,0.003466,695.83,161.15,0.2316,96.1877,96.413,0.2253,3.8123,3.587
724,0.004096,985.77,234.53,0.2379,95.4946,95.7608,0.2662,4.5054,4.2392
725,0.002846,995.78,197.17,0.198,96.8693,97.0543,0.185,3.1307,2.9457
726,0.004146,879.59,262.84,0.2988,95.4393,95.7088,0.2695,4.5607,4.2912
727,0.003798,815.42,161.54,0.1981,95.8224,96.0693,0.2469,4.1776,3.9307
728,0.003027,761.76,275.2,0.3613,96.6698,96.8666,0.1968,3.3302,3.1334
729,0.003345,984.82,199.76,0.2028,96.3207,96.5381,0.2174,3.6793,3.4619
730,0.003858,727.58,298.27,0.4099,95.7564,96.0071,0.2508,4.2436,3.9929
731,0.003814,850.27,296.15,0.3483,95.8048,96.0527,0.2479,4.1952,3.9473
732,0.002875,828.61,275.8,0.3328,96.8373,97.0242,0.1869,3.1627,2.9758
733,0.003277,941.46,293.23,0.3115,96.3955,96.6085,0.213,3.6045,3.3915
734,0.003355,943.01,154.44,0.1638,96.3091,96.5272,0.2181,3.6909,3.4728
735,0.003183,1017.48,223.59,0.2197,96.4991,96.7059,0.2069,3.5009,3.2941
736,0.003298,999.99,214.78,0.2148,96.3721,96.5864,0.2144,3.6279,3.4136
737,0.003752,904.63,162.85,0.18,95.8733,96.1171,0.2439,4.1267,3.8829
738,0.003666,951.34,256.97,0.2701,95.9673,96.2056,0.2383,4.0327,3.7944
739,0.002915,732.44,256.75,0.3505,96.7937,96.9831,0.1895,3.2063,3.0169
740,0.003687,931.48,197.5,0.212,95.9438,96.1835,0.2397,4.0562,3.8165
741,0.002949,681.77,196.24,0.2878,96.7559,96.9476,0.1917,3.2441,3.0524
742,0.003304,771.72,169.88,0.2201,96.3657,96.5805,0.2148,3.6343,3.4195
743,0.003062,832.61,233.21,0.2801,96.6314,96.8305,0.1991,3.3686,3.1695
744,0.003371,688.93,203.09,0.2948,96.2916,96.5107,0.2191,3.7084,3.4893
745,0.00293,883.33,198.66,0.2249,96.7767,96.9671,0.1905,3.2233,3.0329
746,0.003339,779.23,208.17,0.2671,96.3267,96.5438,0.2171,3.6733,3.4562
747,0.002919,986.39,285.78,0.2897,96.7896,96.9793,0.1897,3.2104,3.0207
748,0.004169,874.47,175.44,0.2006,95.4136,95.6846,0.271,4.5864,4.3154
749,0.003333,727.21,195.17,0.2684,96.3337,96.5503,0.2166,3.6663,3.4497
750,0.00349,701.51,215.2,0.3068,96.1606,96.3875,0.2269,3.8394,3.6125
751,0.00339,844.64,161.54,0.1913,96.2715,96.4918,0.2203,3.7285,3.5082
752,0.003152,763.84,243.76,0.3191,96.5324,96.7373,0.2049,3.4676,3.2627
753,0.003631,746.49,166.05,0.2224,96.0055,96.2416,0.236,3.9945,3.7584
754,0.003227,1002.6,199.83,0.1993,96.4508,96.6606,0.2097,3.5492,3.3394
755,0.003668,953.39,199.43,0.2092,95.9649,96.2033,0.2384,4.0351,3.7967
756,0.003269,957.26,278.93,0.2914,96.4045,96.617,0.2125,3.5955,3.383
757,0.004164,726.28,198.1,0.2728,95.4197,95.6903,0.2707,4.5803,4.3097
758,0.004126,748.29,197.13,0.2634,95.4612,95.7294,0.2682,4.5388,4.2706
759,0.00415,1009.37,193.72,0.1919,95.4346,95.7043,0.2698,4.5654,4.2957
760,0.003773,846.94,236.38,0.2791,95.8498,96.095,0.2452,4.1502,3.905
761,0.003139,807.86,272.47,0.3373,96.5467,96.7507,0.2041,3.4533,3.2493
762,0.00335,718.72,234.58,0.3264,96.3149,96.5326,0.2178,3.6851,3.4674
763,0.003629,865.51,252.26,0.2915,96.008,96.2439,0.2359,3.992,3.7561
764,0.00357,1004.02,219.24,0.2184,96.0728,96.3049,0.2321,3.9272,3.6951
765,0.003792,829.07,193.7,0.2336,95.8291,96.0756,0.2465,4.1709,3.9244
766,0.00377,958.45,269.35,0.281,95.853,96.0981,0.245,4.147,3.9019
767,0.003373,849.76,245.0,0.2883,96.2899,96.5092,0.2192,3.7101,3.4908
768,0.003139,903.95,257.29,0.2846,96.5473,96.7513,0.204,3.4527,3.2487
769,0.003905,705.15,298.61,0.4235,95.7048,95.9586,0.2538,4.2952,4.0414
770,0.003471,816.27,225.99,0.2769,96.182,96.4076,0.2256,3.818,3.5924
771,0.004089,915.18,231.55,0.253,95.5026,95.7684,0.2658,4.4974,4.2316
772,0.003907,802.24,284.33,0.3544,95.7023,95.9562,0.254,4.2977,4.0438
773,0.003552,896.98,162.75,0.1814,96.0932,96.324,0.2309,3.9068,3.676
774,0.003877,903.58,203.25,0.2249,95.7358,95.9878,0.252,4.2642,4.0122
775,0.003706,695.06,297.54,0.4281,95.9236,96.1645,0.2409,4.0764,3.8355
776,0.003748,815.87,262.9,0.3222,95.8767,96.1203,0.2436,4.1233,3.8797
777,0.004152,826.35,151.58,0.1834,95.4328,95.7027,0.2699,4.5672,4.2973
778,0.003162,853.63,227.82,0.2669,96.5215,96.7271,0.2055,3.4785,3.2729
779,0.003613,875.58,216.87,0.2477,96.026,96.2608,0.2348,3.974,3.7392
780,0.003348,942.6,238.29,0.2528,96.3177,96.5352,0.2176,3.6823,3.4648
781,0.003501,797.29,153.68,0.1928,96.1493,96.3768,0.2275,3.8507,3.6232
782,0.002946,821.43,294.26,0.3582,96.759,96.9505,0.1915,3.241,3.0495
783,0.002962,999.83,171.25,0.1713,96.7413,96.9338,0.1926,3.2587,3.0662
784,0.003237,834.81,181.03,0.2169,96.4397,96.6501,0.2104,3.5603,3.3499
785,0.003476,841.9,215.72,0.2562,96.1763,96.4022,0.2259,3.8237,3.5978
786,0.003775,788.43,195.04,0.2474,95.847,96.0924,0.2454,4.153,3.9076
787,0.003934,719.13,277.38,0.3857,95.6723,95.928,0.2557,4.3277,4.072
788,0.003707,910.23,174.65,0.1919,95.9221,96.1631,0.241,4.0779,3.8369
789,0.004177,762.93,176.17,0.2309,95.4048,95.6763,0.2715,4.5952,4.3237
790,0.003024,870.35,293.77,0.3375,96.6734,96.87,0.1966,3.3266,3.13
791,0.003125,817.72,177.67,0.2173,96.5629,96.766,0.2031,3.4371,3.234
792,0.003697,826.93,154.38,0.1867,95.9337,96.1739,0.2403,4.0663,3.8261
793,0.00366,747.09,238.83,0.3197,95.9743,96.2122,0.2379,4.0257,3.7878
794,0.003344,919.61,180.87,0.1967,96.3212,96.5386,0.2174,3.6788,3.4614
795,0.003853,954.97,159.38,0.1669,95.7614,96.0119,0.2505,4.2386,3.9881
796,0.002942,976.47,178.04,0.1823,96.7633,96.9546,0.1913,3.2367,3.0454
797,0.003256,835.57,189.35,0.2266,96.418,96.6296,0.2117,3.582,3.3704
798,0.004008,859.42,245.87,0.2861,95.5915,95.852,0.2605,4.4085,4.148
799,0.003636,887.84,238.05,0.2681,96.0007,96.237,0.2363,3.9993,3.763
800,0.003287,967.48,242.6,0.2508,96.3842,96.5979,0.2137,3.6158,3.4021
801,0.003939,920.04,194.62,0.2115,95.6668,95.9229,0.2561,4.3332,4.0771
802,0.00366,708.82,170.09,0.24,95.9737,96.2116,0.2379,4.0263,3.7884
803,0.002965,783.83,177.46,0.2264,96.7385,96.9312,0.1927,3.2615,3.0688
804,0.003771,853.68,212.74,0.2492,95.8521,96.0972,0.2451,4.1479,3.9028
805,0.002993,810.46,177.86,0.2195,96.7077,96.9022,0.1945,3.2923,3.0978
806,0.00369,915.77,246.79,0.2695,95.9413,96.1812,0.2398,4.0587,3.8188
807,0.0042,868.67,223.45,0.2572,95.3802,95.6531,0.273,4.6198,4.3469
808,0.002996,786.96,217.65,0.2766,96.7039,96.8987,0.1948,3.2961,3.1013
809,0.002875,802.07,151.44,0.1888,96.8374,97.0243,0.1869,3.1626,2.9757
810,0.002991,957.17,294.57,0.3078,96.7097,96.9042,0.1944,3.2903,3.0958
811,0.003508,848.29,252.7,0.2979,96.1416,96.3696,0.228,3.8584,3.6304
812,0.003382,965.56,223.3,0.2313,96.2799,96.4998,0.2198,3.7201,3.5002
813,0.002916,690.49,264.16,0.3826,96.7927,96.9822,0.1895,3.2073,3.0178
814,0.003209,773.45,230.64,0.2982,96.4702,96.6788,0.2086,3.5298,3.3212
815,0.003035,835.49,261.38,0.3128,96.661,96.8583,0.1973,3.339,3.1417
816,0.003872,866.91,166.98,0.1926,95.7405,95.9922,0.2517,4.2595,4.0078
817,0.00296,943.54,273.49,0.2899,96.7441,96.9365,0.1924,3.2559,3.0635
818,0.003314,959.69,156.24,0.1628,96.355,96.5704,0.2154,3.645,3.4296
819,0.003807,865.76,298.47,0.3447,95.8128,96.0602,0.2474,4.1872,3.9398
820,0.002943,962.22,262.7,0.273,96.7623,96.9536,0.1913,3.2377,3.0464
821,0.003217,1019.77,217.46,0.2132,96.4615,96.6706,0.2091,3.5385,3.3294
822,0.003288,957.69,215.86,0.2254,96.3832,96.5969,0.2137,3.6168,3.4031
823,0.004192,943.71,185.54,0.1966,95.3893,95.6618,0.2725,4.6107,4.3382
824,0.003935,879.89,202.59,0.2302,95.6715,95.9273,0.2558,4.3285,4.0727
825,0.003795,895.14,174.9,0.1954,95.8254,96.0721,0.2467,4.1746,3.9279
826,0.002995,750.25,181.04,0.2413,96.7056,96.9002,0.1947,3.2944,3.0998
827,0.002883,799.28,192.16,0.2404,96.8286,97.016,0.1874,3.1714,2.984
828,0.003554,790.04,255.61,0.3235,96.0903,96.3213,0.231,3.9097,3.6787
829,0.003205,770.9,278.7,0.3615,96.4744,96.6828,0.2083,3.5256,3.3172
830,0.00418,910.96,164.28,0.1803,95.4023,95.674,0.2717,4.5977,4.326
831,0.004148,947.13,287.82,0.3039,95.4373,95.7069,0.2696,4.5627,4.2931
832,0.004189,974.8,169.03,0.1734,95.3916,95.6639,0.2723,4.6084,4.3361
833,0.004013,764.89,256.71,0.3356,95.5862,95.8471,0.2608,4.4138,4.1529
834,0.00396,938.9,251.44,0.2678,95.6441,95.9015,0.2574,4.3559,4.0985
835,0.003485,876.32,190.31,0.2172,96.1662,96.3928,0.2265,3.8338,3.6072
836,0.00338,833.68,245.04,0.2939,96.2821,96.5018,0.2197,3.7179,3.4982
837,0.004032,711.65,227.34,0.3195,95.5646,95.8267,0.2621,4.4354,4.1733
838,0.00319,998.35,205.36,0.2057,96.4915,96.6989,0.2073,3.5085,3.3011
839,0.00413,791.28,150.37,0.19,95.4566,95.7251,0.2685,4.5434,4.2749
840,0.003884,929.13,259.64,0.2794,95.7278,95.9803,0.2524,4.2722,4.0197
841,0.003442,905.81,203.73,0.2249,96.214,96.4377,0.2237,3.786,3.5623
842,0.002889,861.7,182.67,0.212,96.8225,97.0102,0.1878,3.1775,2.9898
843,0.003402,752.03,190.28,0.253,96.2583,96.4794,0.2211,3.7417,3.5206
844,0.00396,794.84,236.69,0.2978,95.6444,95.9017,0.2574,4.3556,4.0983
845,0.003593,845.01,201.56,0.2385,96.0481,96.2817,0.2335,3.9519,3.7183
846,0.003756,696.46,164.94,0.2368,95.8689,96.113,0.2441,4.1311,3.887
847,0.003897,836.26,168.64,0.2017,95.7128,95.9661,0.2533,4.2872,4.0339
848,0.004001,830.04,150.1,0.1808,95.5992,95.8593,0.26,4.4008,4.1407
849,0.004141,748.79,253.29,0.3383,95.4446,95.7138,0.2692,4.5554,4.2862
850,0.002985,901.0,173.85,0.1929,96.7169,96.9109,0.194,3.2831,3.0891
851,0.004106,773.17,248.19,0.321,95.4836,95.7505,0.2669,4.5164,4.2495
852,0.003151,806.43,285.57,0.3541,96.5344,96.7392,0.2048,3.4656,3.2608
853,0.003032,814.76,195.83,0.2403,96.6651,96.8622,0.1971,3.3349,3.1378
854,0.003779,759.61,248.32,0.3269,95.8429,96.0885,0.2456,4.1571,3.9115
855,0.003785,680.37,221.52,0.3256,95.8363,96.0823,0.246,4.1637,3.9177
856,0.002986,756.9,252.0,0.3329,96.7156,96.9097,0.1941,3.2844,3.0903
857,0.002813,916.5,272.57,0.2974,96.9057,97.0885,0.1828,3.0943,2.9115
858,0.004183,823.59,169.83,0.2062,95.3982,95.6702,0.2719,4.6018,4.3298
859,0.002899,810.24,259.61,0.3204,96.8109,96.9994,0.1884,3.1891,3.0006
860,0.002943,786.54,282.15,0.3587,96.7623,96.9536,0.1913,3.2377,3.0464
861,0.002992,942.98,262.97,0.2789,96.7088,96.9033,0.1945,3.2912,3.0967
862,0.002986,1017.6,171.43,0.1685,96.715,96.9091,0.1941,3.285,3.0909
863,0.003543,682.88,247.5,0.3624,96.103,96.3333,0.2303,3.897,3.6667
864,0.003416,925.63,244.21,0.2638,96.2422,96.4643,0.222,3.7578,3.5357
865,0.003012,819.98,252.98,0.3085,96.6869,96.8827,0.1958,3.3131,3.1173
866,0.004004,709.47,165.07,0.2327,95.5957,95.8559,0.2603,4.4043,4.1441
867,0.003853,880.46,207.6,0.2358,95.7612,96.0117,0.2505,4.2388,3.9883
868,0.004149,786.93,170.97,0.2173,95.4366,95.7063,0.2697,4.5634,4.2937
869,0.003188,708.64,233.01,0.3288,96.4935,96.7007,0.2072,3.5065,3.2993
870,0.00364,886.58,266.85,0.301,95.996,96.2326,0.2366,4.004,3.7674
871,0.003767,968.28,248.76,0.2569,95.8567,96.1015,0.2448,4.1433,3.8985
872,0.003222,856.03,226.43,0.2645,96.4555,96.6649,0.2095,3.5445,3.3351
873,0.003847,780.48,158.19,0.2027,95.7683,96.0184,0.2501,4.2317,3.9816
874,0.004057,1004.59,224.23,0.2232,95.5372,95.8009,0.2637,4.4628,4.1991
875,0.002958,849.86,239.09,0.2813,96.7464,96.9386,0.1923,3.2536,3.0614
876,0.00354,1012.42,298.03,0.2944,96.1064,96.3365,0.2301,3.8936,3.6635
877,0.004107,724.87,279.12,0.3851,95.4818,95.7487,0.267,4.5182,4.2513
878,0.003596,804.24,252.44,0.3139,96.0447,96.2784,0.2337,3.9553,3.7216
879,0.003868,1004.51,265.56,0.2644,95.7454,95.9968,0.2514,4.2546,4.0032
880,0.002823,702.96,189.33,0.2693,96.8943,97.0778,0.1835,3.1057,2.9222
881,0.002856,700.56,268.39,0.3831,96.8587,97.0443,0.1856,3.1413,2.9557
882,0.003509,893.71,225.16,0.2519,96.1398,96.3679,0.2281,3.8602,3.6321
883,0.003382,918.62,162.36,0.1767,96.2802,96.5,0.2198,3.7198,3.5
884,0.003551,889.46,191.62,0.2154,96.0937,96.3245,0.2308,3.9063,3.6755
885,0.003234,853.84,180.48,0.2114,96.4427,96.6529,0.2102,3.5573,3.3471
886,0.003931,862.37,208.61,0.2419,95.6756,95.9311,0.2555,4.3244,4.0689
887,0.003688,963.74,252.16,0.2616,95.9432,96.1829,0.2397,4.0568,3.8171
888,0.002893,917.55,259.49,0.2828,96.8182,97.0062,0.188,3.1818,2.9938
889,0.003985,699.69,162.93,0.2329,95.6164,95.8755,0.259,4.3836,4.1245
890,0.003408,834.15,241.32,0.2893,96.2509,96.4724,0.2215,3.7491,3.5276
891,0.003233,932.18,261.1,0.2801,96.4437,96.6538,0.2101,3.5563,3.3462
892,0.002967,920.69,255.22,0.2772,96.7361,96.9289,0.1929,3.2639,3.0711
893,0.003029,1004.03,228.45,0.2275,96.6677,96.8646,0.1969,3.3323,3.1354
894,0.003896,925.06,175.04,0.1892,95.7142,95.9675,0.2533,4.2858,4.0325
895,0.002978,945.58,190.31,0.2013,96.7245,96.9181,0.1936,3.2755,3.0819
896,0.004041,942.29,154.4,0.1639,95.5549,95.8176,0.2627,4.4451,4.1824
897,0.00393,772.47,159.58,0.2066,95.6771,95.9325,0.2554,4.3229,4.0675
898,0.003797,876.06,161.56,0.1844,95.823,96.0698,0.2468,4.177,3.9302
899,0.003437,802.44,224.94,0.2803,96.219,96.4424,0.2234,3.781,3.5576
900,0.003594,805.01,188.27,0.2339,96.047,96.2806,0.2336,3.953,3.7194
901,0.002944,875.13,258.42,0.2953,96.7615,96.9529,0.1914,3.2385,3.0471
902,0.00312,853.0,156.61,0.1836,96.5683,96.771,0.2028,3.4317,3.229
903,0.004008,763.15,220.76,0.2893,95.5911,95.8516,0.2605,4.4089,4.1484
904,0.003336,731.03,289.67,0.3963,96.3302,96.5471,0.2169,3.6698,3.4529
905,0.004,867.97,287.09,0.3308,95.5995,95.8595,0.26,4.4005,4.1405
906,0.003837,822.59,198.27,0.241,95.7794,96.0288,0.2494,4.2206,3.9712
907,0.003383,924.9,190.69,0.2062,96.279,96.4988,0.2199,3.721,3.5012
908,0.002909,806.75,225.31,0.2793,96.8001,96.9891,0.1891,3.1999,3.0109
909,0.004063,740.98,270.65,0.3653,95.531,95.7951,0.2641,4.469,4.2049
910,0.004174,1004.39,160.34,0.1596,95.4086,95.6799,0.2713,4.5914,4.3201
911,0.003451,775.98,276.73,0.3566,96.2038,96.4281,0.2243,3.7962,3.5719
912,0.003258,868.05,151.2,0.1742,96.416,96.6277,0.2118,3.584,3.3723
913,0.003081,871.69,195.59,0.2244,96.611,96.8112,0.2003,3.389,3.1888
914,0.003672,837.74,238.75,0.285,95.961,96.1997,0.2387,4.039,3.8003
915,0.003491,942.69,179.31,0.1902,96.1602,96.3871,0.2269,3.8398,3.6129
916,0.004061,938.56,186.77,0.199,95.5333,95.7973,0.2639,4.4667,4.2027
917,0.002809,819.41,184.95,0.2257,96.9102,97.0928,0.1826,3.0898,2.9072
918,0.003285,965.46,281.58,0.2917,96.3865,96.6,0.2135,3.6135,3.4
919,0.004131,680.5,248.6,0.3653,95.4555,95.724,0.2685,4.5445,4.276
920,0.003989,927.25,165.59,0.1786,95.6125,95.8718,0.2593,4.3875,4.1282
921,0.003542,760.98,223.8,0.2941,96.1041,96.3343,0.2302,3.8959,3.6657
922,0.002884,1018.97,256.75,0.252,96.8278,97.0152,0.1875,3.1722,2.9848
923,0.00293,993.23,284.59,0.2865,96.7767,96.9672,0.1905,3.2233,3.0328
924,0.003528,918.29,205.87,0.2242,96.1196,96.3489,0.2293,3.8804,3.6511
925,0.004164,708.87,164.34,0.2318,95.4192,95.6899,0.2707,4.5808,4.3101
926,0.002987,958.79,161.22,0.1682,96.7144,96.9085,0.1941,3.2856,3.0915
927,0.003595,827.89,294.63,0.3559,96.0456,96.2792,0.2337,3.9544,3.7208
928,0.003131,768.74,197.25,0.2566,96.5554,96.7589,0.2035,3.4446,3.2411
929,0.003921,918.25,260.3,0.2835,95.6867,95.9416,0.2549,4.3133,4.0584
930,0.003245,772.46,161.2,0.2087,96.4302,96.6411,0.2109,3.5698,3.3589
931,0.003084,945.18,237.71,0.2515,96.6078,96.8083,0.2004,3.3922,3.1917
932,0.003018,735.89,219.91,0.2988,96.6807,96.8768,0.1961,3.3193,3.1232
933,0.003369,862.21,294.7,0.3418,96.294,96.513,0.219,3.706,3.487
934,0.003091,784.82,189.75,0.2418,96.6002,96.8011,0.2009,3.3998,3.1989
935,0.002968,733.59,252.91,0.3448,96.7353,96.9282,0.1929,3.2647,3.0718
936,0.003957,916.94,156.05,0.1702,95.6474,95.9046,0.2572,4.3526,4.0954
937,0.00397,791.45,163.68,0.2068,95.6327,95.8907,0.2581,4.3673,4.1093
938,0.003148,800.95,227.02,0.2834,96.5377,96.7423,0.2046,3.4623,3.2577
939,0.003748,768.46,298.6,0.3886,95.8771,96.1208,0.2436,4.1229,3.8792
940,0.002844,817.49,217.83,0.2665,96.8721,97.057,0.1848,3.1279,2.943
941,0.003847,764.95,219.31,0.2867,95.768,96.018,0.2501,4.232,3.982
942,0.003925,727.53,151.79,0.2086,95.682,95.9372,0.2552,4.318,4.0628
943,0.003963,1014.07,169.61,0.1673,95.6412,95.8988,0.2576,4.3588,4.1012
944,0.003953,806.56,244.54,0.3032,95.6515,95.9085,0.257,4.3485,4.0915
945,0.003703,877.99,188.82,0.2151,95.9272,96.1679,0.2407,4.0728,3.8321
946,0.003938,687.41,159.67,0.2323,95.6684,95.9243,0.256,4.3316,4.0757
947,0.004063,830.77,169.32,0.2038,95.5302,95.7943,0.2641,4.4698,4.2057
948,0.004067,961.98,199.73,0.2076,95.5262,95.7905,0.2644,4.4738,4.2095
949,0.00286,836.74,175.2,0.2094,96.8542,97.0401,0.1859,3.1458,2.9599
950,0.003603,959.37,209.25,0.2181,96.0362,96.2704,0.2342,3.9638,3.7296
951,0.002841,912.29,175.92,0.1928,96.8746,97.0593,0.1847,3.1254,2.9407
952,0.003101,743.63,191.98,0.2582,96.5893,96.7909,0.2015,3.4107,3.2091
953,0.004037,691.78,242.88,0.3511,95.5595,95.8219,0.2624,4.4405,4.1781
954,0.003144,780.34,211.8,0.2714,96.5415,96.7459,0.2044,3.4585,3.2541
955,0.003571,700.73,191.97,0.274,96.0719,96.3041,0.2321,3.9281,3.6959
956,0.002992,747.82,282.7,0.378,96.7087,96.9031,0.1945,3.2913,3.0969
957,0.003536,894.46,270.33,0.3022,96.1102,96.3401,0.2298,3.8898,3.6599
958,0.003913,1016.4,267.29,0.263,95.6959,95.9503,0.2543,4.3041,4.0497
959,0.003303,865.14,222.7,0.2574,96.367,96.5816,0.2147,3.633,3.4184
960,0.004078,850.81,208.26,0.2448,95.5145,95.7795,0.2651,4.4855,4.2205
961,0.003052,788.42,182.85,0.2319,96.6431,96.8414,0.1984,3.3569,3.1586
962,0.004054,944.7,158.79,0.1681,95.5405,95.804,0.2635,4.4595,4.196
963,0.004188,860.01,265.03,0.3082,95.393,95.6653,0.2722,4.607,4.3347
964,0.004199,1011.15,165.02,0.1632,95.3806,95.6536,0.273,4.6194,4.3464
965,0.00372,770.62,272.44,0.3535,95.9084,96.1502,0.2418,4.0916,3.8498
966,0.004084,699.01,299.46,0.4284,95.5074,95.7729,0.2655,4.4926,4.2271
967,0.003107,967.81,269.61,0.2786,96.5821,96.7841,0.202,3.4179,3.2159
968,0.003297,965.34,276.78,0.2867,96.3736,96.5879,0.2143,3.6264,3.4121
969,0.003047,881.46,270.93,0.3074,96.6488,96.8468,0.198,3.3512,3.1532
970,0.003777,990.75,154.23,0.1557,95.8457,96.0911,0.2455,4.1543,3.9089
971,0.003781,1002.17,234.54,0.234,95.8411,96.0869,0.2458,4.1589,3.9131
972,0.003588,744.0,298.2,0.4008,96.0528,96.2861,0.2332,3.9472,3.7139
973,0.004034,847.36,196.36,0.2317,95.5623,95.8245,0.2622,4.4377,4.1755
974,0.003487,710.69,184.89,0.2602,96.1647,96.3914,0.2266,3.8353,3.6086
975,0.003106,858.99,150.1,0.1747,96.583,96.7849,0.2019,3.417,3.2151
976,0.004085,748.5,169.57,0.2266,95.5064,95.772,0.2655,4.4936,4.228
977,0.003804,992.39,276.64,0.2788,95.8159,96.0632,0.2472,4.1841,3.9368
978,0.003253,687.45,237.99,0.3462,96.4217,96.6331,0.2114,3.5783,3.3669
979,0.004084,943.28,276.97,0.2936,95.5075,95.7729,0.2655,4.4925,4.2271
980,0.004005,1006.59,206.04,0.2047,95.5946,95.8549,0.2603,4.4054,4.1451
981,0.004119,814.5,165.15,0.2028,95.4694,95.7372,0.2677,4.5306,4.2628
982,0.003222,726.39,173.63,0.239,96.4553,96.6647,0.2095,3.5447,3.3353
983,0.004128,949.23,294.1,0.3098,95.459,95.7273,0.2683,4.541,4.2727
984,0.003709,739.23,295.31,0.3995,95.9203,96.1613,0.2411,4.0797,3.8387
985,0.003771,995.81,268.05,0.2692,95.8519,96.097,0.2451,4.1481,3.903
986,0.003113,880.24,176.3,0.2003,96.5762,96.7785,0.2023,3.4238,3.2215
987,0.00323,914.09,169.1,0.185,96.4475,96.6574,0.2099,3.5525,3.3426
988,0.00382,1002.59,292.3,0.2916,95.7976,96.0459,0.2483,4.2024,3.9541
989,0.003348,1018.06,294.78,0.2895,96.3169,96.5346,0.2176,3.6831,3.4654
990,0.002845,884.81,288.16,0.3257,96.8701,97.0551,0.1849,3.1299,2.9449
991,0.004155,755.1,234.83,0.311,95.43,95.7,0.27,4.57,4.3
992,0.004111,727.82,261.8,0.3597,95.4775,95.7447,0.2672,4.5225,4.2553
993,0.003133,1014.01,175.18,0.1728,96.5535,96.7571,0.2037,3.4465,3.2429
994,0.004039,710.17,256.34,0.361,95.5566,95.8192,0.2626,4.4434,4.1808
995,0.003695,981.46,216.99,0.2211,95.9358,96.1759,0.2402,4.0642,3.8241
996,0.003171,764.84,160.17,0.2094,96.5116,96.7177,0.2061,3.4884,3.2823
997,0.003159,716.73,150.19,0.2096,96.5247,96.7301,0.2054,3.4753,3.2699
998,0.00334,929.08,295.37,0.3179,96.3257,96.5428,0.2171,3.6743,3.4572
999,0.004038,847.65,206.81,0.244,95.5578,95.8203,0.2625,4.4422,4.1797
1000,0.003564,714.49,221.92,0.3106,96.0791,96.3108,0.2317,3.9209,3.6892
1001,0.00401,901.33,253.07,0.2808,95.5894,95.85,0.2606,4.4106,4.15
1002,0.003028,705.06,276.86,0.3927,96.6695,96.8663,0.1968,3.3305,3.1337
1003,0.003213,788.36,292.75,0.3713,96.4658,96.6747,0.2088,3.5342,3.3253
1004,0.002904,737.84,206.32,0.2796,96.8057,96.9945,0.1888,3.1943,3.0055
1005,0.003825,866.0,284.72,0.3288,95.7927,96.0414,0.2486,4.2073,3.9586
1006,0.00293,881.97,242.05,0.2744,96.7766,96.9671,0.1905,3.2234,3.0329
1007,0.003476,690.54,291.37,0.4219,96.1766,96.4025,0.2259,3.8234,3.5975
1008,0.003031,982.52,173.57,0.1767,96.6659,96.8629,0.197,3.3341,3.1371
1009,0.002942,749.89,178.5,0.238,96.7641,96.9553,0.1912,3.2359,3.0447
1010,0.003776,925.49,259.5,0.2804,95.8463,96.0918,0.2454,4.1537,3.9082
1011,0.003171,775.72,185.63,0.2393,96.5115,96.7176,0.2061,3.4885,3.2824
1012,0.002869,874.4,275.98,0.3156,96.8436,97.0301,0.1865,3.1564,2.9699
1013,0.003015,802.68,214.14,0.2668,96.6835,96.8794,0.196,3.3165,3.1206
1014,0.003212,905.09,240.03,0.2652,96.4664,96.6752,0.2088,3.5336,3.3248
1015,0.00308,688.75,175.62,0.255,96.6125,96.8127,0.2002,3.3875,3.1873
1016,0.003209,707.86,276.57,0.3907,96.4706,96.6792,0.2086,3.5294,3.3208
1017,0.003232,815.14,223.36,0.274,96.4451,96.6552,0.2101,3.5549,3.3448
1018,0.003725,710.99,231.62,0.3258,95.902,96.1442,0.2422,4.098,3.8558
1019,0.003059,981.07,205.41,0.2094,96.6353,96.8341,0.1988,3.3647,3.1659
1020,0.003424,769.52,219.76,0.2856,96.2335,96.4561,0.2226,3.7665,3.5439
1021,0.003117,771.31,159.25,0.2065,96.5716,96.7742,0.2026,3.4284,3.2258
1022,0.003853,906.94,162.86,0.1796,95.7616,96.012,0.2505,4.2384,3.988
1023,0.003281,864.09,295.61,0.3421,96.3906,96.6038,0.2133,3.6094,3.3962
1024,0.003626,868.22,276.12,0.318,96.0118,96.2475,0.2357,3.9882,3.7525
1025,0.003946,822.33,230.33,0.2801,95.6597,95.9161,0.2565,4.3403,4.0839
1026,0.004014,841.44,282.25,0.3354,95.585,95.8459,0.2609,4.415,4.1541
1027,0.003467,706.84,285.42,0.4038,96.1866,96.4119,0.2253,3.8134,3.5881
1028,0.0038,850.71,285.07,0.3351,95.82,96.067,0.247,4.18,3.933
1029,0.003921,910.36,243.04,0.267,95.6873,95.9421,0.2548,4.3127,4.0579
1030,0.002968,937.44,175.93,0.1877,96.7348,96.9277,0.1929,3.2652,3.0723
1031,0.004178,1010.54,271.27,0.2684,95.4041,95.6757,0.2716,4.5959,4.3243
1032,0.002977,823.95,298.24,0.362,96.7257,96.9192,0.1935,3.2743,3.0808
1033,0.00341,1019.07,244.08,0.2395,96.2495,96.4711,0.2216,3.7505,3.5289
1034,0.003968,767.68,286.62,0.3734,95.6355,95.8934,0.2579,4.3645,4.1066
1035,0.00408,702.78,208.21,0.2963,95.5122,95.7774,0.2652,4.4878,4.2226
1036,0.003356,790.88,191.43,0.242,96.3081,96.5262,0.2182,3.6919,3.4738
1037,0.003441,976.98,267.98,0.2743,96.2144,96.4381,0.2237,3.7856,3.5619
1038,0.003672,857.67,212.94,0.2483,95.9605,96.1992,0.2387,4.0395,3.8008
1039,0.00338,730.39,238.19,0.3261,96.2818,96.5015,0.2197,3.7182,3.4985
1040,0.003862,999.48,288.74,0.2889,95.7521,96.0031,0.251,4.2479,3.9969
1041,0.003588,714.34,192.91,0.2701,96.0535,96.2867,0.2332,3.9465,3.7133
1042,0.00355,796.92,211.63,0.2656,96.0951,96.3259,0.2307,3.9049,3.6741
1043,0.003336,845.1,241.34,0.2856,96.3301,96.547,0.2169,3.6699,3.453
1044,0.002852,773.64,171.58,0.2218,96.8623,97.0477,0.1854,3.1377,2.9523
1045,0.003652,915.84,155.82,0.1701,95.9827,96.2201,0.2374,4.0173,3.7799
1046,0.004045,792.71,185.64,0.2342,95.5501,95.813,0.263,4.4499,4.187
1047,0.003844,993.08,284.55,0.2865,95.7715,96.0214,0.2499,4.2285,3.9786
1048,0.002828,957.91,195.46,0.204,96.8888,97.0727,0.1838,3.1112,2.9273
1049,0.003192,847.15,254.43,0.3003,96.4883,96.6958,0.2075,3.5117,3.3042
1050,0.002938,975.43,170.16,0.1744,96.7687,96.9597,0.1909,3.2313,3.0403
1051,0.004164,830.66,273.87,0.3297,95.4197,95.6904,0.2707,4.5803,4.3096
1052,0.003177,821.7,246.83,0.3004,96.5051,96.7116,0.2065,3.4949,3.2884
1053,0.003063,751.87,273.6,0.3639,96.6306,96.8297,0.1991,3.3694,3.1703
1054,0.003837,938.23,280.08,0.2985,95.7789,96.0284,0.2494,4.2211,3.9716
1055,0.003949,855.19,173.85,0.2033,95.6556,95.9123,0.2567,4.3444,4.0877
1056,0.003236,852.31,170.35,0.1999,96.4409,96.6512,0.2103,3.5591,3.3488
1057,0.003992,978.97,154.34,0.1577,95.609,95.8685,0.2595,4.391,4.1315
1058,0.00307,963.2,275.55,0.2861,96.6231,96.8227,0.1995,3.3769,3.1773
1059,0.003149,835.19,287.7,0.3445,96.5358,96.7405,0.2047,3.4642,3.2595
1060,0.003786,773.15,273.53,0.3538,95.8349,96.081,0.2461,4.1651,3.919
1061,0.003507,896.04,168.58,0.1881,96.1421,96.3701,0.228,3.8579,3.6299
1062,0.002843,806.64,239.11,0.2964,96.8729,97.0577,0.1848,3.1271,2.9423
1063,0.003049,975.96,238.03,0.2439,96.6465,96.8447,0.1982,3.3535,3.1553
1064,0.00329,735.59,284.17,0.3863,96.3814,96.5952,0.2138,3.6186,3.4048
1065,0.003849,914.21,192.76,0.2108,95.7666,96.0168,0.2502,4.2334,3.9832
1066,0.003341,735.39,235.84,0.3207,96.3247,96.5419,0.2172,3.6753,3.4581
1067,0.004151,971.42,247.11,0.2544,95.434,95.7038,0.2698,4.566,4.2962
1068,0.003749,771.49,211.43,0.274,95.8763,96.12,0.2437,4.1237,3.88
1069,0.002828,945.3,265.14,0.2805,96.8891,97.0729,0.1838,3.1109,2.9271
1070,0.002812,989.92,247.11,0.2496,96.9063,97.0891,0.1828,3.0937,2.9109
1071,0.003642,682.88,187.86,0.2751,95.9942,96.2309,0.2367,4.0058,3.7691
1072,0.003927,783.86,295.05,0.3764,95.6802,95.9354,0.2553,4.3198,4.0646
1073,0.0037,824.09,206.47,0.2505,95.9302,96.1707,0.2405,4.0698,3.8293
1074,0.003288,765.68,220.0,0.2873,96.383,96.5967,0.2137,3.617,3.4033
1075,0.003748,960.27,209.57,0.2182,95.8771,96.1207,0.2436,4.1229,3.8793
1076,0.002943,853.91,249.35,0.292,96.7624,96.9537,0.1913,3.2376,3.0463
1077,0.003981,807.24,247.1,0.3061,95.6213,95.8801,0.2587,4.3787,4.1199
1078,0.003653,781.48,166.22,0.2127,95.9821,96.2195,0.2374,4.0179,3.7805
1079,0.002889,1016.04,246.09,0.2422,96.8217,97.0095,0.1878,3.1783,2.9905
1080,0.004006,768.79,256.66,0.3339,95.5933,95.8537,0.2604,4.4067,4.1463
1081,0.004049,781.59,172.49,0.2207,95.5457,95.809,0.2632,4.4543,4.191
1082,0.003872,985.89,270.81,0.2747,95.7412,95.9928,0.2517,4.2588,4.0072
1083,0.003923,884.01,249.08,0.2818,95.6844,95.9394,0.255,4.3156,4.0606
1084,0.003753,925.24,248.31,0.2684,95.8716,96.1156,0.2439,4.1284,3.8844
1085,0.004196,768.2,212.78,0.277,95.3839,95.6567,0.2728,4.6161,4.3433
1086,0.003344,692.01,256.21,0.3702,96.3221,96.5394,0.2173,3.6779,3.4606
1087,0.003601,744.57,258.98,0.3478,96.0391,96.2731,0.2341,3.9609,3.7269
1088,0.003111,861.78,267.73,0.3107,96.5776,96.7798,0.2022,3.4224,3.2202
1089,0.004069,908.44,226.1,0.2489,95.5239,95.7884,0.2645,4.4761,4.2116
1090,0.003984,965.82,281.47,0.2914,95.6181,95.877,0.2589,4.3819,4.123
1091,0.003054,713.19,169.19,0.2372,96.6411,96.8395,0.1985,3.3589,3.1605
1092,0.003162,954.84,264.44,0.2769,96.5217,96.7272,0.2055,3.4783,3.2728
1093,0.003056,911.1,200.34,0.2199,96.6381,96.8367,0.1987,3.3619,3.1633
1094,0.002925,800.8,261.63,0.3267,96.7825,96.9726,0.1901,3.2175,3.0274
1095,0.00323,947.95,199.7,0.2107,96.4471,96.657,0.2099,3.5529,3.343
1096,0.003165,779.98,277.68,0.356,96.5187,96.7244,0.2057,3.4813,3.2756
1097,0.003459,974.57,237.54,0.2437,96.1954,96.4202,0.2248,3.8046,3.5798
1098,0.004122,704.21,283.41,0.4025,95.4658,95.7337,0.2679,4.5342,4.2663
1099,0.003501,974.95,207.25,0.2126,96.1493,96.3768,0.2275,3.8507,3.6232
1100,0.003218,698.38,278.14,0.3983,96.4605,96.6697,0.2092,3.5395,3.3303
1101,0.002992,748.1,211.38,0.2826,96.7085,96.903,0.1945,3.2915,3.097
1102,0.003597,988.25,218.64,0.2212,96.0431,96.2769,0.2338,3.9569,3.7231
1103,0.003243,923.33,266.84,0.289,96.4328,96.6436,0.2108,3.5672,3.3564
1104,0.003483,894.55,176.52,0.1973,96.1691,96.3955,0.2264,3.8309,3.6045
1105,0.003688,681.6,191.03,0.2803,95.9429,96.1826,0.2397,4.0571,3.8174
1106,0.003866,737.33,264.67,0.359,95.7478,95.999,0.2513,4.2522,4.001
1107,0.003485,939.61,163.21,0.1737,96.1661,96.3926,0.2266,3.8339,3.6074
1108,0.00366,895.39,210.51,0.2351,95.9737,96.2116,0.2379,4.0263,3.7884
1109,0.004151,810.33,155.66,0.1921,95.4334,95.7032,0.2698,4.5666,4.2968
1110,0.003079,806.85,152.11,0.1885,96.6129,96.813,0.2001,3.3871,3.187
1111,0.003251,963.3,178.59,0.1854,96.4238,96.6351,0.2113,3.5762,3.3649
1112,0.003747,893.07,187.32,0.2098,95.8778,96.1214,0.2436,4.1222,3.8786
1113,0.003771,797.08,169.34,0.2125,95.852,96.0971,0.2451,4.148,3.9029
1114,0.003337,880.15,175.05,0.1989,96.3293,96.5462,0.2169,3.6707,3.4538
1115,0.003953,781.39,193.62,0.2478,95.6513,95.9083,0.257,4.3487,4.0917
1116,0.003819,882.77,200.68,0.2273,95.7991,96.0474,0.2482,4.2009,3.9526
1117,0.004043,1018.46,201.41,0.1978,95.5525,95.8153,0.2628,4.4475,4.1847
1118,0.004062,802.15,178.26,0.2222,95.5319,95.7959,0.264,4.4681,4.2041
1119,0.004127,992.19,210.51,0.2122,95.46,95.7282,0.2683,4.54,4.2718
1120,0.00312,927.24,169.68,0.183,96.5682,96.771,0.2028,3.4318,3.229
1121,0.003828,880.5,175.35,0.1991,95.7895,96.0383,0.2488,4.2105,3.9617
1122,0.003313,901.18,155.6,0.1727,96.3554,96.5708,0.2154,3.6446,3.4292
1123,0.004027,766.97,230.21,0.3002,95.5701,95.8319,0.2618,4.4299,4.1681
1124,0.002868,1018.19,249.3,0.2448,96.8452,97.0316,0.1864,3.1548,2.9684
1125,0.003715,686.71,253.46,0.3691,95.9135,96.155,0.2415,4.0865,3.845
1126,0.003383,809.29,232.09,0.2868,96.2782,96.4981,0.2199,3.7218,3.5019
1127,0.003464,732.06,254.28,0.3473,96.1894,96.4146,0.2252,3.8106,3.5854
1128,0.003682,782.38,249.25,0.3186,95.9493,96.1887,0.2394,4.0507,3.8113
1129,0.003727,771.79,240.85,0.3121,95.8998,96.1421,0.2423,4.1002,3.8579
1130,0.002992,962.42,165.74,0.1722,96.7088,96.9033,0.1945,3.2912,3.0967
1131,0.003806,720.03,167.1,0.2321,95.8131,96.0605,0.2474,4.1869,3.9395
1132,0.002949,747.54,179.96,0.2407,96.7564,96.948,0.1917,3.2436,3.052
1133,0.003168,857.87,180.25,0.2101,96.515,96.7209,0.2059,3.485,3.2791
1134,0.003785,780.42,155.91,0.1998,95.8367,96.0827,0.246,4.1633,3.9173
1135,0.003495,750.62,289.97,0.3863,96.1556,96.3828,0.2272,3.8444,3.6172
1136,0.003263,680.93,250.74,0.3682,96.4109,96.623,0.2121,3.5891,3.377
1137,0.00407,963.98,250.35,0.2597,95.5234,95.7879,0.2645,4.4766,4.2121
1138,0.003009,710.63,226.76,0.3191,96.6903,96.8859,0.1956,3.3097,3.1141
1139,0.003813,714.44,188.38,0.2637,95.8057,96.0536,0.2478,4.1943,3.9464
1140,0.003124,1016.15,194.4,0.1913,96.564,96.767,0.203,3.436,3.233
1141,0.00345,713.94,176.21,0.2468,96.205,96.4293,0.2242,3.795,3.5707
1142,0.002855,778.79,270.24,0.347,96.8593,97.0448,0.1856,3.1407,2.9552
1143,0.003238,931.1,164.25,0.1764,96.4384,96.6489,0.2105,3.5616,3.3511
1144,0.003861,695.6,277.8,0.3994,95.7524,96.0034,0.251,4.2476,3.9966
1145,0.003729,737.97,203.63,0.2759,95.8984,96.1408,0.2424,4.1016,3.8592
1146,0.003413,891.41,281.77,0.3161,96.2459,96.4678,0.2218,3.7541,3.5322
1147,0.00293,957.09,177.43,0.1854,96.7769,96.9673,0.1905,3.2231,3.0327
1148,0.003361,1007.19,190.77,0.1894,96.3028,96.5213,0.2185,3.6972,3.4787
1149,0.00334,969.23,269.98,0.2786,96.326,96.5431,0.2171,3.674,3.4569
1150,0.003708,950.95,166.96,0.1756,95.9208,96.1618,0.241,4.0792,3.8382
1151,0.003775,699.94,291.37,0.4163,95.8479,96.0932,0.2454,4.1521,3.9068
1152,0.003023,821.45,238.61,0.2905,96.6745,96.871,0.1965,3.3255,3.129
1153,0.003923,910.65,177.19,0.1946,95.6845,95.9395,0.255,4.3155,4.0605
1154,0.003332,801.92,154.32,0.1924,96.3352,96.5517,0.2166,3.6648,3.4483
1155,0.003758,965.1,296.02,0.3067,95.8659,96.1102,0.2443,4.1341,3.8898
1156,0.002983,992.94,166.94,0.1681,96.7188,96.9127,0.1939,3.2812,3.0873
1157,0.003376,695.63,189.24,0.272,96.2866,96.506,0.2194,3.7134,3.494
1158,0.00324,919.55,251.69,0.2737,96.4361,96.6467,0.2106,3.5639,3.3533
1159,0.003875,876.06,234.75,0.268,95.738,95.9899,0.2518,4.262,4.0101
1160,0.004169,907.75,200.75,0.2211,95.414,95.685,0.271,4.586,4.315
1161,0.003532,918.2,164.29,0.1789,96.1144,96.344,0.2296,3.8856,3.656
1162,0.003726,764.52,201.86,0.264,95.901,96.1432,0.2422,4.099,3.8568
1163,0.003747,810.86,275.85,0.3402,95.8785,96.122,0.2435,4.1215,3.878
1164,0.003582,1015.85,158.18,0.1557,96.0601,96.293,0.2328,3.9399,3.707
1165,0.003701,733.36,277.33,0.3782,95.9292,96.1697,0.2405,4.0708,3.8303
1166,0.003993,975.6,161.23,0.1653,95.6081,95.8676,0.2595,4.3919,4.1324
1167,0.003488,761.9,295.52,0.3879,96.1629,96.3896,0.2267,3.8371,3.6104
1168,0.00287,755.72,246.5,0.3262,96.8425,97.029,0.1866,3.1575,2.971
1169,0.003365,759.9,218.86,0.288,96.299,96.5177,0.2187,3.701,3.4823
1170,0.003922,832.35,278.49,0.3346,95.6861,95.941,0.2549,4.3139,4.059
1171,0.003426,720.36,224.61,0.3118,96.2315,96.4542,0.2227,3.7685,3.5458
1172,0.003715,714.9,211.85,0.2963,95.9138,96.1553,0.2415,4.0862,3.8447
1173,0.00358,680.06,163.63,0.2406,96.062,96.2947,0.2327,3.938,3.7053
1174,0.003646,890.48,195.69,0.2198,95.9895,96.2265,0.237,4.0105,3.7735
1175,0.003512,750.33,250.72,0.3341,96.1372,96.3654,0.2283,3.8628,3.6346
1176,0.00413,803.54,158.14,0.1968,95.4565,95.7249,0.2685,4.5435,4.2751
1177,0.003112,834.52,234.02,0.2804,96.5767,96.779,0.2023,3.4233,3.221
1178,0.003668,840.87,248.58,0.2956,95.9656,96.204,0.2384,4.0344,3.796
1179,0.003802,718.77,263.9,0.3672,95.8175,96.0646,0.2471,4.1825,3.9354
1180,0.00311,796.06,274.48,0.3448,96.5785,96.7807,0.2022,3.4215,3.2193
1181,0.00415,779.27,228.3,0.293,95.4348,95.7045,0.2698,4.5652,4.2955
1182,0.003783,695.56,174.62,0.2511,95.8388,96.0847,0.2459,4.1612,3.9153
1183,0.002997,923.73,258.23,0.2796,96.7037,96.8985,0.1948,3.2963,3.1015
1184,0.00295,887.69,178.13,0.2007,96.7553,96.947,0.1917,3.2447,3.053
1185,0.004102,813.58,218.56,0.2686,95.4875,95.7541,0.2666,4.5125,4.2459
1186,0.003894,923.71,166.16,0.1799,95.7166,95.9697,0.2531,4.2834,4.0303
1187,0.00338,995.05,275.62,0.277,96.2817,96.5014,0.2197,3.7183,3.4986
1188,0.003624,942.53,217.58,0.2308,96.0132,96.2488,0.2356,3.9868,3.7512
1189,0.003722,1005.1,170.2,0.1693,95.906,96.1479,0.2419,4.094,3.8521
1190,0.003498,860.32,157.29,0.1828,96.1518,96.3792,0.2274,3.8482,3.6208
1191,0.004109,965.2,222.44,0.2305,95.4796,95.7467,0.2671,4.5204,4.2533
1192,0.003512,993.2,176.58,0.1778,96.1372,96.3654,0.2283,3.8628,3.6346
1193,0.00361,928.37,169.26,0.1823,96.029,96.2637,0.2346,3.971,3.7363
1194,0.003342,884.19,282.4,0.3194,96.3234,96.5406,0.2173,3.6766,3.4594
1195,0.003506,810.79,296.93,0.3662,96.1437,96.3715,0.2279,3.8563,3.6285
1196,0.004082,939.21,191.04,0.2034,95.5095,95.7748,0.2653,4.4905,4.2252
1197,0.004149,1009.97,217.93,0.2158,95.4361,95.7058,0.2697,4.5639,4.2942
1198,0.002987,820.33,255.0,0.3109,96.7146,96.9087,0.1941,3.2854,3.0913
1199,0.003848,781.63,255.22,0.3265,95.7674,96.0175,0.2501,4.2326,3.9825
1200,0.004005,922.04,290.33,0.3149,95.5945,95.8548,0.2603,4.4055,4.1452
1201,0.003686,748.3,243.63,0.3256,95.9458,96.1854,0.2396,4.0542,3.8146
1202,0.003207,797.4,250.86,0.3146,96.4725,96.681,0.2084,3.5275,3.319
1203,0.004174,901.03,293.75,0.326,95.4087,95.68,0.2713,4.5913,4.32
1204,0.003505,916.07,198.36,0.2165,96.144,96.3719,0.2279,3.856,3.6281
1205,0.002962,799.76,222.06,0.2777,96.7423,96.9348,0.1925,3.2577,3.0652
1206,0.003599,906.83,212.62,0.2345,96.0412,96.2751,0.2339,3.9588,3.7249
1207,0.003847,966.07,192.89,0.1997,95.7683,96.0183,0.2501,4.2317,3.9817
1208,0.003986,954.82,228.41,0.2392,95.6152,95.8743,0.2591,4.3848,4.1257
1209,0.002835,729.41,250.54,0.3435,96.8811,97.0654,0.1843,3.1189,2.9346
1210,0.00308,935.06,174.14,0.1862,96.6122,96.8123,0.2002,3.3878,3.1877
1211,0.003201,765.19,275.91,0.3606,96.4786,96.6867,0.2081,3.5214,3.3133
1212,0.003767,780.35,263.04,0.3371,95.8565,96.1013,0.2448,4.1435,3.8987
1213,0.002845,956.77,165.37,0.1728,96.8702,97.0552,0.1849,3.1298,2.9448
1214,0.004015,931.43,279.73,0.3003,95.5832,95.8442,0.261,4.4168,4.1558
1215,0.003839,870.83,185.64,0.2132,95.7767,96.0262,0.2496,4.2233,3.9738
1216,0.003898,951.6,193.15,0.203,95.7122,95.9655,0.2534,4.2878,4.0345
1217,0.00373,995.0,208.13,0.2092,95.8967,96.1391,0.2425,4.1033,3.8609
1218,0.004139,1011.78,196.9,0.1946,95.4467,95.7157,0.2691,4.5533,4.2843
1219,0.003573,684.41,187.7,0.2743,96.0697,96.302,0.2322,3.9303,3.698
1220,0.003669,945.51,280.52,0.2967,95.9643,96.2028,0.2385,4.0357,3.7972
1221,0.003962,989.91,255.69,0.2583,95.6418,95.8994,0.2575,4.3582,4.1006
1222,0.003707,936.74,231.99,0.2477,95.9226,96.1636,0.2409,4.0774,3.8364
1223,0.003645,943.89,294.64,0.3122,95.9908,96.2277,0.2369,4.0092,3.7723
1224,0.003212,740.32,252.4,0.3409,96.467,96.6757,0.2088,3.533,3.3243
1225,0.003062,739.09,227.08,0.3072,96.6321,96.8311,0.199,3.3679,3.1689
1226,0.003328,825.69,233.49,0.2828,96.3391,96.5554,0.2163,3.6609,3.4446
1227,0.002982,878.56,188.25,0.2143,96.7197,96.9135,0.1938,3.2803,3.0865
1228,0.003263,921.29,173.22,0.188,96.4109,96.623,0.2121,3.5891,3.377
1229,0.003015,789.69,157.63,0.1996,96.6833,96.8793,0.196,3.3167,3.1207
1230,0.004105,889.31,249.28,0.2803,95.4841,95.751,0.2668,4.5159,4.249
1231,0.003487,874.71,203.71,0.2329,96.1646,96.3912,0.2266,3.8354,3.6088
1232,0.003898,788.07,182.99,0.2322,95.7126,95.9659,0.2533,4.2874,4.0341
1233,0.003057,703.18,225.77,0.3211,96.6368,96.8356,0.1987,3.3632,3.1644
1234,0.003382,862.59,163.79,0.1899,96.2795,96.4993,0.2198,3.7205,3.5007
1235,0.00311,752.54,199.78,0.2655,96.5794,96.7815,0.2021,3.4206,3.2185
1236,0.003305,754.27,262.9,0.3485,96.3644,96.5792,0.2148,3.6356,3.4208
1237,0.003543,1018.85,273.55,0.2685,96.103,96.3333,0.2303,3.897,3.6667
1238,0.004174,682.99,250.34,0.3665,95.4091,95.6803,0.2713,4.5909,4.3197
1239,0.003424,987.53,242.06,0.2451,96.2337,96.4562,0.2226,3.7663,3.5438
1240,0.00367,1006.02,252.38,0.2509,95.9635,96.202,0.2385,4.0365,3.798
1241,0.003249,991.42,291.75,0.2943,96.4258,96.637,0.2112,3.5742,3.363
1242,0.00334,863.68,192.42,0.2228,96.3258,96.5429,0.2171,3.6742,3.4571
1243,0.004076,959.52,206.24,0.2149,95.5165,95.7815,0.2649,4.4835,4.2185
1244,0.003924,831.49,156.58,0.1883,95.6837,95.9387,0.2551,4.3163,4.0613
1245,0.004058,745.45,227.08,0.3046,95.5366,95.8004,0.2637,4.4634,4.1996
1246,0.004127,736.91,293.44,0.3982,95.4598,95.728,0.2683,4.5402,4.272
1247,0.003553,682.49,159.82,0.2342,96.0915,96.3225,0.231,3.9085,3.6775
1248,0.003738,943.02,279.74,0.2966,95.8877,96.1307,0.243,4.1123,3.8693
1249,0.003394,715.34,230.66,0.3225,96.2667,96.4873,0.2206,3.7333,3.5127
1250,0.003784,1011.92,266.28,0.2631,95.8378,96.0837,0.2459,4.1622,3.9163
1251,0.003705,999.52,262.03,0.2622,95.9243,96.1651,0.2408,4.0757,3.8349
1252,0.003015,836.14,199.76,0.2389,96.6832,96.8792,0.196,3.3168,3.1208
1253,0.002923,698.45,269.13,0.3853,96.7852,96.9752,0.19,3.2148,3.0248
1254,0.003581,875.49,184.15,0.2103,96.0606,96.2933,0.2328,3.9394,3.7067
1255,0.003162,811.93,244.53,0.3012,96.5217,96.7272,0.2055,3.4783,3.2728
1256,0.003406,685.74,250.99,0.366,96.2531,96.4745,0.2214,3.7469,3.5255
1257,0.003549,898.08,242.75,0.2703,96.0964,96.327,0.2307,3.9036,3.673
1258,0.003858,879.11,255.13,0.2902,95.7558,96.0066,0.2508,4.2442,3.9934
1259,0.002902,995.54,165.92,0.1667,96.8082,96.9968,0.1886,3.1918,3.0032
1260,0.003902,782.46,162.98,0.2083,95.7082,95.9618,0.2536,4.2918,4.0382
1261,0.003871,828.81,209.27,0.2525,95.7415,95.9931,0.2516,4.2585,4.0069
1262,0.003725,841.16,230.02,0.2735,95.9025,96.1446,0.2421,4.0975,3.8554
1263,0.002991,812.94,269.62,0.3317,96.71,96.9044,0.1944,3.29,3.0956
1264,0.003564,1006.45,171.61,0.1705,96.0796,96.3112,0.2317,3.9204,3.6888
1265,0.003748,990.82,269.25,0.2717,95.877,96.1206,0.2436,4.123,3.8794
1266,0.003821,806.86,292.42,0.3624,95.7968,96.0452,0.2484,4.2032,3.9548
1267,0.003575,868.72,168.49,0.1939,96.0676,96.2999,0.2324,3.9324,3.7001
1268,0.002807,882.86,230.57,0.2612,96.9123,97.0947,0.1825,3.0877,2.9053
1269,0.004126,783.59,262.24,0.3347,95.4617,95.7298,0.2682,4.5383,4.2702
1270,0.004065,796.91,211.9,0.2659,95.5285,95.7928,0.2642,4.4715,4.2072
1271,0.003704,854.27,174.14,0.2039,95.9253,96.166,0.2408,4.0747,3.834
1272,0.003109,963.81,179.15,0.1859,96.58,96.7821,0.2021,3.42,3.2179
1273,0.003054,951.88,277.84,0.2919,96.6407,96.8392,0.1985,3.3593,3.1608
1274,0.003992,997.01,299.15,0.3,95.6089,95.8683,0.2595,4.3911,4.1317
1275,0.003446,866.89,193.6,0.2233,96.2097,96.4336,0.224,3.7903,3.5664
1276,0.002894,713.39,258.84,0.3628,96.8163,97.0044,0.1881,3.1837,2.9956
1277,0.003482,792.49,169.23,0.2135,96.1697,96.3961,0.2263,3.8303,3.6039
1278,0.003718,714.02,242.93,0.3402,95.9106,96.1522,0.2416,4.0894,3.8478
1279,0.00406,788.05,217.6,0.2761,95.5338,95.7977,0.2639,4.4662,4.2023
1280,0.003663,783.93,237.63,0.3031,95.9708,96.2089,0.2381,4.0292,3.7911
1281,0.003592,803.93,197.45,0.2456,96.049,96.2825,0.2335,3.951,3.7175
1282,0.0034,681.64,186.93,0.2742,96.2604,96.4814,0.221,3.7396,3.5186
1283,0.00311,931.54,215.42,0.2313,96.5789,96.781,0.2022,3.4211,3.219
1284,0.003976,725.66,259.95,0.3582,95.6262,95.8847,0.2585,4.3738,4.1153
1285,0.004029,837.37,203.81,0.2434,95.5681,95.8299,0.2619,4.4319,4.1701
1286,0.003228,867.57,176.37,0.2033,96.4496,96.6594,0.2098,3.5504,3.3406
1287,0.003649,966.21,278.81,0.2886,95.9858,96.223,0.2372,4.0142,3.777
1288,0.002996,863.13,189.49,0.2195,96.7044,96.8991,0.1947,3.2956,3.1009
1289,0.004041,706.0,161.31,0.2285,95.555,95.8177,0.2627,4.445,4.1823
1290,0.002826,852.44,154.68,0.1815,96.8913,97.075,0.1837,3.1087,2.925
1291,0.003615,817.75,238.51,0.2917,96.0239,96.2588,0.235,3.9761,3.7412
1292,0.004069,867.54,231.52,0.2669,95.5243,95.7888,0.2645,4.4757,4.2112
1293,0.004198,840.52,266.28,0.3168,95.382,95.6548,0.2729,4.618,4.3452
1294,0.003312,755.92,265.82,0.3517,96.3566,96.5719,0.2153,3.6434,3.4281
1295,0.003827,778.94,219.71,0.2821,95.7908,96.0396,0.2487,4.2092,3.9604
1296,0.003515,814.91,225.33,0.2765,96.134,96.3624,0.2284,3.866,3.6376
1297,0.003728,968.31,270.98,0.2798,95.8995,96.1418,0.2423,4.1005,3.8582
1298,0.00366,736.39,227.12,0.3084,95.9744,96.2123,0.2379,4.0256,3.7877
1299,0.003425,740.91,292.31,0.3945,96.2328,96.4554,0.2226,3.7672,3.5446
1300,0.003723,1009.03,260.39,0.2581,95.9045,96.1465,0.242,4.0955,3.8535
1301,0.003477,801.99,182.82,0.228,96.1754,96.4014,0.226,3.8246,3.5986
1302,0.003483,701.37,205.42,0.2929,96.169,96.3954,0.2264,3.831,3.6046
1303,0.00286,750.3,286.16,0.3814,96.8541,97.04,0.1859,3.1459,2.96
1304,0.003306,839.69,218.2,0.2599,96.3637,96.5785,0.2149,3.6363,3.4215
1305,0.002865,1013.4,198.61,0.196,96.8485,97.0347,0.1862,3.1515,2.9653
1306,0.003785,857.27,274.45,0.3201,95.8362,96.0823,0.246,4.1638,3.9177
1307,0.003969,769.53,231.65,0.301,95.6343,95.8923,0.258,4.3657,4.1077
1308,0.003043,902.25,204.79,0.227,96.6523,96.8501,0.1978,3.3477,3.1499
1309,0.003715,964.06,227.5,0.236,95.9139,96.1553,0.2415,4.0861,3.8447
1310,0.003327,988.46,227.46,0.2301,96.3405,96.5567,0.2162,3.6595,3.4433
1311,0.003294,975.02,223.03,0.2287,96.3765,96.5907,0.2141,3.6235,3.4093
1312,0.003475,885.43,225.28,0.2544,96.1776,96.4034,0.2259,3.8224,3.5966
1313,0.002995,736.31,161.56,0.2194,96.706,96.9006,0.1946,3.294,3.0994
1314,0.003701,751.92,178.04,0.2368,95.929,96.1696,0.2406,4.071,3.8304
1315,0.003307,923.88,167.75,0.1816,96.3622,96.5771,0.215,3.6378,3.4229
1316,0.003122,955.8,258.04,0.27,96.5653,96.7682,0.203,3.4347,3.2318
1317,0.003474,842.8,181.61,0.2155,96.1785,96.4043,0.2258,3.8215,3.5957
1318,0.003026,963.34,153.37,0.1592,96.6717,96.8684,0.1967,3.3283,3.1316
1319,0.00286,874.99,174.17,0.1991,96.8536,97.0395,0.1859,3.1464,2.9605
1320,0.003681,693.32,235.84,0.3402,95.9505,96.1898,0.2393,4.0495,3.8102
1321,0.002878,767.81,177.01,0.2305,96.8339,97.021,0.1871,3.1661,2.979
1322,0.004142,883.78,234.54,0.2654,95.4443,95.7135,0.2692,4.5557,4.2865
1323,0.002826,924.65,249.26,0.2696,96.8913,97.075,0.1837,3.1087,2.925
1324,0.003197,709.15,217.38,0.3065,96.4835,96.6913,0.2078,3.5165,3.3087
1325,0.00419,974.88,175.59,0.1801,95.3911,95.6635,0.2723,4.6089,4.3365
1326,0.003963,884.29,269.19,0.3044,95.6412,95.8988,0.2576,4.3588,4.1012
1327,0.003949,741.84,248.95,0.3356,95.6565,95.9132,0.2567,4.3435,4.0868
1328,0.00317,926.22,201.4,0.2174,96.5126,96.7187,0.2061,3.4874,3.2813
1329,0.003435,880.8,184.47,0.2094,96.2217,96.4449,0.2233,3.7783,3.5551
1330,0.00334,716.91,180.35,0.2516,96.3264,96.5435,0.2171,3.6736,3.4565
1331,0.004003,851.48,212.97,0.2501,95.5962,95.8565,0.2602,4.4038,4.1435
1332,0.003009,712.74,221.38,0.3106,96.6897,96.8853,0.1956,3.3103,3.1147
1333,0.003661,693.27,267.58,0.386,95.9733,96.2112,0.2379,4.0267,3.7888
1334,0.003505,719.96,222.34,0.3088,96.1449,96.3727,0.2278,3.8551,3.6273
1335,0.002982,885.18,274.13,0.3097,96.7193,96.9132,0.1939,3.2807,3.0868
1336,0.004056,943.46,247.38,0.2622,95.5387,95.8023,0.2636,4.4613,4.1977
1337,0.003531,805.93,156.52,0.1942,96.1161,96.3456,0.2295,3.8839,3.6544
1338,0.003542,758.03,270.35,0.3566,96.1041,96.3343,0.2302,3.8959,3.6657
1339,0.003905,809.62,238.36,0.2944,95.7041,95.9579,0.2538,4.2959,4.0421
1340,0.003838,938.92,254.51,0.2711,95.7783,96.0277,0.2495,4.2217,3.9723
1341,0.002937,725.52,221.57,0.3054,96.7695,96.9604,0.1909,3.2305,3.0396
1342,0.003126,972.08,192.49,0.198,96.5619,96.7651,0.2032,3.4381,3.2349
1343,0.004027,818.94,178.35,0.2178,95.5698,95.8316,0.2618,4.4302,4.1684
1344,0.003793,948.4,236.7,0.2496,95.8279,96.0744,0.2465,4.1721,3.9256
1345,0.002965,682.45,248.18,0.3637,96.7385,96.9313,0.1927,3.2615,3.0687
1346,0.003763,787.41,204.34,0.2595,95.8608,96.1054,0.2446,4.1392,3.8946
1347,0.003017,901.54,188.04,0.2086,96.6816,96.8777,0.1961,3.3184,3.1223
1348,0.003997,824.01,204.85,0.2486,95.6033,95.8631,0.2598,4.3967,4.1369
1349,0.003186,911.41,263.25,0.2888,96.4956,96.7027,0.2071,3.5044,3.2973
1350,0.003379,946.49,222.37,0.2349,96.2836,96.5032,0.2196,3.7164,3.4968
1351,0.003318,868.67,188.07,0.2165,96.3499,96.5656,0.2157,3.6501,3.4344
1352,0.003229,797.08,255.82,0.321,96.4478,96.6577,0.2099,3.5522,3.3423
1353,0.00383,970.7,248.89,0.2564,95.7869,96.0359,0.249,4.2131,3.9641
1354,0.003847,831.84,254.9,0.3064,95.7684,96.0184,0.2501,4.2316,3.9816
1355,0.003027,752.92,210.08,0.279,96.6708,96.8676,0.1967,3.3292,3.1324
1356,0.003274,867.2,254.56,0.2935,96.3988,96.6116,0.2128,3.6012,3.3884
1357,0.00379,734.65,294.69,0.4011,95.8315,96.0779,0.2463,4.1685,3.9221
1358,0.002807,710.97,171.8,0.2416,96.9119,97.0943,0.1825,3.0881,2.9057
1359,0.004096,828.03,159.61,0.1928,95.4942,95.7604,0.2663,4.5058,4.2396
1360,0.00311,707.21,155.66,0.2201,96.5785,96.7807,0.2022,3.4215,3.2193
1361,0.003338,1014.71,242.09,0.2386,96.3281,96.5451,0.217,3.6719,3.4549
1362,0.003529,921.95,239.62,0.2599,96.1177,96.3471,0.2294,3.8823,3.6529
1363,0.004124,958.88,246.04,0.2566,95.4636,95.7317,0.2681,4.5364,4.2683
1364,0.003415,748.58,248.53,0.332,96.244,96.4659,0.2219,3.756,3.5341
1365,0.003925,777.24,155.04,0.1995,95.682,95.9371,0.2552,4.318,4.0629
1366,0.003639,855.38,184.75,0.216,95.9967,96.2333,0.2366,4.0033,3.7667
1367,0.003037,692.26,185.89,0.2685,96.659,96.8564,0.1974,3.341,3.1436
1368,0.0028,733.53,299.52,0.4083,96.9196,97.1016,0.182,3.0804,2.8984
1369,0.003892,800.06,209.27,0.2616,95.7193,95.9723,0.253,4.2807,4.0277
1370,0.003621,856.03,260.54,0.3044,96.0174,96.2528,0.2353,3.9826,3.7472
1371,0.002896,710.66,192.67,0.2711,96.8143,97.0026,0.1882,3.1857,2.9974
1372,0.003962,991.1,202.21,0.204,95.6422,95.8997,0.2575,4.3578,4.1003
1373,0.004149,774.01,240.95,0.3113,95.4365,95.7062,0.2697,4.5635,4.2938
1374,0.003072,996.1,236.24,0.2372,96.6204,96.8201,0.1997,3.3796,3.1799
1375,0.003166,818.43,165.97,0.2028,96.5179,96.7237,0.2058,3.4821,3.2763
1376,0.002901,780.05,292.05,0.3744,96.8085,96.9971,0.1886,3.1915,3.0029
1377,0.003924,1005.28,281.42,0.2799,95.6835,95.9385,0.2551,4.3165,4.0615
1378,0.003938,875.46,254.13,0.2903,95.6678,95.9237,0.256,4.3322,4.0763
1379,0.004152,871.48,265.5,0.3046,95.4323,95.7022,0.2699,4.5677,4.2978
1380,0.00386,1006.82,218.83,0.2173,95.7535,96.0044,0.2509,4.2465,3.9956
1381,0.003445,879.52,154.1,0.1752,96.2105,96.4344,0.2239,3.7895,3.5656
1382,0.002963,702.97,245.05,0.3486,96.7409,96.9335,0.1926,3.2591,3.0665
1383,0.004192,910.15,184.49,0.2027,95.3889,95.6614,0.2725,4.6111,4.3386
1384,0.003242,1004.85,227.48,0.2264,96.4338,96.6445,0.2107,3.5662,3.3555
1385,0.002814,962.94,187.24,0.1944,96.905,97.0879,0.1829,3.095,2.9121
1386,0.00293,909.06,273.16,0.3005,96.7768,96.9672,0.1905,3.2232,3.0328
1387,0.002906,996.67,221.48,0.2222,96.8029,96.9918,0.1889,3.1971,3.0082
1388,0.003295,984.07,190.36,0.1934,96.3756,96.5897,0.2142,3.6244,3.4103
1389,0.004126,912.26,286.49,0.314,95.4614,95.7296,0.2682,4.5386,4.2704
1390,0.003499,747.89,260.31,0.3481,96.1515,96.3789,0.2274,3.8485,3.6211
1391,0.004022,750.3,180.41,0.2405,95.576,95.8374,0.2614,4.424,4.1626
1392,0.00315,890.32,173.4,0.1948,96.5355,96.7402,0.2047,3.4645,3.2598
1393,0.002949,992.86,251.37,0.2532,96.7557,96.9474,0.1917,3.2443,3.0526
1394,0.003729,888.7,264.64,0.2978,95.8983,96.1407,0.2424,4.1017,3.8593
1395,0.003558,694.37,222.34,0.3202,96.0861,96.3174,0.2313,3.9139,3.6826
1396,0.003669,847.4,297.8,0.3514,95.9642,96.2027,0.2385,4.0358,3.7973
1397,0.004056,975.38,223.62,0.2293,95.5386,95.8022,0.2636,4.4614,4.1978
1398,0.004178,991.44,192.04,0.1937,95.404,95.6756,0.2716,4.596,4.3244
1399,0.003111,876.07,158.12,0.1805,96.578,96.7802,0.2022,3.422,3.2198
1400,0.003919,842.63,231.12,0.2743,95.6891,95.9439,0.2547,4.3109,4.0561
1401,0.003503,813.86,252.95,0.3108,96.1462,96.3739,0.2277,3.8538,3.6261
1402,0.003045,1012.01,254.74,0.2517,96.6508,96.8487,0.1979,3.3492,3.1513
1403,0.003444,914.33,151.77,0.166,96.2115,96.4354,0.2239,3.7885,3.5646
1404,0.003095,877.54,198.82,0.2266,96.5954,96.7966,0.2012,3.4046,3.2034
1405,0.003658,768.3,232.28,0.3023,95.9763,96.2141,0.2378,4.0237,3.7859
1406,0.003132,840.26,241.96,0.288,96.5548,96.7584,0.2036,3.4452,3.2416
1407,0.003312,849.58,181.58,0.2137,96.3565,96.5718,0.2153,3.6435,3.4282
1408,0.003781,806.59,278.15,0.3448,95.8409,96.0867,0.2458,4.1591,3.9133
1409,0.003191,741.16,169.67,0.2289,96.4894,96.6968,0.2074,3.5106,3.3032
1410,0.003606,757.71,164.98,0.2177,96.0331,96.2675,0.2344,3.9669,3.7325
1411,0.003178,760.17,214.83,0.2826,96.5043,96.7108,0.2066,3.4957,3.2892
1412,0.003333,729.59,293.87,0.4028,96.3334,96.5501,0.2167,3.6666,3.4499
1413,0.003009,953.93,176.49,0.185,96.6897,96.8853,0.1956,3.3103,3.1147
1414,0.003499,1018.49,277.41,0.2724,96.1506,96.3781,0.2275,3.8494,3.6219
1415,0.003524,924.99,267.8,0.2895,96.1238,96.3529,0.229,3.8762,3.6471
1416,0.00322,871.13,235.18,0.27,96.4579,96.6673,0.2093,3.5421,3.3327
1417,0.003358,914.78,159.01,0.1738,96.3065,96.5247,0.2183,3.6935,3.4753
1418,0.003939,842.02,244.48,0.2903,95.6667,95.9228,0.2561,4.3333,4.0772
1419,0.00343,793.78,204.14,0.2572,96.2272,96.4502,0.2229,3.7728,3.5498
1420,0.003584,996.83,188.66,0.1893,96.0571,96.2901,0.233,3.9429,3.7099
1421,0.002828,721.22,280.11,0.3884,96.8895,97.0733,0.1838,3.1105,2.9267
1422,0.004148,747.65,236.38,0.3162,95.4368,95.7064,0.2696,4.5632,4.2936
1423,0.003709,739.34,267.05,0.3612,95.9203,96.1614,0.2411,4.0797,3.8386
1424,0.003297,908.89,223.12,0.2455,96.3731,96.5874,0.2143,3.6269,3.4126
1425,0.003831,982.48,207.16,0.2109,95.7857,96.0348,0.249,4.2143,3.9652
1426,0.003201,894.78,171.73,0.1919,96.4788,96.6868,0.2081,3.5212,3.3132
1427,0.003035,954.62,200.61,0.2101,96.6619,96.8592,0.1972,3.3381,3.1408
1428,0.003684,874.36,277.34,0.3172,95.9478,96.1873,0.2394,4.0522,3.8127
1429,0.0029,735.08,184.23,0.2506,96.8101,96.9986,0.1885,3.1899,3.0014
1430,0.003244,779.06,190.12,0.244,96.432,96.6428,0.2108,3.568,3.3572
1431,0.003703,772.22,216.73,0.2807,95.9272,96.1679,0.2407,4.0728,3.8321
1432,0.004008,803.48,238.04,0.2963,95.5913,95.8518,0.2605,4.4087,4.1482
1433,0.004152,820.76,177.58,0.2164,95.4331,95.703,0.2699,4.5669,4.297
1434,0.002832,927.44,249.3,0.2688,96.8844,97.0685,0.1841,3.1156,2.9315
1435,0.004117,918.24,162.01,0.1764,95.4717,95.7393,0.2676,4.5283,4.2607
1436,0.003034,715.02,159.57,0.2232,96.663,96.8601,0.1972,3.337,3.1399
1437,0.00403,866.47,153.95,0.1777,95.5668,95.8288,0.262,4.4332,4.1712
1438,0.003356,940.1,162.49,0.1728,96.3086,96.5267,0.2181,3.6914,3.4733
1439,0.003167,732.79,248.22,0.3387,96.5158,96.7217,0.2059,3.4842,3.2783
1440,0.00404,785.19,187.11,0.2383,95.5564,95.819,0.2626,4.4436,4.181
1441,0.003198,893.0,169.69,0.19,96.4824,96.6902,0.2079,3.5176,3.3098
1442,0.003974,689.71,249.53,0.3618,95.6287,95.887,0.2583,4.3713,4.113
1443,0.004005,790.57,221.42,0.2801,95.595,95.8553,0.2603,4.405,4.1447
1444,0.004165,863.8,190.86,0.221,95.4185,95.6893,0.2707,4.5815,4.3107
1445,0.003423,1009.64,254.64,0.2522,96.2349,96.4574,0.2225,3.7651,3.5426
1446,0.003048,883.18,244.66,0.277,96.6474,96.8455,0.1981,3.3526,3.1545
1447,0.00369,871.75,228.52,0.2621,95.9408,96.1807,0.2399,4.0592,3.8193
1448,0.003695,785.28,202.08,0.2573,95.9351,96.1753,0.2402,4.0649,3.8247
1449,0.003556,953.6,216.28,0.2268,96.0889,96.32,0.2311,3.9111,3.68
1450,0.003312,768.33,195.54,0.2545,96.3567,96.572,0.2153,3.6433,3.428
1451,0.0028,957.23,277.19,0.2896,96.9199,97.1019,0.182,3.0801,2.8981
1452,0.003281,839.53,151.25,0.1802,96.3904,96.6037,0.2133,3.6096,3.3963
1453,0.004091,1001.97,221.56,0.2211,95.5,95.7659,0.2659,4.5,4.2341
1454,0.002813,826.35,193.94,0.2347,96.9059,97.0888,0.1828,3.0941,2.9112
1455,0.003124,682.45,206.05,0.3019,96.5639,96.767,0.203,3.4361,3.233
1456,0.003376,870.59,209.21,0.2403,96.2859,96.5054,0.2195,3.7141,3.4946
1457,0.003029,930.62,208.46,0.224,96.6686,96.8654,0.1969,3.3314,3.1346
1458,0.00333,769.41,213.34,0.2773,96.3373,96.5538,0.2164,3.6627,3.4462
1459,0.003135,939.94,286.49,0.3048,96.5511,96.7549,0.2038,3.4489,3.2451
1460,0.003931,912.78,192.7,0.2111,95.6763,95.9318,0.2555,4.3237,4.0682
1461,0.00384,954.99,211.94,0.2219,95.7759,96.0255,0.2496,4.2241,3.9745
1462,0.003995,742.02,193.44,0.2607,95.6056,95.8653,0.2597,4.3944,4.1347
1463,0.003692,890.03,190.82,0.2144,95.9392,96.1791,0.24,4.0608,3.8209
1464,0.003672,743.85,152.91,0.2056,95.961,96.1996,0.2387,4.039,3.8004
1465,0.002869,861.89,177.89,0.2064,96.8436,97.0301,0.1865,3.1564,2.9699
1466,0.002943,771.53,257.28,0.3335,96.7625,96.9538,0.1913,3.2375,3.0462
1467,0.003818,759.16,172.6,0.2274,95.8003,96.0484,0.2482,4.1997,3.9516
1468,0.003491,796.25,196.74,0.2471,96.1599,96.3868,0.2269,3.8401,3.6132
1469,0.003919,1019.31,219.55,0.2154,95.6888,95.9436,0.2548,4.3112,4.0564
1470,0.003908,792.28,276.53,0.349,95.7012,95.9552,0.254,4.2988,4.0448
1471,0.004132,699.05,266.35,0.381,95.4545,95.7231,0.2686,4.5455,4.2769
1472,0.0029,839.85,178.83,0.2129,96.8101,96.9986,0.1885,3.1899,3.0014
1473,0.003978,957.87,274.24,0.2863,95.624,95.8826,0.2586,4.376,4.1174
1474,0.002971,941.17,187.34,0.1991,96.7322,96.9253,0.1931,3.2678,3.0747
1475,0.00388,830.61,260.64,0.3138,95.7323,95.9845,0.2522,4.2677,4.0155
1476,0.002847,836.68,265.65,0.3175,96.8684,97.0534,0.185,3.1316,2.9466
1477,0.00353,1013.92,220.92,0.2179,96.1174,96.3469,0.2294,3.8826,3.6531
1478,0.003754,786.12,198.46,0.2525,95.8706,96.1146,0.244,4.1294,3.8854
1479,0.003681,694.34,290.61,0.4185,95.9511,96.1903,0.2393,4.0489,3.8097
1480,0.003529,766.13,245.78,0.3208,96.1178,96.3472,0.2294,3.8822,3.6528
1481,0.003078,981.76,279.55,0.2847,96.614,96.814,0.2001,3.386,3.186
1482,0.003105,718.4,244.94,0.3409,96.5846,96.7864,0.2018,3.4154,3.2136
1483,0.003254,736.9,191.42,0.2598,96.4202,96.6318,0.2115,3.5798,3.3682
1484,0.002968,948.31,151.34,0.1596,96.7357,96.9286,0.1929,3.2643,3.0714
1485,0.002859,946.38,221.29,0.2338,96.8553,97.0412,0.1858,3.1447,2.9588
1486,0.003635,806.28,163.42,0.2027,96.0018,96.2381,0.2363,3.9982,3.7619
1487,0.003021,711.08,242.8,0.3414,96.6771,96.8735,0.1964,3.3229,3.1265
1488,0.004103,1018.97,243.77,0.2392,95.4865,95.7532,0.2667,4.5135,4.2468
1489,0.002884,899.16,255.2,0.2838,96.8279,97.0154,0.1874,3.1721,2.9846
1490,0.003908,722.78,184.9,0.2558,95.7011,95.9552,0.254,4.2989,4.0448
1491,0.004174,948.11,263.5,0.2779,95.4082,95.6796,0.2713,4.5918,4.3204
1492,0.003928,829.16,178.94,0.2158,95.6795,95.9348,0.2553,4.3205,4.0652
1493,0.003765,801.78,170.21,0.2123,95.8586,96.1033,0.2447,4.1414,3.8967
1494,0.004058,845.0,215.63,0.2552,95.5361,95.7998,0.2638,4.4639,4.2002
1495,0.003213,916.99,178.47,0.1946,96.4661,96.675,0.2088,3.5339,3.325
1496,0.003061,798.21,259.86,0.3256,96.6326,96.8316,0.199,3.3674,3.1684
1497,0.003185,962.66,287.17,0.2983,96.496,96.7031,0.2071,3.504,3.2969
1498,0.003576,703.42,173.25,0.2463,96.066,96.2985,0.2325,3.934,3.7015
1499,0.003214,769.54,205.07,0.2665,96.4647,96.6736,0.2089,3.5353,3.3264
1500,0.002801,896.93,206.86,0.2306,96.9189,97.101,0.1821,3.0811,2.899
1501,0.00306,686.36,278.52,0.4058,96.6343,96.8332,0.1989,3.3657,3.1668
1502,0.003886,761.19,258.15,0.3391,95.7249,95.9776,0.2526,4.2751,4.0224
1503,0.003722,863.25,208.12,0.2411,95.9062,96.1481,0.2419,4.0938,3.8519
1504,0.003534,849.17,232.72,0.2741,96.1129,96.3426,0.2297,3.8871,3.6574
1505,0.003658,789.68,246.14,0.3117,95.9759,96.2137,0.2378,4.0241,3.7863
1506,0.002955,857.89,160.0,0.1865,96.7499,96.9419,0.1921,3.2501,3.0581
1507,0.003969,724.12,281.02,0.3881,95.6338,95.8918,0.258,4.3662,4.1082
1508,0.003083,845.03,164.81,0.195,96.6088,96.8092,0.2004,3.3912,3.1908
1509,0.003599,964.34,248.69,0.2579,96.0406,96.2746,0.234,3.9594,3.7254
1510,0.003536,918.45,188.39,0.2051,96.1102,96.3401,0.2298,3.8898,3.6599
1511,0.003313,886.02,160.63,0.1813,96.3558,96.5712,0.2153,3.6442,3.4288
1512,0.004102,750.97,223.71,0.2979,95.4875,95.7541,0.2666,4.5125,4.2459
1513,0.004046,707.19,270.15,0.382,95.5498,95.8127,0.263,4.4502,4.1873
1514,0.002885,869.73,290.74,0.3343,96.8265,97.014,0.1875,3.1735,2.986
1515,0.003382,805.48,256.27,0.3182,96.2794,96.4993,0.2199,3.7206,3.5007
1516,0.003953,770.38,156.1,0.2026,95.6516,95.9085,0.257,4.3484,4.0915
1517,0.002899,783.33,291.69,0.3724,96.8116,97.0,0.1884,3.1884,3.0
1518,0.004145,713.02,258.78,0.3629,95.4407,95.7101,0.2694,4.5593,4.2899
1519,0.003544,744.42,228.93,0.3075,96.1012,96.3316,0.2304,3.8988,3.6684
1520,0.003148,892.61,176.83,0.1981,96.5369,96.7415,0.2046,3.4631,3.2585
1521,0.003849,821.16,165.83,0.2019,95.7662,96.0164,0.2502,4.2338,3.9836
1522,0.003694,801.71,218.81,0.2729,95.9365,96.1766,0.2401,4.0635,3.8234
1523,0.003731,980.16,175.02,0.1786,95.8955,96.1381,0.2425,4.1045,3.8619
1524,0.003053,816.53,200.63,0.2457,96.6422,96.8406,0.1984,3.3578,3.1594
1525,0.003021,1019.47,216.45,0.2123,96.6764,96.8728,0.1964,3.3236,3.1272
1526,0.003293,787.15,298.72,0.3795,96.3774,96.5915,0.2141,3.6226,3.4085
1527,0.003255,806.38,264.63,0.3282,96.42,96.6316,0.2115,3.58,3.3684
1528,0.003403,926.8,241.26,0.2603,96.2569,96.4781,0.2212,3.7431,3.5219
1529,0.003588,752.74,264.86,0.3519,96.0528,96.286,0.2332,3.9472,3.714
1530,0.004097,766.39,294.25,0.3839,95.4937,95.76,0.2663,4.5063,4.24
1531,0.003426,815.01,258.95,0.3177,96.2309,96.4536,0.2227,3.7691,3.5464
1532,0.004176,882.56,227.64,0.2579,95.4062,95.6777,0.2714,4.5938,4.3223
1533,0.004191,782.63,195.05,0.2492,95.3901,95.6625,0.2724,4.6099,4.3375
1534,0.003111,970.94,153.26,0.1578,96.5783,96.7805,0.2022,3.4217,3.2195
1535,0.003951,914.5,191.39,0.2093,95.6542,95.911,0.2568,4.3458,4.089
1536,0.003575,869.15,288.89,0.3324,96.0674,96.2997,0.2324,3.9326,3.7003
1537,0.003017,692.83,203.35,0.2935,96.6817,96.8778,0.1961,3.3183,3.1222
1538,0.002994,804.81,237.32,0.2949,96.7069,96.9014,0.1946,3.2931,3.0986
1539,0.003126,955.77,163.79,0.1714,96.5612,96.7644,0.2032,3.4388,3.2356
1540,0.00336,992.08,260.14,0.2622,96.3043,96.5227,0.2184,3.6957,3.4773
1541,0.003813,949.59,175.94,0.1853,95.8057,96.0535,0.2478,4.1943,3.9465
1542,0.003956,914.46,236.43,0.2586,95.6484,95.9056,0.2571,4.3516,4.0944
1543,0.004071,882.38,195.06,0.2211,95.5222,95.7868,0.2646,4.4778,4.2132
1544,0.003823,875.94,161.77,0.1847,95.7946,96.0431,0.2485,4.2054,3.9569
1545,0.002878,942.11,202.19,0.2146,96.8339,97.021,0.1871,3.1661,2.979
1546,0.003944,821.62,280.17,0.341,95.6616,95.918,0.2564,4.3384,4.082
1547,0.004018,757.08,247.92,0.3275,95.5805,95.8417,0.2612,4.4195,4.1583
1548,0.003643,683.89,266.61,0.3898,95.9925,96.2293,0.2368,4.0075,3.7707
1549,0.003335,783.63,156.18,0.1993,96.331,96.5478,0.2168,3.669,3.4522
1550,0.003556,730.86,225.36,0.3084,96.0885,96.3196,0.2311,3.9115,3.6804
1551,0.003109,697.18,259.74,0.3726,96.58,96.7821,0.2021,3.42,3.2179
1552,0.00335,831.51,239.27,0.2878,96.315,96.5327,0.2178,3.685,3.4673
1553,0.003507,755.51,193.47,0.2561,96.1427,96.3706,0.2279,3.8573,3.6294
1554,0.003352,724.94,162.38,0.224,96.3127,96.5306,0.2179,3.6873,3.4694
1555,0.0036,696.77,209.88,0.3012,96.04,96.274,0.234,3.96,3.726
1556,0.002919,850.62,266.07,0.3128,96.789,96.9787,0.1897,3.211,3.0213
1557,0.002983,725.86,233.89,0.3222,96.7192,96.9131,0.1939,3.2808,3.0869
1558,0.003483,901.76,179.41,0.199,96.1687,96.3951,0.2264,3.8313,3.6049
1559,0.003662,930.13,186.94,0.201,95.9714,96.2094,0.2381,4.0286,3.7906
1560,0.0029,944.1,198.51,0.2103,96.8097,96.9982,0.1885,3.1903,3.0018
1561,0.004094,710.46,250.76,0.353,95.4968,95.7629,0.2661,4.5032,4.2371
1562,0.003393,798.42,198.11,0.2481,96.2677,96.4883,0.2205,3.7323,3.5117
1563,0.003631,688.23,195.72,0.2844,96.0054,96.2415,0.236,3.9946,3.7585
1564,0.004183,889.52,298.52,0.3356,95.399,95.6709,0.2719,4.601,4.3291
1565,0.003419,729.58,156.73,0.2148,96.239,96.4612,0.2222,3.761,3.5388
1566,0.003945,747.89,206.07,0.2755,95.66,95.9165,0.2565,4.34,4.0835
1567,0.003861,969.94,166.86,0.172,95.7531,96.004,0.251,4.2469,3.996
1568,0.002876,1002.64,289.01,0.2882,96.836,97.023,0.187,3.164,2.977
1569,0.004016,958.85,152.06,0.1586,95.5821,95.8432,0.2611,4.4179,4.1568
1570,0.003771,717.83,217.51,0.303,95.8516,96.0967,0.2451,4.1484,3.9033
1571,0.002832,751.06,230.7,0.3072,96.885,97.069,0.1841,3.115,2.931
1572,0.003085,857.91,188.8,0.2201,96.6061,96.8067,0.2005,3.3939,3.1933
1573,0.003476,928.17,171.2,0.1845,96.1761,96.4021,0.226,3.8239,3.5979
1574,0.003778,686.25,237.45,0.346,95.8439,96.0895,0.2456,4.1561,3.9105
1575,0.003729,694.78,175.55,0.2527,95.8982,96.1405,0.2424,4.1018,3.8595
1576,0.003198,948.32,242.69,0.2559,96.4826,96.6905,0.2078,3.5174,3.3095
1577,0.002874,902.62,151.25,0.1676,96.8382,97.0251,0.1868,3.1618,2.9749
1578,0.003344,772.25,277.81,0.3597,96.3215,96.5389,0.2174,3.6785,3.4611
1579,0.003724,973.86,152.86,0.157,95.9034,96.1455,0.2421,4.0966,3.8545
1580,0.004014,900.8,184.68,0.205,95.5842,95.8451,0.2609,4.4158,4.1549
1581,0.003333,1012.05,164.94,0.163,96.3337,96.5504,0.2166,3.6663,3.4496
1582,0.003242,974.7,229.73,0.2357,96.4342,96.6449,0.2107,3.5658,3.3551
1583,0.003061,850.22,218.7,0.2572,96.6329,96.8319,0.199,3.3671,3.1681
1584,0.004097,687.31,187.11,0.2722,95.4934,95.7597,0.2663,4.5066,4.2403
1585,0.003541,793.41,209.01,0.2634,96.1047,96.3349,0.2302,3.8953,3.6651
1586,0.00302,797.91,202.79,0.2541,96.6782,96.8745,0.1963,3.3218,3.1255
1587,0.003675,760.31,296.74,0.3903,95.9571,96.196,0.2389,4.0429,3.804
1588,0.003502,956.04,243.87,0.2551,96.1481,96.3757,0.2276,3.8519,3.6243
1589,0.00403,982.74,272.23,0.277,95.5668,95.8288,0.262,4.4332,4.1712
1590,0.002841,868.68,192.03,0.2211,96.8746,97.0593,0.1847,3.1254,2.9407
1591,0.003012,985.04,248.54,0.2523,96.6864,96.8822,0.1958,3.3136,3.1178
1592,0.002923,809.95,294.09,0.3631,96.7848,96.9748,0.19,3.2152,3.0252
1593,0.003657,892.68,184.11,0.2062,95.9768,96.2146,0.2377,4.0232,3.7854
1594,0.003137,731.93,295.58,0.4038,96.5498,96.7537,0.2039,3.4502,3.2463
1595,0.004074,791.96,231.34,0.2921,95.519,95.7838,0.2648,4.481,4.2162
1596,0.003089,727.12,231.2,0.318,96.6016,96.8024,0.2008,3.3984,3.1976
1597,0.00392,973.28,196.35,0.2017,95.6878,95.9426,0.2548,4.3122,4.0574
1598,0.003787,858.09,170.29,0.1984,95.8341,96.0803,0.2462,4.1659,3.9197
1599,0.004194,1011.76,171.77,0.1698,95.3866,95.6593,0.2726,4.6134,4.3407
1600,0.004106,991.82,197.62,0.1993,95.4831,95.75,0.2669,4.5169,4.25
1601,0.00358,1002.52,167.76,0.1673,96.0617,96.2944,0.2327,3.9383,3.7056
1602,0.003245,979.08,259.06,0.2646,96.4309,96.6418,0.2109,3.5691,3.3582
1603,0.003872,979.24,212.11,0.2166,95.7412,95.9929,0.2517,4.2588,4.0071
1604,0.003376,830.62,290.07,0.3492,96.2867,96.5061,0.2194,3.7133,3.4939
1605,0.004052,997.31,191.07,0.1916,95.543,95.8064,0.2634,4.457,4.1936
1606,0.003891,716.3,177.71,0.2481,95.7202,95.9731,0.2529,4.2798,4.0269
1607,0.003867,888.07,190.03,0.214,95.7458,95.9972,0.2514,4.2542,4.0028
1608,0.003594,758.51,184.83,0.2437,96.0468,96.2804,0.2336,3.9532,3.7196
1609,0.003762,802.15,253.22,0.3157,95.8614,96.106,0.2446,4.1386,3.894
1610,0.003467,850.79,240.71,0.2829,96.186,96.4114,0.2254,3.814,3.5886
1611,0.003797,807.15,277.82,0.3442,95.8235,96.0703,0.2468,4.1765,3.9297
1612,0.003488,726.75,178.99,0.2463,96.1632,96.3899,0.2267,3.8368,3.6101
1613,0.002845,939.94,152.25,0.162,96.8704,97.0553,0.1849,3.1296,2.9447
1614,0.003178,820.43,261.35,0.3186,96.5044,96.711,0.2066,3.4956,3.289
1615,0.004184,937.64,159.92,0.1706,95.3981,95.67,0.2719,4.6019,4.33
1616,0.004098,1015.11,280.07,0.2759,95.4923,95.7586,0.2664,4.5077,4.2414
1617,0.003486,790.46,218.63,0.2766,96.1655,96.3921,0.2266,3.8345,3.6079
1618,0.003145,817.65,156.27,0.1911,96.54,96.7444,0.2045,3.46,3.2556
1619,0.003829,809.33,196.93,0.2433,95.7876,96.0365,0.2489,4.2124,3.9635
1620,0.003656,932.44,239.07,0.2564,95.9783,96.2159,0.2376,4.0217,3.7841
1621,0.003535,977.77,268.04,0.2741,96.1111,96.3409,0.2298,3.8889,3.6591
1622,0.003529,833.55,274.05,0.3288,96.1182,96.3476,0.2294,3.8818,3.6524
1623,0.002859,1018.58,227.81,0.2236,96.8547,97.0405,0.1859,3.1453,2.9595
1624,0.003354,929.96,233.66,0.2513,96.3108,96.5288,0.218,3.6892,3.4712
1625,0.003523,894.42,157.39,0.176,96.1252,96.3541,0.229,3.8748,3.6459
1626,0.003208,815.33,195.68,0.24,96.4716,96.6801,0.2085,3.5284,3.3199
1627,0.003959,836.86,213.37,0.255,95.6455,95.9028,0.2573,4.3545,4.0972
1628,0.003658,698.55,227.55,0.3257,95.9758,96.2136,0.2378,4.0242,3.7864
1629,0.002999,962.16,217.75,0.2263,96.701,96.8959,0.1949,3.299,3.1041
1630,0.003812,718.48,266.81,0.3714,95.8071,96.0549,0.2478,4.1929,3.9451
1631,0.004113,916.68,170.3,0.1858,95.4757,95.7431,0.2673,4.5243,4.2569
1632,0.003379,833.3,176.83,0.2122,96.2831,96.5028,0.2196,3.7169,3.4972
1633,0.003626,922.3,180.29,0.1955,96.0109,96.2466,0.2357,3.9891,3.7534
1634,0.003437,765.03,253.76,0.3317,96.2198,96.4432,0.2234,3.7802,3.5568
1635,0.00407,950.81,257.76,0.2711,95.523,95.7875,0.2646,4.477,4.2125
1636,0.002973,718.82,217.41,0.3025,96.7297,96.923,0.1932,3.2703,3.077
1637,0.003308,858.1,207.61,0.2419,96.3611,96.5761,0.215,3.6389,3.4239
1638,0.003907,853.97,292.46,0.3425,95.7018,95.9557,0.254,4.2982,4.0443
1639,0.00333,809.41,265.24,0.3277,96.3368,96.5533,0.2165,3.6632,3.4467
1640,0.004077,872.27,248.93,0.2854,95.5151,95.7801,0.265,4.4849,4.2199
1641,0.00301,975.4,176.83,0.1813,96.6889,96.8845,0.1957,3.3111,3.1155
1642,0.003797,822.66,196.43,0.2388,95.8234,96.0702,0.2468,4.1766,3.9298
1643,0.003876,831.73,243.97,0.2933,95.7363,95.9883,0.2519,4.2637,4.0117
1644,0.002965,724.73,180.43,0.249,96.739,96.9317,0.1927,3.261,3.0683
1645,0.003672,766.06,218.8,0.2856,95.9613,96.1999,0.2387,4.0387,3.8001
1646,0.003998,864.79,150.86,0.1744,95.6027,95.8625,0.2598,4.3973,4.1375
1647,0.004036,760.88,238.33,0.3132,95.5606,95.823,0.2623,4.4394,4.177
1648,0.003466,819.45,161.91,0.1976,96.1874,96.4127,0.2253,3.8126,3.5873
1649,0.00364,763.2,232.1,0.3041,95.9958,96.2325,0.2366,4.0042,3.7675
1650,0.003668,869.57,273.79,0.3149,95.9656,96.204,0.2384,4.0344,3.796
1651,0.002868,730.41,247.99,0.3395,96.8447,97.0311,0.1865,3.1553,2.9689
1652,0.002851,970.3,250.05,0.2577,96.8634,97.0488,0.1853,3.1366,2.9512
1653,0.003973,781.47,288.06,0.3686,95.6295,95.8877,0.2583,4.3705,4.1123
1654,0.002869,821.77,176.74,0.2151,96.8445,97.031,0.1865,3.1555,2.969
1655,0.003741,887.77,253.73,0.2858,95.885,96.1281,0.2432,4.115,3.8719
1656,0.003633,947.68,176.61,0.1864,96.0037,96.2399,0.2361,3.9963,3.7601
1657,0.003437,876.85,289.72,0.3304,96.2188,96.4422,0.2234,3.7812,3.5578
1658,0.00293,781.76,205.29,0.2626,96.7766,96.9671,0.1905,3.2234,3.0329
1659,0.003331,703.01,214.1,0.3045,96.3364,96.5529,0.2165,3.6636,3.4471
1660,0.003571,779.56,170.18,0.2183,96.0723,96.3044,0.2321,3.9277,3.6956
1661,0.003772,773.3,229.06,0.2962,95.8503,96.0955,0.2452,4.1497,3.9045
1662,0.003535,916.58,241.81,0.2638,96.112,96.3418,0.2297,3.888,3.6582
1663,0.002953,928.11,244.35,0.2633,96.7517,96.9436,0.1919,3.2483,3.0564
1664,0.004182,844.45,253.3,0.3,95.3997,95.6716,0.2718,4.6003,4.3284
1665,0.004107,1015.33,193.08,0.1902,95.4818,95.7488,0.267,4.5182,4.2512
1666,0.003652,787.61,228.81,0.2905,95.9824,96.2198,0.2374,4.0176,3.7802
1667,0.004193,800.31,169.46,0.2117,95.3877,95.6602,0.2725,4.6123,4.3398
1668,0.003588,856.7,244.78,0.2857,96.0535,96.2867,0.2332,3.9465,3.7133
1669,0.00349,741.17,241.41,0.3257,96.1615,96.3884,0.2268,3.8385,3.6116
1670,0.003792,1012.95,150.24,0.1483,95.8288,96.0753,0.2465,4.1712,3.9247
1671,0.002834,892.66,167.69,0.1879,96.8831,97.0672,0.1842,3.1169,2.9328
1672,0.003987,951.85,299.85,0.315,95.614,95.8731,0.2592,4.386,4.1269
1673,0.00338,793.49,234.06,0.295,96.2824,96.5021,0.2197,3.7176,3.4979
1674,0.003693,683.84,180.18,0.2635,95.9382,96.1783,0.24,4.0618,3.8217
1675,0.003194,948.67,196.17,0.2068,96.4863,96.6939,0.2076,3.5137,3.3061
1676,0.003509,790.13,150.92,0.191,96.1397,96.3678,0.2281,3.8603,3.6322
1677,0.00376,796.06,258.66,0.3249,95.8638,96.1082,0.2444,4.1362,3.8918
1678,0.003662,689.9,176.34,0.2556,95.9714,96.2094,0.2381,4.0286,3.7906
1679,0.003263,794.9,250.87,0.3156,96.411,96.6231,0.2121,3.589,3.3769
1680,0.004083,951.07,246.85,0.2595,95.5091,95.7745,0.2654,4.4909,4.2255
1681,0.003474,893.25,283.81,0.3177,96.1785,96.4043,0.2258,3.8215,3.5957
1682,0.003552,793.94,267.6,0.3371,96.0931,96.3239,0.2309,3.9069,3.6761
1683,0.00338,932.48,275.27,0.2952,96.2825,96.5022,0.2197,3.7175,3.4978
1684,0.003219,926.49,197.33,0.213,96.459,96.6683,0.2092,3.541,3.3317
1685,0.00355,750.81,252.82,0.3367,96.0947,96.3255,0.2308,3.9053,3.6745
1686,0.003919,981.93,203.04,0.2068,95.6887,95.9435,0.2548,4.3113,4.0565
1687,0.004157,775.36,154.68,0.1995,95.4268,95.697,0.2702,4.5732,4.303
1688,0.004177,893.01,276.36,0.3095,95.4052,95.6767,0.2715,4.5948,4.3233
1689,0.003599,812.45,239.28,0.2945,96.0407,96.2746,0.234,3.9593,3.7254
1690,0.00401,935.52,255.79,0.2734,95.5885,95.8492,0.2607,4.4115,4.1508
1691,0.00324,690.75,212.08,0.307,96.4357,96.6463,0.2106,3.5643,3.3537
1692,0.003496,760.8,217.79,0.2863,96.1545,96.3818,0.2272,3.8455,3.6182
1693,0.004131,753.49,195.35,0.2593,95.4559,95.7244,0.2685,4.5441,4.2756
1694,0.002957,946.88,266.67,0.2816,96.7472,96.9394,0.1922,3.2528,3.0606
1695,0.004079,830.88,153.74,0.185,95.5134,95.7786,0.2651,4.4866,4.2214
1696,0.003476,850.02,178.53,0.21,96.1767,96.4026,0.2259,3.8233,3.5974
1697,0.004093,929.03,228.54,0.246,95.4976,95.7637,0.2661,4.5024,4.2363
1698,0.003886,728.72,280.77,0.3853,95.7257,95.9783,0.2526,4.2743,4.0217
1699,0.003951,998.93,251.51,0.2518,95.6539,95.9107,0.2568,4.3461,4.0893
1700,0.002986,926.35,218.91,0.2363,96.7156,96.9097,0.1941,3.2844,3.0903
1701,0.003799,857.6,150.62,0.1756,95.8209,96.0679,0.2469,4.1791,3.9321
1702,0.004105,913.6,239.14,0.2618,95.4842,95.751,0.2668,4.5158,4.249
1703,0.002922,838.74,156.92,0.1871,96.7859,96.9758,0.1899,3.2141,3.0242
1704,0.003529,904.05,196.87,0.2178,96.1183,96.3477,0.2294,3.8817,3.6523
1705,0.003609,786.13,283.82,0.361,96.0306,96.2651,0.2346,3.9694,3.7349
1706,0.003249,745.47,191.5,0.2569,96.4258,96.637,0.2112,3.5742,3.363
1707,0.003247,829.98,167.65,0.202,96.4285,96.6396,0.211,3.5715,3.3604
1708,0.003009,773.04,152.29,0.197,96.69,96.8856,0.1956,3.31,3.1144
1709,0.003672,854.78,180.99,0.2117,95.9607,96.1994,0.2387,4.0393,3.8006
1710,0.00329,788.28,171.23,0.2172,96.3805,96.5944,0.2139,3.6195,3.4056
1711,0.003786,776.31,186.72,0.2405,95.8353,96.0814,0.2461,4.1647,3.9186
1712,0.0029,888.51,200.81,0.226,96.8103,96.9988,0.1885,3.1897,3.0012
1713,0.003421,724.23,220.61,0.3046,96.2368,96.4592,0.2224,3.7632,3.5408
1714,0.003746,716.02,158.07,0.2208,95.8797,96.1232,0.2435,4.1203,3.8768
1715,0.003397,740.85,239.42,0.3232,96.2632,96.4841,0.2208,3.7368,3.5159
1716,0.00363,964.3,254.9,0.2643,96.0072,96.2431,0.2359,3.9928,3.7569
1717,0.003663,786.23,272.62,0.3467,95.9709,96.209,0.2381,4.0291,3.791
1718,0.003798,908.1,230.02,0.2533,95.8221,96.069,0.2469,4.1779,3.931
1719,0.004163,936.95,219.85,0.2346,95.4205,95.6911,0.2706,4.5795,4.3089
1720,0.002985,956.37,287.95,0.3011,96.717,96.911,0.194,3.283,3.089
1721,0.003456,834.9,252.67,0.3026,96.1989,96.4235,0.2246,3.8011,3.5765
1722,0.003794,838.23,184.75,0.2204,95.8263,96.0729,0.2466,4.1737,3.9271
1723,0.003113,972.77,242.54,0.2493,96.5754,96.7777,0.2024,3.4246,3.2223
1724,0.004078,813.31,254.94,0.3135,95.5142,95.7793,0.2651,4.4858,4.2207
1725,0.003731,948.18,282.36,0.2978,95.8956,96.1382,0.2425,4.1044,3.8618
1726,0.003435,690.29,221.3,0.3206,96.2219,96.4452,0.2232,3.7781,3.5548
1727,0.003292,836.82,175.62,0.2099,96.3788,96.5928,0.214,3.6212,3.4072
1728,0.003875,885.51,169.11,0.191,95.7374,95.9893,0.2519,4.2626,4.0107
1729,0.002944,957.97,269.51,0.2813,96.7615,96.9529,0.1914,3.2385,3.0471
1730,0.003256,900.81,268.86,0.2985,96.4182,96.6298,0.2117,3.5818,3.3702
1731,0.003546,816.28,212.02,0.2597,96.0996,96.3301,0.2305,3.9004,3.6699
1732,0.003669,866.3,296.08,0.3418,95.9639,96.2024,0.2385,4.0361,3.7976
1733,0.003337,795.84,272.09,0.3419,96.3289,96.5458,0.2169,3.6711,3.4542
1734,0.003627,946.67,215.3,0.2274,96.0099,96.2457,0.2358,3.9901,3.7543
1735,0.003902,865.14,185.42,0.2143,95.7075,95.9612,0.2536,4.2925,4.0388
1736,0.003728,706.48,289.63,0.41,95.8996,96.1419,0.2423,4.1004,3.8581
1737,0.003604,845.45,238.82,0.2825,96.0358,96.27,0.2343,3.9642,3.73
1738,0.003448,868.73,273.3,0.3146,96.2071,96.4312,0.2241,3.7929,3.5688
1739,0.003047,1005.0,160.44,0.1596,96.6487,96.8467,0.198,3.3513,3.1533
1740,0.002952,956.78,265.7,0.2777,96.7525,96.9444,0.1919,3.2475,3.0556
1741,0.00333,848.06,249.02,0.2936,96.3365,96.553,0.2165,3.6635,3.447
1742,0.002927,957.79,283.09,0.2956,96.7806,96.9708,0.1902,3.2194,3.0292
1743,0.004065,896.29,150.03,0.1674,95.529,95.7932,0.2642,4.471,4.2068
1744,0.003005,730.73,229.69,0.3143,96.694,96.8894,0.1954,3.306,3.1106
1745,0.003346,876.5,179.35,0.2046,96.3194,96.5369,0.2175,3.6806,3.4631
1746,0.003754,787.64,235.54,0.299,95.8705,96.1145,0.244,4.1295,3.8855
1747,0.004078,783.55,291.5,0.372,95.5137,95.7788,0.2651,4.4863,4.2212
1748,0.003409,1014.08,201.64,0.1988,96.2505,96.4721,0.2216,3.7495,3.5279
1749,0.002925,682.76,297.96,0.4364,96.7825,96.9726,0.1901,3.2175,3.0274
1750,0.003366,723.37,194.13,0.2684,96.2975,96.5163,0.2188,3.7025,3.4837
1751,0.003317,866.62,157.97,0.1823,96.3514,96.567,0.2156,3.6486,3.433
1752,0.003785,959.06,203.89,0.2126,95.8368,96.0828,0.246,4.1632,3.9172
1753,0.004006,974.33,185.29,0.1902,95.5937,95.8541,0.2604,4.4063,4.1459
1754,0.003783,814.05,197.72,0.2429,95.8386,96.0845,0.2459,4.1614,3.9155
1755,0.003336,809.73,231.77,0.2862,96.3305,96.5473,0.2168,3.6695,3.4527
1756,0.003727,841.46,178.23,0.2118,95.8998,96.1421,0.2423,4.1002,3.8579
1757,0.003338,994.32,275.99,0.2776,96.3277,96.5447,0.217,3.6723,3.4553
1758,0.003016,1019.14,250.51,0.2458,96.6824,96.8785,0.196,3.3176,3.1215
1759,0.002988,704.39,152.36,0.2163,96.7132,96.9074,0.1942,3.2868,3.0926
1760,0.00381,845.48,215.51,0.2549,95.8091,96.0568,0.2476,4.1909,3.9432
1761,0.004186,708.79,246.34,0.3475,95.3951,95.6672,0.2721,4.6049,4.3328
1762,0.003382,835.05,268.34,0.3213,96.2796,96.4994,0.2198,3.7204,3.5006
1763,0.003646,824.74,176.97,0.2146,95.9892,96.2262,0.237,4.0108,3.7738
1764,0.003513,867.7,217.51,0.2507,96.1355,96.3639,0.2284,3.8645,3.6361
1765,0.003297,743.17,240.69,0.3239,96.3728,96.5872,0.2143,3.6272,3.4128
1766,0.003609,967.91,185.51,0.1917,96.03,96.2646,0.2346,3.97,3.7354
1767,0.003502,819.68,231.92,0.2829,96.1473,96.375,0.2277,3.8527,3.625
1768,0.003314,1012.6,235.22,0.2323,96.3549,96.5703,0.2154,3.6451,3.4297
1769,0.003787,718.48,222.23,0.3093,95.8345,96.0806,0.2461,4.1655,3.9194
1770,0.003767,728.31,259.69,0.3566,95.8566,96.1015,0.2448,4.1434,3.8985
1771,0.004177,1014.45,266.83,0.263,95.4053,95.6768,0.2715,4.5947,4.3232
1772,0.003451,706.6,283.49,0.4012,96.204,96.4283,0.2243,3.796,3.5717
1773,0.002924,840.63,261.25,0.3108,96.7838,96.9738,0.19,3.2162,3.0262
1774,0.004145,706.55,245.05,0.3468,95.441,95.7104,0.2694,4.559,4.2896
1775,0.003917,786.25,157.92,0.2008,95.6909,95.9456,0.2546,4.3091,4.0544
1776,0.003281,944.7,220.33,0.2332,96.3909,96.6042,0.2133,3.6091,3.3958
1777,0.003518,839.54,260.07,0.3098,96.1305,96.3592,0.2287,3.8695,3.6408
1778,0.003389,1006.6,269.73,0.268,96.2716,96.4919,0.2203,3.7284,3.5081
1779,0.003205,692.01,288.43,0.4168,96.4746,96.6829,0.2083,3.5254,3.3171
1780,0.003849,927.17,234.56,0.253,95.7659,96.0161,0.2502,4.2341,3.9839
1781,0.002886,840.87,175.36,0.2085,96.8254,97.013,0.1876,3.1746,2.987
1782,0.002872,1016.72,271.33,0.2669,96.8405,97.0272,0.1867,3.1595,2.9728
1783,0.003674,777.52,162.38,0.2088,95.9586,96.1974,0.2388,4.0414,3.8026
1784,0.003508,969.49,191.68,0.1977,96.1414,96.3694,0.228,3.8586,3.6306
1785,0.002986,775.53,278.68,0.3593,96.7159,96.91,0.1941,3.2841,3.09
1786,0.00282,717.93,176.19,0.2454,96.8981,97.0814,0.1833,3.1019,2.9186
1787,0.003628,731.39,217.0,0.2967,96.0087,96.2445,0.2359,3.9913,3.7555
1788,0.003931,768.83,255.12,0.3318,95.6759,95.9314,0.2555,4.3241,4.0686
1789,0.003479,951.79,279.3,0.2935,96.1732,96.3994,0.2261,3.8268,3.6006
1790,0.00328,708.7,171.76,0.2424,96.392,96.6052,0.2132,3.608,3.3948
1791,0.004108,732.41,224.39,0.3064,95.4817,95.7487,0.267,4.5183,4.2513
1792,0.004191,941.93,185.69,0.1971,95.3899,95.6623,0.2724,4.6101,4.3377
1793,0.003416,896.78,181.63,0.2025,96.2421,96.4642,0.2221,3.7579,3.5358
1794,0.003828,797.33,246.34,0.309,95.7891,96.0379,0.2488,4.2109,3.9621
1795,0.003858,719.44,175.14,0.2434,95.7566,96.0073,0.2507,4.2434,3.9927
1796,0.003358,782.46,261.92,0.3347,96.3059,96.5242,0.2183,3.6941,3.4758
1797,0.003853,861.06,206.97,0.2404,95.7613,96.0117,0.2505,4.2387,3.9883
1798,0.003788,841.36,171.77,0.2042,95.8334,96.0796,0.2462,4.1666,3.9204
1799,0.004018,684.03,289.08,0.4226,95.5798,95.841,0.2612,4.4202,4.159
1800,0.003428,910.69,294.26,0.3231,96.2288,96.4517,0.2228,3.7712,3.5483
1801,0.003756,693.95,287.66,0.4145,95.8684,96.1125,0.2441,4.1316,3.8875
1802,0.003692,1005.1,214.77,0.2137,95.9384,96.1784,0.24,4.0616,3.8216
1803,0.004085,971.84,200.25,0.206,95.5062,95.7718,0.2655,4.4938,4.2282
1804,0.003174,713.41,248.15,0.3478,96.5087,96.715,0.2063,3.4913,3.285
1805,0.003348,942.87,262.36,0.2783,96.3176,96.5352,0.2176,3.6824,3.4648
1806,0.003828,880.17,179.24,0.2036,95.7892,96.038,0.2488,4.2108,3.962
1807,0.003272,914.69,176.99,0.1935,96.4004,96.6131,0.2127,3.5996,3.3869
1808,0.003567,908.75,274.75,0.3023,96.0767,96.3085,0.2318,3.9233,3.6915
1809,0.002817,713.22,165.59,0.2322,96.9016,97.0847,0.1831,3.0984,2.9153
1810,0.003424,754.6,192.49,0.2551,96.2332,96.4558,0.2226,3.7668,3.5442
1811,0.00307,688.06,163.79,0.238,96.6227,96.8222,0.1996,3.3773,3.1778
1812,0.004114,903.25,275.32,0.3048,95.4747,95.7421,0.2674,4.5253,4.2579
1813,0.004131,896.95,256.21,0.2856,95.4562,95.7247,0.2685,4.5438,4.2753
1814,0.002968,971.19,169.49,0.1745,96.7352,96.9282,0.1929,3.2648,3.0718
1815,0.003719,985.97,234.91,0.2383,95.9092,96.1509,0.2417,4.0908,3.8491
1816,0.004154,984.64,254.35,0.2583,95.4306,95.7006,0.27,4.5694,4.2994
1817,0.003155,838.76,290.43,0.3463,96.5299,96.7349,0.2051,3.4701,3.2651
1818,0.003694,993.72,191.46,0.1927,95.9363,96.1764,0.2401,4.0637,3.8236
1819,0.003398,987.15,265.48,0.2689,96.2624,96.4833,0.2209,3.7376,3.5167
1820,0.003253,735.07,161.1,0.2192,96.422,96.6334,0.2114,3.578,3.3666
1821,0.003888,810.15,199.9,0.2467,95.7233,95.976,0.2527,4.2767,4.024
1822,0.002884,1004.91,189.7,0.1888,96.8275,97.015,0.1875,3.1725,2.985
1823,0.003417,847.19,289.29,0.3415,96.2415,96.4636,0.2221,3.7585,3.5364
1824,0.003654,740.67,223.81,0.3022,95.9801,96.2177,0.2375,4.0199,3.7823
1825,0.003001,941.36,182.76,0.1941,96.6984,96.8935,0.1951,3.3016,3.1065
1826,0.003701,990.29,257.31,0.2598,95.9293,96.1698,0.2405,4.0707,3.8302
1827,0.002945,704.79,235.7,0.3344,96.7609,96.9523,0.1914,3.2391,3.0477
1828,0.003151,831.6,284.48,0.3421,96.5341,96.7389,0.2048,3.4659,3.2611
1829,0.003008,897.71,289.93,0.323,96.6908,96.8863,0.1955,3.3092,3.1137
1830,0.00373,770.59,255.01,0.3309,95.8965,96.139,0.2425,4.1035,3.861
1831,0.004066,875.38,227.31,0.2597,95.5269,95.7912,0.2643,4.4731,4.2088
1832,0.004116,846.83,215.41,0.2544,95.4725,95.7401,0.2675,4.5275,4.2599
1833,0.003982,945.52,267.81,0.2832,95.6202,95.879,0.2588,4.3798,4.121
1834,0.003556,681.12,293.12,0.4304,96.0882,96.3194,0.2312,3.9118,3.6806
1835,0.003945,843.9,235.09,0.2786,95.6603,95.9168,0.2564,4.3397,4.0832
1836,0.004109,802.03,252.28,0.3145,95.48,95.7471,0.2671,4.52,4.2529
1837,0.003361,894.97,293.82,0.3283,96.3031,96.5215,0.2185,3.6969,3.4785
1838,0.002927,861.77,294.14,0.3413,96.7804,96.9706,0.1903,3.2196,3.0294
1839,0.002913,836.28,264.98,0.3169,96.7961,96.9854,0.1893,3.2039,3.0146
1840,0.003707,740.05,155.9,0.2107,95.9224,96.1633,0.2409,4.0776,3.8367
1841,0.003338,744.94,254.38,0.3415,96.3284,96.5453,0.217,3.6716,3.4547
1842,0.004055,894.41,203.89,0.228,95.5395,95.803,0.2636,4.4605,4.197
1843,0.002919,895.15,260.3,0.2908,96.7893,96.979,0.1897,3.2107,3.021
1844,0.002996,745.65,257.96,0.346,96.7045,96.8992,0.1947,3.2955,3.1008
1845,0.00363,846.34,159.45,0.1884,96.0069,96.2428,0.236,3.9931,3.7572
1846,0.003557,784.63,230.09,0.2932,96.0875,96.3187,0.2312,3.9125,3.6813
1847,0.003968,832.76,299.38,0.3595,95.6353,95.8932,0.2579,4.3647,4.1068
1848,0.002852,699.06,268.17,0.3836,96.863,97.0483,0.1854,3.137,2.9517
1849,0.00286,720.18,271.07,0.3764,96.8541,97.04,0.1859,3.1459,2.96
1850,0.003734,835.85,251.71,0.3011,95.8923,96.1351,0.2427,4.1077,3.8649
1851,0.004024,730.64,236.9,0.3242,95.5736,95.8352,0.2616,4.4264,4.1648
1852,0.004095,692.54,171.24,0.2473,95.4958,95.7619,0.2662,4.5042,4.2381
1853,0.003715,840.21,287.7,0.3424,95.9131,96.1546,0.2415,4.0869,3.8454
1854,0.002864,918.44,169.58,0.1846,96.8495,97.0356,0.1862,3.1505,2.9644
1855,0.003041,696.99,196.1,0.2814,96.6547,96.8524,0.1977,3.3453,3.1476
1856,0.003911,835.1,175.6,0.2103,95.6977,95.9519,0.2542,4.3023,4.0481
1857,0.003627,958.05,165.95,0.1732,96.0098,96.2456,0.2358,3.9902,3.7544
1858,0.003496,951.72,183.09,0.1924,96.1544,96.3816,0.2272,3.8456,3.6184
1859,0.003926,824.91,271.73,0.3294,95.6811,95.9363,0.2552,4.3189,4.0637
1860,0.004175,910.66,198.64,0.2181,95.4074,95.6788,0.2714,4.5926,4.3212
1861,0.004166,875.83,170.6,0.1948,95.4172,95.688,0.2708,4.5828,4.312
1862,0.003971,949.65,264.63,0.2787,95.6319,95.89,0.2581,4.3681,4.11
1863,0.00363,794.07,168.11,0.2117,96.0066,96.2426,0.236,3.9934,3.7574
1864,0.002998,821.15,254.44,0.3099,96.7025,96.8973,0.1949,3.2975,3.1027
1865,0.003575,829.14,288.85,0.3484,96.0678,96.3001,0.2324,3.9322,3.6999
1866,0.002857,713.99,277.11,0.3881,96.8573,97.043,0.1857,3.1427,2.957
1867,0.003657,944.4,152.34,0.1613,95.9768,96.2146,0.2377,4.0232,3.7854
1868,0.003482,682.16,176.91,0.2593,96.1701,96.3964,0.2263,3.8299,3.6036
1869,0.002925,901.6,283.04,0.3139,96.7827,96.9728,0.1901,3.2173,3.0272
1870,0.003383,954.52,265.88,0.2786,96.279,96.4989,0.2199,3.721,3.5011
1871,0.003769,750.09,245.97,0.3279,95.8538,96.0988,0.245,4.1462,3.9012
1872,0.003532,820.09,290.71,0.3545,96.1144,96.344,0.2296,3.8856,3.656
1873,0.003655,692.79,177.0,0.2555,95.9798,96.2173,0.2376,4.0202,3.7827
1874,0.0035,1003.1,244.08,0.2433,96.1502,96.3777,0.2275,3.8498,3.6223
1875,0.003896,798.27,150.69,0.1888,95.7148,95.968,0.2532,4.2852,4.032
1876,0.00313,719.95,229.53,0.3188,96.5571,96.7606,0.2034,3.4429,3.2394
1877,0.002934,803.05,264.17,0.329,96.7726,96.9634,0.1907,3.2274,3.0366
1878,0.003556,754.55,265.55,0.3519,96.0888,96.3199,0.2311,3.9112,3.6801
1879,0.003723,773.99,179.06,0.2313,95.9046,96.1466,0.242,4.0954,3.8534
1880,0.003915,912.98,295.29,0.3234,95.6932,95.9477,0.2545,4.3068,4.0523
1881,0.003464,739.95,250.52,0.3386,96.1894,96.4146,0.2252,3.8106,3.5854
1882,0.00286,899.25,192.76,0.2144,96.8536,97.0395,0.1859,3.1464,2.9605
1883,0.003409,793.66,270.77,0.3412,96.2506,96.4722,0.2216,3.7494,3.5278
1884,0.003862,694.73,261.06,0.3758,95.7521,96.0031,0.251,4.2479,3.9969
1885,0.004095,739.8,267.82,0.362,95.4957,95.7619,0.2662,4.5043,4.2381
1886,0.003479,719.46,284.26,0.3951,96.173,96.3991,0.2261,3.827,3.6009
1887,0.00381,881.52,198.9,0.2256,95.809,96.0567,0.2476,4.191,3.9433
1888,0.003078,910.13,198.85,0.2185,96.6139,96.814,0.2001,3.3861,3.186
1889,0.003891,790.88,164.71,0.2083,95.7204,95.9733,0.2529,4.2796,4.0267
1890,0.003833,975.76,206.33,0.2115,95.7839,96.033,0.2491,4.2161,3.967
1891,0.003109,840.14,222.66,0.265,96.5802,96.7823,0.2021,3.4198,3.2177
1892,0.004047,729.28,289.18,0.3965,95.5486,95.8117,0.263,4.4514,4.1883
1893,0.003437,811.69,170.46,0.21,96.2193,96.4427,0.2234,3.7807,3.5573
1894,0.003808,894.89,296.33,0.3311,95.8115,96.059,0.2475,4.1885,3.941
1895,0.003083,723.25,253.83,0.351,96.6086,96.809,0.2004,3.3914,3.191
1896,0.002884,726.41,277.75,0.3824,96.8281,97.0156,0.1874,3.1719,2.9844
1897,0.003442,738.21,201.54,0.273,96.2138,96.4375,0.2237,3.7862,3.5625
1898,0.004041,885.24,268.43,0.3032,95.5549,95.8176,0.2627,4.4451,4.1824
1899,0.003693,887.92,175.49,0.1976,95.9375,96.1775,0.2401,4.0625,3.8225
1900,0.004158,970.7,162.97,0.1679,95.426,95.6963,0.2703,4.574,4.3037
1901,0.004,846.33,299.35,0.3537,95.6003,95.8602,0.26,4.3997,4.1398
1902,0.003628,964.58,191.88,0.1989,96.009,96.2448,0.2358,3.991,3.7552
1903,0.003822,930.3,187.0,0.201,95.7958,96.0442,0.2484,4.2042,3.9558
1904,0.003258,877.02,283.77,0.3236,96.416,96.6277,0.2118,3.584,3.3723
1905,0.003628,730.65,236.06,0.3231,96.0087,96.2445,0.2359,3.9913,3.7555
1906,0.002807,1013.26,156.01,0.154,96.9122,97.0946,0.1825,3.0878,2.9054
1907,0.003459,941.33,155.04,0.1647,96.1952,96.42,0.2248,3.8048,3.58
1908,0.003544,842.95,269.7,0.32,96.1021,96.3324,0.2303,3.8979,3.6676
1909,0.00395,833.83,186.08,0.2232,95.6552,95.9119,0.2567,4.3448,4.0881
1910,0.003582,684.22,259.77,0.3797,96.0599,96.2928,0.2328,3.9401,3.7072
1911,0.00413,725.12,194.37,0.268,95.4571,95.7255,0.2684,4.5429,4.2745
1912,0.003707,710.85,221.97,0.3123,95.9226,96.1636,0.2409,4.0774,3.8364
1913,0.003227,919.12,278.69,0.3032,96.4506,96.6603,0.2097,3.5494,3.3397
1914,0.003846,688.3,218.23,0.3171,95.7692,96.0192,0.25,4.2308,3.9808
1915,0.003881,977.23,210.8,0.2157,95.7314,95.9836,0.2522,4.2686,4.0164
1916,0.003906,805.94,219.64,0.2725,95.7036,95.9575,0.2539,4.2964,4.0425
1917,0.003687,972.53,160.6,0.1651,95.9446,96.1842,0.2396,4.0554,3.8158
1918,0.004051,793.19,154.91,0.1953,95.5441,95.8074,0.2633,4.4559,4.1926
1919,0.003396,771.73,291.91,0.3783,96.2641,96.4849,0.2208,3.7359,3.5151
1920,0.003559,950.12,268.15,0.2822,96.0846,96.316,0.2314,3.9154,3.684
1921,0.002913,979.49,260.36,0.2658,96.7953,96.9847,0.1894,3.2047,3.0153
1922,0.002877,1001.41,251.2,0.2508,96.8356,97.0226,0.187,3.1644,2.9774
1923,0.004043,717.73,204.84,0.2854,95.5525,95.8153,0.2628,4.4475,4.1847
1924,0.003667,804.29,176.29,0.2192,95.9665,96.2049,0.2383,4.0335,3.7951
1925,0.003582,702.78,256.4,0.3648,96.0595,96.2923,0.2328,3.9405,3.7077
1926,0.003087,1013.63,185.79,0.1833,96.6047,96.8054,0.2006,3.3953,3.1946
1927,0.002959,842.69,290.87,0.3452,96.7451,96.9375,0.1923,3.2549,3.0625
1928,0.003612,1006.1,181.47,0.1804,96.0266,96.2614,0.2348,3.9734,3.7386
1929,0.003843,756.65,202.91,0.2682,95.7727,96.0225,0.2498,4.2273,3.9775
1930,0.003174,911.28,191.57,0.2102,96.5083,96.7146,0.2063,3.4917,3.2854
1931,0.002889,797.38,222.93,0.2796,96.8224,97.0102,0.1878,3.1776,2.9898
1932,0.003537,721.72,256.47,0.3554,96.1089,96.3388,0.2299,3.8911,3.6612
1933,0.00375,861.17,193.84,0.2251,95.8754,96.1191,0.2437,4.1246,3.8809
1934,0.003669,951.97,291.8,0.3065,95.9637,96.2022,0.2385,4.0363,3.7978
1935,0.003932,999.9,159.84,0.1599,95.6745,95.9301,0.2556,4.3255,4.0699
1936,0.004049,835.68,162.03,0.1939,95.5465,95.8096,0.2632,4.4535,4.1904
1937,0.004057,778.05,293.49,0.3772,95.5372,95.8009,0.2637,4.4628,4.1991
1938,0.002953,773.82,254.56,0.329,96.7516,96.9435,0.192,3.2484,3.0565
1939,0.003495,977.5,228.1,0.2334,96.1557,96.3828,0.2272,3.8443,3.6172
1940,0.003678,779.68,295.44,0.3789,95.954,96.1931,0.2391,4.046,3.8069
1941,0.003558,724.89,202.01,0.2787,96.0862,96.3175,0.2313,3.9138,3.6825
1942,0.003421,899.19,193.73,0.2154,96.2365,96.4588,0.2224,3.7635,3.5412
1943,0.002888,976.41,184.85,0.1893,96.8231,97.0108,0.1877,3.1769,2.9892
1944,0.004126,899.19,211.75,0.2355,95.4609,95.7291,0.2682,4.5391,4.2709
1945,0.00328,899.66,198.95,0.2211,96.3921,96.6053,0.2132,3.6079,3.3947
1946,0.003631,916.93,276.29,0.3013,96.0062,96.2422,0.236,3.9938,3.7578
1947,0.003423,783.39,169.79,0.2167,96.2343,96.4568,0.2225,3.7657,3.5432
1948,0.003905,738.39,189.0,0.256,95.7044,95.9582,0.2538,4.2956,4.0418
1949,0.003478,1010.05,265.46,0.2628,96.1743,96.4003,0.2261,3.8257,3.5997
1950,0.002866,800.06,218.39,0.273,96.8471,97.0334,0.1863,3.1529,2.9666
1951,0.003033,994.2,256.77,0.2583,96.6638,96.8609,0.1971,3.3362,3.1391
1952,0.003199,1010.89,275.9,0.2729,96.4807,96.6887,0.208,3.5193,3.3113
1953,0.00377,906.56,173.02,0.1909,95.853,96.098,0.2451,4.147,3.902
1954,0.003133,693.99,197.49,0.2846,96.5536,96.7573,0.2036,3.4464,3.2427
1955,0.002977,768.54,177.67,0.2312,96.7252,96.9187,0.1935,3.2748,3.0813
1956,0.003587,691.79,197.54,0.2855,96.0538,96.287,0.2332,3.9462,3.713
1957,0.003281,806.79,230.98,0.2863,96.3905,96.6038,0.2133,3.6095,3.3962
1958,0.003028,782.53,288.07,0.3681,96.6696,96.8664,0.1968,3.3304,3.1336
1959,0.003366,849.8,171.81,0.2022,96.297,96.5158,0.2188,3.703,3.4842
1960,0.003441,788.87,150.64,0.191,96.2146,96.4383,0.2237,3.7854,3.5617
1961,0.003834,1011.7,199.69,0.1974,95.7827,96.0319,0.2492,4.2173,3.9681
1962,0.003788,841.13,193.47,0.23,95.8336,96.0798,0.2462,4.1664,3.9202
1963,0.004122,1013.43,236.06,0.2329,95.4662,95.7341,0.2679,4.5338,4.2659
1964,0.003006,872.18,286.03,0.328,96.6935,96.8889,0.1954,3.3065,3.1111
1965,0.003419,914.31,259.75,0.2841,96.2392,96.4614,0.2222,3.7608,3.5386
1966,0.00406,727.4,232.64,0.3198,95.5337,95.7976,0.2639,4.4663,4.2024
1967,0.003231,816.55,276.13,0.3382,96.4456,96.6556,0.21,3.5544,3.3444
1968,0.003424,711.44,158.26,0.2224,96.2332,96.4558,0.2226,3.7668,3.5442
1969,0.003698,878.37,183.32,0.2087,95.9324,96.1727,0.2404,4.0676,3.8273
1970,0.00411,774.5,153.38,0.198,95.4791,95.7462,0.2671,4.5209,4.2538
1971,0.003554,831.46,250.73,0.3016,96.0908,96.3218,0.231,3.9092,3.6782
1972,0.002922,854.01,179.17,0.2098,96.7854,96.9754,0.19,3.2146,3.0246
1973,0.003245,885.73,291.51,0.3291,96.4307,96.6416,0.2109,3.5693,3.3584
1974,0.004072,802.76,172.19,0.2145,95.521,95.7857,0.2647,4.479,4.2143
1975,0.003995,805.67,205.92,0.2556,95.6051,95.8648,0.2597,4.3949,4.1352
1976,0.003199,799.46,296.63,0.371,96.4816,96.6895,0.2079,3.5184,3.3105
1977,0.004024,709.78,259.18,0.3652,95.5736,95.8351,0.2616,4.4264,4.1649
1978,0.003422,1017.48,270.55,0.2659,96.2359,96.4583,0.2224,3.7641,3.5417
1979,0.003204,953.93,295.55,0.3098,96.4755,96.6838,0.2083,3.5245,3.3162
1980,0.003393,984.79,170.94,0.1736,96.2673,96.4879,0.2206,3.7327,3.5121
1981,0.003622,709.27,181.17,0.2554,96.0157,96.2512,0.2354,3.9843,3.7488
1982,0.003464,974.96,298.0,0.3056,96.1891,96.4143,0.2252,3.8109,3.5857
1983,0.002893,1006.43,263.42,0.2617,96.8182,97.0062,0.188,3.1818,2.9938
1984,0.002924,819.22,287.16,0.3505,96.7838,96.9738,0.19,3.2162,3.0262
1985,0.00338,868.98,256.54,0.2952,96.2816,96.5014,0.2197,3.7184,3.4986
1986,0.003857,726.56,177.9,0.2449,95.7569,96.0077,0.2507,4.2431,3.9923
1987,0.003334,868.31,156.33,0.18,96.3321,96.5488,0.2167,3.6679,3.4512
1988,0.003957,963.76,195.59,0.2029,95.6476,95.9048,0.2572,4.3524,4.0952
1989,0.003583,837.57,154.03,0.1839,96.0587,96.2916,0.2329,3.9413,3.7084
1990,0.002803,769.31,293.4,0.3814,96.9162,97.0985,0.1822,3.0838,2.9015
1991,0.003968,840.66,248.07,0.2951,95.6353,95.8932,0.2579,4.3647,4.1068
1992,0.00405,821.83,223.78,0.2723,95.5453,95.8085,0.2632,4.4547,4.1915
1993,0.003763,763.22,167.9,0.22,95.8607,96.1053,0.2446,4.1393,3.8947
1994,0.003188,1018.07,160.01,0.1572,96.4931,96.7003,0.2072,3.5069,3.2997
1995,0.003844,877.56,234.84,0.2676,95.7718,96.0217,0.2498,4.2282,3.9783
1996,0.004016,893.52,221.41,0.2478,95.5827,95.8438,0.261,4.4173,4.1562
1997,0.003772,720.66,226.88,0.3148,95.8509,96.096,0.2452,4.1491,3.904
1998,0.003605,967.4,174.43,0.1803,96.0341,96.2684,0.2343,3.9659,3.7316
1999,0.002882,788.69,281.75,0.3572,96.8299,97.0172,0.1873,3.1701,2.9828
2000,0.00299,735.53,190.9,0.2595,96.7113,96.9057,0.1943,3.2887,3.0943
2001,0.003387,990.12,203.4,0.2054,96.2739,96.4941,0.2202,3.7261,3.5059
2002,0.003206,860.07,290.45,0.3377,96.4736,96.682,0.2084,3.5264,3.318
2003,0.003519,940.59,177.49,0.1887,96.1286,96.3574,0.2288,3.8714,3.6426
2004,0.002932,935.89,231.56,0.2474,96.7745,96.9651,0.1906,3.2255,3.0349
2005,0.004021,961.12,252.75,0.263,95.5764,95.8378,0.2614,4.4236,4.1622
2006,0.003222,913.05,253.25,0.2774,96.4563,96.6657,0.2094,3.5437,3.3343
2007,0.002934,877.22,273.5,0.3118,96.7724,96.9631,0.1907,3.2276,3.0369
2008,0.002818,856.18,205.95,0.2405,96.9001,97.0833,0.1832,3.0999,2.9167
2009,0.003479,795.71,286.62,0.3602,96.1733,96.3994,0.2261,3.8267,3.6006
2010,0.002943,732.55,183.17,0.25,96.7623,96.9536,0.1913,3.2377,3.0464
2011,0.003064,985.0,242.01,0.2457,96.6298,96.829,0.1991,3.3702,3.171
2012,0.003964,858.72,229.81,0.2676,95.6396,95.8973,0.2577,4.3604,4.1027
2013,0.003572,937.14,167.1,0.1783,96.0713,96.3034,0.2322,3.9287,3.6966
2014,0.003445,705.98,272.83,0.3865,96.2108,96.4347,0.2239,3.7892,3.5653
2015,0.004093,843.04,196.74,0.2334,95.4979,95.764,0.266,4.5021,4.236
2016,0.003308,957.79,283.46,0.296,96.3616,96.5766,0.215,3.6384,3.4234
2017,0.003637,939.62,201.31,0.2142,95.9996,96.236,0.2364,4.0004,3.764
2018,0.003794,689.78,272.19,0.3946,95.8268,96.0734,0.2466,4.1732,3.9266
2019,0.003111,971.32,171.35,0.1764,96.5776,96.7798,0.2022,3.4224,3.2202
2020,0.003117,722.62,169.53,0.2346,96.5711,96.7737,0.2026,3.4289,3.2263
2021,0.00291,914.88,267.6,0.2925,96.7989,96.9881,0.1892,3.2011,3.0119
2022,0.002909,943.4,263.6,0.2794,96.8003,96.9894,0.1891,3.1997,3.0106
2023,0.00286,716.66,268.96,0.3753,96.8545,97.0404,0.1859,3.1455,2.9596
2024,0.003519,700.15,167.84,0.2397,96.1292,96.358,0.2287,3.8708,3.642
2025,0.003154,702.52,250.14,0.3561,96.5304,96.7354,0.205,3.4696,3.2646
2026,0.003856,946.01,288.01,0.3045,95.758,96.0087,0.2507,4.242,3.9913
2027,0.003088,986.4,177.72,0.1802,96.6037,96.8044,0.2007,3.3963,3.1956
2028,0.003292,710.86,276.88,0.3895,96.3786,96.5926,0.214,3.6214,3.4074
2029,0.004119,1002.59,202.18,0.2017,95.4696,95.7373,0.2677,4.5304,4.2627
2030,0.003025,850.22,259.28,0.305,96.6727,96.8694,0.1966,3.3273,3.1306
2031,0.003139,873.88,164.87,0.1887,96.5476,96.7516,0.204,3.4524,3.2484
2032,0.003609,684.75,182.55,0.2666,96.0297,96.2643,0.2346,3.9703,3.7357
2033,0.003068,775.83,285.25,0.3677,96.625,96.8244,0.1994,3.375,3.1756
2034,0.003552,1011.02,164.8,0.163,96.0928,96.3237,0.2309,3.9072,3.6763
2035,0.0031,851.43,256.16,0.3009,96.5904,96.7919,0.2015,3.4096,3.2081
2036,0.003313,880.39,215.95,0.2453,96.3556,96.571,0.2153,3.6444,3.429
2037,0.004141,741.49,203.22,0.2741,95.4451,95.7142,0.2692,4.5549,4.2858
2038,0.003331,752.85,184.13,0.2446,96.3354,96.5519,0.2165,3.6646,3.4481
2039,0.002958,1014.77,168.54,0.1661,96.7462,96.9385,0.1923,3.2538,3.0615
2040,0.002954,726.21,264.34,0.364,96.7501,96.9422,0.192,3.2499,3.0578
2041,0.003787,869.42,156.09,0.1795,95.8347,96.0808,0.2461,4.1653,3.9192
2042,0.003259,719.35,192.54,0.2677,96.4147,96.6266,0.2119,3.5853,3.3734
2043,0.003641,786.08,296.43,0.3771,95.9954,96.232,0.2366,4.0046,3.768
2044,0.003422,868.33,193.59,0.2229,96.2363,96.4587,0.2224,3.7637,3.5413
2045,0.003998,744.19,160.44,0.2156,95.6027,95.8626,0.2598,4.3973,4.1374
2046,0.003977,841.73,251.87,0.2992,95.6248,95.8833,0.2585,4.3752,4.1167
2047,0.003051,1019.57,223.75,0.2195,96.6439,96.8422,0.1983,3.3561,3.1578
2048,0.002947,828.94,248.78,0.3001,96.758,96.9496,0.1916,3.242,3.0504
2049,0.002919,728.74,210.09,0.2883,96.7891,96.9788,0.1897,3.2109,3.0212
2050,0.003627,714.59,288.79,0.4041,96.0105,96.2463,0.2357,3.9895,3.7537
2051,0.004169,702.0,296.28,0.4221,95.4141,95.6851,0.271,4.5859,4.3149
2052,0.003274,882.29,298.6,0.3384,96.3985,96.6113,0.2128,3.6015,3.3887
2053,0.002972,964.96,258.78,0.2682,96.7309,96.9241,0.1932,3.2691,3.0759
2054,0.00319,922.59,237.29,0.2572,96.4911,96.6984,0.2073,3.5089,3.3016
2055,0.003182,948.43,246.57,0.26,96.4996,96.7065,0.2068,3.5004,3.2935
2056,0.00336,841.78,240.47,0.2857,96.3036,96.5221,0.2184,3.6964,3.4779
2057,0.003366,844.74,191.83,0.2271,96.2972,96.516,0.2188,3.7028,3.484
2058,0.003875,716.73,187.6,0.2617,95.7373,95.9892,0.2519,4.2627,4.0108
2059,0.003496,893.65,170.19,0.1904,96.1542,96.3815,0.2273,3.8458,3.6185
2060,0.002939,697.97,160.23,0.2296,96.7666,96.9577,0.1911,3.2334,3.0423
2061,0.003749,1010.5,207.39,0.2052,95.8757,96.1194,0.2437,4.1243,3.8806
2062,0.003751,731.93,243.3,0.3324,95.874,96.1178,0.2438,4.126,3.8822
2063,0.002935,706.02,262.74,0.3721,96.7716,96.9624,0.1908,3.2284,3.0376
2064,0.003875,949.53,180.29,0.1899,95.7379,95.9898,0.2518,4.2621,4.0102
2065,0.003727,846.69,189.25,0.2235,95.9004,96.1426,0.2423,4.0996,3.8574
2066,0.003281,972.29,231.99,0.2386,96.3908,96.6041,0.2133,3.6092,3.3959
2067,0.004134,690.74,214.56,0.3106,95.453,95.7217,0.2687,4.547,4.2783
2068,0.004081,810.43,197.18,0.2433,95.511,95.7763,0.2653,4.489,4.2237
2069,0.003327,836.28,154.93,0.1853,96.3404,96.5567,0.2162,3.6596,3.4433
2070,0.003579,972.52,195.46,0.201,96.0627,96.2954,0.2327,3.9373,3.7046
2071,0.003788,847.1,170.17,0.2009,95.8327,96.0789,0.2463,4.1673,3.9211
2072,0.003802,845.73,166.41,0.1968,95.8178,96.0649,0.2471,4.1822,3.9351
2073,0.003745,904.43,252.81,0.2795,95.8805,96.1239,0.2434,4.1195,3.8761
2074,0.003601,841.81,278.15,0.3304,96.0388,96.2729,0.2341,3.9612,3.7271
2075,0.003509,813.07,224.2,0.2757,96.1397,96.3678,0.2281,3.8603,3.6322
2076,0.004159,889.76,202.91,0.2281,95.4249,95.6952,0.2703,4.5751,4.3048
2077,0.004169,788.96,154.22,0.1955,95.4142,95.6852,0.271,4.5858,4.3148
2078,0.002863,964.56,202.33,0.2098,96.8505,97.0366,0.1861,3.1495,2.9634
2079,0.003839,689.15,283.7,0.4117,95.7772,96.0268,0.2495,4.2228,3.9732
2080,0.003278,713.1,201.77,0.283,96.3945,96.6075,0.2131,3.6055,3.3925
2081,0.0033,799.43,249.19,0.3117,96.3697,96.5842,0.2145,3.6303,3.4158
2082,0.003147,900.35,238.88,0.2653,96.5387,96.7432,0.2045,3.4613,3.2568
2083,0.004075,702.27,195.74,0.2787,95.518,95.7828,0.2648,4.482,4.2172
2084,0.003273,686.7,198.92,0.2897,96.4001,96.6128,0.2127,3.5999,3.3872
2085,0.003445,973.55,235.21,0.2416,96.2102,96.4341,0.2239,3.7898,3.5659
2086,0.004062,770.65,254.39,0.3301,95.5318,95.7959,0.264,4.4682,4.2041
2087,0.003623,1015.16,206.66,0.2036,96.0145,96.25,0.2355,3.9855,3.75
2088,0.003346,874.66,271.25,0.3101,96.3189,96.5365,0.2175,3.6811,3.4635
2089,0.00294,909.54,200.4,0.2203,96.7659,96.957,0.1911,3.2341,3.043
2090,0.003504,940.07,200.93,0.2137,96.1457,96.3735,0.2278,3.8543,3.6265
2091,0.003661,803.53,215.4,0.2681,95.9732,96.2111,0.2379,4.0268,3.7889
2092,0.003496,968.09,268.07,0.2769,96.1547,96.3819,0.2272,3.8453,3.6181
2093,0.003977,862.18,193.1,0.224,95.6258,95.8843,0.2585,4.3742,4.1157
2094,0.002867,1018.72,210.3,0.2064,96.8468,97.0331,0.1863,3.1532,2.9669
2095,0.003116,932.58,163.79,0.1756,96.5721,96.7747,0.2026,3.4279,3.2253
2096,0.003982,712.21,200.53,0.2816,95.62,95.8788,0.2588,4.38,4.1212
2097,0.002894,952.4,221.29,0.2323,96.8164,97.0045,0.1881,3.1836,2.9955
2098,0.003094,950.52,247.73,0.2606,96.597,96.7981,0.2011,3.403,3.2019
2099,0.003223,953.4,214.94,0.2254,96.4552,96.6646,0.2095,3.5448,3.3354
2100,0.003556,748.03,210.35,0.2812,96.0885,96.3196,0.2311,3.9115,3.6804
2101,0.003675,834.1,264.52,0.3171,95.9576,96.1964,0.2389,4.0424,3.8036
2102,0.003053,686.33,255.5,0.3723,96.6419,96.8403,0.1984,3.3581,3.1597
2103,0.004008,876.13,181.94,0.2077,95.5914,95.8519,0.2605,4.4086,4.1481
2104,0.004147,932.35,220.09,0.2361,95.4383,95.7079,0.2696,4.5617,4.2921
2105,0.004112,861.12,242.16,0.2812,95.4768,95.7441,0.2673,4.5232,4.2559
2106,0.003877,827.47,234.92,0.2839,95.7356,95.9875,0.252,4.2644,4.0125
2107,0.003677,857.57,204.64,0.2386,95.9548,96.1938,0.239,4.0452,3.8062
2108,0.003007,731.16,252.8,0.3457,96.6925,96.8879,0.1954,3.3075,3.1121
2109,0.00322,828.03,197.8,0.2389,96.4576,96.6669,0.2093,3.5424,3.3331
2110,0.003962,701.91,180.53,0.2572,95.6415,95.899,0.2575,4.3585,4.101
2111,0.003377,960.06,246.91,0.2572,96.2848,96.5044,0.2195,3.7152,3.4956
2112,0.003159,884.42,210.88,0.2384,96.5251,96.7304,0.2053,3.4749,3.2696
2113,0.002959,745.25,186.84,0.2507,96.7451,96.9375,0.1923,3.2549,3.0625
2114,0.003958,837.81,233.97,0.2793,95.6461,95.9033,0.2573,4.3539,4.0967
2115,0.003411,899.95,155.55,0.1728,96.2484,96.47,0.2217,3.7516,3.53
2116,0.003023,726.39,188.76,0.2599,96.6746,96.8711,0.1965,3.3254,3.1289
2117,0.003925,903.95,176.4,0.1951,95.6826,95.9377,0.2551,4.3174,4.0623
2118,0.003994,1007.69,222.88,0.2212,95.6071,95.8667,0.2596,4.3929,4.1333
2119,0.002828,972.26,162.59,0.1672,96.8893,97.0732,0.1838,3.1107,2.9268
2120,0.003642,974.84,285.09,0.2924,95.9935,96.2303,0.2367,4.0065,3.7697
2121,0.00337,803.57,248.61,0.3094,96.2932,96.5122,0.219,3.7068,3.4878
2122,0.002926,1000.68,258.64,0.2585,96.7809,96.9711,0.1902,3.2191,3.0289
2123,0.002997,718.06,260.17,0.3623,96.7035,96.8983,0.1948,3.2965,3.1017
2124,0.004106,857.47,274.35,0.32,95.4833,95.7502,0.2669,4.5167,4.2498
2125,0.00413,996.73,187.77,0.1884,95.4575,95.7259,0.2684,4.5425,4.2741
2126,0.004038,760.95,168.34,0.2212,95.5578,95.8203,0.2625,4.4422,4.1797
2127,0.003929,791.96,237.65,0.3001,95.6777,95.9331,0.2554,4.3223,4.0669
2128,0.003346,934.45,185.39,0.1984,96.3195,96.537,0.2175,3.6805,3.463
2129,0.003392,729.05,176.27,0.2418,96.2688,96.4893,0.2205,3.7312,3.5107
2130,0.004158,829.42,188.15,0.2268,95.4263,95.6966,0.2703,4.5737,4.3034
2131,0.003625,846.72,206.21,0.2435,96.0122,96.2478,0.2356,3.9878,3.7522
2132,0.004128,787.61,213.57,0.2712,95.459,95.7273,0.2683,4.541,4.2727
2133,0.003756,1007.53,281.92,0.2798,95.8686,96.1127,0.2441,4.1314,3.8873
2134,0.004112,803.42,257.35,0.3203,95.4771,95.7443,0.2673,4.5229,4.2557
2135,0.00395,687.17,295.02,0.4293,95.6551,95.9118,0.2567,4.3449,4.0882
2136,0.003648,966.1,249.33,0.2581,95.987,96.2242,0.2371,4.013,3.7758
2137,0.004117,914.83,268.32,0.2933,95.4711,95.7387,0.2676,4.5289,4.2613
2138,0.003136,867.93,196.39,0.2263,96.5509,96.7547,0.2038,3.4491,3.2453
2139,0.004142,803.37,271.84,0.3384,95.4439,95.7132,0.2692,4.5561,4.2868
2140,0.002971,974.76,278.65,0.2859,96.732,96.9251,0.1931,3.268,3.0749
2141,0.003344,989.33,208.95,0.2112,96.3218,96.5391,0.2174,3.6782,3.4609
2142,0.004169,766.88,163.54,0.2133,95.4139,95.6849,0.271,4.5861,4.3151
2143,0.003952,760.06,181.56,0.2389,95.653,95.9099,0.2569,4.347,4.0901
2144,0.004046,991.4,244.7,0.2468,95.549,95.812,0.263,4.451,4.188
2145,0.004031,940.69,210.94,0.2242,95.5656,95.8277,0.262,4.4344,4.1723
2146,0.002847,974.59,273.48,0.2806,96.8678,97.0529,0.1851,3.1322,2.9471
2147,0.004117,840.17,211.94,0.2523,95.4716,95.7392,0.2676,4.5284,4.2608
2148,0.003978,923.91,281.51,0.3047,95.6246,95.8832,0.2585,4.3754,4.1168
2149,0.003948,960.3,254.77,0.2653,95.6568,95.9135,0.2566,4.3432,4.0865
2150,0.003509,799.63,240.32,0.3005,96.1402,96.3683,0.2281,3.8598,3.6317
2151,0.003939,930.85,217.99,0.2342,95.6673,95.9233,0.256,4.3327,4.0767
2152,0.002838,697.71,246.24,0.3529,96.8779,97.0624,0.1845,3.1221,2.9376
2153,0.003682,948.95,170.41,0.1796,95.9496,96.1889,0.2393,4.0504,3.8111
2154,0.003361,893.62,197.06,0.2205,96.303,96.5214,0.2185,3.697,3.4786
2155,0.002915,733.66,227.45,0.31,96.7934,96.9828,0.1895,3.2066,3.0172
2156,0.004158,962.41,264.47,0.2748,95.4267,95.697,0.2702,4.5733,4.303
2157,0.003986,913.16,268.9,0.2945,95.6157,95.8748,0.2591,4.3843,4.1252
2158,0.003247,842.64,260.28,0.3089,96.4281,96.6392,0.2111,3.5719,3.3608
2159,0.003165,913.74,274.02,0.2999,96.5186,96.7243,0.2057,3.4814,3.2757
2160,0.003919,747.55,212.17,0.2838,95.6887,95.9435,0.2548,4.3113,4.0565
2161,0.003055,977.97,291.71,0.2983,96.6399,96.8384,0.1986,3.3601,3.1616
2162,0.004038,756.33,292.22,0.3864,95.5581,95.8206,0.2625,4.4419,4.1794
2163,0.004092,900.02,243.99,0.2711,95.4984,95.7644,0.266,4.5016,4.2356
2164,0.00407,1011.2,179.74,0.1777,95.5235,95.788,0.2645,4.4765,4.212
2165,0.003782,737.38,210.16,0.285,95.8401,96.0859,0.2458,4.1599,3.9141
2166,0.0034,768.45,163.36,0.2126,96.2595,96.4805,0.221,3.7405,3.5195
2167,0.003315,1002.06,167.6,0.1673,96.3534,96.5689,0.2155,3.6466,3.4311
2168,0.003806,827.95,288.0,0.3478,95.8134,96.0608,0.2474,4.1866,3.9392
2169,0.003435,909.03,167.78,0.1846,96.2213,96.4446,0.2233,3.7787,3.5554
2170,0.003799,744.79,279.29,0.375,95.8211,96.068,0.2469,4.1789,3.932
2171,0.003895,777.91,224.13,0.2881,95.7155,95.9687,0.2532,4.2845,4.0313
2172,0.002982,971.15,240.01,0.2471,96.7195,96.9133,0.1938,3.2805,3.0867
2173,0.004193,776.21,251.58,0.3241,95.3874,95.6599,0.2726,4.6126,4.3401
2174,0.003386,818.9,171.89,0.2099,96.2758,96.4958,0.2201,3.7242,3.5042
2175,0.003206,769.01,242.65,0.3155,96.4731,96.6815,0.2084,3.5269,3.3185
2176,0.00407,805.68,252.64,0.3136,95.5227,95.7873,0.2646,4.4773,4.2127
2177,0.003441,683.51,169.98,0.2487,96.2144,96.4381,0.2237,3.7856,3.5619
2178,0.003253,915.63,253.03,0.2763,96.4222,96.6336,0.2114,3.5778,3.3664
2179,0.003799,920.87,260.42,0.2828,95.8215,96.0684,0.2469,4.1785,3.9316
2180,0.003159,712.4,158.81,0.2229,96.5254,96.7307,0.2053,3.4746,3.2693
2181,0.003266,759.85,286.23,0.3767,96.4074,96.6197,0.2123,3.5926,3.3803
2182,0.004195,999.37,295.08,0.2953,95.385,95.6577,0.2727,4.615,4.3423
2183,0.003638,934.4,156.83,0.1678,95.9987,96.2352,0.2364,4.0013,3.7648
2184,0.003155,890.68,195.38,0.2194,96.5294,96.7345,0.2051,3.4706,3.2655
2185,0.003353,806.11,295.21,0.3662,96.3122,96.5301,0.2179,3.6878,3.4699
2186,0.003583,877.37,189.04,0.2155,96.0583,96.2912,0.2329,3.9417,3.7088
2187,0.003505,996.31,281.68,0.2827,96.1442,96.3721,0.2278,3.8558,3.6279
2188,0.002985,787.89,229.56,0.2914,96.7168,96.9108,0.194,3.2832,3.0892
2189,0.002999,719.73,156.62,0.2176,96.7016,96.8965,0.1949,3.2984,3.1035
2190,0.002979,976.37,275.22,0.2819,96.7231,96.9167,0.1936,3.2769,3.0833
2191,0.003847,994.92,192.44,0.1934,95.7684,96.0184,0.2501,4.2316,3.9816
2192,0.004028,888.4,264.23,0.2974,95.5695,95.8313,0.2618,4.4305,4.1687
2193,0.003169,786.42,283.9,0.361,96.5138,96.7198,0.206,3.4862,3.2802
2194,0.003242,1018.15,264.55,0.2598,96.4341,96.6448,0.2107,3.5659,3.3552
2195,0.003012,970.03,248.61,0.2563,96.6871,96.8828,0.1958,3.3129,3.1172
2196,0.003918,698.1,172.29,0.2468,95.6907,95.9454,0.2546,4.3093,4.0546
2197,0.003122,692.19,189.03,0.2731,96.566,96.7689,0.2029,3.434,3.2311
2198,0.003788,828.39,299.28,0.3613,95.8328,96.0791,0.2462,4.1672,3.9209
2199,0.004098,693.87,203.48,0.2933,95.4921,95.7585,0.2664,4.5079,4.2415
2200,0.003793,844.97,223.95,0.265,95.8281,96.0746,0.2465,4.1719,3.9254
2201,0.003984,974.74,168.55,0.1729,95.6174,95.8764,0.259,4.3826,4.1236
2202,0.002931,975.18,177.1,0.1816,96.7759,96.9664,0.1905,3.2241,3.0336
2203,0.003036,852.97,190.92,0.2238,96.6608,96.8581,0.1973,3.3392,3.1419
2204,0.004047,879.13,237.53,0.2702,95.548,95.8111,0.2631,4.452,4.1889
2205,0.00416,858.85,235.62,0.2743,95.4237,95.6941,0.2704,4.5763,4.3059
2206,0.003383,706.12,265.24,0.3756,96.2787,96.4986,0.2199,3.7213,3.5014
2207,0.003748,981.71,153.89,0.1568,95.8776,96.1212,0.2436,4.1224,3.8788
2208,0.003754,911.42,209.13,0.2295,95.8708,96.1148,0.244,4.1292,3.8852
2209,0.003626,1003.41,275.55,0.2746,96.0109,96.2466,0.2357,3.9891,3.7534
2210,0.003015,707.56,274.6,0.3881,96.6832,96.8792,0.196,3.3168,3.1208
2211,0.003723,834.38,293.28,0.3515,95.9043,96.1463,0.242,4.0957,3.8537
2212,0.003632,681.97,295.47,0.4333,96.0049,96.241,0.2361,3.9951,3.759
2213,0.003719,1003.3,198.74,0.1981,95.9095,96.1512,0.2417,4.0905,3.8488
2214,0.003824,929.67,293.61,0.3158,95.7934,96.042,0.2486,4.2066,3.958
2215,0.003597,751.86,157.3,0.2092,96.0435,96.2773,0.2338,3.9565,3.7227
2216,0.003701,789.88,158.33,0.2004,95.9288,96.1694,0.2406,4.0712,3.8306
2217,0.002899,1003.65,207.21,0.2065,96.8111,96.9995,0.1884,3.1889,3.0005
2218,0.003358,740.52,294.76,0.398,96.3058,96.5241,0.2183,3.6942,3.4759
2219,0.004012,710.32,277.85,0.3912,95.5871,95.8479,0.2608,4.4129,4.1521
2220,0.003028,945.03,192.74,0.204,96.6691,96.8659,0.1968,3.3309,3.1341
2221,0.003854,902.38,168.09,0.1863,95.7611,96.0115,0.2505,4.2389,3.9885
2222,0.003487,827.0,270.95,0.3276,96.1641,96.3908,0.2267,3.8359,3.6092
2223,0.003234,912.89,169.69,0.1859,96.4424,96.6527,0.2102,3.5576,3.3473
2224,0.003732,962.9,226.9,0.2356,95.8951,96.1377,0.2426,4.1049,3.8623
2225,0.003485,981.04,221.47,0.2257,96.166,96.3925,0.2266,3.834,3.6075
2226,0.003588,823.84,263.47,0.3198,96.0529,96.2861,0.2332,3.9471,3.7139
2227,0.003935,888.72,215.12,0.2421,95.6711,95.9269,0.2558,4.3289,4.0731
2228,0.003396,693.75,201.26,0.2901,96.2639,96.4847,0.2208,3.7361,3.5153
2229,0.003449,756.24,252.94,0.3345,96.2062,96.4304,0.2242,3.7938,3.5696
2230,0.003017,848.41,244.43,0.2881,96.6812,96.8773,0.1961,3.3188,3.1227
2231,0.003535,778.84,215.6,0.2768,96.112,96.3417,0.2297,3.888,3.6583
2232,0.00407,842.39,172.29,0.2045,95.5229,95.7875,0.2646,4.4771,4.2125
2233,0.002979,986.99,276.23,0.2799,96.7232,96.9168,0.1936,3.2768,3.0832
2234,0.003532,780.46,157.16,0.2014,96.1144,96.344,0.2296,3.8856,3.656
2235,0.002907,695.33,166.14,0.2389,96.8021,96.9911,0.189,3.1979,3.0089
2236,0.003395,712.12,249.13,0.3498,96.2656,96.4863,0.2207,3.7344,3.5137
2237,0.003596,766.15,188.23,0.2457,96.0445,96.2783,0.2337,3.9555,3.7217
2238,0.002914,851.17,167.09,0.1963,96.7941,96.9835,0.1894,3.2059,3.0165
2239,0.003726,741.05,177.33,0.2393,95.9012,96.1434,0.2422,4.0988,3.8566
2240,0.00335,708.32,281.51,0.3974,96.3148,96.5326,0.2178,3.6852,3.4674
2241,0.003217,879.65,218.25,0.2481,96.4616,96.6707,0.2091,3.5384,3.3293
2242,0.003738,892.1,189.76,0.2127,95.8878,96.1308,0.243,4.1122,3.8692
2243,0.004153,976.26,178.08,0.1824,95.4313,95.7012,0.27,4.5687,4.2988
2244,0.003059,933.99,240.61,0.2576,96.635,96.8338,0.1988,3.365,3.1662
2245,0.00402,716.15,230.16,0.3214,95.5777,95.839,0.2613,4.4223,4.161
2246,0.002808,719.67,175.76,0.2442,96.911,97.0935,0.1825,3.089,2.9065
2247,0.003468,915.21,280.32,0.3063,96.1852,96.4107,0.2254,3.8148,3.5893
2248,0.004152,884.64,223.01,0.2521,95.4327,95.7026,0.2699,4.5673,4.2974
2249,0.003666,1011.13,204.11,0.2019,95.9675,96.2058,0.2383,4.0325,3.7942
2250,0.003743,914.7,209.25,0.2288,95.8823,96.1257,0.2433,4.1177,3.8743
2251,0.003224,722.53,152.08,0.2105,96.4539,96.6635,0.2095,3.5461,3.3365
2252,0.002957,685.4,295.58,0.4312,96.7477,96.9398,0.1922,3.2523,3.0602
2253,0.004003,751.14,247.29,0.3292,95.5971,95.8573,0.2602,4.4029,4.1427
2254,0.00371,828.17,243.91,0.2945,95.9194,96.1605,0.2411,4.0806,3.8395
2255,0.003906,744.91,195.14,0.262,95.7034,95.9573,0.2539,4.2966,4.0427
2256,0.003449,841.16,153.27,0.1822,96.2063,96.4305,0.2242,3.7937,3.5695
2257,0.003033,731.82,255.39,0.349,96.6642,96.8613,0.1971,3.3358,3.1387
2258,0.004149,840.31,278.97,0.332,95.4356,95.7054,0.2697,4.5644,4.2946
2259,0.003619,748.46,235.41,0.3145,96.0188,96.254,0.2353,3.9812,3.746
2260,0.003967,697.31,151.18,0.2168,95.6359,95.8938,0.2579,4.3641,4.1062
2261,0.003683,922.45,296.92,0.3219,95.9492,96.1885,0.2394,4.0508,3.8115
2262,0.003988,930.61,239.38,0.2572,95.6131,95.8724,0.2592,4.3869,4.1276
2263,0.003576,778.86,223.12,0.2865,96.0664,96.2988,0.2324,3.9336,3.7012
2264,0.003481,880.95,241.72,0.2744,96.1714,96.3976,0.2262,3.8286,3.6024
2265,0.00375,957.67,223.19,0.233,95.8749,96.1186,0.2438,4.1251,3.8814
2266,0.0038,859.62,213.3,0.2481,95.82,96.067,0.247,4.18,3.933
2267,0.003242,701.59,283.93,0.4047,96.4336,96.6443,0.2107,3.5664,3.3557
2268,0.003384,840.93,224.22,0.2666,96.2776,96.4976,0.22,3.7224,3.5024
2269,0.004115,797.9,254.63,0.3191,95.474,95.7414,0.2674,4.526,4.2586
2270,0.002829,777.92,178.83,0.2299,96.888,97.0719,0.1839,3.112,2.9281
2271,0.003281,758.92,182.96,0.2411,96.3905,96.6038,0.2133,3.6095,3.3962
2272,0.004073,795.31,240.32,0.3022,95.52,95.7848,0.2647,4.48,4.2152
2273,0.003979,903.37,169.67,0.1878,95.6226,95.8813,0.2587,4.3774,4.1187
2274,0.003211,921.87,293.97,0.3189,96.4682,96.6769,0.2087,3.5318,3.3231
2275,0.003966,908.86,260.19,0.2863,95.6371,95.8949,0.2578,4.3629,4.1051
2276,0.003914,951.92,276.68,0.2907,95.6942,95.9486,0.2544,4.3058,4.0514
2277,0.003671,776.04,262.39,0.3381,95.9624,96.201,0.2386,4.0376,3.799
2278,0.003734,723.89,179.92,0.2485,95.8927,96.1354,0.2427,4.1073,3.8646
2279,0.003648,714.31,212.4,0.2973,95.9871,96.2243,0.2371,4.0129,3.7757
2280,0.004191,783.24,181.41,0.2316,95.3896,95.662,0.2724,4.6104,4.338
2281,0.002866,686.16,282.14,0.4112,96.8475,97.0338,0.1863,3.1525,2.9662
2282,0.0033,733.93,274.19,0.3736,96.3702,96.5846,0.2145,3.6298,3.4154
2283,0.004052,690.87,159.55,0.2309,95.5425,95.8059,0.2634,4.4575,4.1941
2284,0.003403,889.97,168.1,0.1889,96.2568,96.478,0.2212,3.7432,3.522
2285,0.003114,767.66,201.05,0.2619,96.5749,96.7773,0.2024,3.4251,3.2227
2286,0.003297,695.87,281.66,0.4048,96.3729,96.5873,0.2143,3.6271,3.4127
2287,0.003174,731.4,253.52,0.3466,96.5081,96.7144,0.2063,3.4919,3.2856
2288,0.003522,907.63,255.96,0.282,96.1263,96.3552,0.2289,3.8737,3.6448
2289,0.004097,828.86,218.57,0.2637,95.493,95.7593,0.2663,4.507,4.2407
2290,0.003978,717.72,165.88,0.2311,95.6239,95.8825,0.2586,4.3761,4.1175
2291,0.003655,945.93,292.11,0.3088,95.9797,96.2173,0.2376,4.0203,3.7827
2292,0.003953,694.27,165.81,0.2388,95.6516,95.9086,0.2569,4.3484,4.0914
2293,0.003682,976.1,286.65,0.2937,95.9499,96.1892,0.2393,4.0501,3.8108
2294,0.00302,779.32,216.23,0.2775,96.6782,96.8745,0.1963,3.3218,3.1255
2295,0.003508,929.07,164.89,0.1775,96.1409,96.369,0.228,3.8591,3.631
2296,0.003706,793.77,170.67,0.215,95.9235,96.1644,0.2409,4.0765,3.8356
2297,0.003988,829.3,212.36,0.2561,95.6132,95.8724,0.2592,4.3868,4.1276
2298,0.003877,763.41,271.37,0.3555,95.7357,95.9877,0.252,4.2643,4.0123
2299,0.003278,851.71,162.79,0.1911,96.3944,96.6074,0.2131,3.6056,3.3926
2300,0.003321,936.65,204.1,0.2179,96.3464,96.5623,0.2159,3.6536,3.4377
2301,0.003731,731.55,263.03,0.3595,95.8959,96.1384,0.2425,4.1041,3.8616
2302,0.00339,757.58,270.27,0.3567,96.2705,96.4909,0.2204,3.7295,3.5091
2303,0.003379,819.17,218.81,0.2671,96.2833,96.503,0.2196,3.7167,3.497
2304,0.003993,950.17,204.27,0.215,95.6073,95.8669,0.2596,4.3927,4.1331
2305,0.002842,729.5,151.49,0.2077,96.8742,97.0589,0.1847,3.1258,2.9411
2306,0.003929,1000.84,162.72,0.1626,95.6784,95.9337,0.2554,4.3216,4.0663
2307,0.003241,1013.86,174.65,0.1723,96.4352,96.6458,0.2106,3.5648,3.3542
2308,0.002886,938.13,249.03,0.2655,96.8253,97.0129,0.1876,3.1747,2.9871
2309,0.003698,986.85,158.67,0.1608,95.9321,96.1725,0.2404,4.0679,3.8275
2310,0.003684,922.55,249.05,0.27,95.9473,96.1868,0.2395,4.0527,3.8132
2311,0.003528,780.55,210.3,0.2694,96.1195,96.3488,0.2293,3.8805,3.6512
2312,0.003753,868.23,195.65,0.2253,95.8715,96.1154,0.244,4.1285,3.8846
2313,0.00384,989.14,151.19,0.1528,95.7762,96.0258,0.2496,4.2238,3.9742
2314,0.003192,859.45,288.07,0.3352,96.4891,96.6966,0.2075,3.5109,3.3034
2315,0.00378,831.7,180.77,0.2173,95.8415,96.0873,0.2457,4.1585,3.9127
2316,0.003562,948.04,247.81,0.2614,96.0816,96.3131,0.2315,3.9184,3.6869
2317,0.003776,981.81,267.23,0.2722,95.8459,96.0914,0.2455,4.1541,3.9086
2318,0.003366,747.08,195.23,0.2613,96.2971,96.5159,0.2188,3.7029,3.4841
2319,0.002852,793.73,258.76,0.326,96.8631,97.0484,0.1854,3.1369,2.9516
2320,0.003836,722.84,298.79,0.4134,95.7803,96.0297,0.2493,4.2197,3.9703
2321,0.003197,711.56,232.77,0.3271,96.4828,96.6906,0.2078,3.5172,3.3094
2322,0.00353,937.4,174.0,0.1856,96.1171,96.3466,0.2294,3.8829,3.6534
2323,0.002839,950.84,238.88,0.2512,96.877,97.0616,0.1845,3.123,2.9384
2324,0.003138,943.21,258.98,0.2746,96.5483,96.7523,0.204,3.4517,3.2477
2325,0.004182,717.55,158.99,0.2216,95.4001,95.6719,0.2718,4.5999,4.3281
2326,0.003322,893.18,203.17,0.2275,96.3456,96.5616,0.2159,3.6544,3.4384
2327,0.002867,901.33,168.71,0.1872,96.8465,97.0328,0.1863,3.1535,2.9672
2328,0.003217,930.53,217.97,0.2342,96.4611,96.6703,0.2091,3.5389,3.3297
2329,0.004176,953.83,298.35,0.3128,95.4063,95.6777,0.2714,4.5937,4.3223
2330,0.003592,984.08,244.16,0.2481,96.049,96.2824,0.2335,3.951,3.7176
2331,0.003547,882.49,202.55,0.2295,96.0987,96.3293,0.2305,3.9013,3.6707
2332,0.003198,946.83,257.23,0.2717,96.4818,96.6897,0.2079,3.5182,3.3103
2333,0.003741,922.88,227.95,0.247,95.8845,96.1276,0.2432,4.1155,3.8724
2334,0.003147,791.47,237.36,0.2999,96.5386,96.7432,0.2045,3.4614,3.2568
2335,0.003952,802.83,164.7,0.2051,95.6528,95.9097,0.2569,4.3472,4.0903
2336,0.003796,961.67,162.29,0.1688,95.8241,96.0708,0.2468,4.1759,3.9292
2337,0.002887,982.09,221.44,0.2255,96.8242,97.0119,0.1877,3.1758,2.9881
2338,0.003425,805.56,228.94,0.2842,96.2329,96.4555,0.2226,3.7671,3.5445
2339,0.003624,856.44,209.22,0.2443,96.0141,96.2496,0.2355,3.9859,3.7504
2340,0.003169,849.6,213.51,0.2513,96.5139,96.7199,0.206,3.4861,3.2801
2341,0.003416,996.55,223.43,0.2242,96.2423,96.4643,0.222,3.7577,3.5357
2342,0.004163,960.1,171.65,0.1788,95.4212,95.6917,0.2706,4.5788,4.3083
2343,0.002978,921.79,169.41,0.1838,96.7242,96.9178,0.1936,3.2758,3.0822
2344,0.003786,973.51,167.71,0.1723,95.835,96.0811,0.2461,4.165,3.9189
2345,0.003098,840.94,261.97,0.3115,96.5925,96.7939,0.2014,3.4075,3.2061
2346,0.004122,805.57,292.77,0.3634,95.4661,95.734,0.2679,4.5339,4.266
2347,0.003642,818.93,168.13,0.2053,95.9935,96.2303,0.2367,4.0065,3.7697
2348,0.0036,693.7,173.0,0.2494,96.0395,96.2735,0.234,3.9605,3.7265
2349,0.00332,1016.95,195.49,0.1922,96.3479,96.5637,0.2158,3.6521,3.4363
2350,0.00348,949.01,171.32,0.1805,96.1717,96.3979,0.2262,3.8283,3.6021
2351,0.003625,696.54,284.14,0.4079,96.012,96.2476,0.2357,3.988,3.7524
2352,0.004045,753.3,272.87,0.3622,95.5509,95.8138,0.2629,4.4491,4.1862
2353,0.003484,721.59,202.3,0.2803,96.1673,96.3937,0.2265,3.8327,3.6063
2354,0.004019,821.98,235.96,0.2871,95.5795,95.8408,0.2612,4.4205,4.1592
2355,0.003592,986.1,267.2,0.271,96.0487,96.2822,0.2335,3.9513,3.7178
2356,0.003465,924.81,240.86,0.2604,96.1881,96.4134,0.2252,3.8119,3.5866
2357,0.003867,851.62,219.14,0.2573,95.7466,95.9979,0.2513,4.2534,4.0021
2358,0.00343,832.69,279.95,0.3362,96.2271,96.4501,0.2229,3.7729,3.5499
2359,0.003255,951.94,249.68,0.2623,96.4192,96.6308,0.2116,3.5808,3.3692
2360,0.003373,759.16,209.31,0.2757,96.2892,96.5084,0.2193,3.7108,3.4916
2361,0.003557,1005.75,283.51,0.2819,96.0869,96.3181,0.2312,3.9131,3.6819
2362,0.00383,899.61,279.89,0.3111,95.7867,96.0357,0.249,4.2133,3.9643
2363,0.00379,874.48,269.42,0.3081,95.8309,96.0773,0.2464,4.1691,3.9227
2364,0.00379,870.76,168.57,0.1936,95.8306,96.077,0.2464,4.1694,3.923
2365,0.003583,745.43,242.81,0.3257,96.0586,96.2915,0.2329,3.9414,3.7085
2366,0.003608,697.98,235.54,0.3375,96.0316,96.2661,0.2345,3.9684,3.7339
2367,0.003065,841.78,284.53,0.338,96.6283,96.8276,0.1992,3.3717,3.1724
2368,0.002968,998.3,176.96,0.1773,96.7348,96.9277,0.1929,3.2652,3.0723
2369,0.002827,947.5,186.79,0.1971,96.8908,97.0745,0.1837,3.1092,2.9255
2370,0.003788,981.8,216.63,0.2206,95.8333,96.0796,0.2462,4.1667,3.9204
2371,0.00393,886.33,210.27,0.2372,95.6773,95.9328,0.2554,4.3227,4.0672
2372,0.002863,973.07,153.49,0.1577,96.8507,97.0368,0.1861,3.1493,2.9632
2373,0.003412,821.08,278.95,0.3397,96.247,96.4688,0.2218,3.753,3.5312
2374,0.003244,767.44,167.2,0.2179,96.4312,96.6421,0.2109,3.5688,3.3579
2375,0.002939,737.17,171.61,0.2328,96.767,96.9581,0.191,3.233,3.0419
2376,0.003158,710.47,196.02,0.2759,96.5264,96.7317,0.2053,3.4736,3.2683
2377,0.00337,737.52,242.17,0.3284,96.2928,96.5119,0.2191,3.7072,3.4881
2378,0.003255,689.24,158.78,0.2304,96.4191,96.6307,0.2116,3.5809,3.3693
2379,0.003346,788.81,211.92,0.2687,96.3195,96.537,0.2175,3.6805,3.463
2380,0.003254,807.67,274.16,0.3394,96.4207,96.6322,0.2115,3.5793,3.3678
2381,0.002969,748.87,262.82,0.351,96.7337,96.9267,0.193,3.2663,3.0733
2382,0.00362,847.61,262.86,0.3101,96.0175,96.2528,0.2353,3.9825,3.7472
2383,0.003339,719.13,159.09,0.2212,96.327,96.5441,0.217,3.673,3.4559
2384,0.003451,818.41,222.63,0.272,96.2042,96.4285,0.2243,3.7958,3.5715
2385,0.00337,759.47,282.92,0.3725,96.2925,96.5115,0.2191,3.7075,3.4885
2386,0.003177,1007.58,251.26,0.2494,96.5055,96.712,0.2065,3.4945,3.288
2387,0.003145,868.6,267.78,0.3083,96.5407,96.7451,0.2044,3.4593,3.2549
2388,0.003226,818.29,162.59,0.1987,96.4509,96.6606,0.2097,3.5491,3.3394
2389,0.00369,749.18,295.19,0.394,95.9409,96.1807,0.2399,4.0591,3.8193
2390,0.003323,1015.0,267.3,0.2634,96.3451,96.5611,0.216,3.6549,3.4389
2391,0.003553,824.08,286.72,0.3479,96.0922,96.3231,0.2309,3.9078,3.6769
2392,0.003432,680.34,219.7,0.3229,96.2243,96.4474,0.2231,3.7757,3.5526
2393,0.003961,778.34,295.81,0.3801,95.6428,95.9002,0.2575,4.3572,4.0998
2394,0.002801,997.39,222.33,0.2229,96.9192,97.1012,0.182,3.0808,2.8988
2395,0.003637,965.43,207.02,0.2144,95.9993,96.2357,0.2364,4.0007,3.7643
2396,0.003292,894.95,237.77,0.2657,96.3788,96.5928,0.214,3.6212,3.4072
2397,0.003514,695.46,260.88,0.3751,96.1341,96.3625,0.2284,3.8659,3.6375
2398,0.003588,782.22,209.3,0.2676,96.0529,96.2861,0.2332,3.9471,3.7139
2399,0.002972,727.48,233.47,0.3209,96.7306,96.9238,0.1932,3.2694,3.0762
2400,0.003191,826.87,241.57,0.2921,96.4896,96.6971,0.2074,3.5104,3.3029
2401,0.00414,788.22,252.32,0.3201,95.4456,95.7147,0.2691,4.5544,4.2853
2402,0.00328,768.86,262.9,0.3419,96.3923,96.6055,0.2132,3.6077,3.3945
2403,0.003434,763.62,297.45,0.3895,96.2228,96.446,0.2232,3.7772,3.554
2404,0.003278,836.33,239.93,0.2869,96.3939,96.607,0.2131,3.6061,3.393
2405,0.002822,915.23,246.97,0.2698,96.8956,97.079,0.1834,3.1044,2.921
2406,0.002803,842.02,285.22,0.3387,96.9168,97.099,0.1822,3.0832,2.901
2407,0.003742,820.48,284.29,0.3465,95.884,96.1272,0.2432,4.116,3.8728
2408,0.003785,939.24,230.72,0.2456,95.8369,96.0829,0.246,4.1631,3.9171
2409,0.003902,900.69,161.63,0.1794,95.7075,95.9612,0.2536,4.2925,4.0388
2410,0.002843,962.91,250.74,0.2604,96.8723,97.0572,0.1848,3.1277,2.9428
2411,0.003741,800.02,271.92,0.3399,95.8847,96.1279,0.2432,4.1153,3.8721
2412,0.003958,801.71,176.58,0.2203,95.6457,95.903,0.2573,4.3543,4.097
2413,0.003875,916.99,151.26,0.165,95.7373,95.9892,0.2519,4.2627,4.0108
2414,0.003448,998.32,216.69,0.2171,96.2075,96.4316,0.2241,3.7925,3.5684
2415,0.00311,686.73,192.17,0.2798,96.5789,96.781,0.2022,3.4211,3.219
2416,0.00409,801.66,163.49,0.2039,95.501,95.7669,0.2658,4.499,4.2331
2417,0.003659,783.08,257.67,0.329,95.9753,96.2131,0.2378,4.0247,3.7869
2418,0.003128,847.89,204.45,0.2411,96.5592,96.7626,0.2033,3.4408,3.2374
2419,0.003193,987.53,256.05,0.2593,96.4876,96.6952,0.2075,3.5124,3.3048
2420,0.003093,746.67,273.17,0.3658,96.598,96.799,0.201,3.402,3.201
2421,0.003355,975.77,235.37,0.2412,96.31,96.5281,0.218,3.69,3.4719
2422,0.003492,867.61,248.98,0.287,96.1592,96.3862,0.227,3.8408,3.6138
2423,0.003592,912.01,234.77,0.2574,96.0488,96.2823,0.2335,3.9512,3.7177
2424,0.002892,723.6,159.76,0.2208,96.8193,97.0073,0.1879,3.1807,2.9927
2425,0.003163,873.77,184.19,0.2108,96.5202,96.7258,0.2056,3.4798,3.2742
2426,0.003532,945.97,178.78,0.189,96.1145,96.3441,0.2296,3.8855,3.6559
2427,0.003749,1017.26,253.95,0.2496,95.8759,96.1196,0.2437,4.1241,3.8804
2428,0.003546,765.99,234.02,0.3055,96.0993,96.3298,0.2305,3.9007,3.6702
2429,0.003435,998.88,246.14,0.2464,96.221,96.4443,0.2233,3.779,3.5557
2430,0.00412,697.63,290.81,0.4169,95.4677,95.7355,0.2678,4.5323,4.2645
2431,0.003406,1018.34,191.11,0.1877,96.2539,96.4752,0.2214,3.7461,3.5248
2432,0.003752,838.64,204.22,0.2435,95.8725,96.1164,0.2439,4.1275,3.8836
2433,0.003863,980.49,183.68,0.1873,95.7511,96.0022,0.2511,4.2489,3.9978
2434,0.003189,822.82,217.33,0.2641,96.492,96.6993,0.2073,3.508,3.3007
2435,0.002807,746.17,162.27,0.2175,96.9121,97.0945,0.1825,3.0879,2.9055
2436,0.003601,688.63,260.62,0.3785,96.0394,96.2734,0.234,3.9606,3.7266
2437,0.004169,824.1,161.17,0.1956,95.4137,95.6847,0.271,4.5863,4.3153
2438,0.00315,735.92,196.62,0.2672,96.535,96.7398,0.2047,3.465,3.2602
2439,0.003676,712.89,221.99,0.3114,95.956,96.1949,0.239,4.044,3.8051
2440,0.003931,881.46,243.94,0.2768,95.6756,95.9311,0.2555,4.3244,4.0689
2441,0.003268,765.14,166.18,0.2172,96.4052,96.6176,0.2124,3.5948,3.3824
2442,0.003134,795.87,158.16,0.1987,96.5529,96.7566,0.2037,3.4471,3.2434
2443,0.003267,950.0,291.53,0.3069,96.4063,96.6186,0.2124,3.5937,3.3814
2444,0.003886,890.65,264.61,0.2971,95.7253,95.9779,0.2526,4.2747,4.0221
2445,0.003675,876.84,162.83,0.1857,95.957,96.1959,0.2389,4.043,3.8041
2446,0.002885,691.34,196.99,0.2849,96.8265,97.0141,0.1875,3.1735,2.9859
2447,0.003987,702.11,169.13,0.2409,95.6146,95.8737,0.2591,4.3854,4.1263
2448,0.004087,830.25,195.22,0.2351,95.5046,95.7702,0.2656,4.4954,4.2298
2449,0.003677,702.37,251.63,0.3583,95.9557,96.1947,0.239,4.0443,3.8053
2450,0.003583,780.27,207.22,0.2656,96.0587,96.2916,0.2329,3.9413,3.7084
2451,0.002934,935.67,184.97,0.1977,96.7724,96.9631,0.1907,3.2276,3.0369
2452,0.003639,904.31,151.59,0.1676,95.9967,96.2332,0.2366,4.0033,3.7668
2453,0.003337,950.36,281.99,0.2967,96.3288,96.5457,0.2169,3.6712,3.4543
2454,0.003667,795.47,290.64,0.3654,95.9664,96.2047,0.2383,4.0336,3.7953
2455,0.003896,834.39,199.23,0.2388,95.7143,95.9675,0.2532,4.2857,4.0325
2456,0.003069,714.91,239.28,0.3347,96.6236,96.8231,0.1995,3.3764,3.1769
2457,0.002895,948.4,179.04,0.1888,96.816,97.0041,0.1881,3.184,2.9959
2458,0.003602,896.7,188.44,0.2102,96.0373,96.2714,0.2342,3.9627,3.7286
2459,0.003389,926.37,216.69,0.2339,96.2716,96.492,0.2203,3.7284,3.508
2460,0.00314,950.99,159.07,0.1673,96.5455,96.7497,0.2041,3.4545,3.2503
2461,0.003236,828.19,293.96,0.3549,96.44,96.6504,0.2104,3.56,3.3496
2462,0.003856,785.8,282.78,0.3599,95.7583,96.0089,0.2506,4.2417,3.9911
2463,0.003886,730.12,196.3,0.2689,95.7257,95.9783,0.2526,4.2743,4.0217
2464,0.00328,805.4,151.21,0.1877,96.3919,96.6051,0.2132,3.6081,3.3949
2465,0.003621,910.62,158.6,0.1742,96.0169,96.2522,0.2354,3.9831,3.7478
2466,0.00351,963.96,278.81,0.2892,96.1391,96.3672,0.2281,3.8609,3.6328
2467,0.003391,746.44,180.06,0.2412,96.27,96.4904,0.2204,3.73,3.5096
2468,0.004072,946.99,201.23,0.2125,95.5209,95.7856,0.2647,4.4791,4.2144
2469,0.003735,916.23,297.29,0.3245,95.8915,96.1343,0.2428,4.1085,3.8657
2470,0.00364,792.59,236.76,0.2987,95.9964,96.2329,0.2366,4.0036,3.7671
2471,0.004148,889.48,212.8,0.2392,95.4369,95.7065,0.2696,4.5631,4.2935
2472,0.003027,834.46,268.38,0.3216,96.6701,96.8669,0.1968,3.3299,3.1331
2473,0.002859,754.6,150.55,0.1995,96.855,97.0409,0.1858,3.145,2.9591
2474,0.003112,758.29,243.59,0.3212,96.5765,96.7788,0.2023,3.4235,3.2212
2475,0.003135,929.76,292.89,0.315,96.5519,96.7557,0.2038,3.4481,3.2443
2476,0.003264,931.63,180.8,0.1941,96.4095,96.6216,0.2122,3.5905,3.3784
2477,0.003058,1016.56,204.42,0.2011,96.6363,96.835,0.1988,3.3637,3.165
2478,0.002903,690.21,167.28,0.2424,96.8065,96.9952,0.1887,3.1935,3.0048
2479,0.003207,746.1,237.85,0.3188,96.4725,96.681,0.2084,3.5275,3.319
2480,0.003872,694.93,154.45,0.2223,95.7411,95.9927,0.2517,4.2589,4.0073
2481,0.003077,739.21,282.81,0.3826,96.6153,96.8154,0.2,3.3847,3.1846
2482,0.003806,795.54,233.18,0.2931,95.813,96.0604,0.2474,4.187,3.9396
2483,0.00305,687.31,276.43,0.4022,96.645,96.8433,0.1982,3.355,3.1567
2484,0.004075,687.14,251.62,0.3662,95.5176,95.7825,0.2649,4.4824,4.2175
2485,0.00333,947.72,166.65,0.1758,96.3365,96.5529,0.2165,3.6635,3.4471
2486,0.004111,783.72,186.02,0.2374,95.4784,95.7456,0.2672,4.5216,4.2544
2487,0.003933,904.71,291.17,0.3218,95.6734,95.9291,0.2557,4.3266,4.0709
2488,0.004168,1019.22,282.25,0.2769,95.4153,95.6862,0.2709,4.5847,4.3138
2489,0.00403,702.23,171.66,0.2445,95.5673,95.8292,0.2619,4.4327,4.1708
2490,0.004094,950.27,178.75,0.1881,95.4968,95.7629,0.2661,4.5032,4.2371
2491,0.003329,807.25,239.93,0.2972,96.3376,96.554,0.2164,3.6624,3.446
2492,0.004168,763.15,156.93,0.2056,95.4154,95.6864,0.2709,4.5846,4.3136
2493,0.003662,744.29,230.32,0.3094,95.9713,96.2094,0.2381,4.0287,3.7906
2494,0.003905,791.41,157.99,0.1996,95.704,95.9579,0.2539,4.296,4.0421
2495,0.003914,976.77,277.73,0.2843,95.6948,95.9492,0.2544,4.3052,4.0508
2496,0.004156,981.18,181.39,0.1849,95.4287,95.6988,0.2701,4.5713,4.3012
2497,0.002914,840.03,249.53,0.297,96.7946,96.984,0.1894,3.2054,3.016
2498,0.002891,852.93,262.7,0.308,96.8201,97.008,0.1879,3.1799,2.992
2499,0.003703,853.11,224.79,0.2635,95.9266,96.1673,0.2407,4.0734,3.8327
2500,0.00345,789.42,206.08,0.2611,96.205,96.4293,0.2242,3.795,3.5707
2501,0.003772,923.32,224.22,0.2428,95.8505,96.0957,0.2452,4.1495,3.9043
2502,0.003176,816.32,288.18,0.353,96.5068,96.7132,0.2064,3.4932,3.2868
2503,0.003618,692.45,182.93,0.2642,96.0207,96.2558,0.2351,3.9793,3.7442
2504,0.003084,973.48,209.38,0.2151,96.6074,96.8079,0.2005,3.3926,3.1921
2505,0.003228,982.16,235.71,0.24,96.4488,96.6586,0.2098,3.5512,3.3414
2506,0.00411,807.2,232.58,0.2881,95.4793,95.7465,0.2671,4.5207,4.2535
2507,0.002988,708.57,216.68,0.3058,96.7131,96.9074,0.1942,3.2869,3.0926
2508,0.003292,878.55,219.79,0.2502,96.3786,96.5926,0.214,3.6214,3.4074
2509,0.00367,824.87,220.13,0.2669,95.9635,96.202,0.2385,4.0365,3.798
2510,0.003373,953.53,197.55,0.2072,96.2902,96.5094,0.2192,3.7098,3.4906
2511,0.003335,741.05,185.07,0.2497,96.3311,96.5479,0.2168,3.6689,3.4521
2512,0.003703,802.09,162.36,0.2024,95.9262,96.1669,0.2407,4.0738,3.8331
2513,0.00398,854.35,246.55,0.2886,95.6224,95.8811,0.2587,4.3776,4.1189
2514,0.0039,995.05,164.76,0.1656,95.7098,95.9633,0.2535,4.2902,4.0367
2515,0.0029,693.02,180.05,0.2598,96.8101,96.9986,0.1885,3.1899,3.0014
2516,0.003075,791.94,195.41,0.2467,96.6172,96.8171,0.1999,3.3828,3.1829
2517,0.003942,912.4,191.17,0.2095,95.664,95.9202,0.2562,4.336,4.0798
2518,0.003788,1019.32,299.76,0.2941,95.8333,96.0795,0.2462,4.1667,3.9205
2519,0.003853,931.54,286.86,0.3079,95.7613,96.0118,0.2505,4.2387,3.9882
2520,0.002812,781.82,273.35,0.3496,96.9069,97.0896,0.1828,3.0931,2.9104
2521,0.003896,817.3,210.86,0.258,95.714,95.9672,0.2533,4.286,4.0328
2522,0.003612,902.8,220.8,0.2446,96.0269,96.2616,0.2348,3.9731,3.7384
2523,0.003518,938.79,172.39,0.1836,96.1305,96.3592,0.2287,3.8695,3.6408
2524,0.003357,757.15,262.37,0.3465,96.3078,96.526,0.2182,3.6922,3.474
2525,0.003464,855.38,267.9,0.3132,96.1894,96.4145,0.2252,3.8106,3.5855
2526,0.003861,925.65,219.21,0.2368,95.7533,96.0042,0.2509,4.2467,3.9958
2527,0.003909,786.45,178.18,0.2266,95.7005,95.9545,0.2541,4.2995,4.0455
2528,0.003878,917.3,181.44,0.1978,95.734,95.9861,0.2521,4.266,4.0139
2529,0.00343,869.87,206.21,0.2371,96.227,96.45,0.2229,3.773,3.55
2530,0.003609,723.64,291.5,0.4028,96.0306,96.2652,0.2346,3.9694,3.7348
2531,0.002814,955.54,275.14,0.2879,96.9051,97.088,0.1829,3.0949,2.912
2532,0.003276,822.51,252.86,0.3074,96.3967,96.6096,0.2129,3.6033,3.3904
2533,0.003365,944.74,230.64,0.2441,96.2988,96.5175,0.2187,3.7012,3.4825
2534,0.003257,687.9,267.8,0.3893,96.4178,96.6295,0.2117,3.5822,3.3705
2535,0.004091,732.26,292.9,0.4,95.4999,95.7658,0.2659,4.5001,4.2342
2536,0.003262,894.15,240.45,0.2689,96.4114,96.6235,0.2121,3.5886,3.3765
2537,0.003651,974.76,297.03,0.3047,95.9839,96.2212,0.2373,4.0161,3.7788
2538,0.003086,812.82,230.17,0.2832,96.6055,96.8061,0.2006,3.3945,3.1939
2539,0.003064,716.94,235.43,0.3284,96.63,96.8291,0.1991,3.37,3.1709
2540,0.003432,984.21,163.99,0.1666,96.2246,96.4477,0.2231,3.7754,3.5523
2541,0.002946,867.99,154.81,0.1784,96.7594,96.9509,0.1915,3.2406,3.0491
2542,0.003765,846.13,178.0,0.2104,95.8589,96.1036,0.2447,4.1411,3.8964
2543,0.002897,1007.42,192.57,0.1912,96.813,97.0013,0.1883,3.187,2.9987
2544,0.003126,904.25,160.5,0.1775,96.5611,96.7643,0.2032,3.4389,3.2357
2545,0.00288,856.3,175.77,0.2053,96.8315,97.0188,0.1872,3.1685,2.9812
2546,0.004004,819.69,173.56,0.2117,95.5961,95.8563,0.2602,4.4039,4.1437
2547,0.002955,862.39,221.74,0.2571,96.7495,96.9415,0.1921,3.2505,3.0585
2548,0.002896,1004.73,279.85,0.2785,96.8141,97.0024,0.1883,3.1859,2.9976
2549,0.002982,749.93,214.83,0.2865,96.7199,96.9137,0.1938,3.2801,3.0863
2550,0.003794,841.43,240.56,0.2859,95.8271,96.0737,0.2466,4.1729,3.9263
2551,0.004115,879.75,225.37,0.2562,95.4737,95.7412,0.2675,4.5263,4.2588
2552,0.003759,773.65,151.12,0.1953,95.8654,96.1097,0.2443,4.1346,3.8903
2553,0.003,701.75,209.89,0.2991,96.7003,96.8952,0.195,3.2997,3.1048
2554,0.003931,858.79,286.55,0.3337,95.6763,95.9318,0.2555,4.3237,4.0682
2555,0.004031,836.47,236.42,0.2826,95.566,95.828,0.262,4.434,4.172
2556,0.003832,777.89,282.15,0.3627,95.7846,96.0337,0.2491,4.2154,3.9663
2557,0.003439,918.11,256.75,0.2796,96.2173,96.4408,0.2235,3.7827,3.5592
2558,0.003216,888.43,271.5,0.3056,96.4619,96.671,0.2091,3.5381,3.329
2559,0.003045,764.71,284.99,0.3727,96.6503,96.8482,0.1979,3.3497,3.1518
2560,0.003827,835.66,286.62,0.343,95.7908,96.0395,0.2487,4.2092,3.9605
2561,0.003057,873.33,209.03,0.2394,96.6375,96.8362,0.1987,3.3625,3.1638
2562,0.004124,761.5,280.58,0.3685,95.4636,95.7317,0.2681,4.5364,4.2683
2563,0.003183,893.55,193.78,0.2169,96.4984,96.7053,0.2069,3.5016,3.2947
2564,0.004083,917.33,258.36,0.2816,95.5089,95.7743,0.2654,4.4911,4.2257
2565,0.003104,847.79,298.86,0.3525,96.5854,96.7872,0.2018,3.4146,3.2128
2566,0.003574,1018.41,161.48,0.1586,96.0687,96.301,0.2323,3.9313,3.699
2567,0.002947,940.62,198.9,0.2115,96.758,96.9495,0.1916,3.242,3.0505
2568,0.003431,765.94,225.91,0.2949,96.2256,96.4486,0.223,3.7744,3.5514
2569,0.003447,704.89,254.17,0.3606,96.2083,96.4323,0.2241,3.7917,3.5677
2570,0.00385,809.59,261.89,0.3235,95.7654,96.0156,0.2502,4.2346,3.9844
2571,0.003998,814.87,151.61,0.1861,95.6021,95.862,0.2599,4.3979,4.138
2572,0.002961,991.83,199.07,0.2007,96.7434,96.9358,0.1924,3.2566,3.0642
2573,0.003848,844.82,160.24,0.1897,95.767,96.0172,0.2501,4.233,3.9828
2574,0.003568,762.38,292.5,0.3837,96.0754,96.3073,0.2319,3.9246,3.6927
2575,0.002996,958.95,276.23,0.2881,96.704,96.8988,0.1948,3.296,3.1012
2576,0.003039,686.14,165.08,0.2406,96.6573,96.8548,0.1975,3.3427,3.1452
2577,0.003212,861.78,208.63,0.2421,96.467,96.6758,0.2088,3.533,3.3242
2578,0.002909,939.62,251.61,0.2678,96.8005,96.9896,0.1891,3.1995,3.0104
2579,0.003015,801.75,182.5,0.2276,96.6836,96.8796,0.196,3.3164,3.1204
2580,0.002848,909.52,182.42,0.2006,96.867,97.0521,0.1851,3.133,2.9479
2581,0.003775,964.41,271.73,0.2818,95.847,96.0924,0.2454,4.153,3.9076
2582,0.003697,923.58,284.55,0.3081,95.9328,96.1732,0.2403,4.0672,3.8268
2583,0.003347,784.83,157.86,0.2011,96.3184,96.536,0.2175,3.6816,3.464
2584,0.002807,942.62,265.07,0.2812,96.9128,97.0952,0.1824,3.0872,2.9048
2585,0.0041,807.38,185.78,0.2301,95.4896,95.7561,0.2665,4.5104,4.2439
2586,0.002928,823.37,298.39,0.3624,96.7793,96.9696,0.1903,3.2207,3.0304
2587,0.003272,745.33,250.34,0.3359,96.4008,96.6135,0.2127,3.5992,3.3865
2588,0.003109,979.98,269.54,0.275,96.5803,96.7824,0.2021,3.4197,3.2176
2589,0.003963,737.08,175.06,0.2375,95.6411,95.8987,0.2576,4.3589,4.1013
2590,0.003382,716.61,199.07,0.2778,96.2799,96.4997,0.2198,3.7201,3.5003
2591,0.003587,744.45,181.07,0.2432,96.0544,96.2876,0.2331,3.9456,3.7124
2592,0.003558,999.23,168.12,0.1682,96.0858,96.3171,0.2313,3.9142,3.6829
2593,0.003099,801.24,176.04,0.2197,96.5908,96.7922,0.2015,3.4092,3.2078
2594,0.003363,787.52,208.38,0.2646,96.3007,96.5193,0.2186,3.6993,3.4807
2595,0.003442,702.45,272.26,0.3876,96.2135,96.4372,0.2237,3.7865,3.5628
2596,0.00371,805.45,160.1,0.1988,95.9191,96.1602,0.2411,4.0809,3.8398
2597,0.003106,782.52,239.83,0.3065,96.5834,96.7853,0.2019,3.4166,3.2147
2598,0.004176,714.62,230.43,0.3224,95.406,95.6775,0.2715,4.594,4.3225
2599,0.004187,969.16,175.72,0.1813,95.3946,95.6667,0.2721,4.6054,4.3333
2600,0.004143,883.95,297.21,0.3362,95.4431,95.7124,0.2693,4.5569,4.2876
2601,0.003775,910.49,295.86,0.3249,95.8477,96.093,0.2454,4.1523,3.907
2602,0.003771,792.9,245.3,0.3094,95.8517,96.0968,0.2451,4.1483,3.9032
2603,0.004038,788.11,277.73,0.3524,95.5587,95.8211,0.2624,4.4413,4.1789
2604,0.003475,793.94,241.28,0.3039,96.1775,96.4034,0.2259,3.8225,3.5966
2605,0.003619,810.01,246.09,0.3038,96.019,96.2543,0.2352,3.981,3.7457
2606,0.003125,879.74,298.26,0.339,96.5621,96.7652,0.2032,3.4379,3.2348
2607,0.003126,889.56,284.52,0.3198,96.5618,96.765,0.2032,3.4382,3.235
2608,0.003232,930.89,263.59,0.2832,96.4444,96.6545,0.2101,3.5556,3.3455
2609,0.003668,700.37,206.18,0.2944,95.9656,96.204,0.2384,4.0344,3.796
2610,0.003215,731.57,180.66,0.2469,96.4632,96.6722,0.209,3.5368,3.3278
2611,0.002853,993.96,239.71,0.2412,96.8616,97.0471,0.1854,3.1384,2.9529
2612,0.004124,931.35,199.3,0.214,95.4634,95.7314,0.2681,4.5366,4.2686
2613,0.003189,898.82,264.07,0.2938,96.4917,96.699,0.2073,3.5083,3.301
2614,0.003529,1012.37,247.21,0.2442,96.1179,96.3473,0.2294,3.8821,3.6527
2615,0.003204,688.06,277.04,0.4026,96.4758,96.684,0.2082,3.5242,3.316
2616,0.003264,762.36,230.9,0.3029,96.4098,96.622,0.2121,3.5902,3.378
2617,0.004069,906.1,187.25,0.2067,95.5238,95.7883,0.2645,4.4762,4.2117
2618,0.003762,924.63,241.21,0.2609,95.8615,96.106,0.2445,4.1385,3.894
2619,0.003334,789.36,216.35,0.2741,96.3325,96.5492,0.2167,3.6675,3.4508
2620,0.002808,975.75,160.5,0.1645,96.9107,97.0932,0.1825,3.0893,2.9068
2621,0.003069,895.68,171.23,0.1912,96.6236,96.8231,0.1995,3.3764,3.1769
2622,0.003086,711.2,238.89,0.3359,96.6055,96.8061,0.2006,3.3945,3.1939
2623,0.003964,996.82,185.45,0.186,95.6399,95.8976,0.2576,4.3601,4.1024
2624,0.002909,926.5,196.72,0.2123,96.7996,96.9887,0.1891,3.2004,3.0113
2625,0.00381,763.27,176.47,0.2312,95.8086,96.0563,0.2477,4.1914,3.9437
2626,0.003149,777.02,217.24,0.2796,96.5366,96.7412,0.2047,3.4634,3.2588
2627,0.00369,772.43,267.19,0.3459,95.9412,96.181,0.2398,4.0588,3.819
2628,0.002912,1010.67,209.74,0.2075,96.7968,96.9861,0.1893,3.2032,3.0139
2629,0.003035,830.07,225.79,0.272,96.6616,96.8589,0.1973,3.3384,3.1411
2630,0.003829,938.51,272.94,0.2908,95.7882,96.0371,0.2489,4.2118,3.9629
2631,0.003911,686.74,207.21,0.3017,95.6979,95.9521,0.2542,4.3021,4.0479
2632,0.003996,938.01,288.23,0.3073,95.6048,95.8645,0.2597,4.3952,4.1355
2633,0.003633,731.95,259.0,0.3538,96.0034,96.2396,0.2362,3.9966,3.7604
2634,0.00316,837.64,218.04,0.2603,96.5238,96.7292,0.2054,3.4762,3.2708
2635,0.003325,886.05,160.79,0.1815,96.3423,96.5584,0.2161,3.6577,3.4416
2636,0.002991,839.55,173.21,0.2063,96.7095,96.904,0.1944,3.2905,3.096
2637,0.003065,684.36,225.1,0.3289,96.628,96.8272,0.1993,3.372,3.1728
2638,0.003815,847.09,288.85,0.341,95.803,96.051,0.248,4.197,3.949
2639,0.004116,1009.97,205.97,0.2039,95.472,95.7395,0.2676,4.528,4.2605
2640,0.003485,897.96,238.25,0.2653,96.1661,96.3926,0.2265,3.8339,3.6074
2641,0.003372,693.2,288.24,0.4158,96.2905,96.5097,0.2192,3.7095,3.4903
2642,0.003339,872.31,179.13,0.2054,96.3274,96.5444,0.217,3.6726,3.4556
2643,0.003411,766.79,286.96,0.3742,96.2481,96.4698,0.2217,3.7519,3.5302
2644,0.003811,853.27,223.29,0.2617,95.8077,96.0555,0.2477,4.1923,3.9445
2645,0.003764,916.79,247.64,0.2701,95.8597,96.1044,0.2447,4.1403,3.8956
2646,0.004097,930.13,186.35,0.2004,95.4932,95.7595,0.2663,4.5068,4.2405
2647,0.002848,956.46,244.64,0.2558,96.8669,97.052,0.1851,3.1331,2.948
2648,0.003747,917.14,246.8,0.2691,95.8783,96.1219,0.2436,4.1217,3.8781
2649,0.003166,834.86,252.16,0.302,96.5176,96.7233,0.2058,3.4824,3.2767
2650,0.003156,884.73,292.77,0.3309,96.5284,96.7335,0.2051,3.4716,3.2665
2651,0.003978,684.19,265.65,0.3883,95.6241,95.8826,0.2586,4.3759,4.1174
2652,0.003702,991.74,209.65,0.2114,95.9276,96.1683,0.2406,4.0724,3.8317
2653,0.003621,986.34,227.78,0.2309,96.0173,96.2527,0.2353,3.9827,3.7473
2654,0.003064,823.8,274.46,0.3332,96.6292,96.8284,0.1992,3.3708,3.1716
2655,0.003154,782.75,295.15,0.3771,96.5306,96.7356,0.205,3.4694,3.2644
2656,0.003722,810.15,196.2,0.2422,95.9059,96.1479,0.2419,4.0941,3.8521
2657,0.003376,977.98,259.15,0.265,96.2861,96.5056,0.2195,3.7139,3.4944
2658,0.002924,896.3,266.5,0.2973,96.7831,96.9732,0.1901,3.2169,3.0268
2659,0.003282,728.52,262.31,0.3601,96.3896,96.603,0.2133,3.6104,3.397
2660,0.004102,815.31,196.22,0.2407,95.4878,95.7544,0.2666,4.5122,4.2456
2661,0.004182,957.57,150.24,0.1569,95.4,95.6718,0.2718,4.6,4.3282
2662,0.002898,916.75,228.74,0.2495,96.8124,97.0008,0.1884,3.1876,2.9992
2663,0.003716,929.23,175.6,0.189,95.912,96.1536,0.2416,4.088,3.8464
2664,0.003325,919.38,179.7,0.1955,96.343,96.5591,0.2161,3.657,3.4409
2665,0.003055,1002.48,217.6,0.2171,96.6397,96.8383,0.1986,3.3603,3.1617
2666,0.00394,743.12,158.85,0.2138,95.6659,95.922,0.2561,4.3341,4.078
2667,0.003056,938.12,188.9,0.2014,96.6386,96.8372,0.1986,3.3614,3.1628
2668,0.004063,818.99,244.03,0.298,95.5305,95.7946,0.2641,4.4695,4.2054
2669,0.003674,975.24,174.92,0.1794,95.9584,96.1972,0.2388,4.0416,3.8028
2670,0.00321,808.43,191.51,0.2369,96.4686,96.6773,0.2087,3.5314,3.3227
2671,0.003279,879.12,221.68,0.2522,96.3931,96.6062,0.2131,3.6069,3.3938
2672,0.003742,714.28,159.16,0.2228,95.8839,96.1271,0.2432,4.1161,3.8729
2673,0.003853,682.46,237.37,0.3478,95.7622,96.0126,0.2504,4.2378,3.9874
2674,0.004183,712.93,228.35,0.3203,95.3991,95.6709,0.2719,4.6009,4.3291
2675,0.00281,885.01,298.03,0.3368,96.9088,97.0915,0.1827,3.0912,2.9085
2676,0.003866,996.92,220.98,0.2217,95.7475,95.9988,0.2513,4.2525,4.0012
2677,0.003272,826.01,205.62,0.2489,96.401,96.6136,0.2127,3.599,3.3864
2678,0.004046,1019.81,272.53,0.2672,95.5492,95.8122,0.263,4.4508,4.1878
2679,0.004117,906.13,206.77,0.2282,95.4709,95.7385,0.2676,4.5291,4.2615
2680,0.00288,801.05,199.54,0.2491,96.8318,97.0191,0.1872,3.1682,2.9809
2681,0.00294,835.35,254.75,0.305,96.7657,96.9568,0.1911,3.2343,3.0432
2682,0.003815,981.91,170.83,0.174,95.8032,96.0512,0.248,4.1968,3.9488
2683,0.003643,975.46,191.92,0.1967,95.9931,96.2298,0.2368,4.0069,3.7702
2684,0.003779,957.12,205.26,0.2145,95.8431,96.0888,0.2456,4.1569,3.9112
2685,0.003666,904.02,221.28,0.2448,95.9677,96.206,0.2383,4.0323,3.794
2686,0.003378,743.9,297.93,0.4005,96.2838,96.5034,0.2196,3.7162,3.4966
2687,0.004141,956.29,152.49,0.1595,95.4454,95.7145,0.2691,4.5546,4.2855
2688,0.003304,695.56,271.13,0.3898,96.3653,96.5801,0.2148,3.6347,3.4199
2689,0.003256,831.06,241.01,0.29,96.4187,96.6303,0.2116,3.5813,3.3697
2690,0.00336,888.28,162.21,0.1826,96.3037,96.5222,0.2184,3.6963,3.4778
2691,0.003399,996.7,289.63,0.2906,96.261,96.4819,0.2209,3.739,3.5181
2692,0.004182,971.41,285.78,0.2942,95.4002,95.672,0.2718,4.5998,4.328
2693,0.003828,779.91,179.26,0.2298,95.7892,96.038,0.2488,4.2108,3.962
2694,0.003,856.82,235.78,0.2752,96.6995,96.8946,0.195,3.3005,3.1054
2695,0.004,851.58,169.18,0.1987,95.6005,95.8605,0.26,4.3995,4.1395
2696,0.003916,782.46,250.96,0.3207,95.6929,95.9474,0.2545,4.3071,4.0526
2697,0.003568,977.43,175.21,0.1793,96.0749,96.3069,0.2319,3.9251,3.6931
2698,0.003425,719.33,249.4,0.3467,96.2327,96.4553,0.2226,3.7673,3.5447
2699,0.003137,751.96,262.99,0.3497,96.549,96.7529,0.2039,3.451,3.2471
2700,0.003724,710.41,215.23,0.303,95.904,96.146,0.242,4.096,3.854
2701,0.003802,734.48,289.35,0.3939,95.8177,96.0649,0.2471,4.1823,3.9351
2702,0.004064,940.55,183.06,0.1946,95.5299,95.7941,0.2641,4.4701,4.2059
2703,0.003161,841.94,284.63,0.3381,96.5233,96.7287,0.2054,3.4767,3.2713
2704,0.002972,726.16,230.18,0.317,96.7304,96.9236,0.1932,3.2696,3.0764
2705,0.003816,710.75,253.77,0.357,95.8029,96.0509,0.248,4.1971,3.9491
2706,0.004021,996.81,264.95,0.2658,95.5772,95.8386,0.2613,4.4228,4.1614
2707,0.003641,898.96,206.55,0.2298,95.995,96.2316,0.2367,4.005,3.7684
2708,0.003804,930.24,207.25,0.2228,95.8151,96.0624,0.2473,4.1849,3.9376
2709,0.003699,871.05,278.42,0.3196,95.9312,96.1716,0.2404,4.0688,3.8284
2710,0.003932,756.01,167.35,0.2214,95.675,95.9306,0.2556,4.325,4.0694
2711,0.002923,710.31,261.09,0.3676,96.785,96.975,0.19,3.215,3.025
2712,0.004112,933.17,167.42,0.1794,95.4767,95.744,0.2673,4.5233,4.256
2713,0.003315,970.13,293.11,0.3021,96.3537,96.5691,0.2155,3.6463,3.4309
2714,0.003608,680.57,159.28,0.234,96.0315,96.266,0.2345,3.9685,3.734
2715,0.00355,968.02,296.98,0.3068,96.0952,96.3259,0.2307,3.9048,3.6741
2716,0.003248,804.11,251.9,0.3133,96.4277,96.6388,0.2111,3.5723,3.3612
2717,0.003915,856.72,240.24,0.2804,95.6933,95.9478,0.2545,4.3067,4.0522
2718,0.003111,814.41,230.74,0.2833,96.5779,96.7801,0.2022,3.4221,3.2199
2719,0.003445,729.2,291.43,0.3997,96.2107,96.4346,0.2239,3.7893,3.5654
2720,0.003972,849.94,218.37,0.2569,95.6307,95.8889,0.2582,4.3693,4.1111
2721,0.003642,729.6,249.8,0.3424,95.9937,96.2305,0.2367,4.0063,3.7695
2722,0.003922,919.01,239.83,0.261,95.686,95.9409,0.2549,4.314,4.0591
2723,0.003232,1016.71,168.52,0.1657,96.4443,96.6544,0.2101,3.5557,3.3456
2724,0.004196,920.22,221.74,0.241,95.3849,95.6576,0.2727,4.6151,4.3424
2725,0.00396,848.31,255.62,0.3013,95.6438,95.9012,0.2574,4.3562,4.0988
2726,0.003327,1013.59,199.97,0.1973,96.3399,96.5561,0.2163,3.6601,3.4439
2727,0.003959,751.61,259.9,0.3458,95.6451,95.9024,0.2573,4.3549,4.0976
2728,0.003935,918.14,157.88,0.172,95.672,95.9277,0.2557,4.328,4.0723
2729,0.004012,740.87,223.13,0.3012,95.5872,95.848,0.2608,4.4128,4.152
2730,0.003349,1014.69,248.89,0.2453,96.3166,96.5343,0.2177,3.6834,3.4657
2731,0.003988,1016.96,232.19,0.2283,95.6133,95.8725,0.2592,4.3867,4.1275
2732,0.003272,910.49,298.55,0.3279,96.4004,96.6131,0.2127,3.5996,3.3869
2733,0.003861,812.96,229.18,0.2819,95.7531,96.0041,0.251,4.2469,3.9959
2734,0.003196,916.77,179.26,0.1955,96.4841,96.6919,0.2078,3.5159,3.3081
2735,0.003999,813.88,169.64,0.2084,95.6014,95.8613,0.2599,4.3986,4.1387
2736,0.003853,877.33,270.76,0.3086,95.7615,96.012,0.2505,4.2385,3.988
2737,0.00399,921.26,218.63,0.2373,95.6113,95.8706,0.2593,4.3887,4.1294
2738,0.003029,726.77,254.39,0.35,96.6679,96.8648,0.1969,3.3321,3.1352
2739,0.003208,729.24,182.72,0.2506,96.4717,96.6802,0.2085,3.5283,3.3198
2740,0.003848,930.01,151.37,0.1628,95.7675,96.0176,0.2501,4.2325,3.9824
2741,0.003816,875.73,251.75,0.2875,95.802,96.0501,0.2481,4.198,3.9499
2742,0.004184,730.19,292.56,0.4007,95.3977,95.6697,0.272,4.6023,4.3303
2743,0.003398,966.16,288.9,0.299,96.2622,96.4831,0.2209,3.7378,3.5169
2744,0.002934,1011.21,176.94,0.175,96.7721,96.9628,0.1907,3.2279,3.0372
2745,0.002873,1013.29,247.51,0.2443,96.8392,97.026,0.1868,3.1608,2.974
2746,0.003631,1009.71,244.05,0.2417,96.0062,96.2422,0.236,3.9938,3.7578
2747,0.003366,691.56,186.13,0.2691,96.2978,96.5166,0.2188,3.7022,3.4834
2748,0.003484,913.91,293.18,0.3208,96.1675,96.394,0.2265,3.8325,3.606
2749,0.003714,807.63,253.77,0.3142,95.9147,96.1561,0.2414,4.0853,3.8439
2750,0.003913,903.9,266.66,0.295,95.6952,95.9496,0.2544,4.3048,4.0504
2751,0.004011,901.11,191.28,0.2123,95.5881,95.8488,0.2607,4.4119,4.1512
2752,0.003714,804.89,168.0,0.2087,95.9141,96.1555,0.2414,4.0859,3.8445
2753,0.002916,846.33,250.32,0.2958,96.7927,96.9823,0.1895,3.2073,3.0177
2754,0.003514,687.83,235.95,0.343,96.135,96.3634,0.2284,3.865,3.6366
2755,0.003602,773.07,261.8,0.3387,96.0381,96.2723,0.2341,3.9619,3.7277
2756,0.003912,741.57,222.63,0.3002,95.6967,95.951,0.2543,4.3033,4.049
2757,0.003702,827.44,235.71,0.2849,95.9273,96.168,0.2407,4.0727,3.832
2758,0.002939,701.59,286.33,0.4081,96.7669,96.9579,0.191,3.2331,3.0421
2759,0.003913,742.86,271.93,0.3661,95.6954,95.9497,0.2544,4.3046,4.0503
2760,0.002828,869.06,230.46,0.2652,96.8896,97.0734,0.1838,3.1104,2.9266
2761,0.003937,846.11,227.84,0.2693,95.6692,95.9251,0.2559,4.3308,4.0749
2762,0.003619,922.67,268.51,0.291,96.0195,96.2547,0.2352,3.9805,3.7453
2763,0.002974,936.02,294.85,0.315,96.7289,96.9222,0.1933,3.2711,3.0778
2764,0.004057,741.43,239.87,0.3235,95.5377,95.8014,0.2637,4.4623,4.1986
2765,0.003052,868.61,270.08,0.3109,96.6429,96.8413,0.1984,3.3571,3.1587
2766,0.002972,723.8,180.93,0.25,96.7305,96.9237,0.1932,3.2695,3.0763
2767,0.003026,871.25,277.72,0.3188,96.6717,96.8684,0.1967,3.3283,3.1316
2768,0.002849,1013.18,225.92,0.223,96.8661,97.0513,0.1852,3.1339,2.9487
2769,0.003309,865.11,213.46,0.2467,96.3601,96.5752,0.2151,3.6399,3.4248
2770,0.004123,680.03,195.09,0.2869,95.4643,95.7324,0.268,4.5357,4.2676
2771,0.004125,856.61,267.42,0.3122,95.4628,95.7309,0.2681,4.5372,4.2691
2772,0.003723,831.27,236.56,0.2846,95.9049,96.1469,0.242,4.0951,3.8531
2773,0.003773,857.71,297.9,0.3473,95.8495,96.0948,0.2453,4.1505,3.9052
2774,0.003293,862.99,181.48,0.2103,96.3777,96.5918,0.214,3.6223,3.4082
2775,0.002939,958.72,185.57,0.1936,96.7675,96.9585,0.191,3.2325,3.0415
2776,0.003063,781.9,274.89,0.3516,96.6304,96.8295,0.1991,3.3696,3.1705
2777,0.00414,884.73,182.41,0.2062,95.4456,95.7147,0.2691,4.5544,4.2853
2778,0.003303,723.69,243.35,0.3363,96.367,96.5817,0.2147,3.633,3.4183
2779,0.002904,766.69,207.27,0.2703,96.8055,96.9943,0.1888,3.1945,3.0057
2780,0.004065,816.02,162.49,0.1991,95.5284,95.7926,0.2642,4.4716,4.2074
2781,0.003156,824.62,254.18,0.3082,96.5286,96.7337,0.2051,3.4714,3.2663
2782,0.00355,703.99,259.9,0.3692,96.0947,96.3255,0.2308,3.9053,3.6745
2783,0.004194,916.91,178.89,0.1951,95.3871,95.6597,0.2726,4.6129,4.3403
2784,0.003321,903.49,273.08,0.3022,96.3469,96.5628,0.2159,3.6531,3.4372
2785,0.003647,822.69,173.02,0.2103,95.9884,96.2254,0.237,4.0116,3.7746
2786,0.004189,827.43,153.89,0.186,95.3916,95.6639,0.2723,4.6084,4.3361
2787,0.003645,706.36,168.69,0.2388,95.9904,96.2274,0.2369,4.0096,3.7726
2788,0.002954,866.45,159.89,0.1845,96.7506,96.9426,0.192,3.2494,3.0574
2789,0.003696,803.36,200.03,0.249,95.9341,96.1744,0.2403,4.0659,3.8256
2790,0.003183,975.41,183.86,0.1885,96.4992,96.7061,0.2069,3.5008,3.2939
2791,0.002814,808.23,295.32,0.3654,96.9048,97.0877,0.1829,3.0952,2.9123
2792,0.00333,715.7,288.85,0.4036,96.3369,96.5534,0.2165,3.6631,3.4466
2793,0.003046,927.63,195.98,0.2113,96.6494,96.8474,0.198,3.3506,3.1526
2794,0.00395,846.47,229.34,0.2709,95.6551,95.9119,0.2567,4.3449,4.0881
2795,0.003781,974.24,232.73,0.2389,95.8413,96.087,0.2457,4.1587,3.913
2796,0.00365,984.83,175.61,0.1783,95.9845,96.2218,0.2373,4.0155,3.7782
2797,0.004125,812.45,201.78,0.2484,95.4624,95.7305,0.2681,4.5376,4.2695
2798,0.003838,1009.12,229.75,0.2277,95.7784,96.0279,0.2495,4.2216,3.9721
2799,0.003632,968.87,221.53,0.2286,96.0043,96.2404,0.2361,3.9957,3.7596
2800,0.002979,683.23,227.03,0.3323,96.7235,96.9171,0.1936,3.2765,3.0829
2801,0.003018,722.97,206.82,0.2861,96.6805,96.8767,0.1961,3.3195,3.1233
2802,0.00383,697.97,258.81,0.3708,95.7874,96.0364,0.2489,4.2126,3.9636
2803,0.004164,920.55,187.37,0.2035,95.4193,95.6899,0.2707,4.5807,4.3101
2804,0.003652,920.31,177.47,0.1928,95.9826,96.22,0.2374,4.0174,3.78
2805,0.004181,951.48,225.33,0.2368,95.4012,95.6729,0.2717,4.5988,4.3271
2806,0.003186,825.44,291.25,0.3528,96.4952,96.7023,0.2071,3.5048,3.2977
2807,0.004034,956.77,195.78,0.2046,95.5627,95.8249,0.2622,4.4373,4.1751
2808,0.004001,1002.13,210.98,0.2105,95.5988,95.8589,0.2601,4.4012,4.1411
2809,0.003238,710.65,161.92,0.2279,96.4384,96.6488,0.2105,3.5616,3.3512
2810,0.003822,1001.25,174.77,0.1745,95.7959,96.0443,0.2484,4.2041,3.9557
2811,0.00288,932.76,233.12,0.2499,96.8316,97.0188,0.1872,3.1684,2.9812
2812,0.00349,977.28,294.32,0.3012,96.161,96.3879,0.2268,3.839,3.6121
2813,0.003394,852.95,259.62,0.3044,96.2671,96.4876,0.2206,3.7329,3.5124
2814,0.003472,855.1,299.69,0.3505,96.1813,96.407,0.2256,3.8187,3.593
2815,0.004043,917.28,210.82,0.2298,95.5524,95.8152,0.2628,4.4476,4.1848
2816,0.003663,989.7,261.89,0.2646,95.9709,96.209,0.2381,4.0291,3.791
2817,0.0038,918.88,262.45,0.2856,95.8202,96.0672,0.247,4.1798,3.9328
2818,0.003142,931.25,292.63,0.3142,96.5439,96.7481,0.2042,3.4561,3.2519
2819,0.003953,979.31,229.22,0.2341,95.652,95.9089,0.2569,4.348,4.0911
2820,0.003653,886.51,294.7,0.3324,95.9818,96.2193,0.2374,4.0182,3.7807
2821,0.003744,979.86,228.53,0.2332,95.8812,96.1246,0.2434,4.1188,3.8754
2822,0.003115,705.54,275.91,0.3911,96.5734,96.7759,0.2025,3.4266,3.2241
2823,0.003519,1003.84,213.41,0.2126,96.1289,96.3577,0.2287,3.8711,3.6423
2824,0.003331,806.92,166.99,0.2069,96.3362,96.5527,0.2165,3.6638,3.4473
2825,0.00408,764.92,230.87,0.3018,95.5124,95.7775,0.2652,4.4876,4.2225
2826,0.003873,720.07,194.88,0.2706,95.7397,95.9915,0.2517,4.2603,4.0085
2827,0.003211,752.44,260.7,0.3465,96.4679,96.6767,0.2087,3.5321,3.3233
2828,0.003596,753.94,195.72,0.2596,96.044,96.2777,0.2338,3.956,3.7223
2829,0.004106,898.61,273.86,0.3048,95.483,95.7499,0.2669,4.517,4.2501
2830,0.00285,837.44,242.66,0.2898,96.8654,97.0507,0.1852,3.1346,2.9493
2831,0.003484,800.95,242.33,0.3026,96.1681,96.3945,0.2264,3.8319,3.6055
2832,0.00326,800.32,150.77,0.1884,96.414,96.6259,0.2119,3.586,3.3741
2833,0.004046,743.29,203.18,0.2734,95.5491,95.8121,0.263,4.4509,4.1879
2834,0.002942,847.3,162.71,0.192,96.7639,96.9552,0.1912,3.2361,3.0448
2835,0.00352,732.26,168.58,0.2302,96.1279,96.3568,0.2288,3.8721,3.6432
2836,0.003482,732.91,248.5,0.3391,96.1694,96.3957,0.2264,3.8306,3.6043
2837,0.003117,814.42,194.89,0.2393,96.5718,96.7744,0.2026,3.4282,3.2256
2838,0.0034,741.94,271.73,0.3662,96.2604,96.4813,0.221,3.7396,3.5187
2839,0.002952,829.11,275.9,0.3328,96.7526,96.9445,0.1919,3.2474,3.0555
2840,0.003027,800.27,215.09,0.2688,96.6708,96.8675,0.1967,3.3292,3.1325
2841,0.003303,975.97,179.77,0.1842,96.3668,96.5815,0.2147,3.6332,3.4185
2842,0.003065,693.69,209.18,0.3016,96.6281,96.8273,0.1993,3.3719,3.1727
2843,0.003841,986.34,174.05,0.1765,95.7744,96.0241,0.2497,4.2256,3.9759
2844,0.003079,842.96,249.79,0.2963,96.6136,96.8137,0.2001,3.3864,3.1863
2845,0.003172,823.17,232.52,0.2825,96.5107,96.7169,0.2062,3.4893,3.2831
2846,0.00392,922.87,198.73,0.2153,95.6883,95.9431,0.2548,4.3117,4.0569
2847,0.00387,979.8,225.28,0.2299,95.7428,95.9944,0.2516,4.2572,4.0056
2848,0.004093,966.64,208.33,0.2155,95.4977,95.7638,0.266,4.5023,4.2362
2849,0.002954,716.68,153.17,0.2137,96.751,96.943,0.192,3.249,3.057
2850,0.003018,850.0,265.11,0.3119,96.6805,96.8766,0.1962,3.3195,3.1234
2851,0.003131,910.63,201.32,0.2211,96.5558,96.7593,0.2035,3.4442,3.2407
2852,0.004167,930.73,215.15,0.2312,95.4163,95.6871,0.2709,4.5837,4.3129
2853,0.003205,845.22,264.13,0.3125,96.4742,96.6826,0.2083,3.5258,3.3174
2854,0.003147,731.85,226.69,0.3097,96.5385,96.743,0.2045,3.4615,3.257
2855,0.003149,940.69,279.63,0.2973,96.5358,96.7405,0.2047,3.4642,3.2595
2856,0.004192,764.1,273.09,0.3574,95.3888,95.6613,0.2725,4.6112,4.3387
2857,0.003078,920.2,271.49,0.295,96.6144,96.8145,0.2001,3.3856,3.1855
2858,0.003782,850.79,177.18,0.2083,95.8402,96.086,0.2458,4.1598,3.914
2859,0.00419,881.01,245.17,0.2783,95.3915,95.6638,0.2723,4.6085,4.3362
2860,0.003121,724.98,155.75,0.2148,96.5667,96.7696,0.2029,3.4333,3.2304
2861,0.004187,995.89,213.95,0.2148,95.3948,95.6669,0.2721,4.6052,4.3331
2862,0.003663,710.92,157.64,0.2217,95.9706,96.2087,0.2381,4.0294,3.7913
2863,0.00337,784.19,245.0,0.3124,96.2928,96.5118,0.2191,3.7072,3.4882
2864,0.003124,794.3,221.88,0.2793,96.5636,96.7667,0.2031,3.4364,3.2333
2865,0.003514,898.92,195.64,0.2176,96.1348,96.3632,0.2284,3.8652,3.6368
2866,0.003177,775.39,202.65,0.2614,96.5054,96.7119,0.2065,3.4946,3.2881
2867,0.003385,788.75,157.13,0.1992,96.2762,96.4962,0.22,3.7238,3.5038
2868,0.002857,697.72,261.71,0.3751,96.857,97.0428,0.1857,3.143,2.9572
2869,0.003097,840.5,286.27,0.3406,96.5936,96.7948,0.2013,3.4064,3.2052
2870,0.002941,742.85,292.25,0.3934,96.7648,96.956,0.1912,3.2352,3.044
2871,0.003309,783.48,164.53,0.21,96.3601,96.5752,0.2151,3.6399,3.4248
2872,0.002819,867.6,279.3,0.3219,96.899,97.0822,0.1832,3.101,2.9178
2873,0.003264,932.04,204.21,0.2191,96.4099,96.6221,0.2121,3.5901,3.3779
2874,0.00389,859.81,205.74,0.2393,95.7206,95.9735,0.2529,4.2794,4.0265
2875,0.00371,751.41,207.61,0.2763,95.9186,96.1598,0.2412,4.0814,3.8402
2876,0.004042,724.37,261.39,0.3609,95.5537,95.8165,0.2627,4.4463,4.1835
2877,0.002968,879.43,286.83,0.3262,96.7347,96.9276,0.193,3.2653,3.0724
2878,0.003716,744.75,255.7,0.3433,95.9123,96.1538,0.2415,4.0877,3.8462
2879,0.004096,705.46,231.99,0.3288,95.4947,95.7609,0.2662,4.5053,4.2391
2880,0.00328,926.62,298.45,0.3221,96.3919,96.6051,0.2132,3.6081,3.3949
2881,0.003083,925.06,156.57,0.1693,96.6089,96.8093,0.2004,3.3911,3.1907
2882,0.003068,867.17,187.88,0.2167,96.6248,96.8242,0.1994,3.3752,3.1758
2883,0.004028,970.17,286.02,0.2948,95.5693,95.8311,0.2618,4.4307,4.1689
2884,0.004165,984.27,217.27,0.2207,95.4183,95.689,0.2707,4.5817,4.311
2885,0.003804,989.69,160.16,0.1618,95.8153,96.0626,0.2473,4.1847,3.9374
2886,0.003387,996.65,225.58,0.2263,96.2747,96.4949,0.2201,3.7253,3.5051
2887,0.002831,883.71,254.51,0.288,96.8863,97.0703,0.184,3.1137,2.9297
2888,0.002981,695.45,234.93,0.3378,96.7214,96.9152,0.1937,3.2786,3.0848
2889,0.003912,915.89,261.11,0.2851,95.6966,95.9509,0.2543,4.3034,4.0491
2890,0.003356,912.8,280.54,0.3073,96.3079,96.526,0.2182,3.6921,3.474
2891,0.00416,736.28,262.61,0.3567,95.4238,95.6942,0.2704,4.5762,4.3058
2892,0.003338,944.99,210.13,0.2224,96.3284,96.5454,0.217,3.6716,3.4546
2893,0.00318,742.58,174.0,0.2343,96.5019,96.7086,0.2067,3.4981,3.2914
2894,0.003105,916.89,281.87,0.3074,96.5846,96.7864,0.2018,3.4154,3.2136
2895,0.003907,834.85,256.16,0.3068,95.7024,95.9564,0.2539,4.2976,4.0436
2896,0.003535,783.16,183.05,0.2337,96.1114,96.3412,0.2298,3.8886,3.6588
2897,0.003792,867.73,175.67,0.2024,95.8293,96.0757,0.2465,4.1707,3.9243
2898,0.002864,760.99,155.86,0.2048,96.8498,97.0359,0.1862,3.1502,2.9641
2899,0.003007,980.42,289.09,0.2949,96.6919,96.8873,0.1955,3.3081,3.1127
2900,0.003179,948.81,246.36,0.2597,96.5035,96.7101,0.2066,3.4965,3.2899
2901,0.003149,959.96,230.19,0.2398,96.5365,96.7412,0.2047,3.4635,3.2588
2902,0.002802,798.14,240.77,0.3017,96.9178,97.1,0.1821,3.0822,2.9
2903,0.003317,708.3,255.82,0.3612,96.3516,96.5672,0.2156,3.6484,3.4328
2904,0.003569,925.51,211.25,0.2283,96.0741,96.3061,0.232,3.9259,3.6939
2905,0.003656,790.38,158.59,0.2007,95.9783,96.216,0.2376,4.0217,3.784
2906,0.003942,960.14,182.89,0.1905,95.6635,95.9197,0.2562,4.3365,4.0803
2907,0.004151,740.09,295.74,0.3996,95.4335,95.7034,0.2698,4.5665,4.2966
2908,0.003552,1012.78,266.73,0.2634,96.0924,96.3233,0.2309,3.9076,3.6767
2909,0.003893,716.19,261.87,0.3656,95.718,95.971,0.253,4.282,4.029
2910,0.003335,902.3,280.5,0.3109,96.3317,96.5485,0.2168,3.6683,3.4515
2911,0.003688,867.3,272.53,0.3142,95.9432,96.1829,0.2397,4.0568,3.8171
2912,0.003109,771.39,237.25,0.3076,96.5802,96.7823,0.2021,3.4198,3.2177
2913,0.003931,935.99,173.35,0.1852,95.6761,95.9316,0.2555,4.3239,4.0684
2914,0.003124,926.94,205.3,0.2215,96.5631,96.7662,0.2031,3.4369,3.2338
2915,0.004063,711.85,177.23,0.249,95.5307,95.7948,0.2641,4.4693,4.2052
2916,0.003059,973.2,178.33,0.1832,96.6351,96.8339,0.1988,3.3649,3.1661
2917,0.003487,928.02,247.13,0.2663,96.1646,96.3912,0.2266,3.8354,3.6088
2918,0.002829,735.39,176.66,0.2402,96.8876,97.0715,0.1839,3.1124,2.9285
2919,0.003352,886.66,160.42,0.1809,96.3129,96.5308,0.2179,3.6871,3.4692
2920,0.002901,763.39,286.37,0.3751,96.809,96.9976,0.1886,3.191,3.0024
2921,0.004159,714.08,229.02,0.3207,95.4256,95.6959,0.2703,4.5744,4.3041
2922,0.003817,954.72,240.49,0.2519,95.8008,96.0489,0.2481,4.1992,3.9511
2923,0.003329,687.04,273.98,0.3988,96.3381,96.5545,0.2164,3.6619,3.4455
2924,0.003869,899.12,156.56,0.1741,95.7443,95.9958,0.2515,4.2557,4.0042
2925,0.003148,708.42,171.4,0.2419,96.5376,96.7422,0.2046,3.4624,3.2578
2926,0.003678,684.59,294.95,0.4308,95.9538,96.1929,0.2391,4.0462,3.8071
2927,0.004141,716.16,260.42,0.3636,95.4453,95.7144,0.2691,4.5547,4.2856
2928,0.003274,920.53,180.35,0.1959,96.3989,96.6117,0.2128,3.6011,3.3883
2929,0.003473,871.37,216.65,0.2486,96.1801,96.4059,0.2257,3.8199,3.5941
2930,0.003028,792.8,173.18,0.2184,96.6688,96.8656,0.1968,3.3312,3.1344
2931,0.002878,915.29,244.12,0.2667,96.834,97.021,0.1871,3.166,2.979
2932,0.002972,960.47,165.42,0.1722,96.7305,96.9237,0.1932,3.2695,3.0763
2933,0.003215,853.92,275.47,0.3226,96.463,96.672,0.209,3.537,3.328
2934,0.002999,990.14,153.6,0.1551,96.7016,96.8965,0.1949,3.2984,3.1035
2935,0.003398,730.11,248.3,0.3401,96.2622,96.4831,0.2209,3.7378,3.5169
2936,0.003116,978.86,207.71,0.2122,96.5721,96.7747,0.2026,3.4279,3.2253
2937,0.004038,959.75,166.86,0.1739,95.5583,95.8208,0.2625,4.4417,4.1792
2938,0.003037,717.45,165.26,0.2303,96.6589,96.8563,0.1974,3.3411,3.1437
2939,0.004138,801.48,242.35,0.3024,95.448,95.717,0.269,4.552,4.283
2940,0.002966,993.93,287.98,0.2897,96.7377,96.9305,0.1928,3.2623,3.0695
2941,0.004054,885.53,176.71,0.1996,95.5408,95.8043,0.2635,4.4592,4.1957
2942,0.003543,883.87,251.91,0.285,96.1031,96.3333,0.2303,3.8969,3.6667
2943,0.00301,906.87,195.23,0.2153,96.6887,96.8843,0.1957,3.3113,3.1157
2944,0.003945,798.45,165.59,0.2074,95.661,95.9174,0.2564,4.339,4.0826
2945,0.004083,904.99,289.93,0.3204,95.509,95.7744,0.2654,4.491,4.2256
2946,0.003935,921.84,161.46,0.1751,95.6715,95.9273,0.2558,4.3285,4.0727
2947,0.002803,997.25,172.3,0.1728,96.9166,97.0988,0.1822,3.0834,2.9012
2948,0.003718,788.89,208.59,0.2644,95.91,96.1517,0.2417,4.09,3.8483
2949,0.00381,947.09,221.76,0.2342,95.8091,96.0568,0.2476,4.1909,3.9432
2950,0.002894,876.47,293.94,0.3354,96.8163,97.0045,0.1881,3.1837,2.9955
2951,0.00319,710.75,299.22,0.421,96.4911,96.6985,0.2073,3.5089,3.3015
2952,0.003055,810.91,197.9,0.244,96.6399,96.8385,0.1986,3.3601,3.1615
2953,0.003393,915.76,212.09,0.2316,96.2673,96.4879,0.2206,3.7327,3.5121
2954,0.003911,793.38,270.32,0.3407,95.698,95.9522,0.2542,4.302,4.0478
2955,0.003716,763.61,212.8,0.2787,95.9129,96.1544,0.2415,4.0871,3.8456
2956,0.003496,861.48,229.87,0.2668,96.1545,96.3817,0.2272,3.8455,3.6183
2957,0.00395,810.77,237.14,0.2925,95.655,95.9118,0.2567,4.345,4.0882
2958,0.003391,876.48,254.02,0.2898,96.2704,96.4908,0.2204,3.7296,3.5092
2959,0.003848,919.05,185.28,0.2016,95.7676,96.0177,0.2501,4.2324,3.9823
2960,0.002804,1017.93,152.57,0.1499,96.9156,97.0978,0.1823,3.0844,2.9022
2961,0.003582,1005.59,288.14,0.2865,96.0601,96.2929,0.2328,3.9399,3.7071
2962,0.002883,798.78,277.31,0.3472,96.8283,97.0157,0.1874,3.1717,2.9843
2963,0.004013,958.46,194.2,0.2026,95.5852,95.846,0.2609,4.4148,4.154
2964,0.003002,970.13,295.77,0.3049,96.698,96.8931,0.1951,3.302,3.1069
2965,0.004078,762.45,274.17,0.3596,95.5141,95.7791,0.2651,4.4859,4.2209
2966,0.002878,726.85,294.31,0.4049,96.834,97.0211,0.1871,3.166,2.9789
2967,0.003786,808.34,153.95,0.1905,95.8359,96.082,0.2461,4.1641,3.918
2968,0.004151,806.37,255.21,0.3165,95.434,95.7038,0.2698,4.566,4.2962
2969,0.003728,705.08,275.62,0.3909,95.8994,96.1417,0.2423,4.1006,3.8583
2970,0.004019,690.26,204.79,0.2967,95.5795,95.8407,0.2612,4.4205,4.1593
2971,0.002911,706.2,235.38,0.3333,96.7984,96.9875,0.1892,3.2016,3.0125
2972,0.003939,730.9,177.36,0.2427,95.6669,95.9229,0.256,4.3331,4.0771
2973,0.003841,934.36,254.78,0.2727,95.7749,96.0246,0.2497,4.2251,3.9754
2974,0.003219,819.92,200.6,0.2447,96.4588,96.668,0.2093,3.5412,3.332
2975,0.003894,916.38,193.02,0.2106,95.7166,95.9698,0.2531,4.2834,4.0302
2976,0.003018,979.59,154.82,0.158,96.6799,96.8761,0.1962,3.3201,3.1239
2977,0.003852,851.12,151.63,0.1782,95.7633,96.0136,0.2504,4.2367,3.9864
2978,0.003966,911.17,281.4,0.3088,95.6377,95.8954,0.2578,4.3623,4.1046
2979,0.003576,962.04,287.87,0.2992,96.0666,96.299,0.2324,3.9334,3.701
2980,0.003503,921.18,213.55,0.2318,96.1471,96.3748,0.2277,3.8529,3.6252
2981,0.00302,1010.86,228.23,0.2258,96.6785,96.8748,0.1963,3.3215,3.1252
2982,0.004169,722.55,181.78,0.2516,95.414,95.685,0.271,4.586,4.315
2983,0.003667,754.43,177.55,0.2353,95.9667,96.205,0.2383,4.0333,3.795
2984,0.003844,870.16,276.26,0.3175,95.7712,96.0211,0.2499,4.2288,3.9789
2985,0.003943,839.27,196.98,0.2347,95.6625,95.9188,0.2563,4.3375,4.0812
2986,0.003699,961.27,174.72,0.1818,95.9315,96.1719,0.2404,4.0685,3.8281
2987,0.003925,899.86,179.21,0.1992,95.6829,95.938,0.2551,4.3171,4.062
2988,0.002952,706.45,240.48,0.3404,96.7531,96.9449,0.1919,3.2469,3.0551
2989,0.003985,689.54,192.33,0.2789,95.6162,95.8753,0.259,4.3838,4.1247
2990,0.003558,702.21,239.57,0.3412,96.086,96.3173,0.2313,3.914,3.6827
2991,0.003859,785.1,232.75,0.2965,95.755,96.0058,0.2508,4.245,3.9942
2992,0.003694,691.0,190.38,0.2755,95.9369,96.177,0.2401,4.0631,3.823
2993,0.004167,872.03,234.56,0.269,95.4159,95.6868,0.2709,4.5841,4.3132
2994,0.003906,695.53,197.19,0.2835,95.7031,95.957,0.2539,4.2969,4.043
2995,0.004121,682.88,203.5,0.298,95.467,95.7349,0.2679,4.533,4.2651
2996,0.003195,815.37,179.23,0.2198,96.4851,96.6928,0.2077,3.5149,3.3072
2997,0.003853,926.73,296.08,0.3195,95.7622,96.0126,0.2504,4.2378,3.9874
2998,0.003784,713.11,211.09,0.296,95.8379,96.0839,0.2459,4.1621,3.9161
2999,0.003838,714.34,271.12,0.3795,95.7782,96.0276,0.2495,4.2218,3.9724
3000,0.00301,879.64,207.32,0.2357,96.6887,96.8844,0.1957,3.3113,3.1156
3001,0.003621,969.69,193.52,0.1996,96.017,96.2524,0.2354,3.983,3.7476
3002,0.003012,837.46,282.78,0.3377,96.6866,96.8824,0.1958,3.3134,3.1176
3003,0.002931,924.28,282.66,0.3058,96.7763,96.9668,0.1905,3.2237,3.0332
3004,0.00393,902.43,265.32,0.294,95.6765,95.932,0.2555,4.3235,4.068
3005,0.003025,1007.65,227.45,0.2257,96.672,96.8686,0.1967,3.328,3.1314
3006,0.00382,901.47,289.53,0.3212,95.7978,96.0461,0.2483,4.2022,3.9539
3007,0.003278,947.02,200.85,0.2121,96.3942,96.6073,0.2131,3.6058,3.3927
3008,0.003304,971.02,214.64,0.221,96.3651,96.5799,0.2148,3.6349,3.4201
3009,0.004047,943.22,208.15,0.2207,95.5484,95.8114,0.2631,4.4516,4.1886
3010,0.003092,887.53,161.25,0.1817,96.5984,96.7994,0.201,3.4016,3.2006
3011,0.003013,893.45,224.63,0.2514,96.6853,96.8812,0.1959,3.3147,3.1188
3012,0.003927,728.49,280.57,0.3851,95.6807,95.936,0.2552,4.3193,4.064
3013,0.003566,1009.44,267.22,0.2647,96.0774,96.3092,0.2318,3.9226,3.6908
3014,0.002922,712.0,197.06,0.2768,96.7858,96.9757,0.1899,3.2142,3.0243
3015,0.004108,734.9,192.02,0.2613,95.4816,95.7486,0.267,4.5184,4.2514
3016,0.003309,710.34,176.88,0.249,96.3605,96.5755,0.2151,3.6395,3.4245
3017,0.003881,767.7,220.99,0.2879,95.7312,95.9835,0.2522,4.2688,4.0165
3018,0.003158,978.06,247.54,0.2531,96.5257,96.731,0.2053,3.4743,3.269
3019,0.002997,722.15,235.31,0.3258,96.7037,96.8985,0.1948,3.2963,3.1015
3020,0.002855,972.06,210.14,0.2162,96.859,97.0446,0.1856,3.141,2.9554
3021,0.004,991.83,169.35,0.1707,95.6002,95.8602,0.26,4.3998,4.1398
3022,0.003313,967.24,292.81,0.3027,96.3552,96.5706,0.2154,3.6448,3.4294
3023,0.003323,911.95,225.89,0.2477,96.3445,96.5605,0.216,3.6555,3.4395
3024,0.003168,977.68,252.38,0.2581,96.5152,96.7212,0.2059,3.4848,3.2788
3025,0.003669,898.91,261.16,0.2905,95.9643,96.2027,0.2385,4.0357,3.7973
3026,0.003143,959.22,151.19,0.1576,96.543,96.7473,0.2043,3.457,3.2527
3027,0.003994,778.82,173.73,0.2231,95.6063,95.8659,0.2596,4.3937,4.1341
3028,0.003359,704.81,208.23,0.2954,96.3051,96.5234,0.2183,3.6949,3.4766
3029,0.003447,711.79,219.88,0.3089,96.2081,96.4322,0.2241,3.7919,3.5678
3030,0.003699,986.04,219.73,0.2228,95.9306,96.171,0.2405,4.0694,3.829
3031,0.00292,928.8,287.62,0.3097,96.7878,96.9776,0.1898,3.2122,3.0224
3032,0.004091,941.19,179.92,0.1912,95.4994,95.7653,0.2659,4.5006,4.2347
3033,0.00326,787.88,299.47,0.3801,96.4138,96.6257,0.2119,3.5862,3.3743
3034,0.003481,918.78,221.43,0.241,96.1711,96.3974,0.2263,3.8289,3.6026
3035,0.00319,693.02,173.36,0.2502,96.4913,96.6986,0.2073,3.5087,3.3014
3036,0.003458,897.67,198.03,0.2206,96.1962,96.421,0.2248,3.8038,3.579
3037,0.002844,884.37,207.04,0.2341,96.8718,97.0566,0.1849,3.1282,2.9434
3038,0.004111,802.91,214.52,0.2672,95.4779,95.7451,0.2672,4.5221,4.2549
3039,0.003463,698.39,280.2,0.4012,96.1909,96.416,0.2251,3.8091,3.584
3040,0.004134,912.45,190.48,0.2088,95.4529,95.7216,0.2687,4.5471,4.2784
3041,0.00369,708.42,160.39,0.2264,95.941,96.1809,0.2398,4.059,3.8191
3042,0.003367,781.43,256.83,0.3287,96.2962,96.5151,0.2189,3.7038,3.4849
3043,0.00402,858.42,250.45,0.2918,95.5782,95.8395,0.2613,4.4218,4.1605
3044,0.003163,962.39,163.87,0.1703,96.5205,96.7261,0.2056,3.4795,3.2739
3045,0.004062,796.29,262.98,0.3303,95.5315,95.7955,0.264,4.4685,4.2045
3046,0.00303,798.75,212.87,0.2665,96.6666,96.8636,0.197,3.3334,3.1364
3047,0.003466,914.2,174.1,0.1904,96.1877,96.413,0.2253,3.8123,3.587
3048,0.003775,800.6,253.94,0.3172,95.8471,96.0925,0.2454,4.1529,3.9075
3049,0.003345,683.38,267.46,0.3914,96.3207,96.5381,0.2174,3.6793,3.4619
3050,0.003636,706.45,250.19,0.3542,96.0004,96.2368,0.2363,3.9996,3.7632
3051,0.003663,790.07,297.96,0.3771,95.9706,96.2087,0.2381,4.0294,3.7913
3052,0.004115,932.56,260.51,0.2793,95.474,95.7414,0.2674,4.526,4.2586
3053,0.003243,731.17,218.8,0.2992,96.4326,96.6434,0.2108,3.5674,3.3566
3054,0.003006,973.86,167.04,0.1715,96.6929,96.8883,0.1954,3.3071,3.1117
3055,0.004158,818.17,228.1,0.2788,95.4262,95.6965,0.2703,4.5738,4.3035
3056,0.002805,833.19,274.88,0.3299,96.9143,97.0967,0.1823,3.0857,2.9033
3057,0.002976,832.77,295.42,0.3547,96.7264,96.9198,0.1934,3.2736,3.0802
3058,0.002936,754.33,296.85,0.3935,96.7699,96.9608,0.1909,3.2301,3.0392
3059,0.003388,865.67,174.92,0.2021,96.2729,96.4932,0.2202,3.7271,3.5068
3060,0.003329,798.35,292.86,0.3668,96.3386,96.5549,0.2164,3.6614,3.4451
3061,0.00416,876.12,152.16,0.1737,95.4235,95.6939,0.2704,4.5765,4.3061
3062,0.003939,685.51,284.5,0.415,95.6668,95.9228,0.2561,4.3332,4.0772
3063,0.003503,975.04,254.9,0.2614,96.1468,96.3745,0.2277,3.8532,3.6255
3064,0.003708,835.04,211.56,0.2534,95.9207,96.1617,0.2411,4.0793,3.8383
3065,0.003293,864.44,228.48,0.2643,96.3776,96.5916,0.2141,3.6224,3.4084
3066,0.003871,718.55,176.37,0.2455,95.7418,95.9934,0.2516,4.2582,4.0066
3067,0.0034,740.14,239.23,0.3232,96.2603,96.4813,0.221,3.7397,3.5187
3068,0.00356,809.73,276.76,0.3418,96.0841,96.3155,0.2314,3.9159,3.6845
3069,0.003764,828.75,192.49,0.2323,95.8596,96.1043,0.2447,4.1404,3.8957
3070,0.003669,994.55,278.55,0.2801,95.9646,96.2031,0.2385,4.0354,3.7969
3071,0.004194,954.02,165.57,0.1736,95.3871,95.6597,0.2726,4.6129,4.3403
3072,0.003709,889.53,211.69,0.238,95.9196,96.1607,0.2411,4.0804,3.8393
3073,0.003495,935.59,289.08,0.309,96.1555,96.3827,0.2272,3.8445,3.6173
3074,0.00294,831.0,237.19,0.2854,96.7665,96.9575,0.1911,3.2335,3.0425
3075,0.002846,778.57,213.1,0.2737,96.8697,97.0547,0.185,3.1303,2.9453
3076,0.003112,834.57,207.16,0.2482,96.5768,96.779,0.2023,3.4232,3.221
3077,0.003074,839.66,168.67,0.2009,96.6188,96.8186,0.1998,3.3812,3.1814
3078,0.004155,990.77,211.94,0.2139,95.4299,95.6999,0.2701,4.5701,4.3001
3079,0.003949,919.3,261.17,0.2841,95.6566,95.9132,0.2567,4.3434,4.0868
3080,0.002811,807.38,183.59,0.2274,96.9083,97.091,0.1827,3.0917,2.909
3081,0.003197,979.07,189.67,0.1937,96.4832,96.6911,0.2078,3.5168,3.3089
3082,0.003974,950.35,212.21,0.2233,95.6287,95.887,0.2583,4.3713,4.113
3083,0.003138,986.06,212.18,0.2152,96.548,96.752,0.204,3.452,3.248
3084,0.002822,732.15,206.16,0.2816,96.8961,97.0795,0.1834,3.1039,2.9205
3085,0.003943,958.81,239.99,0.2503,95.6623,95.9186,0.2563,4.3377,4.0814
3086,0.003269,1006.11,298.92,0.2971,96.404,96.6165,0.2125,3.596,3.3835
3087,0.003139,1010.99,178.9,0.177,96.5476,96.7516,0.204,3.4524,3.2484
3088,0.003702,961.71,270.2,0.281,95.9276,96.1682,0.2406,4.0724,3.8318
3089,0.003609,723.82,245.44,0.3391,96.0301,96.2647,0.2346,3.9699,3.7353
3090,0.004168,739.06,285.63,0.3865,95.4149,95.6858,0.2709,4.5851,4.3142
3091,0.003524,828.72,164.94,0.199,96.1234,96.3525,0.2291,3.8766,3.6475
3092,0.003922,851.45,244.72,0.2874,95.6862,95.9411,0.2549,4.3138,4.0589
3093,0.003898,966.63,244.1,0.2525,95.7122,95.9656,0.2534,4.2878,4.0344
3094,0.003164,867.99,292.31,0.3368,96.5192,96.7249,0.2057,3.4808,3.2751
3095,0.003085,711.71,215.61,0.303,96.6062,96.8067,0.2005,3.3938,3.1933
3096,0.00368,881.72,154.17,0.1749,95.9515,96.1907,0.2392,4.0485,3.8093
3097,0.003791,993.0,161.82,0.163,95.8303,96.0767,0.2464,4.1697,3.9233
3098,0.003335,932.4,169.58,0.1819,96.3311,96.5479,0.2168,3.6689,3.4521
3099,0.003435,894.71,203.72,0.2277,96.2213,96.4446,0.2233,3.7787,3.5554
3100,0.003136,985.29,194.54,0.1974,96.5508,96.7546,0.2038,3.4492,3.2454
3101,0.00355,763.39,267.0,0.3498,96.0955,96.3262,0.2307,3.9045,3.6738
3102,0.0039,941.93,248.89,0.2642,95.7095,95.963,0.2535,4.2905,4.037
3103,0.003185,997.89,244.12,0.2446,96.4966,96.7036,0.207,3.5034,3.2964
3104,0.003694,876.98,165.51,0.1887,95.9369,96.177,0.2401,4.0631,3.823
3105,0.003443,882.6,166.06,0.1881,96.2129,96.4367,0.2238,3.7871,3.5633
3106,0.003195,984.17,163.92,0.1666,96.485,96.6927,0.2077,3.515,3.3073
3107,0.003492,802.88,275.75,0.3434,96.1589,96.3858,0.227,3.8411,3.6142
3108,0.003347,846.95,153.29,0.181,96.3182,96.5357,0.2176,3.6818,3.4643
3109,0.002903,1006.13,161.45,0.1605,96.8067,96.9954,0.1887,3.1933,3.0046
3110,0.003762,807.59,197.04,0.244,95.8615,96.106,0.2445,4.1385,3.894
3111,0.004072,954.91,176.97,0.1853,95.5212,95.7859,0.2647,4.4788,4.2141
3112,0.002814,740.75,235.09,0.3174,96.9044,97.0873,0.1829,3.0956,2.9127
3113,0.003649,690.69,296.39,0.4291,95.9858,96.223,0.2372,4.0142,3.777
3114,0.004191,844.53,242.1,0.2867,95.3896,95.6621,0.2724,4.6104,4.3379
3115,0.003565,733.85,261.25,0.356,96.0784,96.3101,0.2317,3.9216,3.6899
3116,0.004097,745.57,154.43,0.2071,95.4931,95.7594,0.2663,4.5069,4.2406
3117,0.002832,853.99,172.85,0.2024,96.8845,97.0686,0.1841,3.1155,2.9314
3118,0.004014,719.03,182.54,0.2539,95.585,95.8459,0.2609,4.415,4.1541
3119,0.003259,754.72,259.16,0.3434,96.4156,96.6274,0.2118,3.5844,3.3726
3120,0.004116,770.98,222.24,0.2883,95.4726,95.7402,0.2675,4.5274,4.2598
3121,0.004135,798.51,232.72,0.2914,95.452,95.7208,0.2687,4.548,4.2792
3122,0.003212,933.37,224.37,0.2404,96.4667,96.6755,0.2088,3.5333,3.3245
3123,0.003518,815.98,178.96,0.2193,96.1305,96.3592,0.2287,3.8695,3.6408
3124,0.003042,913.6,283.1,0.3099,96.6536,96.8514,0.1977,3.3464,3.1486
3125,0.003194,813.56,237.55,0.292,96.4871,96.6947,0.2076,3.5129,3.3053
3126,0.003873,785.94,269.11,0.3424,95.7397,95.9914,0.2517,4.2603,4.0086
3127,0.004135,845.86,282.43,0.3339,95.4512,95.72,0.2688,4.5488,4.28
3128,0.003393,934.01,272.38,0.2916,96.2674,96.488,0.2206,3.7326,3.512
3129,0.003672,886.48,214.4,0.2419,95.9607,96.1994,0.2387,4.0393,3.8006
3130,0.003594,807.15,244.9,0.3034,96.0466,96.2802,0.2336,3.9534,3.7198
3131,0.00289,736.86,155.06,0.2104,96.821,97.0089,0.1878,3.179,2.9911
3132,0.003516,879.54,194.02,0.2206,96.1325,96.361,0.2285,3.8675,3.639
3133,0.003957,899.33,294.77,0.3278,95.6469,95.9041,0.2572,4.3531,4.0959
3134,0.003293,690.18,176.99,0.2564,96.3775,96.5916,0.2141,3.6225,3.4084
3135,0.003252,948.9,203.66,0.2146,96.4231,96.6344,0.2114,3.5769,3.3656
3136,0.002902,903.36,205.79,0.2278,96.8081,96.9967,0.1886,3.1919,3.0033
3137,0.003891,721.58,197.79,0.2741,95.7195,95.9725,0.2529,4.2805,4.0275
3138,0.002815,791.82,219.81,0.2776,96.9032,97.0862,0.183,3.0968,2.9138
3139,0.003913,985.57,234.25,0.2377,95.6953,95.9497,0.2544,4.3047,4.0503
3140,0.00334,884.61,229.09,0.259,96.3262,96.5433,0.2171,3.6738,3.4567
3141,0.002944,774.54,241.19,0.3114,96.7615,96.9529,0.1914,3.2385,3.0471
3142,0.004037,972.37,161.22,0.1658,95.5596,95.822,0.2624,4.4404,4.178
3143,0.00405,823.4,263.43,0.3199,95.5453,95.8085,0.2632,4.4547,4.1915
3144,0.003245,788.84,179.57,0.2276,96.4306,96.6415,0.2109,3.5694,3.3585
3145,0.003924,849.54,298.54,0.3514,95.6838,95.9389,0.255,4.3162,4.0611
3146,0.00339,722.19,175.67,0.2432,96.2713,96.4916,0.2203,3.7287,3.5084
3147,0.003258,810.17,236.46,0.2919,96.4166,96.6284,0.2117,3.5834,3.3716
3148,0.003199,898.85,278.42,0.3097,96.481,96.689,0.2079,3.519,3.311
3149,0.004183,989.96,192.65,0.1946,95.3985,95.6705,0.2719,4.6015,4.3295
3150,0.003978,816.96,284.37,0.3481,95.6239,95.8825,0.2586,4.3761,4.1175
3151,0.004085,693.3,246.72,0.3559,95.5062,95.7718,0.2655,4.4938,4.2282
3152,0.002897,712.34,270.38,0.3796,96.813,97.0014,0.1883,3.187,2.9986
3153,0.003813,773.39,263.05,0.3401,95.8062,96.054,0.2478,4.1938,3.946
3154,0.00336,869.19,196.98,0.2266,96.3035,96.5219,0.2184,3.6965,3.4781
3155,0.003657,813.73,254.47,0.3127,95.977,96.2147,0.2377,4.023,3.7853
3156,0.003436,968.55,295.07,0.3047,96.2199,96.4433,0.2234,3.7801,3.5567
3157,0.00297,807.13,242.7,0.3007,96.733,96.9261,0.193,3.267,3.0739
3158,0.002841,696.26,151.56,0.2177,96.8749,97.0596,0.1847,3.1251,2.9404
3159,0.002947,789.77,253.14,0.3205,96.7581,96.9497,0.1916,3.2419,3.0503
3160,0.00341,737.87,178.67,0.2421,96.249,96.4707,0.2216,3.751,3.5293
3161,0.004063,805.42,285.43,0.3544,95.5305,95.7946,0.2641,4.4695,4.2054
3162,0.004185,997.6,280.2,0.2809,95.3961,95.6681,0.2721,4.6039,4.3319
3163,0.003164,946.88,166.62,0.176,96.5201,96.7257,0.2056,3.4799,3.2743
3164,0.004126,705.51,199.4,0.2826,95.4614,95.7296,0.2682,4.5386,4.2704
3165,0.003658,956.25,190.49,0.1992,95.9764,96.2141,0.2378,4.0236,3.7859
3166,0.003038,726.84,219.1,0.3014,96.6577,96.8552,0.1975,3.3423,3.1448
3167,0.002977,973.04,262.96,0.2702,96.7255,96.919,0.1935,3.2745,3.081
3168,0.004043,1008.38,211.99,0.2102,95.5528,95.8156,0.2628,4.4472,4.1844
3169,0.003425,721.61,229.14,0.3175,96.232,96.4546,0.2227,3.768,3.5454
3170,0.003609,904.83,296.45,0.3276,96.0301,96.2646,0.2346,3.9699,3.7354
3171,0.003251,928.49,183.87,0.198,96.4243,96.6356,0.2113,3.5757,3.3644
3172,0.003169,780.72,162.42,0.208,96.5137,96.7197,0.206,3.4863,3.2803
3173,0.003582,976.78,248.92,0.2548,96.0599,96.2927,0.2328,3.9401,3.7073
3174,0.003829,750.0,161.7,0.2156,95.7877,96.0366,0.2489,4.2123,3.9634
3175,0.00416,700.49,151.97,0.2169,95.4235,95.6939,0.2704,4.5765,4.3061
3176,0.003103,958.29,178.19,0.1859,96.5872,96.7888,0.2017,3.4128,3.2112
3177,0.002946,750.94,238.58,0.3177,96.759,96.9505,0.1915,3.241,3.0495
3178,0.003539,971.88,264.07,0.2717,96.1074,96.3374,0.23,3.8926,3.6626
3179,0.003237,834.37,173.1,0.2075,96.4398,96.6502,0.2104,3.5602,3.3498
3180,0.003506,990.8,182.82,0.1845,96.1431,96.371,0.2279,3.8569,3.629
3181,0.003309,1011.52,280.18,0.277,96.36,96.5751,0.2151,3.64,3.4249
3182,0.003519,945.21,178.19,0.1885,96.1293,96.358,0.2287,3.8707,3.642
3183,0.003189,735.83,196.07,0.2665,96.4921,96.6994,0.2073,3.5079,3.3006
3184,0.004018,900.45,172.09,0.1911,95.5805,95.8416,0.2612,4.4195,4.1584
3185,0.004027,933.31,186.08,0.1994,95.5707,95.8324,0.2617,4.4293,4.1676
3186,0.004052,743.59,154.29,0.2075,95.5431,95.8065,0.2634,4.4569,4.1935
3187,0.003727,833.9,189.84,0.2276,95.9007,96.1429,0.2422,4.0993,3.8571
3188,0.004098,708.58,214.72,0.303,95.4925,95.7589,0.2664,4.5075,4.2411
3189,0.003011,850.74,226.19,0.2659,96.688,96.8838,0.1957,3.312,3.1162
3190,0.002874,772.68,164.67,0.2131,96.8381,97.025,0.1868,3.1619,2.975
3191,0.003708,928.88,213.39,0.2297,95.9211,96.1621,0.241,4.0789,3.8379
3192,0.003212,816.92,239.11,0.2927,96.4672,96.676,0.2088,3.5328,3.324
3193,0.003541,847.83,215.03,0.2536,96.1045,96.3347,0.2302,3.8955,3.6653
3194,0.003754,899.76,293.85,0.3266,95.871,96.115,0.244,4.129,3.885
3195,0.003107,698.07,155.35,0.2225,96.5818,96.7838,0.202,3.4182,3.2162
3196,0.003173,702.39,165.15,0.2351,96.5101,96.7163,0.2062,3.4899,3.2837
3197,0.003117,890.88,257.37,0.2889,96.5712,96.7739,0.2026,3.4288,3.2261
3198,0.003349,714.44,260.09,0.364,96.3165,96.5341,0.2177,3.6835,3.4659
3199,0.004031,771.21,180.86,0.2345,95.5655,95.8276,0.262,4.4345,4.1724
3200,0.0039,798.2,193.2,0.242,95.71,95.9635,0.2535,4.29,4.0365
3201,0.003635,929.52,164.14,0.1766,96.0017,96.2379,0.2363,3.9983,3.7621
3202,0.003505,918.16,221.51,0.2413,96.145,96.3728,0.2278,3.855,3.6272
3203,0.003227,988.27,185.79,0.188,96.4498,96.6596,0.2098,3.5502,3.3404
3204,0.003241,703.61,178.1,0.2531,96.4347,96.6454,0.2107,3.5653,3.3546
3205,0.00406,728.22,151.91,0.2086,95.5342,95.7981,0.2639,4.4658,4.2019
3206,0.003464,793.58,176.63,0.2226,96.1891,96.4143,0.2252,3.8109,3.5857
3207,0.003169,706.17,251.88,0.3567,96.5137,96.7197,0.206,3.4863,3.2803
3208,0.003994,881.96,295.43,0.335,95.6062,95.8659,0.2596,4.3938,4.1341
3209,0.003616,846.02,187.13,0.2212,96.0219,96.257,0.2351,3.9781,3.743
3210,0.002953,958.43,235.09,0.2453,96.7515,96.9435,0.192,3.2485,3.0565
3211,0.004187,964.02,228.79,0.2373,95.3948,95.6669,0.2721,4.6052,4.3331
3212,0.003034,729.84,164.09,0.2248,96.6624,96.8596,0.1972,3.3376,3.1404
3213,0.003226,930.3,217.89,0.2342,96.4509,96.6606,0.2097,3.5491,3.3394
3214,0.003829,1016.53,188.6,0.1855,95.7884,96.0373,0.2489,4.2116,3.9627
3215,0.003481,803.86,152.03,0.1891,96.1708,96.3971,0.2263,3.8292,3.6029
3216,0.003294,921.45,283.71,0.3079,96.377,96.591,0.2141,3.623,3.409
3217,0.003884,971.37,285.33,0.2937,95.7272,95.9797,0.2525,4.2728,4.0203
3218,0.003634,718.34,252.87,0.352,96.0026,96.2388,0.2362,3.9974,3.7612
3219,0.00382,687.05,296.8,0.432,95.7985,96.0468,0.2483,4.2015,3.9532
3220,0.003999,904.18,171.24,0.1894,95.6014,95.8613,0.2599,4.3986,4.1387
3221,0.003497,763.09,261.15,0.3422,96.1533,96.3806,0.2273,3.8467,3.6194
3222,0.004163,802.2,261.65,0.3262,95.4211,95.6917,0.2706,4.5789,4.3083
3223,0.003071,1004.64,245.81,0.2447,96.6215,96.8211,0.1996,3.3785,3.1789
3224,0.004152,978.23,251.82,0.2574,95.4332,95.7031,0.2699,4.5668,4.2969
3225,0.004059,832.75,293.75,0.3527,95.5352,95.799,0.2638,4.4648,4.201
3226,0.003538,770.21,251.86,0.327,96.1086,96.3385,0.2299,3.8914,3.6615
3227,0.004043,812.95,212.59,0.2615,95.5525,95.8153,0.2628,4.4475,4.1847
3228,0.004192,785.17,156.16,0.1989,95.3893,95.6618,0.2724,4.6107,4.3382
3229,0.003528,796.71,241.86,0.3036,96.1191,96.3484,0.2293,3.8809,3.6516
3230,0.003407,834.71,295.22,0.3537,96.2525,96.4739,0.2214,3.7475,3.5261
3231,0.003909,778.06,295.42,0.3797,95.6998,95.9539,0.2541,4.3002,4.0461
3232,0.003498,913.08,219.95,0.2409,96.1517,96.3791,0.2274,3.8483,3.6209
3233,0.00301,1008.67,243.57,0.2415,96.6886,96.8843,0.1957,3.3114,3.1157
3234,0.00373,783.24,193.24,0.2467,95.8969,96.1394,0.2425,4.1031,3.8606
3235,0.00392,685.3,156.14,0.2278,95.6883,95.9431,0.2548,4.3117,4.0569
3236,0.003196,881.64,157.98,0.1792,96.4842,96.6919,0.2078,3.5158,3.3081
3237,0.003228,826.31,249.04,0.3014,96.449,96.6589,0.2098,3.551,3.3411
3238,0.002801,765.49,202.53,0.2646,96.919,97.1011,0.1821,3.081,2.8989
3239,0.003197,972.06,249.8,0.257,96.4838,96.6915,0.2078,3.5162,3.3085
3240,0.003876,732.71,162.9,0.2223,95.7359,95.9879,0.252,4.2641,4.0121
3241,0.003179,1018.61,179.51,0.1762,96.5032,96.7098,0.2066,3.4968,3.2902
3242,0.003619,707.44,182.83,0.2584,96.0188,96.254,0.2353,3.9812,3.746
3243,0.003462,800.57,271.76,0.3395,96.1913,96.4164,0.2251,3.8087,3.5836
3244,0.003692,823.67,295.04,0.3582,95.939,96.1789,0.24,4.061,3.8211
3245,0.002937,768.83,195.3,0.254,96.7689,96.9598,0.1909,3.2311,3.0402
3246,0.003235,871.73,251.84,0.2889,96.4415,96.6517,0.2103,3.5585,3.3483
3247,0.003251,876.58,252.5,0.2881,96.4234,96.6347,0.2113,3.5766,3.3653
3248,0.003079,726.13,233.14,0.3211,96.6128,96.8129,0.2002,3.3872,3.1871
3249,0.003221,709.1,235.0,0.3314,96.4564,96.6658,0.2094,3.5436,3.3342
3250,0.00368,865.58,206.39,0.2384,95.9524,96.1916,0.2392,4.0476,3.8084
3251,0.004026,828.54,170.79,0.2061,95.5711,95.8328,0.2617,4.4289,4.1672
3252,0.003419,786.51,290.23,0.369,96.2395,96.4617,0.2222,3.7605,3.5383
3253,0.003798,839.25,214.15,0.2552,95.8226,96.0694,0.2468,4.1774,3.9306
3254,0.003389,819.49,154.15,0.1881,96.2724,96.4927,0.2203,3.7276,3.5073
3255,0.003582,1005.55,213.14,0.212,96.0593,96.2921,0.2329,3.9407,3.7079
3256,0.003858,889.17,195.36,0.2197,95.756,96.0068,0.2508,4.244,3.9932
3257,0.00314,854.15,169.09,0.198,96.5463,96.7504,0.2041,3.4537,3.2496
3258,0.003561,872.3,194.0,0.2224,96.0834,96.3148,0.2314,3.9166,3.6852
3259,0.003857,813.5,210.44,0.2587,95.7568,96.0075,0.2507,4.2432,3.9925
3260,0.002808,954.54,281.24,0.2946,96.9108,97.0934,0.1825,3.0892,2.9066
3261,0.003444,698.48,158.2,0.2265,96.2113,96.4351,0.2239,3.7887,3.5649
3262,0.003962,900.96,200.02,0.222,95.642,95.8995,0.2575,4.358,4.1005
3263,0.002936,778.8,222.22,0.2853,96.77,96.9609,0.1909,3.23,3.0391
3264,0.003264,700.69,261.07,0.3726,96.4098,96.6219,0.2121,3.5902,3.3781
3265,0.003744,931.38,157.95,0.1696,95.8814,96.1248,0.2434,4.1186,3.8752
3266,0.003087,729.01,261.06,0.3581,96.6042,96.8049,0.2007,3.3958,3.1951
3267,0.003493,756.0,251.35,0.3325,96.1572,96.3843,0.2271,3.8428,3.6157
3268,0.003993,782.3,196.63,0.2514,95.6075,95.8671,0.2596,4.3925,4.1329
3269,0.004185,682.19,222.74,0.3265,95.3967,95.6687,0.272,4.6033,4.3313
3270,0.003763,719.0,150.01,0.2086,95.8608,96.1054,0.2446,4.1392,3.8946
3271,0.003645,721.15,164.53,0.2281,95.9902,96.2271,0.2369,4.0098,3.7729
3272,0.003086,841.07,274.91,0.3269,96.6054,96.806,0.2006,3.3946,3.194
3273,0.003421,698.92,168.27,0.2408,96.2365,96.4589,0.2224,3.7635,3.5411
3274,0.003366,1014.12,273.04,0.2692,96.297,96.5158,0.2188,3.703,3.4842
3275,0.003978,865.88,273.25,0.3156,95.6237,95.8823,0.2586,4.3763,4.1177
3276,0.003754,972.17,242.57,0.2495,95.8708,96.1148,0.244,4.1292,3.8852
3277,0.003405,896.31,177.72,0.1983,96.2542,96.4755,0.2213,3.7458,3.5245
3278,0.003946,903.54,175.62,0.1944,95.6594,95.9159,0.2565,4.3406,4.0841
3279,0.003838,865.87,221.42,0.2557,95.7778,96.0273,0.2495,4.2222,3.9727
3280,0.003206,906.96,293.86,0.324,96.4733,96.6817,0.2084,3.5267,3.3183
3281,0.00349,907.02,208.68,0.2301,96.1608,96.3877,0.2269,3.8392,3.6123
3282,0.003777,716.49,212.53,0.2966,95.8456,96.0911,0.2455,4.1544,3.9089
3283,0.003395,689.51,218.56,0.317,96.2658,96.4864,0.2207,3.7342,3.5136
3284,0.00359,683.75,195.41,0.2858,96.0511,96.2845,0.2333,3.9489,3.7155
3285,0.003703,983.7,242.98,0.247,95.9265,96.1672,0.2407,4.0735,3.8328
3286,0.00286,988.4,294.42,0.2979,96.8543,97.0402,0.1859,3.1457,2.9598
3287,0.003455,925.84,191.54,0.2069,96.1994,96.424,0.2246,3.8006,3.576
3288,0.004174,801.63,278.38,0.3473,95.4081,95.6794,0.2713,4.5919,4.3206
3289,0.003504,798.6,255.93,0.3205,96.1451,96.3729,0.2278,3.8549,3.6271
3290,0.003347,701.34,248.39,0.3542,96.3184,96.536,0.2175,3.6816,3.464
3291,0.003293,924.53,200.89,0.2173,96.3781,96.5921,0.214,3.6219,3.4079
3292,0.003801,947.48,191.75,0.2024,95.8186,96.0657,0.2471,4.1814,3.9343
3293,0.003868,783.0,209.09,0.267,95.7456,95.997,0.2514,4.2544,4.003
3294,0.004083,899.35,206.48,0.2296,95.5091,95.7745,0.2654,4.4909,4.2255
3295,0.00346,904.05,236.41,0.2615,96.1935,96.4184,0.2249,3.8065,3.5816
3296,0.004098,943.64,228.82,0.2425,95.4918,95.7582,0.2664,4.5082,4.2418
3297,0.002981,790.19,293.28,0.3712,96.7207,96.9145,0.1938,3.2793,3.0855
3298,0.003287,889.94,210.57,0.2366,96.3839,96.5976,0.2137,3.6161,3.4024
3299,0.002863,969.69,173.88,0.1793,96.8508,97.0369,0.1861,3.1492,2.9631
3300,0.002935,716.11,290.14,0.4052,96.7713,96.9621,0.1908,3.2287,3.0379
3301,0.003467,938.37,297.2,0.3167,96.1863,96.4117,0.2254,3.8137,3.5883
3302,0.003932,929.1,185.49,0.1996,95.6748,95.9304,0.2556,4.3252,4.0696
3303,0.00406,739.16,283.87,0.384,95.5343,95.7982,0.2639,4.4657,4.2018
3304,0.003858,822.82,159.66,0.194,95.756,96.0068,0.2508,4.244,3.9932
3305,0.003657,718.92,277.02,0.3853,95.9777,96.2154,0.2377,4.0223,3.7846
3306,0.002902,939.54,240.98,0.2565,96.8078,96.9964,0.1886,3.1922,3.0036
3307,0.003977,994.01,198.17,0.1994,95.6254,95.8839,0.2585,4.3746,4.1161
3308,0.003778,808.39,298.33,0.369,95.844,96.0895,0.2456,4.156,3.9105
3309,0.003603,747.91,187.87,0.2512,96.0364,96.2706,0.2342,3.9636,3.7294
3310,0.003413,777.27,180.18,0.2318,96.2462,96.468,0.2218,3.7538,3.532
3311,0.003027,956.7,271.3,0.2836,96.6704,96.8671,0.1968,3.3296,3.1329
3312,0.003069,877.92,244.37,0.2783,96.6239,96.8234,0.1995,3.3761,3.1766
3313,0.003736,749.2,271.5,0.3624,95.8903,96.1331,0.2428,4.1097,3.8669
3314,0.004051,802.25,211.2,0.2633,95.5443,95.8076,0.2633,4.4557,4.1924
3315,0.003565,704.47,177.8,0.2524,96.0783,96.31,0.2317,3.9217,3.69
3316,0.003822,989.74,246.33,0.2489,95.7958,96.0443,0.2484,4.2042,3.9557
3317,0.003495,963.02,235.56,0.2446,96.1559,96.383,0.2272,3.8441,3.617
3318,0.003463,799.72,242.77,0.3036,96.1905,96.4156,0.2251,3.8095,3.5844
3319,0.003582,726.88,160.07,0.2202,96.0596,96.2924,0.2328,3.9404,3.7076
3320,0.003399,807.88,160.63,0.1988,96.2616,96.4825,0.2209,3.7384,3.5175
3321,0.002909,946.01,194.73,0.2058,96.7997,96.9888,0.1891,3.2003,3.0112
3322,0.002965,758.39,240.22,0.3168,96.7384,96.9311,0.1927,3.2616,3.0689
3323,0.003263,756.17,291.09,0.385,96.4104,96.6225,0.2121,3.5896,3.3775
3324,0.004091,765.47,255.49,0.3338,95.4997,95.7656,0.2659,4.5003,4.2344
3325,0.002895,976.3,295.22,0.3024,96.8154,97.0035,0.1882,3.1846,2.9965
3326,0.002905,875.62,277.98,0.3175,96.8048,96.9936,0.1888,3.1952,3.0064
3327,0.004105,850.02,209.88,0.2469,95.485,95.7518,0.2668,4.515,4.2482
3328,0.002879,917.16,166.63,0.1817,96.8328,97.0199,0.1872,3.1672,2.9801
3329,0.003459,991.91,189.46,0.191,96.1947,96.4196,0.2249,3.8053,3.5804
3330,0.002842,794.94,189.13,0.2379,96.8738,97.0586,0.1847,3.1262,2.9414
3331,0.003268,940.01,170.89,0.1818,96.4048,96.6172,0.2124,3.5952,3.3828
3332,0.003566,929.52,288.63,0.3105,96.0775,96.3093,0.2318,3.9225,3.6907
3333,0.003729,978.61,185.34,0.1894,95.8985,96.1408,0.2424,4.1015,3.8592
3334,0.002902,1002.32,285.65,0.285,96.8077,96.9964,0.1886,3.1923,3.0036
3335,0.003784,940.3,155.3,0.1652,95.8372,96.0832,0.246,4.1628,3.9168
3336,0.004173,1002.97,239.72,0.239,95.4092,95.6804,0.2713,4.5908,4.3196
3337,0.003657,707.4,232.71,0.329,95.9769,96.2146,0.2377,4.0231,3.7854
3338,0.004125,771.97,156.26,0.2024,95.4622,95.7304,0.2681,4.5378,4.2696
3339,0.00285,852.59,247.55,0.2904,96.8652,97.0504,0.1852,3.1348,2.9496
3340,0.003404,783.16,277.48,0.3543,96.2555,96.4767,0.2213,3.7445,3.5233
3341,0.00416,687.29,158.3,0.2303,95.4239,95.6943,0.2704,4.5761,4.3057
3342,0.003883,955.86,230.13,0.2408,95.7286,95.981,0.2524,4.2714,4.019
3343,0.004004,911.86,260.69,0.2859,95.5951,95.8554,0.2603,4.4049,4.1446
3344,0.003573,697.73,264.85,0.3796,96.0692,96.3014,0.2323,3.9308,3.6986
3345,0.003774,826.1,214.03,0.2591,95.849,96.0943,0.2453,4.151,3.9057
3346,0.002993,828.9,284.57,0.3433,96.7078,96.9024,0.1945,3.2922,3.0976
3347,0.004176,805.02,179.05,0.2224,95.4069,95.6783,0.2714,4.5931,4.3217
3348,0.003411,699.69,184.81,0.2641,96.2478,96.4695,0.2217,3.7522,3.5305
3349,0.003624,757.22,262.12,0.3462,96.0135,96.2491,0.2356,3.9865,3.7509
3350,0.004044,949.68,235.21,0.2477,95.552,95.8148,0.2628,4.448,4.1852
3351,0.004187,685.07,257.97,0.3766,95.394,95.6661,0.2722,4.606,4.3339
3352,0.003938,706.05,169.01,0.2394,95.6686,95.9245,0.2559,4.3314,4.0755
3353,0.003053,694.86,202.45,0.2914,96.6419,96.8403,0.1984,3.3581,3.1597
3354,0.003717,763.04,193.86,0.2541,95.911,96.1526,0.2416,4.089,3.8474
3355,0.003649,842.76,168.36,0.1998,95.9866,96.2237,0.2372,4.0134,3.7763
3356,0.002908,765.07,231.55,0.3026,96.8017,96.9907,0.189,3.1983,3.0093
3357,0.003493,929.97,203.54,0.2189,96.1578,96.3848,0.227,3.8422,3.6152
3358,0.004081,754.9,256.97,0.3404,95.5107,95.776,0.2653,4.4893,4.224
3359,0.004118,945.27,193.9,0.2051,95.4702,95.7379,0.2677,4.5298,4.2621
3360,0.003715,859.13,190.13,0.2213,95.9134,96.1549,0.2415,4.0866,3.8451
3361,0.003777,851.17,158.1,0.1857,95.8454,96.0909,0.2455,4.1546,3.9091
3362,0.004061,919.87,243.28,0.2645,95.5333,95.7973,0.2639,4.4667,4.2027
3363,0.003192,749.21,170.57,0.2277,96.4891,96.6966,0.2075,3.5109,3.3034
3364,0.004166,758.38,261.29,0.3445,95.4171,95.6879,0.2708,4.5829,4.3121
3365,0.003095,806.61,272.46,0.3378,96.5954,96.7966,0.2012,3.4046,3.2034
3366,0.002999,1012.49,254.75,0.2516,96.7014,96.8963,0.1949,3.2986,3.1037
3367,0.00371,834.28,167.14,0.2003,95.9191,96.1603,0.2411,4.0809,3.8397
3368,0.003498,691.48,191.7,0.2772,96.1517,96.3791,0.2274,3.8483,3.6209
3369,0.003338,961.24,162.67,0.1692,96.3284,96.5453,0.217,3.6716,3.4547
3370,0.003191,887.31,224.3,0.2528,96.4902,96.6976,0.2074,3.5098,3.3024
3371,0.004008,810.79,156.66,0.1932,95.5913,95.8518,0.2605,4.4087,4.1482
3372,0.003088,742.71,214.66,0.289,96.6032,96.8039,0.2007,3.3968,3.1961
3373,0.002873,783.75,231.23,0.295,96.8395,97.0263,0.1868,3.1605,2.9737
3374,0.003287,688.84,241.31,0.3503,96.3844,96.598,0.2137,3.6156,3.402
3375,0.00405,993.72,286.12,0.2879,95.5445,95.8078,0.2633,4.4555,4.1922
3376,0.003934,880.93,263.59,0.2992,95.6722,95.928,0.2557,4.3278,4.072
3377,0.003277,961.94,215.11,0.2236,96.3949,96.608,0.213,3.6051,3.392
3378,0.003399,927.94,260.31,0.2805,96.2616,96.4825,0.2209,3.7384,3.5175
3379,0.00288,717.13,208.22,0.2903,96.832,97.0192,0.1872,3.168,2.9808
3380,0.00381,910.51,278.78,0.3062,95.8092,96.0568,0.2476,4.1908,3.9432
3381,0.004113,837.59,235.89,0.2816,95.4755,95.7429,0.2674,4.5245,4.2571
3382,0.003596,856.43,174.38,0.2036,96.0448,96.2785,0.2337,3.9552,3.7215
3383,0.003334,933.52,288.7,0.3093,96.3328,96.5495,0.2167,3.6672,3.4505
3384,0.002985,685.16,269.94,0.394,96.7169,96.9109,0.194,3.2831,3.0891
3385,0.004131,709.08,187.49,0.2644,95.4555,95.724,0.2685,4.5445,4.276
3386,0.00356,794.76,209.19,0.2632,96.0841,96.3155,0.2314,3.9159,3.6845
3387,0.003662,802.98,248.88,0.31,95.9721,96.2101,0.238,4.0279,3.7899
3388,0.003895,955.49,241.2,0.2524,95.7151,95.9683,0.2532,4.2849,4.0317
3389,0.002974,873.27,198.15,0.2269,96.7286,96.9219,0.1933,3.2714,3.0781
3390,0.00317,740.79,219.41,0.2962,96.5126,96.7187,0.2061,3.4874,3.2813
3391,0.003416,838.59,294.88,0.3516,96.2425,96.4646,0.222,3.7575,3.5354
3392,0.003472,967.07,182.68,0.1889,96.1805,96.4062,0.2257,3.8195,3.5938
3393,0.002882,999.2,191.47,0.1916,96.8298,97.0171,0.1873,3.1702,2.9829
3394,0.003654,786.77,159.61,0.2029,95.9801,96.2176,0.2375,4.0199,3.7824
3395,0.003052,940.43,191.42,0.2035,96.6431,96.8415,0.1984,3.3569,3.1585
3396,0.004017,723.26,244.55,0.3381,95.5817,95.8427,0.2611,4.4183,4.1573
3397,0.003006,890.1,157.44,0.1769,96.6938,96.8891,0.1954,3.3062,3.1109
3398,0.00296,693.09,252.67,0.3646,96.7438,96.9362,0.1924,3.2562,3.0638
3399,0.004005,877.16,156.29,0.1782,95.5947,95.855,0.2603,4.4053,4.145
3400,0.003804,700.68,257.18,0.367,95.8153,96.0625,0.2473,4.1847,3.9375
3401,0.003163,767.53,251.76,0.328,96.5211,96.7266,0.2056,3.4789,3.2734
3402,0.004,800.13,257.75,0.3221,95.5995,95.8595,0.26,4.4005,4.1405
3403,0.003641,798.91,161.62,0.2023,95.9951,96.2318,0.2367,4.0049,3.7682
3404,0.003421,853.75,185.55,0.2173,96.2365,96.4589,0.2224,3.7635,3.5411
3405,0.003256,806.26,273.4,0.3391,96.4183,96.6299,0.2116,3.5817,3.3701
3406,0.003382,898.24,281.38,0.3133,96.2794,96.4993,0.2199,3.7206,3.5007
3407,0.003,791.02,268.22,0.3391,96.6997,96.8947,0.195,3.3003,3.1053
3408,0.003269,818.77,247.8,0.3026,96.4041,96.6166,0.2125,3.5959,3.3834
3409,0.003459,1010.99,243.29,0.2406,96.1951,96.42,0.2248,3.8049,3.58
3410,0.003024,695.17,289.55,0.4165,96.6731,96.8697,0.1966,3.3269,3.1303
3411,0.004077,688.68,241.36,0.3505,95.5157,95.7807,0.265,4.4843,4.2193
3412,0.003931,853.67,267.13,0.3129,95.6756,95.9312,0.2555,4.3244,4.0688
3413,0.003511,877.71,201.61,0.2297,96.1374,96.3656,0.2282,3.8626,3.6344
3414,0.003101,962.45,154.89,0.1609,96.5891,96.7907,0.2016,3.4109,3.2093
3415,0.003817,809.57,299.67,0.3702,95.8016,96.0496,0.2481,4.1984,3.9504
3416,0.00291,706.29,290.33,0.4111,96.7992,96.9883,0.1891,3.2008,3.0117
3417,0.003114,851.19,236.17,0.2775,96.5741,96.7766,0.2024,3.4259,3.2234
3418,0.003568,822.15,259.96,0.3162,96.0757,96.3076,0.2319,3.9243,3.6924
3419,0.003987,859.44,157.71,0.1835,95.6147,95.8738,0.2591,4.3853,4.1262
3420,0.003461,858.31,216.15,0.2518,96.1926,96.4176,0.225,3.8074,3.5824
3421,0.003177,964.24,193.96,0.2012,96.5055,96.712,0.2065,3.4945,3.288
3422,0.003142,762.64,265.15,0.3477,96.5442,96.7484,0.2042,3.4558,3.2516
3423,0.003307,834.98,262.23,0.3141,96.3626,96.5775,0.2149,3.6374,3.4225
3424,0.002962,761.96,259.92,0.3411,96.7423,96.9348,0.1925,3.2577,3.0652
3425,0.004032,803.04,202.8,0.2525,95.5645,95.8266,0.2621,4.4355,4.1734
3426,0.003508,990.98,248.0,0.2503,96.1413,96.3693,0.228,3.8587,3.6307
3427,0.003647,832.65,212.83,0.2556,95.988,96.225,0.2371,4.012,3.775
3428,0.003597,961.11,168.79,0.1756,96.0432,96.277,0.2338,3.9568,3.723
3429,0.003553,943.99,211.14,0.2237,96.0921,96.323,0.2309,3.9079,3.677
3430,0.003619,726.97,189.04,0.26,96.0195,96.2547,0.2352,3.9805,3.7453
3431,0.003202,786.71,162.23,0.2062,96.4782,96.6863,0.2081,3.5218,3.3137
3432,0.003389,1014.3,236.4,0.2331,96.2716,96.4919,0.2203,3.7284,3.5081
3433,0.003686,942.7,284.98,0.3023,95.9458,96.1853,0.2396,4.0542,3.8147
3434,0.004027,685.27,168.12,0.2453,95.5703,95.8321,0.2618,4.4297,4.1679
3435,0.003169,868.56,289.52,0.3333,96.5144,96.7204,0.206,3.4856,3.2796
3436,0.00384,722.98,155.11,0.2145,95.776,96.0256,0.2496,4.224,3.9744
3437,0.003404,914.62,298.49,0.3264,96.2556,96.4769,0.2213,3.7444,3.5231
3438,0.002985,974.74,287.79,0.2953,96.7161,96.9102,0.194,3.2839,3.0898
3439,0.004066,800.49,210.35,0.2628,95.5274,95.7917,0.2643,4.4726,4.2083
3440,0.00358,922.07,167.85,0.182,96.0623,96.295,0.2327,3.9377,3.705
3441,0.004056,985.44,238.72,0.2422,95.538,95.8016,0.2637,4.462,4.1984
3442,0.003663,1018.01,156.79,0.154,95.9704,96.2085,0.2381,4.0296,3.7915
3443,0.003834,800.69,217.33,0.2714,95.7823,96.0316,0.2492,4.2177,3.9684
3444,0.003372,832.92,275.22,0.3304,96.2903,96.5095,0.2192,3.7097,3.4905
3445,0.003205,842.22,170.19,0.2021,96.4745,96.6828,0.2083,3.5255,3.3172
3446,0.003057,940.42,287.45,0.3057,96.6375,96.8362,0.1987,3.3625,3.1638
3447,0.004111,708.49,284.34,0.4013,95.4776,95.7448,0.2672,4.5224,4.2552
3448,0.003631,805.76,247.41,0.3071,96.0059,96.2419,0.236,3.9941,3.7581
3449,0.003331,829.12,226.3,0.2729,96.3358,96.5523,0.2165,3.6642,3.4477
3450,0.003623,1001.22,164.53,0.1643,96.0144,96.2499,0.2355,3.9856,3.7501
3451,0.003216,795.98,234.62,0.2948,96.4621,96.6711,0.2091,3.5379,3.3289
3452,0.004056,877.14,276.61,0.3154,95.5382,95.8018,0.2637,4.4618,4.1982
3453,0.003397,789.75,197.79,0.2504,96.2629,96.4837,0.2208,3.7371,3.5163
3454,0.00305,728.69,272.1,0.3734,96.6452,96.8435,0.1982,3.3548,3.1565
3455,0.003828,1016.33,181.6,0.1787,95.7887,96.0375,0.2489,4.2113,3.9625
3456,0.003527,875.55,242.32,0.2768,96.1205,96.3498,0.2292,3.8795,3.6502
3457,0.002939,776.83,167.78,0.216,96.7668,96.9579,0.1911,3.2332,3.0421
3458,0.003183,829.23,282.8,0.341,96.4983,96.7052,0.2069,3.5017,3.2948
3459,0.003204,992.02,298.32,0.3007,96.4757,96.684,0.2083,3.5243,3.316
3460,0.003855,994.34,249.97,0.2514,95.7597,96.0102,0.2506,4.2403,3.9898
3461,0.002997,750.33,275.82,0.3676,96.7029,96.8977,0.1948,3.2971,3.1023
3462,0.003857,689.3,285.38,0.414,95.7575,96.0082,0.2507,4.2425,3.9918
3463,0.004144,863.54,269.85,0.3125,95.4418,95.7112,0.2693,4.5582,4.2888
3464,0.002809,963.05,153.87,0.1598,96.9097,97.0923,0.1826,3.0903,2.9077
3465,0.003084,1000.21,235.67,0.2356,96.6072,96.8076,0.2005,3.3928,3.1924
3466,0.003825,857.1,274.66,0.3204,95.7926,96.0412,0.2486,4.2074,3.9588
3467,0.003213,717.27,255.95,0.3568,96.4658,96.6746,0.2088,3.5342,3.3254
3468,0.003983,831.1,214.84,0.2585,95.6191,95.878,0.2589,4.3809,4.122
3469,0.003168,973.93,298.96,0.307,96.5149,96.7208,0.2059,3.4851,3.2792
3470,0.003824,719.6,203.06,0.2822,95.7933,96.0419,0.2486,4.2067,3.9581
3471,0.002911,949.73,259.1,0.2728,96.7982,96.9874,0.1892,3.2018,3.0126
3472,0.003258,852.4,191.42,0.2246,96.4162,96.628,0.2118,3.5838,3.372
3473,0.003683,854.37,266.56,0.312,95.9488,96.1882,0.2394,4.0512,3.8118
3474,0.00379,787.04,288.71,0.3668,95.8315,96.0778,0.2463,4.1685,3.9222
3475,0.003407,997.01,269.13,0.2699,96.2526,96.474,0.2214,3.7474,3.526
3476,0.003245,966.09,249.17,0.2579,96.431,96.6419,0.2109,3.569,3.3581
3477,0.004029,692.12,245.17,0.3542,95.5685,95.8304,0.2619,4.4315,4.1696
3478,0.002811,726.54,206.43,0.2841,96.9077,97.0905,0.1827,3.0923,2.9095
3479,0.00412,908.94,189.79,0.2088,95.4675,95.7354,0.2678,4.5325,4.2646
3480,0.003012,956.72,260.03,0.2718,96.6868,96.8826,0.1958,3.3132,3.1174
3481,0.003196,747.51,281.38,0.3764,96.4848,96.6925,0.2077,3.5152,3.3075
3482,0.004131,971.43,262.42,0.2701,95.4557,95.7242,0.2685,4.5443,4.2758
3483,0.002804,702.87,233.66,0.3324,96.9151,97.0974,0.1823,3.0849,2.9026
3484,0.003092,740.56,212.72,0.2872,96.5988,96.7998,0.201,3.4012,3.2002
3485,0.003168,809.3,237.58,0.2936,96.5149,96.7208,0.2059,3.4851,3.2792
3486,0.003693,844.64,248.54,0.2943,95.9379,96.178,0.24,4.0621,3.822
3487,0.003052,782.03,184.78,0.2363,96.6427,96.8411,0.1984,3.3573,3.1589
3488,0.003209,844.92,269.51,0.319,96.4701,96.6787,0.2086,3.5299,3.3213
3489,0.003349,801.42,222.14,0.2772,96.316,96.5337,0.2177,3.684,3.4663
3490,0.002935,718.2,282.13,0.3928,96.7713,96.9621,0.1908,3.2287,3.0379
3491,0.003857,777.67,295.4,0.3799,95.7574,96.0081,0.2507,4.2426,3.9919
3492,0.003256,905.22,167.37,0.1849,96.4189,96.6305,0.2116,3.5811,3.3695
3493,0.003451,788.43,167.03,0.2119,96.2043,96.4286,0.2243,3.7957,3.5714
3494,0.003776,919.64,266.05,0.2893,95.8467,96.0921,0.2454,4.1533,3.9079
3495,0.003477,953.61,223.38,0.2342,96.175,96.4011,0.226,3.825,3.5989
3496,0.003377,759.85,193.64,0.2548,96.2855,96.505,0.2195,3.7145,3.495
3497,0.00351,982.54,267.42,0.2722,96.1385,96.3667,0.2282,3.8615,3.6333
3498,0.002885,942.41,189.24,0.2008,96.8264,97.0139,0.1875,3.1736,2.9861
3499,0.003245,813.07,216.29,0.266,96.4309,96.6418,0.2109,3.5691,3.3582
3500,0.003358,990.21,190.25,0.1921,96.306,96.5243,0.2183,3.694,3.4757
3501,0.003819,795.55,272.78,0.3429,95.7986,96.0469,0.2483,4.2014,3.9531
3502,0.003232,819.34,235.88,0.2879,96.4449,96.655,0.2101,3.5551,3.345
3503,0.003033,750.11,243.79,0.325,96.6635,96.8607,0.1972,3.3365,3.1393
3504,0.004127,888.52,199.45,0.2245,95.4603,95.7285,0.2683,4.5397,4.2715
3505,0.003647,686.77,258.33,0.3762,95.9884,96.2254,0.2371,4.0116,3.7746
3506,0.003923,710.69,255.71,0.3598,95.6843,95.9393,0.255,4.3157,4.0607
3507,0.004077,940.73,232.93,0.2476,95.5152,95.7802,0.265,4.4848,4.2198
3508,0.003717,856.34,204.31,0.2386,95.9114,96.153,0.2416,4.0886,3.847
3509,0.003078,733.38,230.35,0.3141,96.6144,96.8145,0.2001,3.3856,3.1855
3510,0.004004,757.97,270.19,0.3565,95.596,95.8563,0.2602,4.404,4.1437
3511,0.004075,792.71,182.34,0.23,95.5176,95.7825,0.2649,4.4824,4.2175
3512,0.003827,999.6,155.41,0.1555,95.7907,96.0394,0.2487,4.2093,3.9606
3513,0.002828,999.72,165.38,0.1654,96.8892,97.073,0.1838,3.1108,2.927
3514,0.003357,844.87,173.54,0.2054,96.3072,96.5254,0.2182,3.6928,3.4746
3515,0.003222,758.2,265.86,0.3506,96.4557,96.6652,0.2094,3.5443,3.3348
3516,0.003146,772.64,168.55,0.2181,96.5391,96.7436,0.2045,3.4609,3.2564
3517,0.003898,902.79,169.68,0.1879,95.7126,95.9659,0.2533,4.2874,4.0341
3518,0.003837,771.8,162.74,0.2109,95.7796,96.029,0.2494,4.2204,3.971
3519,0.002903,925.52,264.36,0.2856,96.8062,96.9949,0.1887,3.1938,3.0051
3520,0.003382,685.01,274.54,0.4008,96.2803,96.5001,0.2198,3.7197,3.4999
3521,0.003647,731.63,260.38,0.3559,95.9885,96.2255,0.237,4.0115,3.7745
3522,0.00391,746.06,240.85,0.3228,95.6994,95.9535,0.2541,4.3006,4.0465
3523,0.003237,790.07,226.85,0.2871,96.4392,96.6496,0.2104,3.5608,3.3504
3524,0.002833,773.18,180.4,0.2333,96.8839,97.068,0.1841,3.1161,2.932
3525,0.00317,903.06,220.71,0.2444,96.513,96.7191,0.206,3.487,3.2809
3526,0.003208,711.64,295.03,0.4146,96.4715,96.68,0.2085,3.5285,3.32
3527,0.003585,844.34,286.15,0.3389,96.0561,96.2891,0.2331,3.9439,3.7109
3528,0.003546,763.17,152.58,0.1999,96.0989,96.3294,0.2305,3.9011,3.6706
3529,0.003496,813.84,205.91,0.253,96.1546,96.3818,0.2272,3.8454,3.6182
3530,0.003565,716.82,183.61,0.2561,96.0783,96.31,0.2317,3.9217,3.69
3531,0.004165,815.1,184.82,0.2267,95.4182,95.6889,0.2707,4.5818,4.3111
3532,0.003318,871.47,246.42,0.2828,96.3505,96.5661,0.2157,3.6495,3.4339
3533,0.003265,955.29,296.37,0.3102,96.408,96.6203,0.2123,3.592,3.3797
3534,0.002934,737.55,279.72,0.3793,96.7731,96.9638,0.1907,3.2269,3.0362
3535,0.003486,764.99,171.2,0.2238,96.1657,96.3923,0.2266,3.8343,3.6077
3536,0.003663,840.99,258.45,0.3073,95.9706,96.2087,0.2381,4.0294,3.7913
3537,0.003593,759.03,265.11,0.3493,96.0474,96.2809,0.2336,3.9526,3.7191
3538,0.003153,785.89,200.68,0.2554,96.5319,96.7368,0.2049,3.4681,3.2632
3539,0.003011,789.29,234.8,0.2975,96.6881,96.8838,0.1957,3.3119,3.1162
3540,0.003369,681.89,253.56,0.3718,96.2939,96.5129,0.219,3.7061,3.4871
3541,0.003857,950.2,231.84,0.244,95.7572,96.008,0.2507,4.2428,3.992
3542,0.003238,901.68,198.28,0.2199,96.438,96.6484,0.2105,3.562,3.3516
3543,0.003792,854.91,278.8,0.3261,95.8283,96.0749,0.2465,4.1717,3.9251
3544,0.00419,707.69,165.76,0.2342,95.3912,95.6635,0.2723,4.6088,4.3365
3545,0.003779,807.73,263.53,0.3263,95.8431,96.0888,0.2456,4.1569,3.9112
3546,0.003027,934.37,174.93,0.1872,96.6704,96.8671,0.1968,3.3296,3.1329
3547,0.003413,1010.45,155.86,0.1542,96.2461,96.4679,0.2218,3.7539,3.5321
3548,0.003394,738.05,270.47,0.3665,96.2668,96.4874,0.2206,3.7332,3.5126
3549,0.003482,934.66,232.06,0.2483,96.1697,96.3961,0.2263,3.8303,3.6039
3550,0.003359,780.9,215.32,0.2757,96.3049,96.5233,0.2183,3.6951,3.4767
3551,0.003212,993.47,251.5,0.2532,96.4669,96.6757,0.2088,3.5331,3.3243
3552,0.003531,889.13,205.74,0.2314,96.1154,96.3449,0.2295,3.8846,3.6551
3553,0.00371,728.12,228.49,0.3138,95.9187,96.1598,0.2412,4.0813,3.8402
3554,0.003086,888.76,257.17,0.2894,96.6051,96.8057,0.2006,3.3949,3.1943
3555,0.003527,765.42,219.43,0.2867,96.1202,96.3494,0.2293,3.8798,3.6506
3556,0.004111,995.21,258.02,0.2593,95.4782,95.7454,0.2672,4.5218,4.2546
3557,0.003993,726.02,228.66,0.3149,95.6073,95.8669,0.2596,4.3927,4.1331
3558,0.003961,683.34,212.45,0.3109,95.6427,95.9002,0.2575,4.3573,4.0998
3559,0.00301,702.8,296.55,0.422,96.6885,96.8841,0.1957,3.3115,3.1159
3560,0.003237,743.81,254.11,0.3416,96.4398,96.6501,0.2104,3.5602,3.3499
3561,0.003553,792.55,159.17,0.2008,96.0919,96.3228,0.2309,3.9081,3.6772
3562,0.003456,733.19,202.57,0.2763,96.1982,96.4229,0.2247,3.8018,3.5771
3563,0.003583,756.85,244.32,0.3228,96.0589,96.2918,0.2329,3.9411,3.7082
3564,0.004099,773.36,273.11,0.3532,95.4911,95.7575,0.2664,4.5089,4.2425
3565,0.004015,878.72,195.86,0.2229,95.5831,95.8441,0.261,4.4169,4.1559
3566,0.003674,817.11,188.21,0.2303,95.9583,96.1971,0.2388,4.0417,3.8029
3567,0.003557,904.18,161.62,0.1787,96.0868,96.3181,0.2312,3.9132,3.6819
3568,0.003013,928.42,192.0,0.2068,96.6853,96.8811,0.1959,3.3147,3.1189
3569,0.003168,714.79,269.53,0.3771,96.5151,96.721,0.2059,3.4849,3.279
3570,0.003622,940.46,199.52,0.2122,96.0155,96.251,0.2354,3.9845,3.749
3571,0.003881,881.34,191.59,0.2174,95.7312,95.9834,0.2523,4.2688,4.0166
3572,0.00393,976.25,250.27,0.2564,95.6768,95.9322,0.2555,4.3232,4.0678
3573,0.003463,737.15,267.5,0.3629,96.191,96.416,0.2251,3.809,3.584
3574,0.004185,711.06,270.5,0.3804,95.3968,95.6688,0.272,4.6032,4.3312
3575,0.003005,736.04,281.19,0.382,96.6944,96.8897,0.1953,3.3056,3.1103
3576,0.003253,984.62,157.83,0.1603,96.4221,96.6335,0.2114,3.5779,3.3665
3577,0.003516,829.49,249.73,0.3011,96.132,96.3605,0.2286,3.868,3.6395
3578,0.003258,850.13,167.59,0.1971,96.4163,96.628,0.2118,3.5837,3.372
3579,0.003584,808.29,207.83,0.2571,96.0574,96.2903,0.233,3.9426,3.7097
3580,0.003464,786.0,228.3,0.2905,96.1893,96.4145,0.2252,3.8107,3.5855
3581,0.003543,980.32,276.33,0.2819,96.1027,96.333,0.2303,3.8973,3.667
3582,0.004138,1001.47,275.04,0.2746,95.4487,95.7177,0.2689,4.5513,4.2823
3583,0.003796,965.56,234.07,0.2424,95.8245,96.0713,0.2467,4.1755,3.9287
3584,0.003486,948.25,252.81,0.2666,96.1653,96.3919,0.2266,3.8347,3.6081
3585,0.003581,828.04,202.23,0.2442,96.0608,96.2936,0.2328,3.9392,3.7064
3586,0.002835,804.33,219.91,0.2734,96.881,97.0653,0.1843,3.119,2.9347
3587,0.003738,927.69,182.07,0.1963,95.8881,96.1311,0.243,4.1119,3.8689
3588,0.003584,1019.29,290.91,0.2854,96.0579,96.2909,0.2329,3.9421,3.7091
3589,0.003335,740.86,262.14,0.3538,96.331,96.5478,0.2168,3.669,3.4522
3590,0.002815,830.31,228.9,0.2757,96.9036,97.0865,0.183,3.0964,2.9135
3591,0.002808,785.53,164.12,0.2089,96.9114,97.0939,0.1825,3.0886,2.9061
3592,0.003316,766.28,288.23,0.3761,96.3519,96.5675,0.2156,3.6481,3.4325
3593,0.003649,691.4,191.24,0.2766,95.9856,96.2228,0.2372,4.0144,3.7772
3594,0.00347,694.93,254.32,0.366,96.1827,96.4083,0.2256,3.8173,3.5917
3595,0.003154,892.59,295.67,0.3313,96.5303,96.7353,0.205,3.4697,3.2647
3596,0.003953,973.48,289.14,0.297,95.6521,95.909,0.2569,4.3479,4.091
3597,0.004196,894.96,223.55,0.2498,95.3843,95.657,0.2727,4.6157,4.343
3598,0.003463,977.48,262.59,0.2686,96.1909,96.416,0.2251,3.8091,3.584
3599,0.00393,692.99,154.33,0.2227,95.6766,95.932,0.2555,4.3234,4.068
3600,0.004052,732.09,260.43,0.3557,95.5428,95.8062,0.2634,4.4572,4.1938
3601,0.004019,724.76,212.94,0.2938,95.5788,95.84,0.2613,4.4212,4.16
3602,0.003984,699.06,245.62,0.3514,95.6175,95.8764,0.259,4.3825,4.1236
3603,0.002887,713.14,231.61,0.3248,96.824,97.0117,0.1877,3.176,2.9883
3604,0.004177,746.02,242.1,0.3245,95.4056,95.677,0.2715,4.5944,4.323
3605,0.002823,964.67,277.23,0.2874,96.8943,97.0778,0.1835,3.1057,2.9222
3606,0.003243,921.17,285.86,0.3103,96.4326,96.6434,0.2108,3.5674,3.3566
3607,0.003622,1001.06,227.45,0.2272,96.0163,96.2517,0.2354,3.9837,3.7483
3608,0.004117,817.08,275.66,0.3374,95.4716,95.7392,0.2676,4.5284,4.2608
3609,0.003737,702.08,273.76,0.3899,95.8888,96.1317,0.2429,4.1112,3.8683
3610,0.003502,927.85,162.6,0.1752,96.1477,96.3753,0.2276,3.8523,3.6247
3611,0.003421,773.68,179.8,0.2324,96.2372,96.4595,0.2223,3.7628,3.5405
3612,0.003508,738.81,262.02,0.3547,96.1416,96.3696,0.228,3.8584,3.6304
3613,0.003973,681.1,191.06,0.2805,95.6297,95.8879,0.2582,4.3703,4.1121
3614,0.003291,796.09,235.23,0.2955,96.3799,96.5939,0.2139,3.6201,3.4061
3615,0.003775,872.5,219.45,0.2515,95.8477,96.0931,0.2454,4.1523,3.9069
3616,0.002963,710.79,259.43,0.365,96.741,96.9335,0.1926,3.259,3.0665
3617,0.00306,880.99,294.86,0.3347,96.6341,96.833,0.1989,3.3659,3.167
3618,0.003873,948.17,182.63,0.1926,95.7392,95.991,0.2518,4.2608,4.009
3619,0.003324,707.63,258.64,0.3655,96.3432,96.5593,0.2161,3.6568,3.4407
3620,0.003145,964.68,246.35,0.2554,96.54,96.7445,0.2045,3.46,3.2555
3621,0.004062,744.97,263.37,0.3535,95.5317,95.7958,0.264,4.4683,4.2042
3622,0.002986,698.13,255.89,0.3665,96.7156,96.9097,0.1941,3.2844,3.0903
3623,0.003049,727.74,197.33,0.2712,96.6459,96.8441,0.1982,3.3541,3.1559
3624,0.003116,744.0,282.54,0.3797,96.572,96.7746,0.2026,3.428,3.2254
3625,0.003048,780.28,254.63,0.3263,96.6472,96.8454,0.1981,3.3528,3.1546
3626,0.00317,846.56,236.8,0.2797,96.5126,96.7187,0.2061,3.4874,3.2813
3627,0.003288,898.22,217.45,0.2421,96.3828,96.5965,0.2137,3.6172,3.4035
3628,0.003683,962.79,155.51,0.1615,95.9482,96.1876,0.2394,4.0518,3.8124
3629,0.003969,811.13,230.69,0.2844,95.6345,95.8925,0.258,4.3655,4.1075
3630,0.003095,918.74,202.04,0.2199,96.5956,96.7967,0.2012,3.4044,3.2033
3631,0.003935,950.73,181.12,0.1905,95.6712,95.927,0.2558,4.3288,4.073
3632,0.00378,851.28,274.48,0.3224,95.8425,96.0882,0.2457,4.1575,3.9118
3633,0.003912,710.86,266.01,0.3742,95.6968,95.9511,0.2543,4.3032,4.0489
3634,0.003161,839.01,154.72,0.1844,96.5224,96.7278,0.2055,3.4776,3.2722
3635,0.002961,903.83,177.96,0.1969,96.7424,96.9349,0.1925,3.2576,3.0651
3636,0.002996,879.52,205.84,0.234,96.7047,96.8994,0.1947,3.2953,3.1006
3637,0.003329,880.05,155.08,0.1762,96.338,96.5544,0.2164,3.662,3.4456
3638,0.003782,894.02,280.4,0.3136,95.84,96.0858,0.2458,4.16,3.9142
3639,0.002811,823.28,200.21,0.2432,96.9078,97.0906,0.1827,3.0922,2.9094
3640,0.003707,714.07,286.97,0.4019,95.9223,96.1632,0.241,4.0777,3.8368
3641,0.003229,838.73,177.92,0.2121,96.4483,96.6582,0.2099,3.5517,3.3418
3642,0.00283,955.14,218.47,0.2287,96.8865,97.0705,0.184,3.1135,2.9295
3643,0.003606,827.89,209.9,0.2535,96.033,96.2674,0.2344,3.967,3.7326
3644,0.003968,765.88,205.98,0.269,95.6355,95.8934,0.2579,4.3645,4.1066
3645,0.003273,910.71,195.03,0.2141,96.3997,96.6124,0.2127,3.6003,3.3876
3646,0.004159,978.33,264.48,0.2703,95.425,95.6954,0.2703,4.575,4.3046
3647,0.004061,852.37,213.15,0.2501,95.5327,95.7966,0.264,4.4673,4.2034
3648,0.003884,1004.35,210.11,0.2092,95.7279,95.9804,0.2524,4.2721,4.0196
3649,0.00284,854.15,288.35,0.3376,96.876,97.0606,0.1846,3.124,2.9394
3650,0.004041,1008.18,291.43,0.2891,95.5546,95.8173,0.2627,4.4454,4.1827
3651,0.003078,1010.63,262.78,0.26,96.6144,96.8144,0.2001,3.3856,3.1856
3652,0.002982,793.27,293.99,0.3706,96.72,96.9138,0.1938,3.28,3.0862
3653,0.004158,785.15,264.87,0.3374,95.4257,95.696,0.2703,4.5743,4.304
3654,0.003922,835.96,174.8,0.2091,95.6857,95.9406,0.2549,4.3143,4.0594
3655,0.002801,730.15,282.44,0.3868,96.9187,97.1008,0.1821,3.0813,2.8992
3656,0.003222,707.33,185.43,0.2622,96.456,96.6654,0.2094,3.544,3.3346
3657,0.003085,710.66,186.71,0.2627,96.6069,96.8074,0.2005,3.3931,3.1926
3658,0.003759,967.53,206.14,0.2131,95.8655,96.1099,0.2443,4.1345,3.8901
3659,0.003468,797.2,220.62,0.2767,96.1849,96.4103,0.2254,3.8151,3.5897
3660,0.003762,917.59,286.92,0.3127,95.8623,96.1068,0.2445,4.1377,3.8932
3661,0.003736,962.66,255.93,0.2659,95.8906,96.1334,0.2428,4.1094,3.8666
3662,0.003868,712.58,169.28,0.2376,95.7449,95.9963,0.2514,4.2551,4.0037
3663,0.003868,725.4,265.99,0.3667,95.7449,95.9963,0.2514,4.2551,4.0037
3664,0.004057,958.73,259.56,0.2707,95.537,95.8008,0.2637,4.463,4.1992
3665,0.003394,813.91,160.75,0.1975,96.2661,96.4868,0.2206,3.7339,3.5132
3666,0.003484,931.75,237.96,0.2554,96.168,96.3944,0.2264,3.832,3.6056
3667,0.00311,886.9,265.18,0.299,96.5786,96.7808,0.2022,3.4214,3.2192
3668,0.003317,795.55,273.49,0.3438,96.3515,96.5671,0.2156,3.6485,3.4329
3669,0.003655,935.57,287.19,0.307,95.9797,96.2173,0.2376,4.0203,3.7827
3670,0.003704,726.95,178.2,0.2451,95.9258,96.1666,0.2407,4.0742,3.8334
3671,0.003096,828.04,200.94,0.2427,96.5947,96.7959,0.2012,3.4053,3.2041
3672,0.003716,824.74,192.74,0.2337,95.9128,96.1543,0.2415,4.0872,3.8457
3673,0.003342,959.23,155.22,0.1618,96.3243,96.5415,0.2172,3.6757,3.4585
3674,0.004142,823.39,174.53,0.212,95.4439,95.7131,0.2692,4.5561,4.2869
3675,0.003755,963.64,219.74,0.228,95.8692,96.1133,0.2441,4.1308,3.8867
3676,0.002916,913.26,165.21,0.1809,96.7927,96.9823,0.1895,3.2073,3.0177
3677,0.004007,953.21,151.83,0.1593,95.5918,95.8523,0.2605,4.4082,4.1477
3678,0.003247,875.39,207.6,0.2371,96.4287,96.6397,0.211,3.5713,3.3603
3679,0.003437,845.29,293.99,0.3478,96.2198,96.4432,0.2234,3.7802,3.5568
3680,0.003362,942.26,195.44,0.2074,96.3014,96.5199,0.2186,3.6986,3.4801
3681,0.003162,895.6,240.55,0.2686,96.5217,96.7272,0.2055,3.4783,3.2728
3682,0.003923,833.09,205.92,0.2472,95.6843,95.9393,0.255,4.3157,4.0607
3683,0.003463,793.92,230.25,0.29,96.1907,96.4158,0.2251,3.8093,3.5842
3684,0.003311,947.07,297.11,0.3137,96.3581,96.5733,0.2152,3.6419,3.4267
3685,0.003544,810.38,251.21,0.31,96.1012,96.3315,0.2304,3.8988,3.6685
3686,0.003011,794.62,290.13,0.3651,96.6884,96.8841,0.1957,3.3116,3.1159
3687,0.003626,747.19,271.93,0.3639,96.0112,96.2469,0.2357,3.9888,3.7531
3688,0.003819,834.7,157.28,0.1884,95.7995,96.0477,0.2482,4.2005,3.9523
3689,0.003194,721.33,223.44,0.3098,96.4862,96.6938,0.2076,3.5138,3.3062
3690,0.003314,982.32,252.96,0.2575,96.3547,96.5701,0.2154,3.6453,3.4299
3691,0.003153,794.74,194.42,0.2446,96.5314,96.7364,0.205,3.4686,3.2636
3692,0.003947,864.53,176.81,0.2045,95.6585,95.915,0.2565,4.3415,4.085
3693,0.0033,685.96,198.69,0.2897,96.3704,96.5849,0.2145,3.6296,3.4151
3694,0.00369,882.56,203.59,0.2307,95.9406,96.1805,0.2399,4.0594,3.8195
3695,0.002851,931.15,187.29,0.2011,96.8636,97.0489,0.1853,3.1364,2.9511
3696,0.002918,712.15,259.02,0.3637,96.7906,96.9802,0.1896,3.2094,3.0198
3697,0.003686,826.57,191.2,0.2313,95.9453,96.1849,0.2396,4.0547,3.8151
3698,0.004161,914.26,186.62,0.2041,95.4233,95.6938,0.2704,4.5767,4.3062
3699,0.003956,963.87,259.9,0.2696,95.6486,95.9057,0.2571,4.3514,4.0943
3700,0.003533,835.86,161.48,0.1932,96.1137,96.3434,0.2296,3.8863,3.6566
3701,0.003322,729.9,296.53,0.4063,96.3459,96.5618,0.2159,3.6541,3.4382
3702,0.003693,979.89,207.29,0.2115,95.9378,96.1778,0.24,4.0622,3.8222
3703,0.004172,706.78,289.12,0.4091,95.4104,95.6816,0.2712,4.5896,4.3184
3704,0.003849,823.66,153.36,0.1862,95.7661,96.0163,0.2502,4.2339,3.9837
3705,0.004131,767.33,247.93,0.3231,95.4564,95.7249,0.2685,4.5436,4.2751
3706,0.004036,964.53,215.02,0.2229,95.5603,95.8226,0.2623,4.4397,4.1774
3707,0.002963,745.16,189.15,0.2538,96.7407,96.9333,0.1926,3.2593,3.0667
3708,0.003224,854.77,278.14,0.3254,96.4531,96.6627,0.2096,3.5469,3.3373
3709,0.003141,951.64,206.14,0.2166,96.5446,96.7488,0.2042,3.4554,3.2512
3710,0.003462,938.64,215.54,0.2296,96.1917,96.4167,0.225,3.8083,3.5833
3711,0.003846,944.63,191.53,0.2028,95.7698,96.0198,0.25,4.2302,3.9802
3712,0.00374,885.57,286.46,0.3235,95.886,96.1291,0.2431,4.114,3.8709
3713,0.003749,772.71,211.08,0.2732,95.8756,96.1193,0.2437,4.1244,3.8807
3714,0.002826,820.87,169.47,0.2064,96.8912,97.0749,0.1837,3.1088,2.9251
3715,0.003174,883.69,296.38,0.3354,96.5087,96.715,0.2063,3.4913,3.285
3716,0.003245,755.25,152.71,0.2022,96.43,96.641,0.211,3.57,3.359
3717,0.003254,701.67,193.17,0.2753,96.4201,96.6316,0.2115,3.5799,3.3684
3718,0.003797,961.17,238.19,0.2478,95.8235,96.0703,0.2468,4.1765,3.9297
3719,0.003689,791.78,208.36,0.2632,95.9425,96.1822,0.2398,4.0575,3.8178
3720,0.004102,684.27,201.09,0.2939,95.488,95.7546,0.2666,4.512,4.2454
3721,0.003285,831.09,219.29,0.2639,96.3866,96.6001,0.2135,3.6134,3.3999
3722,0.00384,751.62,254.66,0.3388,95.7764,96.026,0.2496,4.2236,3.974
3723,0.003742,766.94,154.84,0.2019,95.8836,96.1268,0.2432,4.1164,3.8732
3724,0.003993,1009.03,244.71,0.2425,95.6075,95.867,0.2596,4.3925,4.133
3725,0.003586,797.4,181.13,0.2272,96.0556,96.2886,0.2331,3.9444,3.7114
3726,0.004179,805.53,193.77,0.2406,95.4033,95.6749,0.2716,4.5967,4.3251
3727,0.003241,909.33,154.43,0.1698,96.4344,96.6451,0.2107,3.5656,3.3549
3728,0.003675,736.69,202.74,0.2752,95.9577,96.1966,0.2389,4.0423,3.8034
3729,0.003404,1018.58,153.51,0.1507,96.2554,96.4767,0.2213,3.7446,3.5233
3730,0.004163,869.19,223.61,0.2573,95.421,95.6916,0.2706,4.579,4.3084
3731,0.003129,993.2,169.75,0.1709,96.5585,96.7619,0.2034,3.4415,3.2381
3732,0.00365,968.89,164.55,0.1698,95.985,96.2223,0.2372,4.015,3.7777
3733,0.003106,1017.32,235.61,0.2316,96.5838,96.7857,0.2019,3.4162,3.2143
3734,0.00305,734.1,266.63,0.3632,96.6449,96.8432,0.1983,3.3551,3.1568
3735,0.003828,816.38,211.28,0.2588,95.7889,96.0378,0.2488,4.2111,3.9622
3736,0.003852,822.18,239.89,0.2918,95.763,96.0134,0.2504,4.237,3.9866
3737,0.003247,803.48,165.85,0.2064,96.4281,96.6392,0.2111,3.5719,3.3608
3738,0.004039,1006.48,264.26,0.2626,95.5575,95.82,0.2625,4.4425,4.18
3739,0.003245,862.11,208.83,0.2422,96.4306,96.6415,0.2109,3.5694,3.3585
3740,0.004003,848.24,219.59,0.2589,95.5971,95.8572,0.2602,4.4029,4.1428
3741,0.003957,832.82,288.59,0.3465,95.6477,95.9049,0.2572,4.3523,4.0951
3742,0.003049,778.06,229.9,0.2955,96.6465,96.8446,0.1982,3.3535,3.1554
3743,0.003268,837.77,175.84,0.2099,96.4056,96.618,0.2124,3.5944,3.382
3744,0.00407,810.34,247.97,0.306,95.5228,95.7873,0.2646,4.4772,4.2127
3745,0.004164,819.5,245.46,0.2995,95.4197,95.6903,0.2707,4.5803,4.3097
3746,0.003666,727.11,242.99,0.3342,95.9669,96.2052,0.2383,4.0331,3.7948
3747,0.004198,883.85,259.82,0.294,95.3817,95.6546,0.2729,4.6183,4.3454
3748,0.004124,790.51,187.49,0.2372,95.4639,95.732,0.268,4.5361,4.268
3749,0.003597,840.45,163.64,0.1947,96.0433,96.2771,0.2338,3.9567,3.7229
3750,0.003318,932.61,282.53,0.3029,96.3497,96.5654,0.2157,3.6503,3.4346
3751,0.003716,867.7,279.52,0.3221,95.9127,96.1542,0.2415,4.0873,3.8458
3752,0.00399,734.87,205.36,0.2795,95.6105,95.8699,0.2594,4.3895,4.1301
3753,0.004025,739.57,290.57,0.3929,95.573,95.8346,0.2616,4.427,4.1654
3754,0.00409,789.73,193.95,0.2456,95.5011,95.7669,0.2658,4.4989,4.2331
3755,0.004052,750.38,219.18,0.2921,95.5426,95.8059,0.2634,4.4574,4.1941
3756,0.003143,885.1,298.46,0.3372,96.5426,96.7469,0.2043,3.4574,3.2531
3757,0.003915,1010.75,225.03,0.2226,95.693,95.9475,0.2545,4.307,4.0525
3758,0.002956,885.36,199.69,0.2255,96.7488,96.9409,0.1921,3.2512,3.0591
3759,0.004088,734.15,219.33,0.2988,95.503,95.7687,0.2657,4.497,4.2313
3760,0.004147,682.34,154.85,0.2269,95.4378,95.7074,0.2696,4.5622,4.2926
3761,0.003748,974.8,299.33,0.3071,95.8776,96.1212,0.2436,4.1224,3.8788
3762,0.004007,703.92,212.56,0.302,95.5923,95.8527,0.2605,4.4077,4.1473
3763,0.003164,923.43,168.15,0.1821,96.5196,96.7252,0.2057,3.4804,3.2748
3764,0.003887,900.01,230.13,0.2557,95.724,95.9767,0.2527,4.276,4.0233
3765,0.002833,843.47,258.9,0.307,96.8835,97.0676,0.1842,3.1165,2.9324
3766,0.00321,815.45,273.35,0.3352,96.4688,96.6775,0.2087,3.5312,3.3225
3767,0.003876,803.55,257.49,0.3204,95.7361,95.9881,0.252,4.2639,4.0119
3768,0.003516,900.87,214.29,0.2379,96.1322,96.3607,0.2286,3.8678,3.6393
3769,0.002974,729.63,189.37,0.2595,96.729,96.9222,0.1933,3.271,3.0778
3770,0.003955,936.22,166.77,0.1781,95.6491,95.9062,0.2571,4.3509,4.0938
3771,0.003037,820.38,200.98,0.245,96.6598,96.8572,0.1974,3.3402,3.1428
3772,0.004078,950.49,181.51,0.191,95.514,95.7791,0.2651,4.486,4.2209
3773,0.002936,898.29,161.11,0.1794,96.7704,96.9613,0.1908,3.2296,3.0387
3774,0.004059,847.14,186.71,0.2204,95.5352,95.7991,0.2638,4.4648,4.2009
3775,0.003164,780.4,216.7,0.2777,96.5196,96.7253,0.2057,3.4804,3.2747
3776,0.003902,917.85,235.23,0.2563,95.7074,95.9611,0.2537,4.2926,4.0389
3777,0.003632,938.85,172.2,0.1834,96.0046,96.2407,0.2361,3.9954,3.7593
3778,0.003204,755.15,205.63,0.2723,96.4758,96.6841,0.2082,3.5242,3.3159
3779,0.003308,779.01,291.72,0.3745,96.3614,96.5764,0.215,3.6386,3.4236
3780,0.003022,895.52,221.29,0.2471,96.6762,96.8726,0.1964,3.3238,3.1274
3781,0.003416,780.26,261.56,0.3352,96.2426,96.4646,0.222,3.7574,3.5354
3782,0.003773,729.82,193.85,0.2656,95.8496,96.0948,0.2453,4.1504,3.9052
3783,0.003338,896.5,154.2,0.172,96.3283,96.5453,0.217,3.6717,3.4547
3784,0.003096,783.01,237.64,0.3035,96.594,96.7953,0.2013,3.406,3.2047
3785,0.003163,925.19,261.82,0.283,96.5205,96.7261,0.2056,3.4795,3.2739
3786,0.004195,817.99,242.77,0.2968,95.386,95.6586,0.2726,4.614,4.3414
3787,0.003039,797.03,173.38,0.2175,96.6576,96.8551,0.1975,3.3424,3.1449
3788,0.003994,786.86,206.15,0.262,95.607,95.8666,0.2596,4.393,4.1334
3789,0.004012,844.98,175.37,0.2075,95.5873,95.848,0.2608,4.4127,4.152
3790,0.003535,739.63,284.57,0.3847,96.1111,96.3409,0.2298,3.8889,3.6591
3791,0.00282,1001.96,201.36,0.201,96.8981,97.0814,0.1833,3.1019,2.9186
3792,0.003233,756.27,191.75,0.2535,96.4437,96.6538,0.2101,3.5563,3.3462
3793,0.003889,948.35,247.5,0.261,95.7219,95.9747,0.2528,4.2781,4.0253
3794,0.003299,836.17,286.91,0.3431,96.371,96.5854,0.2144,3.629,3.4146
3795,0.004069,965.59,276.86,0.2867,95.5243,95.7888,0.2645,4.4757,4.2112
3796,0.003896,858.2,184.26,0.2147,95.714,95.9673,0.2533,4.286,4.0327
3797,0.003084,905.84,209.77,0.2316,96.6081,96.8085,0.2004,3.3919,3.1915
3798,0.002938,792.04,160.08,0.2021,96.7678,96.9588,0.191,3.2322,3.0412
3799,0.003575,861.82,261.19,0.3031,96.0679,96.3003,0.2323,3.9321,3.6997
3800,0.004022,1009.95,158.4,0.1568,95.5762,95.8376,0.2614,4.4238,4.1624
3801,0.003593,764.31,188.41,0.2465,96.0473,96.2808,0.2336,3.9527,3.7192
3802,0.003835,914.5,247.62,0.2708,95.7813,96.0306,0.2493,4.2187,3.9694
3803,0.003143,914.48,218.41,0.2388,96.5426,96.7469,0.2043,3.4574,3.2531
3804,0.002856,887.11,232.8,0.2624,96.858,97.0437,0.1857,3.142,2.9563
3805,0.002928,744.6,274.6,0.3688,96.7793,96.9696,0.1903,3.2207,3.0304
3806,0.002889,987.07,228.38,0.2314,96.8219,97.0097,0.1878,3.1781,2.9903
3807,0.002885,757.38,237.85,0.314,96.8263,97.0138,0.1875,3.1737,2.9862
3808,0.003614,837.85,230.54,0.2752,96.0248,96.2597,0.2349,3.9752,3.7403
3809,0.003894,788.41,245.09,0.3109,95.7166,95.9697,0.2531,4.2834,4.0303
3810,0.003075,719.58,162.51,0.2258,96.6175,96.8174,0.1999,3.3825,3.1826
3811,0.003076,864.41,182.25,0.2108,96.616,96.816,0.2,3.384,3.184
3812,0.003482,873.57,237.26,0.2716,96.1697,96.396,0.2263,3.8303,3.604
3813,0.004006,717.92,282.98,0.3942,95.5938,95.8542,0.2604,4.4062,4.1458
3814,0.003888,746.23,270.86,0.363,95.7228,95.9756,0.2527,4.2772,4.0244
3815,0.00366,835.13,150.07,0.1797,95.9738,96.2117,0.2379,4.0262,3.7883
3816,0.003856,884.46,223.89,0.2531,95.758,96.0086,0.2507,4.242,3.9914
3817,0.003047,852.48,227.13,0.2664,96.6481,96.8462,0.1981,3.3519,3.1538
3818,0.004132,781.88,280.09,0.3582,95.4548,95.7234,0.2686,4.5452,4.2766
3819,0.003149,773.6,234.19,0.3027,96.5365,96.7412,0.2047,3.4635,3.2588
3820,0.003232,829.61,296.58,0.3575,96.4444,96.6545,0.2101,3.5556,3.3455
3821,0.004124,845.78,197.88,0.234,95.4636,95.7317,0.2681,4.5364,4.2683
3822,0.004164,839.97,174.47,0.2077,95.4195,95.6902,0.2707,4.5805,4.3098
3823,0.002892,826.89,195.7,0.2367,96.819,97.007,0.188,3.181,2.993
3824,0.004095,830.69,245.68,0.2958,95.495,95.7612,0.2662,4.505,4.2388
3825,0.003554,742.1,266.82,0.3595,96.0906,96.3216,0.231,3.9094,3.6784
3826,0.003868,752.49,225.27,0.2994,95.7452,95.9966,0.2514,4.2548,4.0034
3827,0.003248,860.34,165.44,0.1923,96.4272,96.6383,0.2111,3.5728,3.3617
3828,0.00322,887.24,235.65,0.2656,96.4579,96.6672,0.2093,3.5421,3.3328
3829,0.003016,733.17,264.96,0.3614,96.6819,96.878,0.1961,3.3181,3.122
3830,0.0039,969.8,241.52,0.249,95.7099,95.9634,0.2535,4.2901,4.0366
3831,0.00302,1005.28,297.17,0.2956,96.678,96.8743,0.1963,3.322,3.1257
3832,0.003715,948.17,266.96,0.2816,95.9136,96.1551,0.2415,4.0864,3.8449
3833,0.003177,997.17,220.8,0.2214,96.5051,96.7117,0.2065,3.4949,3.2883
3834,0.003999,783.23,171.75,0.2193,95.6014,95.8613,0.2599,4.3986,4.1387
3835,0.003267,800.34,261.78,0.3271,96.4061,96.6184,0.2124,3.5939,3.3816
3836,0.00343,824.6,209.03,0.2535,96.2274,96.4504,0.2229,3.7726,3.5496
3837,0.003384,939.16,210.61,0.2243,96.2776,96.4976,0.22,3.7224,3.5024
3838,0.004156,800.23,270.81,0.3384,95.4282,95.6984,0.2701,4.5718,4.3016
3839,0.004165,940.8,152.92,0.1625,95.4185,95.6892,0.2707,4.5815,4.3108
3840,0.003786,750.93,257.5,0.3429,95.8353,96.0814,0.2461,4.1647,3.9186
3841,0.003213,806.98,198.28,0.2457,96.466,96.6748,0.2088,3.534,3.3252
3842,0.003907,790.73,234.0,0.2959,95.702,95.956,0.254,4.298,4.044
3843,0.003079,753.09,225.44,0.2994,96.6128,96.813,0.2002,3.3872,3.187
3844,0.003999,716.32,186.47,0.2603,95.6011,95.8611,0.2599,4.3989,4.1389
3845,0.003256,843.09,258.19,0.3062,96.4188,96.6304,0.2116,3.5812,3.3696
3846,0.003458,1010.19,156.9,0.1553,96.1964,96.4212,0.2248,3.8036,3.5788
3847,0.003723,913.85,286.33,0.3133,95.9045,96.1465,0.242,4.0955,3.8535
3848,0.003482,775.25,241.01,0.3109,96.17,96.3963,0.2263,3.83,3.6037
3849,0.003325,714.49,245.94,0.3442,96.3425,96.5586,0.2161,3.6575,3.4414
3850,0.003186,805.61,288.54,0.3582,96.4949,96.702,0.2071,3.5051,3.298
3851,0.002955,725.66,262.47,0.3617,96.749,96.9411,0.1921,3.251,3.0589
3852,0.003254,943.58,212.07,0.2247,96.4202,96.6317,0.2115,3.5798,3.3683
3853,0.003012,731.14,194.83,0.2665,96.6863,96.8821,0.1958,3.3137,3.1179
3854,0.00308,709.92,186.78,0.2631,96.612,96.8122,0.2002,3.388,3.1878
3855,0.003602,939.35,189.11,0.2013,96.038,96.2721,0.2341,3.962,3.7279
3856,0.003543,779.08,153.28,0.1967,96.1022,96.3325,0.2303,3.8978,3.6675
3857,0.003881,703.12,267.89,0.381,95.731,95.9832,0.2523,4.269,4.0168
3858,0.003796,786.75,278.01,0.3534,95.8244,96.0712,0.2467,4.1756,3.9288
3859,0.004067,831.59,282.69,0.3399,95.5261,95.7905,0.2644,4.4739,4.2095
3860,0.003058,839.23,219.12,0.2611,96.6364,96.8352,0.1988,3.3636,3.1648
3861,0.003266,910.41,255.61,0.2808,96.4072,96.6195,0.2123,3.5928,3.3805
3862,0.003158,934.2,153.47,0.1643,96.5267,96.732,0.2052,3.4733,3.268
3863,0.002967,819.66,209.45,0.2555,96.7364,96.9293,0.1928,3.2636,3.0707
3864,0.003481,696.33,229.26,0.3292,96.171,96.3973,0.2263,3.829,3.6027
3865,0.004078,854.17,152.43,0.1785,95.514,95.7791,0.2651,4.486,4.2209
3866,0.003412,690.91,225.63,0.3266,96.2467,96.4685,0.2218,3.7533,3.5315
3867,0.003918,948.65,223.8,0.2359,95.6907,95.9453,0.2546,4.3093,4.0547
3868,0.003605,895.69,260.17,0.2905,96.0348,96.2691,0.2343,3.9652,3.7309
3869,0.003591,1011.24,267.09,0.2641,96.0494,96.2829,0.2334,3.9506,3.7171
3870,0.003544,951.52,276.94,0.2911,96.1011,96.3315,0.2304,3.8989,3.6685
3871,0.002923,993.65,241.5,0.243,96.7849,96.9749,0.19,3.2151,3.0251
3872,0.00419,935.65,265.07,0.2833,95.3909,95.6632,0.2724,4.6091,4.3368
3873,0.003403,774.13,217.69,0.2812,96.2563,96.4776,0.2212,3.7437,3.5224
3874,0.004033,931.24,247.57,0.2658,95.564,95.8261,0.2621,4.436,4.1739
3875,0.002902,900.27,200.97,0.2232,96.8075,96.9962,0.1886,3.1925,3.0038
3876,0.003539,915.48,273.03,0.2982,96.1073,96.3373,0.23,3.8927,3.6627
3877,0.003405,687.3,236.21,0.3437,96.2541,96.4755,0.2213,3.7459,3.5245
3878,0.002809,961.6,152.83,0.1589,96.9102,97.0928,0.1826,3.0898,2.9072
3879,0.003115,825.23,188.83,0.2288,96.5731,96.7756,0.2025,3.4269,3.2244
3880,0.003112,909.34,198.99,0.2188,96.5767,96.779,0.2023,3.4233,3.221
3881,0.003441,906.24,265.49,0.293,96.2151,96.4387,0.2237,3.7849,3.5613
3882,0.003604,800.58,282.05,0.3523,96.0354,96.2696,0.2343,3.9646,3.7304
3883,0.004014,731.89,265.95,0.3634,95.5844,95.8454,0.2609,4.4156,4.1546
3884,0.003089,741.74,153.93,0.2075,96.6025,96.8033,0.2008,3.3975,3.1967
3885,0.003643,967.2,266.92,0.276,95.993,96.2298,0.2368,4.007,3.7702
3886,0.003556,1004.58,199.12,0.1982,96.0883,96.3194,0.2311,3.9117,3.6806
3887,0.003241,758.24,181.32,0.2391,96.4344,96.6451,0.2107,3.5656,3.3549
3888,0.003224,824.26,190.66,0.2313,96.4535,96.6631,0.2096,3.5465,3.3369
3889,0.004111,753.86,203.3,0.2697,95.4781,95.7453,0.2672,4.5219,4.2547
3890,0.002992,985.62,215.95,0.2191,96.7085,96.903,0.1945,3.2915,3.097
3891,0.003968,807.54,216.59,0.2682,95.6354,95.8933,0.2579,4.3646,4.1067
3892,0.003842,931.57,207.06,0.2223,95.7743,96.024,0.2497,4.2257,3.976
3893,0.003426,815.72,180.84,0.2217,96.2319,96.4546,0.2227,3.7681,3.5454
3894,0.003333,956.93,163.93,0.1713,96.334,96.5506,0.2166,3.666,3.4494
3895,0.003045,990.52,258.68,0.2612,96.6504,96.8483,0.1979,3.3496,3.1517
3896,0.00297,937.25,168.05,0.1793,96.7326,96.9257,0.1931,3.2674,3.0743
3897,0.003485,885.65,262.45,0.2963,96.1668,96.3933,0.2265,3.8332,3.6067
3898,0.003244,744.93,297.77,0.3997,96.432,96.6428,0.2108,3.568,3.3572
3899,0.00392,802.35,188.29,0.2347,95.6883,95.9431,0.2548,4.3117,4.0569
3900,0.002957,835.36,151.09,0.1809,96.7475,96.9397,0.1922,3.2525,3.0603
3901,0.003925,816.1,278.62,0.3414,95.6827,95.9379,0.2551,4.3173,4.0621
3902,0.003297,1001.55,275.48,0.2751,96.3738,96.5881,0.2143,3.6262,3.4119
3903,0.003408,968.25,195.1,0.2015,96.2514,96.4729,0.2215,3.7486,3.5271
3904,0.0042,708.71,246.54,0.3479,95.3805,95.6534,0.273,4.6195,4.3466
3905,0.003346,840.26,292.7,0.3483,96.3199,96.5373,0.2175,3.6801,3.4627
3906,0.003185,900.1,198.49,0.2205,96.4969,96.7039,0.207,3.5031,3.2961
3907,0.002997,764.66,234.69,0.3069,96.7033,96.8981,0.1948,3.2967,3.1019
3908,0.002979,732.96,254.26,0.3469,96.723,96.9166,0.1936,3.277,3.0834
3909,0.003867,700.8,270.36,0.3858,95.7461,95.9974,0.2514,4.2539,4.0026
3910,0.004013,904.72,205.76,0.2274,95.5858,95.8467,0.2608,4.4142,4.1533
3911,0.003381,733.54,175.86,0.2397,96.2811,96.5008,0.2198,3.7189,3.4992
3912,0.004111,1008.2,261.3,0.2592,95.4781,95.7453,0.2672,4.5219,4.2547
3913,0.003934,741.75,281.86,0.38,95.6721,95.9278,0.2557,4.3279,4.0722
3914,0.002953,735.21,224.63,0.3055,96.7515,96.9435,0.192,3.2485,3.0565
3915,0.003228,892.61,286.35,0.3208,96.4487,96.6585,0.2099,3.5513,3.3415
3916,0.003171,789.16,267.49,0.339,96.5116,96.7178,0.2061,3.4884,3.2822
3917,0.003264,982.2,155.13,0.1579,96.4094,96.6215,0.2122,3.5906,3.3785
3918,0.004021,990.62,156.97,0.1585,95.5771,95.8384,0.2614,4.4229,4.1616
3919,0.003328,883.49,228.78,0.259,96.3394,96.5557,0.2163,3.6606,3.4443
3920,0.003021,685.08,284.58,0.4154,96.6764,96.8728,0.1964,3.3236,3.1272
3921,0.002929,1015.99,166.86,0.1642,96.7781,96.9685,0.1904,3.2219,3.0315
3922,0.003466,1014.35,278.42,0.2745,96.1874,96.4127,0.2253,3.8126,3.5873
3923,0.003551,725.7,240.49,0.3314,96.0934,96.3243,0.2308,3.9066,3.6757
3924,0.003692,785.89,220.42,0.2805,95.9392,96.1792,0.24,4.0608,3.8208
3925,0.004064,723.59,248.46,0.3434,95.5296,95.7937,0.2642,4.4704,4.2063
3926,0.003312,888.63,257.45,0.2897,96.357,96.5723,0.2153,3.643,3.4277
3927,0.003469,934.56,277.8,0.2972,96.1842,96.4097,0.2255,3.8158,3.5903
3928,0.003075,754.57,169.47,0.2246,96.6177,96.8176,0.1999,3.3823,3.1824
3929,0.004119,756.69,162.33,0.2145,95.4689,95.7366,0.2677,4.5311,4.2634
3930,0.002933,817.31,283.04,0.3463,96.774,96.9647,0.1906,3.226,3.0353
3931,0.002947,756.92,177.69,0.2348,96.7579,96.9495,0.1916,3.2421,3.0505
3932,0.003723,791.73,296.09,0.374,95.9046,96.1466,0.242,4.0954,3.8534
3933,0.003736,856.77,236.58,0.2761,95.8907,96.1336,0.2428,4.1093,3.8664
3934,0.004037,938.36,169.76,0.1809,95.5593,95.8217,0.2624,4.4407,4.1783
3935,0.003391,904.81,236.91,0.2618,96.2701,96.4905,0.2204,3.7299,3.5095
3936,0.004108,691.64,285.9,0.4134,95.4807,95.7477,0.2671,4.5193,4.2523
3937,0.003339,696.33,179.68,0.258,96.3271,96.5441,0.217,3.6729,3.4559
3938,0.003055,728.6,155.12,0.2129,96.6395,96.838,0.1986,3.3605,3.162
3939,0.003913,735.04,198.38,0.2699,95.6961,95.9504,0.2543,4.3039,4.0496
3940,0.003601,844.51,201.59,0.2387,96.039,96.273,0.2341,3.961,3.727
3941,0.00368,957.78,236.58,0.247,95.9518,96.191,0.2392,4.0482,3.809
3942,0.003433,753.04,243.2,0.323,96.2238,96.4469,0.2231,3.7762,3.5531
3943,0.003564,720.06,191.9,0.2665,96.0793,96.311,0.2317,3.9207,3.689
3944,0.003876,994.12,200.59,0.2018,95.7365,95.9884,0.2519,4.2635,4.0116
3945,0.00405,766.8,271.05,0.3535,95.5455,95.8087,0.2632,4.4545,4.1913
3946,0.003482,866.63,249.49,0.2879,96.1695,96.3958,0.2263,3.8305,3.6042
3947,0.003735,796.41,227.86,0.2861,95.8913,96.134,0.2428,4.1087,3.866
3948,0.002888,804.24,246.34,0.3063,96.8228,97.0105,0.1877,3.1772,2.9895
3949,0.004151,722.92,184.07,0.2546,95.4343,95.7041,0.2698,4.5657,4.2959
3950,0.00344,717.79,232.57,0.324,96.2156,96.4392,0.2236,3.7844,3.5608
3951,0.003214,976.92,196.05,0.2007,96.4646,96.6735,0.2089,3.5354,3.3265
3952,0.003411,1014.67,162.45,0.1601,96.2483,96.47,0.2217,3.7517,3.53
3953,0.004014,851.61,209.63,0.2462,95.5849,95.8458,0.2609,4.4151,4.1542
3954,0.004118,1019.51,179.23,0.1758,95.4705,95.7381,0.2677,4.5295,4.2619
3955,0.003976,755.43,152.51,0.2019,95.6264,95.8848,0.2584,4.3736,4.1152
3956,0.003827,800.34,240.14,0.3,95.7905,96.0393,0.2487,4.2095,3.9607
3957,0.003012,972.37,228.76,0.2353,96.6863,96.8821,0.1958,3.3137,3.1179
3958,0.00392,803.3,184.56,0.2298,95.6876,95.9424,0.2548,4.3124,4.0576
3959,0.004126,860.5,206.17,0.2396,95.4614,95.7296,0.2682,4.5386,4.2704
3960,0.00294,736.32,245.15,0.3329,96.7658,96.9569,0.1911,3.2342,3.0431
3961,0.003665,966.7,262.67,0.2717,95.968,96.2063,0.2383,4.032,3.7937
3962,0.003013,1000.35,241.45,0.2414,96.6858,96.8817,0.1958,3.3142,3.1183
3963,0.004002,774.66,293.86,0.3793,95.5982,95.8583,0.2601,4.4018,4.1417
3964,0.004128,780.81,285.14,0.3652,95.4587,95.727,0.2683,4.5413,4.273
3965,0.004161,983.87,220.2,0.2238,95.4231,95.6936,0.2705,4.5769,4.3064
3966,0.002991,998.97,150.05,0.1502,96.7104,96.9048,0.1944,3.2896,3.0952
3967,0.003152,868.96,196.74,0.2264,96.533,96.7378,0.2049,3.467,3.2622
3968,0.004092,888.46,293.89,0.3308,95.4985,95.7645,0.266,4.5015,4.2355
3969,0.002883,819.53,171.57,0.2094,96.8288,97.0162,0.1874,3.1712,2.9838
3970,0.003951,939.96,271.05,0.2884,95.6534,95.9103,0.2568,4.3466,4.0897
3971,0.004131,762.44,267.95,0.3514,95.4556,95.7241,0.2685,4.5444,4.2759
3972,0.003705,812.94,179.01,0.2202,95.925,96.1658,0.2408,4.075,3.8342
3973,0.003968,703.98,294.5,0.4183,95.6351,95.8931,0.2579,4.3649,4.1069
3974,0.003187,983.5,168.52,0.1713,96.4946,96.7018,0.2071,3.5054,3.2982
3975,0.003836,1001.08,172.78,0.1726,95.7809,96.0302,0.2493,4.2191,3.9698
3976,0.003421,908.56,264.09,0.2907,96.2372,96.4595,0.2223,3.7628,3.5405
3977,0.002815,719.88,196.67,0.2732,96.9034,97.0864,0.183,3.0966,2.9136
3978,0.002944,893.71,220.67,0.2469,96.762,96.9533,0.1913,3.238,3.0467
3979,0.003725,781.6,168.73,0.2159,95.903,96.145,0.2421,4.097,3.855
3980,0.00384,834.48,160.56,0.1924,95.7759,96.0255,0.2496,4.2241,3.9745
3981,0.004171,989.57,201.21,0.2033,95.4124,95.6834,0.2711,4.5876,4.3166
3982,0.003181,1015.91,207.23,0.204,96.501,96.7077,0.2068,3.499,3.2923
3983,0.004048,718.36,219.98,0.3062,95.5477,95.8108,0.2631,4.4523,4.1892
3984,0.003619,977.92,253.72,0.2594,96.0191,96.2544,0.2352,3.9809,3.7456
3985,0.003912,937.88,183.7,0.1959,95.6965,95.9508,0.2543,4.3035,4.0492
3986,0.002944,1019.19,240.5,0.236,96.7613,96.9527,0.1914,3.2387,3.0473
3987,0.003639,803.27,280.4,0.3491,95.9975,96.234,0.2365,4.0025,3.766
3988,0.003731,964.48,294.49,0.3053,95.896,96.1385,0.2425,4.104,3.8615
3989,0.00339,896.94,279.78,0.3119,96.2706,96.491,0.2204,3.7294,3.509
3990,0.003192,926.18,191.38,0.2066,96.4885,96.696,0.2075,3.5115,3.304
3991,0.003152,852.66,212.95,0.2497,96.5324,96.7373,0.2049,3.4676,3.2627
3992,0.003971,1014.25,162.46,0.1602,95.6321,95.8902,0.2581,4.3679,4.1098
3993,0.002942,954.04,186.41,0.1954,96.7643,96.9555,0.1912,3.2357,3.0445
3994,0.003493,880.97,249.84,0.2836,96.1577,96.3848,0.227,3.8423,3.6152
3995,0.002946,945.51,256.28,0.271,96.7599,96.9514,0.1915,3.2401,3.0486
3996,0.003585,964.72,206.37,0.2139,96.0566,96.2896,0.233,3.9434,3.7104
3997,0.003527,994.58,207.39,0.2085,96.1208,96.35,0.2292,3.8792,3.65
3998,0.003642,880.72,269.04,0.3055,95.9934,96.2302,0.2368,4.0066,3.7698
3999,0.004136,875.71,167.62,0.1914,95.4507,95.7196,0.2688,4.5493,4.2804
4000,0.00387,802.64,250.89,0.3126,95.7434,95.9949,0.2515,4.2566,4.0051
4001,0.004065,823.42,209.06,0.2539,95.5282,95.7924,0.2642,4.4718,4.2076
4002,0.003842,798.08,268.22,0.3361,95.7738,96.0235,0.2497,4.2262,3.9765
4003,0.003993,874.94,228.41,0.2611,95.6076,95.8671,0.2596,4.3924,4.1329
4004,0.004116,956.47,244.22,0.2553,95.4721,95.7397,0.2676,4.5279,4.2603
4005,0.003889,907.48,153.85,0.1695,95.7224,95.9752,0.2528,4.2776,4.0248
4006,0.003594,688.21,291.89,0.4241,96.0469,96.2805,0.2336,3.9531,3.7195
4007,0.002938,993.03,270.28,0.2722,96.7678,96.9588,0.191,3.2322,3.0412
4008,0.003821,968.81,188.03,0.1941,95.7973,96.0456,0.2483,4.2027,3.9544
4009,0.003946,796.98,296.04,0.3714,95.6597,95.9162,0.2565,4.3403,4.0838
4010,0.003148,831.64,157.17,0.189,96.537,96.7416,0.2046,3.463,3.2584
4011,0.003441,1016.93,189.48,0.1863,96.2144,96.4381,0.2237,3.7856,3.5619
4012,0.003911,751.19,265.62,0.3536,95.6978,95.952,0.2542,4.3022,4.048
4013,0.003566,789.44,210.2,0.2663,96.0772,96.309,0.2318,3.9228,3.691
4014,0.003288,957.26,276.71,0.2891,96.3832,96.597,0.2137,3.6168,3.403
4015,0.003999,793.48,242.46,0.3056,95.6008,95.8607,0.26,4.3992,4.1393
4016,0.003836,964.32,184.14,0.1909,95.7806,96.0299,0.2493,4.2194,3.9701
4017,0.00396,714.44,258.29,0.3615,95.6438,95.9012,0.2574,4.3562,4.0988
4018,0.003695,786.39,224.58,0.2856,95.9352,96.1754,0.2402,4.0648,3.8246
4019,0.003061,810.12,189.7,0.2342,96.6333,96.8322,0.1989,3.3667,3.1678
4020,0.00379,799.2,270.88,0.3389,95.8306,96.077,0.2464,4.1694,3.923
4021,0.004054,936.62,293.9,0.3138,95.5405,95.804,0.2635,4.4595,4.196
4022,0.003252,717.9,237.28,0.3305,96.4229,96.6343,0.2114,3.5771,3.3657
4023,0.004072,918.08,234.07,0.255,95.5204,95.7851,0.2647,4.4796,4.2149
4024,0.003859,863.01,209.7,0.243,95.7546,96.0054,0.2509,4.2454,3.9946
4025,0.003774,747.53,163.58,0.2188,95.8487,96.094,0.2453,4.1513,3.906
4026,0.003637,978.16,210.7,0.2154,95.9991,96.2355,0.2364,4.0009,3.7645
4027,0.003169,923.4,229.92,0.249,96.5144,96.7204,0.206,3.4856,3.2796
4028,0.003355,993.23,165.54,0.1667,96.309,96.5271,0.2181,3.691,3.4729
4029,0.004139,956.95,283.12,0.2959,95.4476,95.7166,0.269,4.5524,4.2834
4030,0.003211,873.84,162.33,0.1858,96.4674,96.6761,0.2087,3.5326,3.3239
4031,0.004199,830.46,156.12,0.188,95.3809,95.6538,0.2729,4.6191,4.3462
4032,0.003567,906.96,191.07,0.2107,96.0761,96.308,0.2319,3.9239,3.692
4033,0.003492,963.3,297.49,0.3088,96.1585,96.3855,0.227,3.8415,3.6145
4034,0.003143,756.78,247.18,0.3266,96.5422,96.7465,0.2043,3.4578,3.2535
4035,0.003102,684.22,186.55,0.2726,96.5874,96.7891,0.2017,3.4126,3.2109
4036,0.002829,888.15,275.69,0.3104,96.888,97.0719,0.1839,3.112,2.9281
4037,0.00338,867.42,235.21,0.2712,96.2816,96.5014,0.2197,3.7184,3.4986
4038,0.003377,968.29,237.13,0.2449,96.285,96.5045,0.2195,3.715,3.4955
4039,0.003678,982.13,296.87,0.3023,95.954,96.1931,0.2391,4.046,3.8069
4040,0.003846,920.29,297.29,0.323,95.7699,96.0199,0.25,4.2301,3.9801
4041,0.003925,769.61,205.53,0.2671,95.6827,95.9378,0.2551,4.3173,4.0622
4042,0.00406,998.55,198.02,0.1983,95.5339,95.7978,0.2639,4.4661,4.2022
4043,0.0033,1005.75,170.17,0.1692,96.3701,96.5846,0.2145,3.6299,3.4154
4044,0.004004,1015.33,187.03,0.1842,95.5957,95.8559,0.2603,4.4043,4.1441
4045,0.003554,723.78,297.15,0.4106,96.0911,96.322,0.231,3.9089,3.678
4046,0.003898,852.53,221.36,0.2597,95.7123,95.9657,0.2534,4.2877,4.0343
4047,0.003239,954.47,240.61,0.2521,96.4372,96.6478,0.2105,3.5628,3.3522
4048,0.003808,923.97,246.74,0.267,95.811,96.0586,0.2475,4.189,3.9414
4049,0.003576,1014.93,219.79,0.2166,96.0667,96.2991,0.2324,3.9333,3.7009
4050,0.003604,698.09,242.82,0.3478,96.0356,96.2699,0.2343,3.9644,3.7301
4051,0.003496,828.3,292.97,0.3537,96.1544,96.3817,0.2272,3.8456,3.6183
4052,0.00304,870.39,233.85,0.2687,96.6561,96.8537,0.1976,3.3439,3.1463
4053,0.002881,798.19,280.14,0.351,96.8314,97.0186,0.1872,3.1686,2.9814
4054,0.003007,911.88,159.81,0.1753,96.6923,96.8877,0.1955,3.3077,3.1123
4055,0.003806,873.72,292.1,0.3343,95.8129,96.0604,0.2474,4.1871,3.9396
4056,0.003819,922.63,223.62,0.2424,95.7992,96.0475,0.2482,4.2008,3.9525
4057,0.003786,1000.53,297.93,0.2978,95.8355,96.0816,0.2461,4.1645,3.9184
4058,0.003101,833.72,230.76,0.2768,96.5886,96.7902,0.2016,3.4114,3.2098
4059,0.003745,792.38,235.48,0.2972,95.881,96.1244,0.2434,4.119,3.8756
4060,0.004026,1001.73,171.63,0.1713,95.571,95.8327,0.2617,4.429,4.1673
4061,0.003555,911.65,197.17,0.2163,96.089,96.3201,0.2311,3.911,3.6799
4062,0.002809,887.26,256.82,0.2894,96.9096,97.0922,0.1826,3.0904,2.9078
4063,0.003302,720.69,296.6,0.4116,96.3681,96.5828,0.2146,3.6319,3.4172
4064,0.003659,860.12,259.56,0.3018,95.9747,96.2125,0.2379,4.0253,3.7875
4065,0.003826,764.59,240.23,0.3142,95.7919,96.0405,0.2487,4.2081,3.9595
4066,0.003862,740.98,177.19,0.2391,95.7514,96.0025,0.2511,4.2486,3.9975
4067,0.003709,848.29,167.93,0.198,95.9199,96.161,0.2411,4.0801,3.839
4068,0.002925,1001.69,236.1,0.2357,96.7828,96.9729,0.1901,3.2172,3.0271
4069,0.004129,811.73,211.14,0.2601,95.4585,95.7269,0.2684,4.5415,4.2731
4070,0.003775,727.09,201.49,0.2771,95.8475,96.0929,0.2454,4.1525,3.9071
4071,0.002934,800.75,256.09,0.3198,96.7724,96.9631,0.1907,3.2276,3.0369
4072,0.004031,849.89,177.68,0.2091,95.5662,95.8282,0.262,4.4338,4.1718
4073,0.003362,757.06,297.85,0.3934,96.3018,96.5203,0.2185,3.6982,3.4797
4074,0.003686,795.5,262.77,0.3303,95.9452,96.1848,0.2396,4.0548,3.8152
4075,0.003533,686.94,240.92,0.3507,96.1132,96.3429,0.2297,3.8868,3.6571
4076,0.004175,700.11,205.97,0.2942,95.4077,95.6791,0.2714,4.5923,4.3209
4077,0.003036,1007.62,229.37,0.2276,96.6605,96.8578,0.1973,3.3395,3.1422
4078,0.002807,810.82,154.15,0.1901,96.9128,97.0952,0.1824,3.0872,2.9048
4079,0.004067,871.54,278.9,0.32,95.5261,95.7904,0.2644,4.4739,4.2096
4080,0.004138,744.08,243.13,0.3268,95.4482,95.7172,0.269,4.5518,4.2828
4081,0.003055,754.25,201.79,0.2675,96.64,96.8386,0.1985,3.36,3.1614
4082,0.004021,990.29,239.96,0.2423,95.577,95.8383,0.2614,4.423,4.1617
4083,0.003604,983.09,255.96,0.2604,96.0361,96.2703,0.2342,3.9639,3.7297
4084,0.004032,740.35,172.33,0.2328,95.5653,95.8274,0.2621,4.4347,4.1726
4085,0.003947,690.32,155.82,0.2257,95.6587,95.9153,0.2565,4.3413,4.0847
4086,0.003553,1005.73,291.11,0.2894,96.0921,96.323,0.2309,3.9079,3.677
4087,0.00393,785.97,193.71,0.2465,95.6769,95.9324,0.2555,4.3231,4.0676
4088,0.003289,741.34,227.77,0.3072,96.3825,96.5962,0.2138,3.6175,3.4038
4089,0.00406,849.2,240.53,0.2832,95.5336,95.7976,0.2639,4.4664,4.2024
4090,0.004196,992.8,290.67,0.2928,95.3841,95.6569,0.2728,4.6159,4.3431
4091,0.0041,866.31,208.33,0.2405,95.4899,95.7564,0.2665,4.5101,4.2436
4092,0.003427,719.57,233.17,0.324,96.2302,96.4529,0.2228,3.7698,3.5471
4093,0.003274,804.34,185.92,0.2311,96.399,96.6117,0.2128,3.601,3.3883
4094,0.003945,744.04,210.64,0.2831,95.6609,95.9173,0.2564,4.3391,4.0827
4095,0.003302,991.65,288.17,0.2906,96.3682,96.5828,0.2146,3.6318,3.4172
4096,0.003935,989.29,256.15,0.2589,95.6712,95.927,0.2558,4.3288,4.073
4097,0.003975,713.59,227.98,0.3195,95.6278,95.8862,0.2584,4.3722,4.1138
4098,0.003729,788.99,229.1,0.2904,95.8982,96.1406,0.2424,4.1018,3.8594
4099,0.003605,860.85,209.13,0.2429,96.0344,96.2687,0.2343,3.9656,3.7313
4100,0.003565,748.32,198.05,0.2647,96.0786,96.3103,0.2317,3.9214,3.6897
4101,0.003427,747.33,291.64,0.3902,96.2302,96.453,0.2228,3.7698,3.547
4102,0.003397,827.95,162.36,0.1961,96.2635,96.4843,0.2208,3.7365,3.5157
4103,0.002833,715.47,234.19,0.3273,96.8833,97.0675,0.1842,3.1167,2.9325
4104,0.003654,784.01,298.84,0.3812,95.9811,96.2186,0.2375,4.0189,3.7814
4105,0.003879,942.09,254.84,0.2705,95.7331,95.9852,0.2521,4.2669,4.0148
4106,0.003539,694.16,292.02,0.4207,96.1076,96.3376,0.23,3.8924,3.6624
4107,0.00323,879.74,285.04,0.324,96.447,96.657,0.2099,3.553,3.343
4108,0.00356,897.92,260.89,0.2905,96.0841,96.3155,0.2314,3.9159,3.6845
4109,0.003548,696.05,195.44,0.2808,96.0972,96.3278,0.2306,3.9028,3.6722
4110,0.003064,1007.82,157.87,0.1566,96.6301,96.8292,0.1991,3.3699,3.1708
4111,0.003956,977.06,260.78,0.2669,95.6489,95.906,0.2571,4.3511,4.094
4112,0.003534,740.62,205.62,0.2776,96.1131,96.3427,0.2297,3.8869,3.6573
4113,0.003779,989.63,164.8,0.1665,95.8433,96.0889,0.2456,4.1567,3.9111
4114,0.00413,983.4,256.86,0.2612,95.4571,95.7255,0.2684,4.5429,4.2745
4115,0.002902,749.23,181.01,0.2416,96.8076,96.9963,0.1886,3.1924,3.0037
4116,0.003697,685.3,288.31,0.4207,95.9338,96.174,0.2403,4.0662,3.826
4117,0.003088,914.39,288.65,0.3157,96.6027,96.8035,0.2007,3.3973,3.1965
4118,0.002807,761.73,272.05,0.3571,96.9127,97.0951,0.1824,3.0873,2.9049
4119,0.003964,1014.7,298.06,0.2937,95.6398,95.8974,0.2576,4.3602,4.1026
4120,0.003957,806.41,275.67,0.3418,95.6471,95.9043,0.2572,4.3529,4.0957
4121,0.002863,728.17,186.93,0.2567,96.8511,97.0371,0.1861,3.1489,2.9629
4122,0.003736,979.86,213.43,0.2178,95.8905,96.1333,0.2428,4.1095,3.8667
4123,0.003599,973.67,243.93,0.2505,96.0414,96.2753,0.2339,3.9586,3.7247
4124,0.003087,978.75,260.5,0.2662,96.6045,96.8051,0.2006,3.3955,3.1949
4125,0.003182,914.7,212.38,0.2322,96.5002,96.707,0.2068,3.4998,3.293
4126,0.003379,774.55,285.16,0.3682,96.283,96.5026,0.2196,3.717,3.4974
4127,0.003943,845.99,240.02,0.2837,95.6622,95.9186,0.2563,4.3378,4.0814
4128,0.003677,814.46,254.4,0.3124,95.9551,96.1941,0.239,4.0449,3.8059
4129,0.003429,905.41,183.45,0.2026,96.2283,96.4512,0.2229,3.7717,3.5488
4130,0.003693,719.19,285.33,0.3967,95.9381,96.1781,0.24,4.0619,3.8219
4131,0.003484,742.34,199.11,0.2682,96.1677,96.3941,0.2265,3.8323,3.6059
4132,0.004121,767.21,252.14,0.3286,95.467,95.7349,0.2679,4.533,4.2651
4133,0.004103,815.39,230.44,0.2826,95.4868,95.7535,0.2667,4.5132,4.2465
4134,0.003199,873.84,166.27,0.1903,96.4816,96.6895,0.2079,3.5184,3.3105
4135,0.002967,959.78,282.6,0.2944,96.7361,96.929,0.1929,3.2639,3.071
4136,0.00413,868.61,224.7,0.2587,95.4567,95.7251,0.2685,4.5433,4.2749
4137,0.002978,1018.49,220.34,0.2163,96.7242,96.9178,0.1936,3.2758,3.0822
4138,0.002953,757.74,274.96,0.3629,96.7516,96.9436,0.192,3.2484,3.0564
4139,0.003058,939.26,270.96,0.2885,96.6359,96.8347,0.1988,3.3641,3.1653
4140,0.003138,889.21,215.72,0.2426,96.5477,96.7517,0.204,3.4523,3.2483
4141,0.003,882.98,156.16,0.1769,96.7002,96.8951,0.195,3.2998,3.1049
4142,0.004107,940.71,178.35,0.1896,95.4822,95.7492,0.267,4.5178,4.2508
4143,0.003095,788.09,235.32,0.2986,96.5959,96.7971,0.2011,3.4041,3.2029
4144,0.004128,796.06,292.56,0.3675,95.4592,95.7275,0.2683,4.5408,4.2725
4145,0.004091,799.04,180.1,0.2254,95.5004,95.7663,0.2659,4.4996,4.2337
4146,0.003702,813.05,172.96,0.2127,95.928,96.1686,0.2406,4.072,3.8314
4147,0.003209,701.64,177.59,0.2531,96.4706,96.6792,0.2086,3.5294,3.3208
4148,0.003072,903.72,215.83,0.2388,96.6207,96.8204,0.1997,3.3793,3.1796
4149,0.00402,703.59,186.87,0.2656,95.5781,95.8394,0.2613,4.4219,4.1606
4150,0.00354,869.33,171.5,0.1973,96.106,96.3361,0.2301,3.894,3.6639
4151,0.00415,699.28,252.71,0.3614,95.4352,95.7049,0.2697,4.5648,4.2951
4152,0.003374,861.65,242.79,0.2818,96.2887,96.508,0.2193,3.7113,3.492
4153,0.003038,997.15,205.56,0.2061,96.6583,96.8558,0.1975,3.3417,3.1442
4154,0.003001,715.29,185.05,0.2587,96.699,96.8941,0.1951,3.301,3.1059
4155,0.003334,871.32,272.06,0.3122,96.3329,96.5496,0.2167,3.6671,3.4504
4156,0.003876,720.68,183.68,0.2549,95.7362,95.9882,0.252,4.2638,4.0118
4157,0.00368,871.64,161.09,0.1848,95.9524,96.1916,0.2392,4.0476,3.8084
4158,0.003708,989.68,290.58,0.2936,95.9208,96.1618,0.241,4.0792,3.8382
4159,0.003703,776.04,242.41,0.3124,95.927,96.1677,0.2407,4.073,3.8323
4160,0.00343,934.34,252.43,0.2702,96.2275,96.4504,0.2229,3.7725,3.5496
4161,0.003658,797.35,298.2,0.374,95.9766,96.2143,0.2377,4.0234,3.7857
4162,0.003437,992.61,172.97,0.1743,96.2193,96.4427,0.2234,3.7807,3.5573
4163,0.003551,802.45,171.66,0.2139,96.0939,96.3247,0.2308,3.9061,3.6753
4164,0.003692,739.28,295.11,0.3992,95.9389,96.1789,0.24,4.0611,3.8211
4165,0.004199,979.86,205.21,0.2094,95.3813,95.6542,0.2729,4.6187,4.3458
4166,0.002829,953.85,171.6,0.1799,96.8878,97.0717,0.1839,3.1122,2.9283
4167,0.003444,921.63,231.22,0.2509,96.2117,96.4356,0.2239,3.7883,3.5644
4168,0.003118,816.76,276.02,0.3379,96.5704,96.7731,0.2027,3.4296,3.2269
4169,0.003294,1000.24,213.17,0.2131,96.3765,96.5906,0.2141,3.6235,3.4094
4170,0.003385,929.37,216.58,0.233,96.2767,96.4967,0.22,3.7233,3.5033
4171,0.003344,803.61,198.9,0.2475,96.3218,96.5391,0.2173,3.6782,3.4609
4172,0.003358,925.92,180.89,0.1954,96.3057,96.524,0.2183,3.6943,3.476
4173,0.003104,744.93,179.19,0.2405,96.5859,96.7876,0.2017,3.4141,3.2124
4174,0.004023,904.17,242.83,0.2686,95.5746,95.8361,0.2615,4.4254,4.1639
4175,0.00406,866.39,264.6,0.3054,95.5335,95.7974,0.2639,4.4665,4.2026
4176,0.003371,898.96,182.03,0.2025,96.2914,96.5105,0.2191,3.7086,3.4895
4177,0.002998,716.94,247.84,0.3457,96.7023,96.8972,0.1949,3.2977,3.1028
4178,0.00322,963.18,266.19,0.2764,96.4575,96.6668,0.2093,3.5425,3.3332
4179,0.003673,697.3,182.58,0.2618,95.9597,96.1984,0.2387,4.0403,3.8016
4180,0.003572,733.28,207.64,0.2832,96.0704,96.3026,0.2322,3.9296,3.6974
4181,0.003525,741.31,216.45,0.292,96.123,96.3521,0.2291,3.877,3.6479
4182,0.003772,811.23,250.05,0.3082,95.8513,96.0964,0.2452,4.1487,3.9036
4183,0.003183,933.63,234.5,0.2512,96.4991,96.706,0.2069,3.5009,3.294
4184,0.003018,816.64,267.28,0.3273,96.68,96.8762,0.1962,3.32,3.1238
4185,0.003077,819.84,220.29,0.2687,96.6154,96.8154,0.2,3.3846,3.1846
4186,0.004015,724.39,289.69,0.3999,95.5832,95.8442,0.261,4.4168,4.1558
4187,0.003243,997.23,241.85,0.2425,96.433,96.6438,0.2108,3.567,3.3562
4188,0.003829,977.81,251.43,0.2571,95.7876,96.0365,0.2489,4.2124,3.9635
4189,0.003902,709.16,151.3,0.2134,95.7081,95.9617,0.2536,4.2919,4.0383
4190,0.004007,697.94,277.89,0.3982,95.5921,95.8526,0.2605,4.4079,4.1474
4191,0.003239,986.61,180.45,0.1829,96.4375,96.648,0.2105,3.5625,3.352
4192,0.003011,752.42,276.1,0.3669,96.6881,96.8838,0.1957,3.3119,3.1162
4193,0.003308,989.14,237.52,0.2401,96.3611,96.5761,0.215,3.6389,3.4239
4194,0.00396,841.53,255.54,0.3037,95.6445,95.9019,0.2574,4.3555,4.0981
4195,0.003206,714.51,234.28,0.3279,96.4738,96.6822,0.2084,3.5262,3.3178
4196,0.004061,731.69,212.28,0.2901,95.5327,95.7967,0.264,4.4673,4.2033
4197,0.003545,890.22,173.74,0.1952,96.1003,96.3307,0.2304,3.8997,3.6693
4198,0.003573,839.65,297.5,0.3543,96.0694,96.3017,0.2323,3.9306,3.6983
4199,0.003766,987.24,296.42,0.3002,95.8575,96.1022,0.2448,4.1425,3.8978
4200,0.003729,729.86,216.74,0.297,95.8976,96.1401,0.2424,4.1024,3.8599
4201,0.003858,726.1,207.14,0.2853,95.7563,96.007,0.2508,4.2437,3.993
4202,0.003331,737.96,152.99,0.2073,96.3358,96.5523,0.2165,3.6642,3.4477
4203,0.003763,958.1,289.64,0.3023,95.8603,96.1049,0.2446,4.1397,3.8951
4204,0.003619,741.82,284.1,0.383,96.0193,96.2545,0.2352,3.9807,3.7455
4205,0.004158,1001.85,235.02,0.2346,95.4257,95.696,0.2703,4.5743,4.304
4206,0.00404,1015.86,282.97,0.2786,95.5562,95.8188,0.2626,4.4438,4.1812
4207,0.002896,725.88,195.02,0.2687,96.8139,97.0022,0.1883,3.1861,2.9978
4208,0.003351,730.83,298.93,0.409,96.3138,96.5317,0.2178,3.6862,3.4683
4209,0.003907,907.43,294.24,0.3243,95.7019,95.9559,0.254,4.2981,4.0441
4210,0.003249,921.88,292.31,0.3171,96.4261,96.6373,0.2112,3.5739,3.3627
4211,0.002916,884.96,269.9,0.305,96.7921,96.9816,0.1896,3.2079,3.0184
4212,0.002822,982.96,212.66,0.2163,96.8954,97.0789,0.1835,3.1046,2.9211
4213,0.003037,969.43,178.8,0.1844,96.6596,96.857,0.1974,3.3404,3.143
4214,0.003192,856.95,287.39,0.3354,96.4884,96.6959,0.2075,3.5116,3.3041
4215,0.003485,987.98,157.8,0.1597,96.166,96.3926,0.2266,3.834,3.6074
4216,0.003134,784.26,217.34,0.2771,96.5522,96.756,0.2037,3.4478,3.244
4217,0.003406,693.75,262.5,0.3784,96.2533,96.4747,0.2214,3.7467,3.5253
4218,0.003864,835.75,162.04,0.1939,95.75,96.0011,0.2511,4.25,3.9989
4219,0.003572,724.42,296.74,0.4096,96.071,96.3032,0.2322,3.929,3.6968
4220,0.003674,929.78,152.88,0.1644,95.9588,96.1976,0.2388,4.0412,3.8024
4221,0.003333,987.54,207.0,0.2096,96.3338,96.5504,0.2166,3.6662,3.4496
4222,0.00285,908.45,254.53,0.2802,96.8646,97.0499,0.1853,3.1354,2.9501
4223,0.00327,953.07,278.04,0.2917,96.4031,96.6157,0.2125,3.5969,3.3843
4224,0.003898,818.45,201.32,0.246,95.7125,95.9658,0.2534,4.2875,4.0342
4225,0.00412,924.5,232.86,0.2519,95.4679,95.7357,0.2678,4.5321,4.2643
4226,0.003484,770.67,287.0,0.3724,96.1672,96.3937,0.2265,3.8328,3.6063
4227,0.004086,708.83,249.93,0.3526,95.5051,95.7707,0.2656,4.4949,4.2293
4228,0.003246,852.99,167.03,0.1958,96.4293,96.6403,0.211,3.5707,3.3597
4229,0.003935,954.12,166.06,0.174,95.6714,95.9272,0.2558,4.3286,4.0728
4230,0.002904,806.95,173.1,0.2145,96.8054,96.9942,0.1888,3.1946,3.0058
4231,0.003922,944.82,279.55,0.2959,95.6858,95.9407,0.2549,4.3142,4.0593
4232,0.002814,684.57,271.05,0.3959,96.9051,97.088,0.1829,3.0949,2.912
4233,0.004018,889.94,173.44,0.1949,95.58,95.8411,0.2612,4.42,4.1589
4234,0.003677,976.26,219.11,0.2244,95.9558,96.1947,0.239,4.0442,3.8053
4235,0.004023,947.28,165.87,0.1751,95.575,95.8364,0.2615,4.425,4.1636
4236,0.002971,919.41,179.93,0.1957,96.7322,96.9253,0.1931,3.2678,3.0747
4237,0.003844,707.59,163.76,0.2314,95.7711,96.021,0.2499,4.2289,3.979
4238,0.004132,681.31,268.74,0.3944,95.4549,95.7234,0.2686,4.5451,4.2766
4239,0.003126,697.0,161.91,0.2323,96.5611,96.7643,0.2032,3.4389,3.2357
4240,0.003249,859.97,221.41,0.2575,96.4266,96.6377,0.2112,3.5734,3.3623
4241,0.003076,1015.9,240.82,0.2371,96.6162,96.8161,0.2,3.3838,3.1839
4242,0.00306,777.94,251.42,0.3232,96.6335,96.8324,0.1989,3.3665,3.1676
4243,0.004011,700.83,177.74,0.2536,95.5879,95.8486,0.2607,4.4121,4.1514
4244,0.002809,739.79,179.66,0.2429,96.9103,97.0929,0.1826,3.0897,2.9071
4245,0.003001,864.28,295.91,0.3424,96.6984,96.8935,0.1951,3.3016,3.1065
4246,0.00378,918.98,161.37,0.1756,95.8421,96.0877,0.2457,4.1579,3.9123
4247,0.003062,789.28,298.8,0.3786,96.6319,96.831,0.199,3.3681,3.169
4248,0.003027,896.0,238.85,0.2666,96.6699,96.8666,0.1968,3.3301,3.1334
4249,0.003642,852.26,192.81,0.2262,95.9936,96.2303,0.2367,4.0064,3.7697
4250,0.003397,960.32,260.32,0.2711,96.2632,96.484,0.2208,3.7368,3.516
4251,0.003543,902.65,295.22,0.3271,96.103,96.3332,0.2303,3.897,3.6668
4252,0.003152,936.46,159.7,0.1705,96.5324,96.7373,0.2049,3.4676,3.2627
4253,0.002888,797.04,259.94,0.3261,96.8233,97.011,0.1877,3.1767,2.989
4254,0.003668,958.02,161.99,0.1691,95.9654,96.2038,0.2384,4.0346,3.7962
4255,0.00387,923.48,151.8,0.1644,95.7428,95.9943,0.2516,4.2572,4.0057
4256,0.003842,710.0,238.22,0.3355,95.7738,96.0236,0.2497,4.2262,3.9764
4257,0.004083,802.9,252.16,0.3141,95.5088,95.7742,0.2654,4.4912,4.2258
4258,0.003749,702.4,189.37,0.2696,95.8756,96.1193,0.2437,4.1244,3.8807
4259,0.003976,833.27,261.33,0.3136,95.6268,95.8852,0.2584,4.3732,4.1148
4260,0.003473,849.9,264.51,0.3112,96.1801,96.4058,0.2257,3.8199,3.5942
4261,0.003239,1019.69,178.54,0.1751,96.4372,96.6478,0.2105,3.5628,3.3522
4262,0.003622,694.52,202.93,0.2922,96.0157,96.2511,0.2354,3.9843,3.7489
4263,0.003451,836.96,288.52,0.3447,96.204,96.4283,0.2243,3.796,3.5717
4264,0.003985,1010.57,219.54,0.2172,95.6164,95.8754,0.259,4.3836,4.1246
4265,0.004059,833.74,171.31,0.2055,95.5354,95.7992,0.2638,4.4646,4.2008
4266,0.003851,822.66,153.67,0.1868,95.7641,96.0145,0.2503,4.2359,3.9855
4267,0.002995,787.69,298.46,0.3789,96.7053,96.9,0.1947,3.2947,3.1
4268,0.003685,815.8,152.09,0.1864,95.9464,96.186,0.2395,4.0536,3.814
4269,0.003908,905.0,175.92,0.1944,95.7013,95.9553,0.254,4.2987,4.0447
4270,0.00363,742.53,164.23,0.2212,96.0069,96.2428,0.236,3.9931,3.7572
4271,0.003348,730.97,200.6,0.2744,96.3174,96.535,0.2176,3.6826,3.465
4272,0.00283,813.36,195.53,0.2404,96.8866,97.0706,0.184,3.1134,2.9294
4273,0.004137,866.77,184.16,0.2125,95.449,95.7179,0.2689,4.551,4.2821
4274,0.003481,926.07,214.93,0.2321,96.1707,96.397,0.2263,3.8293,3.603
4275,0.004126,734.34,295.36,0.4022,95.4611,95.7293,0.2682,4.5389,4.2707
4276,0.002884,1006.89,160.04,0.1589,96.828,97.0154,0.1874,3.172,2.9846
4277,0.003253,842.08,193.4,0.2297,96.4221,96.6336,0.2114,3.5779,3.3664
4278,0.003129,1000.73,270.54,0.2703,96.5579,96.7613,0.2034,3.4421,3.2387
4279,0.003383,684.41,196.2,0.2867,96.2788,96.4987,0.2199,3.7212,3.5013
4280,0.003022,894.36,252.61,0.2824,96.6758,96.8722,0.1964,3.3242,3.1278
4281,0.003401,721.43,169.41,0.2348,96.2593,96.4804,0.221,3.7407,3.5196
4282,0.003195,926.42,271.07,0.2926,96.4859,96.6935,0.2077,3.5141,3.3065
4283,0.00401,805.65,295.56,0.3669,95.5893,95.8499,0.2606,4.4107,4.1501
4284,0.002888,832.01,212.55,0.2555,96.8228,97.0105,0.1877,3.1772,2.9895
4285,0.003093,790.91,185.02,0.2339,96.5974,96.7985,0.2011,3.4026,3.2015
4286,0.004021,786.26,287.36,0.3655,95.5773,95.8387,0.2613,4.4227,4.1613
4287,0.004162,947.51,233.25,0.2462,95.4223,95.6928,0.2705,4.5777,4.3072
4288,0.003608,792.56,179.16,0.226,96.0311,96.2656,0.2345,3.9689,3.7344
4289,0.002978,789.42,244.9,0.3102,96.7242,96.9178,0.1936,3.2758,3.0822
4290,0.00416,757.84,238.93,0.3153,95.4245,95.6948,0.2704,4.5755,4.3052
4291,0.003132,958.68,223.29,0.2329,96.555,96.7586,0.2036,3.445,3.2414
4292,0.003458,686.6,226.64,0.3301,96.1966,96.4213,0.2247,3.8034,3.5787
4293,0.002934,935.07,243.54,0.2605,96.7728,96.9635,0.1907,3.2272,3.0365
4294,0.002914,846.92,240.39,0.2838,96.7948,96.9842,0.1894,3.2052,3.0158
4295,0.004047,1005.81,189.9,0.1888,95.548,95.8111,0.2631,4.452,4.1889
4296,0.003429,944.33,268.69,0.2845,96.2278,96.4507,0.2229,3.7722,3.5493
4297,0.003187,728.65,277.17,0.3804,96.4946,96.7018,0.2071,3.5054,3.2982
4298,0.002883,763.84,244.96,0.3207,96.8291,97.0165,0.1874,3.1709,2.9835
4299,0.003258,960.44,222.38,0.2315,96.4161,96.6279,0.2118,3.5839,3.3721
4300,0.003005,772.74,198.01,0.2562,96.695,96.8903,0.1953,3.305,3.1097
4301,0.004179,885.62,230.45,0.2602,95.4027,95.6743,0.2717,4.5973,4.3257
4302,0.003954,899.59,293.66,0.3264,95.6508,95.9078,0.257,4.3492,4.0922
4303,0.003637,720.92,260.01,0.3607,95.9997,96.2361,0.2364,4.0003,3.7639
4304,0.00383,746.28,269.83,0.3616,95.7873,96.0363,0.2489,4.2127,3.9637
4305,0.003195,948.84,213.45,0.225,96.485,96.6927,0.2077,3.515,3.3073
4306,0.003946,683.71,189.15,0.2766,95.6594,95.9159,0.2565,4.3406,4.0841
4307,0.003002,688.6,247.75,0.3598,96.6981,96.8933,0.1951,3.3019,3.1067
4308,0.003867,706.76,219.74,0.3109,95.7459,95.9973,0.2514,4.2541,4.0027
4309,0.004074,730.19,243.88,0.334,95.5189,95.7837,0.2648,4.4811,4.2163
4310,0.003577,881.91,263.77,0.2991,96.0649,96.2974,0.2325,3.9351,3.7026
4311,0.002951,773.01,191.39,0.2476,96.7541,96.9459,0.1918,3.2459,3.0541
4312,0.003789,834.13,174.44,0.2091,95.8323,96.0786,0.2463,4.1677,3.9214
4313,0.00298,1005.08,168.59,0.1677,96.7221,96.9158,0.1937,3.2779,3.0842
4314,0.004015,867.88,205.32,0.2366,95.5837,95.8446,0.261,4.4163,4.1554
4315,0.003241,924.97,232.52,0.2514,96.4345,96.6452,0.2107,3.5655,3.3548
4316,0.00368,899.75,209.33,0.2327,95.9515,96.1907,0.2392,4.0485,3.8093
4317,0.003257,964.26,155.18,0.1609,96.417,96.6287,0.2117,3.583,3.3713
4318,0.003196,872.31,235.28,0.2697,96.4843,96.6921,0.2077,3.5157,3.3079
4319,0.004037,698.99,257.59,0.3685,95.5598,95.8222,0.2624,4.4402,4.1778
4320,0.002985,701.72,160.18,0.2283,96.7169,96.9109,0.194,3.2831,3.0891
4321,0.003012,857.75,291.02,0.3393,96.6866,96.8824,0.1958,3.3134,3.1176
4322,0.003129,936.58,295.85,0.3159,96.5581,96.7615,0.2034,3.4419,3.2385
4323,0.003273,820.3,262.63,0.3202,96.3992,96.612,0.2128,3.6008,3.388
4324,0.003489,865.34,228.7,0.2643,96.1616,96.3884,0.2268,3.8384,3.6116
4325,0.003699,814.64,173.25,0.2127,95.9316,96.172,0.2404,4.0684,3.828
4326,0.003952,956.88,217.27,0.2271,95.6528,95.9097,0.2569,4.3472,4.0903
4327,0.002961,989.88,189.11,0.191,96.7425,96.935,0.1925,3.2575,3.065
4328,0.003135,899.22,233.65,0.2598,96.5515,96.7553,0.2038,3.4485,3.2447
4329,0.002873,966.58,183.83,0.1902,96.8392,97.026,0.1868,3.1608,2.974
4330,0.002859,754.46,184.9,0.2451,96.8547,97.0406,0.1859,3.1453,2.9594
4331,0.003014,975.96,225.09,0.2306,96.6849,96.8808,0.1959,3.3151,3.1192
4332,0.003252,937.03,250.54,0.2674,96.4227,96.634,0.2114,3.5773,3.366
4333,0.002827,940.28,223.83,0.238,96.8903,97.0741,0.1838,3.1097,2.9259
4334,0.003737,917.02,232.5,0.2535,95.8888,96.1317,0.2429,4.1112,3.8683
4335,0.002856,880.49,181.33,0.2059,96.8582,97.0439,0.1857,3.1418,2.9561
4336,0.003616,682.43,255.27,0.3741,96.0226,96.2576,0.235,3.9774,3.7424
4337,0.003614,805.16,284.79,0.3537,96.0244,96.2593,0.2349,3.9756,3.7407
4338,0.00303,752.34,230.43,0.3063,96.6672,96.8641,0.1969,3.3328,3.1359
4339,0.004081,933.05,192.21,0.206,95.5106,95.7759,0.2653,4.4894,4.2241
4340,0.003579,853.7,173.98,0.2038,96.0634,96.296,0.2326,3.9366,3.704
4341,0.003082,886.59,200.17,0.2258,96.6096,96.8099,0.2003,3.3904,3.1901
4342,0.003258,768.52,167.88,0.2184,96.4163,96.6281,0.2118,3.5837,3.3719
4343,0.0032,689.8,240.51,0.3487,96.4805,96.6885,0.208,3.5195,3.3115
4344,0.003712,854.01,210.85,0.2469,95.9168,96.1581,0.2413,4.0832,3.8419
4345,0.003059,694.16,270.7,0.39,96.6354,96.8342,0.1988,3.3646,3.1658
4346,0.00384,977.24,180.02,0.1842,95.7761,96.0257,0.2496,4.2239,3.9743
4347,0.003598,934.07,274.94,0.2943,96.0419,96.2758,0.2339,3.9581,3.7242
4348,0.003744,981.46,272.68,0.2778,95.8817,96.1251,0.2434,4.1183,3.8749
4349,0.003305,698.48,243.92,0.3492,96.3642,96.579,0.2148,3.6358,3.421
4350,0.003594,980.69,187.85,0.1915,96.0471,96.2806,0.2336,3.9529,3.7194
4351,0.003516,785.37,182.46,0.2323,96.1329,96.3614,0.2285,3.8671,3.6386
4352,0.003053,793.54,224.94,0.2835,96.6414,96.8398,0.1985,3.3586,3.1602
4353,0.003808,924.79,218.68,0.2365,95.8113,96.0588,0.2475,4.1887,3.9412
4354,0.003347,936.31,288.12,0.3077,96.3182,96.5358,0.2176,3.6818,3.4642
4355,0.003472,882.89,269.25,0.305,96.1805,96.4062,0.2257,3.8195,3.5938
4356,0.003734,998.86,161.65,0.1618,95.8928,96.1355,0.2427,4.1072,3.8645
4357,0.00295,680.09,154.68,0.2274,96.7548,96.9466,0.1918,3.2452,3.0534
4358,0.00287,683.81,191.13,0.2795,96.843,97.0295,0.1866,3.157,2.9705
4359,0.0028,831.32,259.31,0.3119,96.92,97.102,0.182,3.08,2.898
4360,0.004146,713.06,205.21,0.2878,95.4397,95.7092,0.2695,4.5603,4.2908
4361,0.003704,1010.12,261.28,0.2587,95.9255,96.1663,0.2408,4.0745,3.8337
4362,0.003322,775.19,248.04,0.32,96.3459,96.5618,0.2159,3.6541,3.4382
4363,0.003216,691.9,168.01,0.2428,96.4619,96.671,0.2091,3.5381,3.329
4364,0.002999,835.36,289.84,0.347,96.7016,96.8965,0.1949,3.2984,3.1035
4365,0.004177,990.95,168.05,0.1696,95.4057,95.6772,0.2715,4.5943,4.3228
4366,0.003691,1003.82,268.91,0.2679,95.9395,96.1794,0.2399,4.0605,3.8206
4367,0.004032,996.89,176.19,0.1767,95.5644,95.8265,0.2621,4.4356,4.1735
4368,0.002958,926.44,218.29,0.2356,96.7466,96.9389,0.1922,3.2534,3.0611
4369,0.004041,916.27,190.97,0.2084,95.5549,95.8175,0.2627,4.4451,4.1825
4370,0.002832,871.5,159.49,0.183,96.8853,97.0693,0.1841,3.1147,2.9307
4371,0.003769,753.26,209.63,0.2783,95.8546,96.0996,0.245,4.1454,3.9004
4372,0.003328,692.63,214.87,0.3102,96.3388,96.5551,0.2163,3.6612,3.4449
4373,0.003452,739.51,151.99,0.2055,96.2028,96.4272,0.2244,3.7972,3.5728
4374,0.004056,903.25,293.91,0.3254,95.538,95.8017,0.2637,4.462,4.1983
4375,0.004027,921.37,257.83,0.2798,95.5704,95.8321,0.2618,4.4296,4.1679
4376,0.003084,770.88,250.69,0.3252,96.6078,96.8083,0.2004,3.3922,3.1917
4377,0.004148,743.94,253.45,0.3407,95.4367,95.7063,0.2697,4.5633,4.2937
4378,0.003934,1018.58,156.62,0.1538,95.6721,95.9278,0.2557,4.3279,4.0722
4379,0.003588,971.38,233.84,0.2407,96.0527,96.2859,0.2333,3.9473,3.7141
4380,0.003784,949.27,257.34,0.2711,95.8375,96.0834,0.246,4.1625,3.9166
4381,0.00384,777.42,163.26,0.21,95.7765,96.0261,0.2496,4.2235,3.9739
4382,0.003314,959.04,231.69,0.2416,96.3544,96.5698,0.2154,3.6456,3.4302
4383,0.003323,986.62,258.93,0.2624,96.3452,96.5611,0.216,3.6548,3.4389
4384,0.003557,789.04,245.9,0.3116,96.0872,96.3184,0.2312,3.9128,3.6816
4385,0.00337,877.27,205.82,0.2346,96.2932,96.5123,0.219,3.7068,3.4877
4386,0.004177,940.89,172.14,0.183,95.4054,95.6769,0.2715,4.5946,4.3231
4387,0.003742,982.41,251.36,0.2559,95.8841,96.1273,0.2432,4.1159,3.8727
4388,0.003371,1006.87,162.97,0.1619,96.2919,96.5111,0.2191,3.7081,3.4889
4389,0.003154,726.8,288.71,0.3972,96.5301,96.7351,0.205,3.4699,3.2649
4390,0.003704,833.26,230.88,0.2771,95.926,96.1667,0.2407,4.074,3.8333
4391,0.003752,982.51,201.52,0.2051,95.8723,96.1162,0.2439,4.1277,3.8838
4392,0.004086,1014.12,171.76,0.1694,95.5058,95.7714,0.2656,4.4942,4.2286
4393,0.003278,895.12,261.72,0.2924,96.3939,96.6069,0.2131,3.6061,3.3931
4394,0.003992,875.06,296.58,0.3389,95.6093,95.8688,0.2594,4.3907,4.1312
4395,0.003909,960.39,209.45,0.2181,95.6999,95.954,0.2541,4.3001,4.046
4396,0.003953,979.45,298.58,0.3048,95.6519,95.9088,0.2569,4.3481,4.0912
4397,0.003562,856.65,236.32,0.2759,96.0822,96.3137,0.2315,3.9178,3.6863
4398,0.003157,867.15,291.34,0.336,96.5277,96.7329,0.2052,3.4723,3.2671
4399,0.003836,912.56,268.16,0.2939,95.7808,96.0302,0.2493,4.2192,3.9698
4400,0.003485,790.67,275.47,0.3484,96.1667,96.3932,0.2265,3.8333,3.6068
4401,0.003323,998.56,228.47,0.2288,96.3451,96.5611,0.216,3.6549,3.4389
4402,0.003947,754.48,202.67,0.2686,95.6582,95.9147,0.2566,4.3418,4.0853
4403,0.003371,935.53,165.96,0.1774,96.2917,96.5108,0.2191,3.7083,3.4892
4404,0.003697,834.24,275.15,0.3298,95.9337,96.174,0.2403,4.0663,3.826
4405,0.004053,744.03,150.09,0.2017,95.5413,95.8048,0.2635,4.4587,4.1952
4406,0.003911,851.53,166.17,0.1951,95.6979,95.9521,0.2542,4.3021,4.0479
4407,0.003002,704.55,292.52,0.4152,96.6977,96.8928,0.1951,3.3023,3.1072
4408,0.003139,818.08,273.78,0.3347,96.5476,96.7516,0.204,3.4524,3.2484
4409,0.003559,712.84,272.17,0.3818,96.0854,96.3167,0.2313,3.9146,3.6833
4410,0.002833,690.57,168.16,0.2435,96.8838,97.0679,0.1841,3.1162,2.9321
4411,0.00306,943.86,160.7,0.1703,96.634,96.8329,0.1989,3.366,3.1671
4412,0.003155,1003.34,213.29,0.2126,96.5297,96.7348,0.2051,3.4703,3.2652
4413,0.003301,817.02,254.67,0.3117,96.3694,96.584,0.2145,3.6306,3.416
4414,0.00322,811.83,181.27,0.2233,96.4577,96.667,0.2093,3.5423,3.333
4415,0.0034,880.49,221.77,0.2519,96.2601,96.4811,0.221,3.7399,3.5189
4416,0.003661,694.24,223.7,0.3222,95.9732,96.2112,0.2379,4.0268,3.7888
4417,0.002844,788.67,154.66,0.1961,96.8715,97.0563,0.1849,3.1285,2.9437
4418,0.003781,972.8,207.56,0.2134,95.841,96.0868,0.2458,4.159,3.9132
4419,0.003555,713.32,253.29,0.3551,96.0899,96.321,0.2311,3.9101,3.679
4420,0.003668,799.36,295.7,0.3699,95.9648,96.2033,0.2384,4.0352,3.7967
4421,0.003486,689.29,155.8,0.226,96.1649,96.3915,0.2266,3.8351,3.6085
4422,0.003482,988.0,221.23,0.2239,96.1693,96.3957,0.2264,3.8307,3.6043
4423,0.003561,708.21,258.64,0.3652,96.0826,96.3141,0.2315,3.9174,3.6859
4424,0.003802,993.59,218.2,0.2196,95.818,96.0651,0.2471,4.182,3.9349
4425,0.003849,762.07,297.6,0.3905,95.7665,96.0166,0.2502,4.2335,3.9834
4426,0.002848,785.34,266.57,0.3394,96.8671,97.0522,0.1851,3.1329,2.9478
4427,0.003996,753.63,211.59,0.2808,95.6039,95.8636,0.2598,4.3961,4.1364
4428,0.002814,723.65,279.41,0.3861,96.9041,97.0871,0.1829,3.0959,2.9129
4429,0.003893,998.08,216.66,0.2171,95.7175,95.9706,0.2531,4.2825,4.0294
4430,0.003503,837.48,254.57,0.304,96.1468,96.3745,0.2277,3.8532,3.6255
4431,0.003343,994.49,248.06,0.2494,96.3222,96.5395,0.2173,3.6778,3.4605
4432,0.002868,879.12,254.73,0.2898,96.845,97.0314,0.1864,3.155,2.9686
4433,0.003488,986.77,194.01,0.1966,96.1637,96.3904,0.2267,3.8363,3.6096
4434,0.003028,778.7,199.71,0.2565,96.6694,96.8662,0.1968,3.3306,3.1338
4435,0.002954,732.63,275.61,0.3762,96.7511,96.9431,0.192,3.2489,3.0569
4436,0.003079,845.32,150.85,0.1785,96.6134,96.8135,0.2001,3.3866,3.1865
4437,0.003886,954.31,285.81,0.2995,95.7254,95.978,0.2526,4.2746,4.022
4438,0.003881,694.92,177.4,0.2553,95.7304,95.9827,0.2523,4.2696,4.0173
4439,0.003276,912.23,276.83,0.3035,96.3963,96.6092,0.2129,3.6037,3.3908
4440,0.00312,831.19,255.12,0.3069,96.5678,96.7706,0.2028,3.4322,3.2294
4441,0.004076,714.52,170.88,0.2392,95.5161,95.781,0.265,4.4839,4.219
4442,0.003836,1001.87,234.42,0.234,95.7799,96.0292,0.2494,4.2201,3.9708
4443,0.003413,804.67,254.84,0.3167,96.2453,96.4672,0.2219,3.7547,3.5328
4444,0.002829,858.56,254.07,0.2959,96.8884,97.0722,0.1839,3.1116,2.9278
4445,0.003689,716.15,221.05,0.3087,95.9424,96.1821,0.2398,4.0576,3.8179
4446,0.00319,869.48,213.34,0.2454,96.4905,96.6979,0.2074,3.5095,3.3021
4447,0.002891,769.34,292.3,0.3799,96.8196,97.0076,0.1879,3.1804,2.9924
4448,0.003301,816.45,287.89,0.3526,96.3692,96.5838,0.2145,3.6308,3.4162
4449,0.004069,977.68,168.15,0.172,95.5238,95.7883,0.2645,4.4762,4.2117
4450,0.003027,873.94,249.7,0.2857,96.6705,96.8673,0.1967,3.3295,3.1327
4451,0.003425,1018.82,206.0,0.2022,96.233,96.4556,0.2226,3.767,3.5444
4452,0.003168,702.72,268.5,0.3821,96.515,96.7209,0.2059,3.485,3.2791
4453,0.00306,820.51,233.95,0.2851,96.6343,96.8332,0.1989,3.3657,3.1668
4454,0.003125,730.11,169.98,0.2328,96.5623,96.7655,0.2031,3.4377,3.2345
4455,0.003782,683.81,159.0,0.2325,95.8397,96.0856,0.2458,4.1603,3.9144
4456,0.003903,718.34,249.89,0.3479,95.7063,95.9601,0.2537,4.2937,4.0399
4457,0.00362,683.01,282.06,0.413,96.0182,96.2535,0.2353,3.9818,3.7465
4458,0.002992,993.05,279.09,0.281,96.7089,96.9034,0.1945,3.2911,3.0966
4459,0.003922,744.15,221.21,0.2973,95.6861,95.941,0.2549,4.3139,4.059
4460,0.00347,713.68,208.18,0.2917,96.1827,96.4083,0.2256,3.8173,3.5917
4461,0.003687,864.08,270.58,0.3131,95.9446,96.1842,0.2396,4.0554,3.8158
4462,0.003005,723.16,226.48,0.3132,96.695,96.8903,0.1953,3.305,3.1097
4463,0.004006,703.12,227.01,0.3229,95.5938,95.8541,0.2604,4.4062,4.1459
4464,0.004182,872.49,187.06,0.2144,95.3995,95.6713,0.2718,4.6005,4.3287
4465,0.003855,965.52,204.26,0.2116,95.7597,96.0103,0.2506,4.2403,3.9897
4466,0.003115,769.24,158.95,0.2066,96.573,96.7755,0.2025,3.427,3.2245
4467,0.003405,976.03,267.09,0.2737,96.2549,96.4762,0.2213,3.7451,3.5238
4468,0.002839,908.36,289.62,0.3188,96.8774,97.0619,0.1845,3.1226,2.9381
4469,0.003347,886.19,280.04,0.316,96.3182,96.5358,0.2176,3.6818,3.4642
4470,0.003848,723.29,242.23,0.3349,95.7671,96.0173,0.2501,4.2329,3.9827
4471,0.003907,982.17,246.91,0.2514,95.7027,95.9566,0.2539,4.2973,4.0434
4472,0.003858,733.48,239.85,0.327,95.7566,96.0074,0.2507,4.2434,3.9926
4473,0.003203,942.85,214.91,0.2279,96.4771,96.6852,0.2082,3.5229,3.3148
4474,0.002843,702.55,162.73,0.2316,96.8724,97.0572,0.1848,3.1276,2.9428
4475,0.004048,729.49,246.21,0.3375,95.5469,95.81,0.2631,4.4531,4.19
4476,0.003317,813.71,219.68,0.27,96.3509,96.5666,0.2156,3.6491,3.4334
4477,0.00393,991.82,195.52,0.1971,95.6775,95.9329,0.2554,4.3225,4.0671
4478,0.003549,791.21,196.22,0.248,96.0957,96.3264,0.2307,3.9043,3.6736
4479,0.004128,853.89,207.91,0.2435,95.4593,95.7276,0.2683,4.5407,4.2724
4480,0.00402,914.07,254.29,0.2782,95.5784,95.8397,0.2613,4.4216,4.1603
4481,0.004093,885.77,249.15,0.2813,95.4979,95.7639,0.266,4.5021,4.2361
4482,0.003604,839.57,163.65,0.1949,96.0361,96.2703,0.2342,3.9639,3.7297
4483,0.003486,796.42,227.55,0.2857,96.1659,96.3925,0.2266,3.8341,3.6075
4484,0.003684,765.54,190.23,0.2485,95.9477,96.1872,0.2395,4.0523,3.8128
4485,0.00318,778.24,227.03,0.2917,96.5023,96.709,0.2067,3.4977,3.291
4486,0.003238,987.98,286.08,0.2896,96.4379,96.6484,0.2105,3.5621,3.3516
4487,0.003592,798.49,195.95,0.2454,96.0483,96.2818,0.2335,3.9517,3.7182
4488,0.003956,856.01,211.73,0.2473,95.6484,95.9055,0.2571,4.3516,4.0945
4489,0.003169,824.11,248.87,0.302,96.5136,96.7196,0.206,3.4864,3.2804
4490,0.003876,982.79,170.89,0.1739,95.7368,95.9887,0.2519,4.2632,4.0113
4491,0.003878,780.31,253.07,0.3243,95.7343,95.9864,0.2521,4.2657,4.0136
4492,0.003306,864.54,198.17,0.2292,96.3633,96.5782,0.2149,3.6367,3.4218
4493,0.003917,877.79,176.01,0.2005,95.691,95.9457,0.2546,4.309,4.0543
4494,0.003814,977.89,245.79,0.2513,95.8041,96.0521,0.2479,4.1959,3.9479
4495,0.003088,948.58,274.56,0.2894,96.6032,96.8039,0.2007,3.3968,3.1961
4496,0.003056,900.14,224.54,0.2495,96.6381,96.8367,0.1987,3.3619,3.1633
4497,0.003144,844.68,190.61,0.2257,96.5417,96.7461,0.2044,3.4583,3.2539
4498,0.003595,862.72,171.95,0.1993,96.045,96.2787,0.2337,3.955,3.7213
4499,0.003648,765.86,294.98,0.3852,95.9868,96.2239,0.2371,4.0132,3.7761
4500,0.003938,1014.51,150.49,0.1483,95.6678,95.9238,0.256,4.3322,4.0762
4501,0.003064,997.6,289.17,0.2899,96.6291,96.8282,0.1992,3.3709,3.1718
4502,0.003437,1016.89,237.54,0.2336,96.2197,96.4431,0.2234,3.7803,3.5569
4503,0.003188,872.93,179.88,0.2061,96.4933,96.7005,0.2072,3.5067,3.2995
4504,0.002871,825.42,297.25,0.3601,96.8415,97.0281,0.1866,3.1585,2.9719
4505,0.003633,841.97,208.03,0.2471,96.0033,96.2395,0.2362,3.9967,3.7605
4506,0.002967,741.58,204.2,0.2754,96.7361,96.9289,0.1929,3.2639,3.0711
4507,0.003922,698.53,277.08,0.3967,95.686,95.9409,0.2549,4.314,4.0591
4508,0.003188,866.49,190.26,0.2196,96.4929,96.7001,0.2072,3.5071,3.2999
4509,0.003897,994.75,253.01,0.2543,95.7128,95.9662,0.2533,4.2872,4.0338
4510,0.003087,983.05,234.99,0.239,96.6045,96.8051,0.2006,3.3955,3.1949
4511,0.002814,794.79,243.65,0.3066,96.9048,97.0877,0.1829,3.0952,2.9123
4512,0.003188,826.13,184.57,0.2234,96.4932,96.7004,0.2072,3.5068,3.2996
4513,0.003666,874.01,190.01,0.2174,95.9678,96.2061,0.2383,4.0322,3.7939
4514,0.003574,965.86,172.76,0.1789,96.069,96.3013,0.2323,3.931,3.6987
4515,0.003575,787.68,182.98,0.2323,96.0673,96.2997,0.2324,3.9327,3.7003
4516,0.003928,960.54,180.47,0.1879,95.6792,95.9345,0.2553,4.3208,4.0655
4517,0.003663,1004.52,163.68,0.1629,95.9709,96.209,0.2381,4.0291,3.791
4518,0.003837,1012.75,190.46,0.1881,95.7797,96.0291,0.2494,4.2203,3.9709
4519,0.003481,712.53,276.81,0.3885,96.1712,96.3974,0.2262,3.8288,3.6026
4520,0.003109,836.23,174.85,0.2091,96.5797,96.7818,0.2021,3.4203,3.2182
4521,0.003043,754.92,166.11,0.22,96.6527,96.8505,0.1978,3.3473,3.1495
4522,0.003134,784.89,236.95,0.3019,96.5523,96.756,0.2037,3.4477,3.244
4523,0.00364,811.48,182.01,0.2243,95.9964,96.233,0.2366,4.0036,3.767
4524,0.002941,707.88,256.86,0.3629,96.7654,96.9566,0.1911,3.2346,3.0434
4525,0.00342,931.32,207.67,0.223,96.2385,96.4608,0.2223,3.7615,3.5392
4526,0.003661,809.26,231.19,0.2857,95.9728,96.2108,0.238,4.0272,3.7892
4527,0.00318,979.81,223.73,0.2283,96.5015,96.7083,0.2067,3.4985,3.2917
4528,0.003905,858.14,198.31,0.2311,95.704,95.9579,0.2539,4.296,4.0421
4529,0.003499,889.32,275.73,0.3101,96.1515,96.3789,0.2274,3.8485,3.6211
4530,0.003649,806.81,255.52,0.3167,95.9859,96.2231,0.2372,4.0141,3.7769
4531,0.003641,917.64,206.65,0.2252,95.9945,96.2312,0.2367,4.0055,3.7688
4532,0.003903,750.42,197.13,0.2627,95.7064,95.9601,0.2537,4.2936,4.0399
4533,0.003367,764.58,193.6,0.2532,96.2961,96.515,0.2189,3.7039,3.485
4534,0.003123,884.15,220.46,0.2493,96.5644,96.7674,0.203,3.4356,3.2326
4535,0.002834,997.99,186.61,0.187,96.8826,97.0668,0.1842,3.1174,2.9332
4536,0.003777,833.76,270.02,0.3239,95.8457,96.0912,0.2455,4.1543,3.9088
4537,0.003344,797.36,207.15,0.2598,96.3211,96.5385,0.2174,3.6789,3.4615
4538,0.003487,926.22,286.38,0.3092,96.1639,96.3906,0.2267,3.8361,3.6094
4539,0.002925,766.67,184.28,0.2404,96.7822,96.9724,0.1901,3.2178,3.0276
4540,0.003313,1019.01,221.78,0.2176,96.3554,96.5708,0.2154,3.6446,3.4292
4541,0.003036,970.24,246.75,0.2543,96.6604,96.8578,0.1973,3.3396,3.1422
4542,0.003639,955.45,276.89,0.2898,95.9974,96.2339,0.2365,4.0026,3.7661
4543,0.004171,803.95,264.11,0.3285,95.4121,95.6832,0.2711,4.5879,4.3168
4544,0.002926,991.39,163.86,0.1653,96.7814,96.9716,0.1902,3.2186,3.0284
4545,0.003773,697.02,161.89,0.2323,95.8492,96.0945,0.2453,4.1508,3.9055
4546,0.004105,834.05,193.97,0.2326,95.4847,95.7515,0.2668,4.5153,4.2485
4547,0.004002,774.69,287.39,0.371,95.5979,95.858,0.2601,4.4021,4.142
4548,0.003121,785.94,228.08,0.2902,96.5672,96.7701,0.2028,3.4328,3.2299
4549,0.003125,711.37,157.82,0.2219,96.563,96.7661,0.2031,3.437,3.2339
4550,0.003716,946.65,293.08,0.3096,95.9119,96.1535,0.2416,4.0881,3.8465
4551,0.004118,739.82,232.19,0.3138,95.4701,95.7378,0.2677,4.5299,4.2622
4552,0.004119,984.27,185.44,0.1884,95.4693,95.737,0.2677,4.5307,4.263
4553,0.003931,746.43,256.88,0.3441,95.6761,95.9316,0.2555,4.3239,4.0684
4554,0.002894,714.51,272.59,0.3815,96.8162,97.0044,0.1881,3.1838,2.9956
4555,0.00305,722.21,219.38,0.3038,96.6448,96.843,0.1983,3.3552,3.157
4556,0.003865,925.89,172.91,0.1867,95.7483,95.9995,0.2512,4.2517,4.0005
4557,0.004105,763.52,151.31,0.1982,95.4845,95.7513,0.2668,4.5155,4.2487
4558,0.003998,940.56,226.99,0.2413,95.6027,95.8625,0.2598,4.3973,4.1375
4559,0.002829,851.53,158.53,0.1862,96.8881,97.072,0.1839,3.1119,2.928
4560,0.002989,696.44,173.39,0.249,96.7122,96.9065,0.1943,3.2878,3.0935
4561,0.002985,972.97,275.14,0.2828,96.7163,96.9103,0.194,3.2837,3.0897
4562,0.003603,774.95,186.87,0.2411,96.0362,96.2705,0.2342,3.9638,3.7295
4563,0.003045,717.36,187.23,0.261,96.6503,96.8482,0.1979,3.3497,3.1518
4564,0.003696,936.53,160.06,0.1709,95.9342,96.1744,0.2403,4.0658,3.8256
4565,0.003328,680.19,219.12,0.3221,96.3388,96.5551,0.2163,3.6612,3.4449
4566,0.003918,910.36,209.25,0.2299,95.6898,95.9445,0.2547,4.3102,4.0555
4567,0.003558,817.33,228.76,0.2799,96.0861,96.3174,0.2313,3.9139,3.6826
4568,0.004147,1000.72,203.09,0.2029,95.4384,95.7079,0.2696,4.5616,4.2921
4569,0.003648,924.24,262.4,0.2839,95.9875,96.2246,0.2371,4.0125,3.7754
4570,0.003852,857.98,211.15,0.2461,95.7625,96.0129,0.2504,4.2375,3.9871
4571,0.003504,849.91,270.73,0.3185,96.1451,96.3729,0.2278,3.8549,3.6271
4572,0.00309,883.93,205.13,0.2321,96.6014,96.8022,0.2008,3.3986,3.1978
4573,0.003218,885.49,211.86,0.2393,96.4604,96.6696,0.2092,3.5396,3.3304
4574,0.003326,807.03,197.18,0.2443,96.341,96.5573,0.2162,3.659,3.4427
4575,0.003078,685.45,215.33,0.3141,96.614,96.8141,0.2001,3.386,3.1859
4576,0.003694,730.04,279.78,0.3832,95.9368,96.1769,0.2401,4.0632,3.8231
4577,0.003907,934.74,247.36,0.2646,95.7026,95.9565,0.2539,4.2974,4.0435
4578,0.003223,763.13,152.46,0.1998,96.455,96.6644,0.2095,3.545,3.3356
4579,0.003118,829.27,223.02,0.2689,96.5703,96.773,0.2027,3.4297,3.227
4580,0.003453,838.17,282.36,0.3369,96.2018,96.4263,0.2244,3.7982,3.5737
4581,0.003449,821.37,157.7,0.192,96.2065,96.4307,0.2242,3.7935,3.5693
4582,0.004127,984.99,288.41,0.2928,95.4605,95.7287,0.2682,4.5395,4.2713
4583,0.003214,698.06,219.76,0.3148,96.4651,96.6739,0.2089,3.5349,3.3261
4584,0.003341,902.17,215.01,0.2383,96.3247,96.5419,0.2172,3.6753,3.4581
4585,0.003638,800.62,226.88,0.2834,95.9987,96.2352,0.2364,4.0013,3.7648
4586,0.003468,997.55,280.29,0.281,96.1853,96.4107,0.2254,3.8147,3.5893
4587,0.003471,799.84,179.02,0.2238,96.1816,96.4073,0.2256,3.8184,3.5927
4588,0.004091,736.42,298.81,0.4058,95.5001,95.766,0.2659,4.4999,4.234
4589,0.003004,921.78,190.44,0.2066,96.6953,96.8905,0.1953,3.3047,3.1095
4590,0.002835,754.36,228.16,0.3025,96.882,97.0662,0.1842,3.118,2.9338
4591,0.002834,817.16,269.78,0.3301,96.8828,97.067,0.1842,3.1172,2.933
4592,0.003444,891.4,192.74,0.2162,96.2112,96.435,0.2239,3.7888,3.565
4593,0.002871,855.78,168.49,0.1969,96.8416,97.0282,0.1866,3.1584,2.9718
4594,0.003414,845.76,264.55,0.3128,96.2449,96.4668,0.2219,3.7551,3.5332
4595,0.002851,944.96,259.3,0.2744,96.8643,97.0496,0.1853,3.1357,2.9504
4596,0.003593,702.88,295.22,0.42,96.0478,96.2814,0.2335,3.9522,3.7186
4597,0.004106,808.49,249.09,0.3081,95.4833,95.7502,0.2669,4.5167,4.2498
4598,0.003416,925.66,190.07,0.2053,96.2426,96.4646,0.222,3.7574,3.5354
4599,0.002999,991.1,163.98,0.1655,96.701,96.8959,0.1949,3.299,3.1041
4600,0.003337,814.1,156.28,0.192,96.3288,96.5457,0.2169,3.6712,3.4543
4601,0.003224,1004.21,179.17,0.1784,96.4535,96.6631,0.2096,3.5465,3.3369
4602,0.003597,821.98,273.89,0.3332,96.0433,96.2771,0.2338,3.9567,3.7229
4603,0.003012,866.0,188.27,0.2174,96.6865,96.8823,0.1958,3.3135,3.1177
4604,0.004082,680.19,159.93,0.2351,95.5093,95.7746,0.2654,4.4907,4.2254
4605,0.004002,770.27,222.4,0.2887,95.5974,95.8575,0.2602,4.4026,4.1425
4606,0.002893,839.22,297.18,0.3541,96.8182,97.0062,0.188,3.1818,2.9938
4607,0.004095,847.78,162.0,0.1911,95.4958,95.7619,0.2662,4.5042,4.2381
4608,0.003443,985.8,242.52,0.246,96.2122,96.436,0.2238,3.7878,3.564
4609,0.004171,969.2,293.35,0.3027,95.4116,95.6828,0.2711,4.5884,4.3172
4610,0.003161,869.91,283.38,0.3258,96.5226,96.728,0.2055,3.4774,3.272
4611,0.00394,792.4,249.74,0.3152,95.6659,95.922,0.2561,4.3341,4.078
4612,0.003537,907.04,275.3,0.3035,96.1089,96.3388,0.2299,3.8911,3.6612
4613,0.003626,912.08,270.93,0.297,96.0117,96.2474,0.2357,3.9883,3.7526
4614,0.00389,763.4,272.24,0.3566,95.7214,95.9742,0.2528,4.2786,4.0258
4615,0.003407,772.54,290.99,0.3767,96.2518,96.4733,0.2215,3.7482,3.5267
4616,0.003221,1010.74,298.7,0.2955,96.4571,96.6665,0.2094,3.5429,3.3335
4617,0.002872,881.18,270.25,0.3067,96.841,97.0277,0.1867,3.159,2.9723
4618,0.003161,960.18,233.25,0.2429,96.5232,96.7287,0.2054,3.4768,3.2713
4619,0.003982,754.44,293.43,0.3889,95.6195,95.8783,0.2588,4.3805,4.1217
4620,0.00345,732.11,164.79,0.2251,96.2049,96.4292,0.2243,3.7951,3.5708
4621,0.003559,803.42,261.38,0.3253,96.085,96.3163,0.2313,3.915,3.6837
4622,0.003387,792.61,162.17,0.2046,96.2743,96.4944,0.2202,3.7257,3.5056
4623,0.003027,843.6,289.26,0.3429,96.6698,96.8666,0.1968,3.3302,3.1334
4624,0.002893,786.75,283.4,0.3602,96.8179,97.0059,0.188,3.1821,2.9941
4625,0.00341,957.12,173.11,0.1809,96.2491,96.4708,0.2216,3.7509,3.5292
4626,0.003462,690.4,290.64,0.421,96.1913,96.4164,0.2251,3.8087,3.5836
4627,0.002966,760.13,281.87,0.3708,96.7379,96.9307,0.1928,3.2621,3.0693
4628,0.003489,1005.81,238.26,0.2369,96.1625,96.3893,0.2268,3.8375,3.6107
4629,0.003367,968.81,192.97,0.1992,96.2958,96.5147,0.2189,3.7042,3.4853
4630,0.003655,736.06,173.88,0.2362,95.9797,96.2173,0.2376,4.0203,3.7827
4631,0.003258,808.13,162.43,0.201,96.4162,96.628,0.2118,3.5838,3.372
4632,0.002915,950.71,151.27,0.1591,96.7936,96.983,0.1895,3.2064,3.017
4633,0.003557,847.5,163.85,0.1933,96.0878,96.319,0.2312,3.9122,3.681
4634,0.004158,954.75,247.2,0.2589,95.4261,95.6964,0.2703,4.5739,4.3036
4635,0.004189,680.71,176.64,0.2595,95.3926,95.6648,0.2723,4.6074,4.3352
4636,0.002987,1014.46,205.02,0.2021,96.7144,96.9086,0.1941,3.2856,3.0914
4637,0.00376,961.1,203.59,0.2118,95.8641,96.1085,0.2444,4.1359,3.8915
4638,0.003601,693.75,283.93,0.4093,96.0391,96.2732,0.2341,3.9609,3.7268
4639,0.003262,693.24,237.43,0.3425,96.4116,96.6236,0.212,3.5884,3.3764
4640,0.004183,888.88,273.21,0.3074,95.3982,95.6701,0.2719,4.6018,4.3299
4641,0.003069,737.78,208.63,0.2828,96.6239,96.8234,0.1995,3.3761,3.1766
4642,0.004191,716.56,239.01,0.3335,95.39,95.6624,0.2724,4.61,4.3376
4643,0.003662,858.87,274.77,0.3199,95.9722,96.2102,0.238,4.0278,3.7898
4644,0.003198,702.08,240.93,0.3432,96.482,96.6898,0.2079,3.518,3.3102
4645,0.003164,898.78,254.99,0.2837,96.5196,96.7253,0.2057,3.4804,3.2747
4646,0.002935,886.2,253.35,0.2859,96.772,96.9627,0.1907,3.228,3.0373
4647,0.002845,969.73,249.75,0.2575,96.8707,97.0556,0.1849,3.1293,2.9444
4648,0.003773,955.49,203.81,0.2133,95.8498,96.0951,0.2452,4.1502,3.9049
4649,0.003512,779.84,255.85,0.3281,96.1363,96.3646,0.2283,3.8637,3.6354
4650,0.003362,954.37,185.27,0.1941,96.3023,96.5208,0.2185,3.6977,3.4792
4651,0.004178,785.17,198.99,0.2534,95.4037,95.6753,0.2716,4.5963,4.3247
4652,0.003137,730.57,173.28,0.2372,96.5494,96.7533,0.2039,3.4506,3.2467
4653,0.002911,879.81,167.66,0.1906,96.7976,96.9869,0.1892,3.2024,3.0131
4654,0.002951,832.63,172.4,0.2071,96.7542,96.946,0.1918,3.2458,3.054
4655,0.002903,941.92,253.16,0.2688,96.8069,96.9956,0.1887,3.1931,3.0044
4656,0.003611,924.34,215.3,0.2329,96.0279,96.2626,0.2347,3.9721,3.7374
4657,0.002972,899.07,291.39,0.3241,96.7312,96.9243,0.1932,3.2688,3.0757
4658,0.003573,879.81,290.62,0.3303,96.0697,96.302,0.2322,3.9303,3.698
4659,0.003094,840.9,155.08,0.1844,96.597,96.798,0.2011,3.403,3.202
4660,0.003019,745.11,159.91,0.2146,96.6789,96.8752,0.1962,3.3211,3.1248
4661,0.002844,970.04,187.83,0.1936,96.8717,97.0565,0.1849,3.1283,2.9435
4662,0.003061,849.19,248.75,0.2929,96.6327,96.8317,0.199,3.3673,3.1683
4663,0.003356,921.11,198.54,0.2155,96.3079,96.526,0.2182,3.6921,3.474
4664,0.002986,791.15,295.0,0.3729,96.7153,96.9094,0.1941,3.2847,3.0906
4665,0.003391,787.03,287.32,0.3651,96.2696,96.49,0.2204,3.7304,3.51
4666,0.003593,917.95,151.12,0.1646,96.0475,96.281,0.2336,3.9525,3.719
4667,0.003896,1004.46,212.37,0.2114,95.7139,95.9671,0.2533,4.2861,4.0329
4668,0.003482,1016.05,172.23,0.1695,96.1702,96.3965,0.2263,3.8298,3.6035
4669,0.004038,761.61,240.59,0.3159,95.5583,95.8208,0.2625,4.4417,4.1792
4670,0.00414,988.48,258.12,0.2611,95.4461,95.7152,0.2691,4.5539,4.2848
4671,0.003385,942.09,244.73,0.2598,96.2765,96.4965,0.22,3.7235,3.5035
4672,0.003796,952.07,205.95,0.2163,95.8245,96.0712,0.2467,4.1755,3.9288
4673,0.002804,844.15,273.65,0.3242,96.9158,97.098,0.1822,3.0842,2.902
4674,0.003502,751.76,199.88,0.2659,96.1483,96.3759,0.2276,3.8517,3.6241
4675,0.003722,930.43,225.75,0.2426,95.9057,96.1476,0.2419,4.0943,3.8524
4676,0.003543,982.46,299.04,0.3044,96.1025,96.3328,0.2303,3.8975,3.6672
4677,0.003657,888.16,215.24,0.2423,95.9768,96.2145,0.2377,4.0232,3.7855
4678,0.00413,952.1,218.24,0.2292,95.4573,95.7257,0.2684,4.5427,4.2743
4679,0.003807,866.02,230.82,0.2665,95.8126,96.06,0.2474,4.1874,3.94
4680,0.003858,695.13,199.89,0.2876,95.7561,96.0069,0.2508,4.2439,3.9931
4681,0.00337,893.19,268.78,0.3009,96.2927,96.5118,0.2191,3.7073,3.4882
4682,0.003464,978.6,289.36,0.2957,96.1892,96.4144,0.2252,3.8108,3.5856
4683,0.00408,886.98,184.64,0.2082,95.5123,95.7775,0.2652,4.4877,4.2225
4684,0.003241,880.9,217.39,0.2468,96.4346,96.6453,0.2107,3.5654,3.3547
4685,0.00322,901.7,155.81,0.1728,96.4576,96.6669,0.2093,3.5424,3.3331
4686,0.003121,987.49,188.12,0.1905,96.5666,96.7695,0.2029,3.4334,3.2305
4687,0.003172,860.45,156.08,0.1814,96.5113,96.7175,0.2061,3.4887,3.2825
4688,0.004133,832.74,209.55,0.2516,95.4539,95.7225,0.2686,4.5461,4.2775
4689,0.003402,1005.94,270.36,0.2688,96.2578,96.4789,0.2211,3.7422,3.5211
4690,0.003183,956.9,231.98,0.2424,96.4986,96.7055,0.2069,3.5014,3.2945
4691,0.003383,850.6,292.89,0.3443,96.2782,96.4981,0.2199,3.7218,3.5019
4692,0.003912,897.61,195.93,0.2183,95.6963,95.9506,0.2543,4.3037,4.0494
4693,0.00364,697.41,298.33,0.4278,95.9956,96.2322,0.2366,4.0044,3.7678
4694,0.003099,904.84,193.13,0.2134,96.5913,96.7928,0.2014,3.4087,3.2072
4695,0.002962,759.84,298.39,0.3927,96.7416,96.9341,0.1925,3.2584,3.0659
4696,0.003585,791.72,231.76,0.2927,96.0564,96.2895,0.233,3.9436,3.7105
4697,0.00308,912.93,161.95,0.1774,96.6116,96.8118,0.2002,3.3884,3.1882
4698,0.003706,1001.84,153.1,0.1528,95.9239,96.1647,0.2409,4.0761,3.8353
4699,0.002982,934.8,188.73,0.2019,96.72,96.9138,0.1938,3.28,3.0862
4700,0.00372,908.42,212.34,0.2337,95.9075,96.1493,0.2418,4.0925,3.8507
4701,0.004068,749.39,174.59,0.233,95.5248,95.7893,0.2644,4.4752,4.2107
4702,0.002937,996.79,196.42,0.1971,96.7697,96.9606,0.1909,3.2303,3.0394
4703,0.003559,866.55,160.29,0.185,96.0848,96.3162,0.2314,3.9152,3.6838
4704,0.004176,976.9,277.95,0.2845,95.4065,95.6779,0.2714,4.5935,4.3221
4705,0.002805,761.45,266.8,0.3504,96.9149,97.0972,0.1823,3.0851,2.9028
4706,0.003912,1001.08,294.77,0.2945,95.6966,95.9509,0.2543,4.3034,4.0491
4707,0.002959,833.44,168.22,0.2018,96.7454,96.9377,0.1923,3.2546,3.0623
4708,0.003872,945.04,219.79,0.2326,95.7404,95.9921,0.2517,4.2596,4.0079
4709,0.002971,907.12,191.75,0.2114,96.732,96.9251,0.1931,3.268,3.0749
4710,0.002917,948.26,202.99,0.2141,96.7918,96.9813,0.1896,3.2082,3.0187
4711,0.003343,744.36,291.74,0.3919,96.3227,96.54,0.2173,3.6773,3.46
4712,0.003815,989.71,243.05,0.2456,95.803,96.051,0.248,4.197,3.949
4713,0.004157,940.6,298.82,0.3177,95.4271,95.6973,0.2702,4.5729,4.3027
4714,0.003027,796.31,228.31,0.2867,96.6701,96.8668,0.1968,3.3299,3.1332
4715,0.003765,746.02,298.67,0.4003,95.8581,96.1029,0.2447,4.1419,3.8971
4716,0.00386,799.47,201.03,0.2515,95.7537,96.0047,0.2509,4.2463,3.9953
4717,0.003345,937.3,165.54,0.1766,96.3205,96.5379,0.2174,3.6795,3.4621
4718,0.003517,956.02,181.85,0.1902,96.1309,96.3595,0.2286,3.8691,3.6405
4719,0.003066,896.75,266.02,0.2966,96.6272,96.8265,0.1993,3.3728,3.1735
4720,0.003847,702.75,298.95,0.4254,95.7685,96.0185,0.25,4.2315,3.9815
4721,0.003117,903.39,286.93,0.3176,96.5708,96.7734,0.2026,3.4292,3.2266
4722,0.003492,942.09,208.09,0.2209,96.1587,96.3857,0.227,3.8413,3.6143
4723,0.0037,747.7,156.29,0.209,95.9305,96.171,0.2405,4.0695,3.829
4724,0.003434,681.27,203.31,0.2984,96.2225,96.4457,0.2232,3.7775,3.5543
4725,0.004183,997.53,247.31,0.2479,95.399,95.6709,0.2719,4.601,4.3291
4726,0.003382,964.76,295.44,0.3062,96.2801,96.4999,0.2198,3.7199,3.5001
4727,0.004007,708.98,276.45,0.3899,95.5925,95.853,0.2604,4.4075,4.147
4728,0.003633,870.88,167.47,0.1923,96.0042,96.2404,0.2361,3.9958,3.7596
4729,0.00299,848.08,299.42,0.3531,96.7109,96.9053,0.1944,3.2891,3.0947
4730,0.003816,795.84,243.74,0.3063,95.8021,96.0502,0.2481,4.1979,3.9498
4731,0.002845,963.98,197.56,0.2049,96.87,97.0549,0.185,3.13,2.9451
4732,0.003237,959.54,194.02,0.2022,96.4394,96.6498,0.2104,3.5606,3.3502
4733,0.004002,698.67,195.03,0.2791,95.5977,95.8578,0.2601,4.4023,4.1422
4734,0.00415,726.55,188.74,0.2598,95.4353,95.7051,0.2697,4.5647,4.2949
4735,0.003331,732.03,200.99,0.2746,96.3354,96.552,0.2165,3.6646,3.448
4736,0.003377,705.3,229.64,0.3256,96.2855,96.505,0.2195,3.7145,3.495
4737,0.002905,784.85,194.97,0.2484,96.8043,96.9932,0.1888,3.1957,3.0068
4738,0.002832,1013.63,199.16,0.1965,96.885,97.0691,0.1841,3.115,2.9309
4739,0.003797,975.63,289.71,0.2969,95.8238,96.0706,0.2468,4.1762,3.9294
4740,0.003644,969.53,204.38,0.2108,95.9915,96.2284,0.2369,4.0085,3.7716
4741,0.002933,769.83,200.07,0.2599,96.7735,96.9641,0.1907,3.2265,3.0359
4742,0.004044,742.09,181.85,0.245,95.5519,95.8147,0.2628,4.4481,4.1853
4743,0.003921,758.72,191.48,0.2524,95.6874,95.9423,0.2548,4.3126,4.0577
4744,0.003978,867.07,231.2,0.2666,95.6241,95.8827,0.2586,4.3759,4.1173
4745,0.004003,955.94,232.34,0.2431,95.5968,95.8569,0.2602,4.4032,4.1431
4746,0.003608,914.76,194.58,0.2127,96.0309,96.2654,0.2345,3.9691,3.7346
4747,0.003573,781.17,284.3,0.3639,96.0694,96.3016,0.2323,3.9306,3.6984
4748,0.003853,693.85,287.83,0.4148,95.7615,96.0119,0.2505,4.2385,3.9881
4749,0.003388,903.69,190.36,0.2106,96.2729,96.4932,0.2202,3.7271,3.5068
4750,0.002873,703.37,292.35,0.4156,96.8398,97.0266,0.1867,3.1602,2.9734
4751,0.003624,716.32,221.55,0.3093,96.014,96.2495,0.2355,3.986,3.7505
4752,0.003457,802.78,231.29,0.2881,96.1974,96.4221,0.2247,3.8026,3.5779
4753,0.00317,880.89,234.18,0.2658,96.513,96.7191,0.206,3.487,3.2809
4754,0.003912,707.88,175.26,0.2476,95.6971,95.9513,0.2543,4.3029,4.0487
4755,0.003708,873.47,280.0,0.3206,95.9213,96.1623,0.241,4.0787,3.8377
4756,0.003683,685.73,182.76,0.2665,95.9485,96.1879,0.2394,4.0515,3.8121
4757,0.003791,737.59,293.59,0.398,95.8294,96.0759,0.2464,4.1706,3.9241
4758,0.004009,853.29,298.45,0.3498,95.5897,95.8503,0.2606,4.4103,4.1497
4759,0.002807,857.81,191.0,0.2227,96.9119,97.0943,0.1825,3.0881,2.9057
4760,0.003913,943.93,178.13,0.1887,95.6962,95.9505,0.2543,4.3038,4.0495
4761,0.003567,700.19,181.65,0.2594,96.0768,96.3086,0.2318,3.9232,3.6914
4762,0.003734,745.44,229.17,0.3074,95.893,96.1357,0.2427,4.107,3.8643
4763,0.003282,817.54,238.62,0.2919,96.3898,96.6032,0.2133,3.6102,3.3968
4764,0.004075,777.81,187.35,0.2409,95.5175,95.7823,0.2649,4.4825,4.2177
4765,0.003999,722.38,213.03,0.2949,95.6015,95.8615,0.2599,4.3985,4.1385
4766,0.003708,849.21,296.67,0.3494,95.9216,96.1626,0.241,4.0784,3.8374
4767,0.003368,745.0,187.94,0.2523,96.2955,96.5144,0.2189,3.7045,3.4856
4768,0.002979,742.68,246.12,0.3314,96.7226,96.9163,0.1937,3.2774,3.0837
4769,0.002968,908.15,169.87,0.187,96.7352,96.9282,0.1929,3.2648,3.0718
4770,0.002856,1019.37,261.73,0.2568,96.8581,97.0437,0.1857,3.1419,2.9563
4771,0.003824,912.58,169.94,0.1862,95.7939,96.0424,0.2485,4.2061,3.9576
4772,0.003105,1006.2,236.19,0.2347,96.5841,96.7859,0.2019,3.4159,3.2141
4773,0.003713,923.86,274.5,0.2971,95.9161,96.1575,0.2413,4.0839,3.8425
4774,0.002819,716.36,180.95,0.2526,96.8988,97.0821,0.1833,3.1012,2.9179
4775,0.003002,926.27,267.84,0.2892,96.6976,96.8928,0.1951,3.3024,3.1072
4776,0.004016,790.54,211.67,0.2678,95.582,95.8431,0.2611,4.418,4.1569
4777,0.003723,911.31,216.51,0.2376,95.9043,96.1464,0.242,4.0957,3.8536
4778,0.003082,895.92,181.02,0.202,96.6096,96.81,0.2003,3.3904,3.19
4779,0.003294,975.78,278.72,0.2856,96.3761,96.5902,0.2141,3.6239,3.4098
4780,0.003727,846.57,292.37,0.3454,95.9001,96.1423,0.2423,4.0999,3.8577
4781,0.003412,765.72,214.99,0.2808,96.2463,96.4681,0.2218,3.7537,3.5319
4782,0.003022,945.67,275.05,0.2909,96.6757,96.8722,0.1964,3.3243,3.1278
4783,0.003848,858.26,180.58,0.2104,95.7676,96.0177,0.2501,4.2324,3.9823
4784,0.002955,777.65,192.52,0.2476,96.75,96.942,0.192,3.25,3.058
4785,0.003048,941.48,220.99,0.2347,96.6473,96.8454,0.1981,3.3527,3.1546
4786,0.003868,702.2,218.16,0.3107,95.7455,95.9969,0.2514,4.2545,4.0031
4787,0.003224,756.27,180.14,0.2382,96.4531,96.6627,0.2096,3.5469,3.3373
4788,0.004009,965.42,294.53,0.3051,95.5897,95.8503,0.2606,4.4103,4.1497
4789,0.003177,843.32,215.72,0.2558,96.5048,96.7113,0.2065,3.4952,3.2887
4790,0.002987,945.54,246.78,0.261,96.7144,96.9086,0.1941,3.2856,3.0914
4791,0.003338,1015.41,232.76,0.2292,96.3277,96.5447,0.217,3.6723,3.4553
4792,0.003699,729.2,190.15,0.2608,95.9315,96.1719,0.2404,4.0685,3.8281
4793,0.003319,766.64,164.83,0.215,96.3489,96.5647,0.2157,3.6511,3.4353
4794,0.004007,855.6,196.53,0.2297,95.5925,95.853,0.2604,4.4075,4.147
4795,0.003365,701.41,293.57,0.4185,96.2983,96.517,0.2187,3.7017,3.483
4796,0.00295,985.58,187.81,0.1906,96.755,96.9468,0.1917,3.245,3.0532
4797,0.003142,1005.61,289.71,0.2881,96.5438,96.748,0.2042,3.4562,3.252
4798,0.003998,875.3,288.66,0.3298,95.602,95.8619,0.2599,4.398,4.1381
4799,0.004091,893.36,296.62,0.332,95.5004,95.7663,0.2659,4.4996,4.2337
4800,0.002805,1005.93,199.11,0.1979,96.9148,97.0971,0.1823,3.0852,2.9029
4801,0.003765,868.32,235.19,0.2709,95.858,96.1027,0.2448,4.142,3.8973
4802,0.002802,745.76,166.27,0.223,96.9178,97.0999,0.1821,3.0822,2.9001
4803,0.003229,939.82,187.68,0.1997,96.4482,96.6581,0.2099,3.5518,3.3419
4804,0.003926,879.31,244.33,0.2779,95.6809,95.9361,0.2552,4.3191,4.0639
4805,0.003738,1006.62,234.78,0.2332,95.8885,96.1314,0.243,4.1115,3.8686
4806,0.0033,809.17,243.69,0.3012,96.3704,96.5849,0.2145,3.6296,3.4151
4807,0.004046,790.4,278.67,0.3526,95.549,95.812,0.263,4.451,4.188
4808,0.0033,938.04,229.87,0.2451,96.3704,96.5849,0.2145,3.6296,3.4151
4809,0.00349,826.48,234.37,0.2836,96.1605,96.3874,0.2269,3.8395,3.6126
4810,0.003766,715.09,284.39,0.3977,95.8578,96.1026,0.2448,4.1422,3.8974
4811,0.003124,974.63,180.74,0.1854,96.5638,96.7668,0.203,3.4362,3.2332
4812,0.003377,1018.63,160.89,0.1579,96.285,96.5045,0.2195,3.715,3.4955
4813,0.003753,1011.82,216.19,0.2137,95.8713,96.1153,0.244,4.1287,3.8847
4814,0.00299,930.93,182.77,0.1963,96.711,96.9053,0.1944,3.289,3.0947
4815,0.002936,767.2,287.73,0.375,96.7708,96.9617,0.1908,3.2292,3.0383
4816,0.003373,1017.05,246.45,0.2423,96.2899,96.5092,0.2192,3.7101,3.4908
4817,0.004046,983.65,164.02,0.1667,95.5497,95.8127,0.263,4.4503,4.1873
4818,0.004093,888.0,164.03,0.1847,95.4977,95.7638,0.266,4.5023,4.2362
4819,0.00315,883.43,261.96,0.2965,96.5345,96.7393,0.2048,3.4655,3.2607
4820,0.004114,762.01,221.4,0.2905,95.4751,95.7424,0.2674,4.5249,4.2576
4821,0.003188,736.79,263.6,0.3578,96.4933,96.7005,0.2072,3.5067,3.2995
4822,0.00382,994.92,223.43,0.2246,95.7979,96.0462,0.2483,4.2021,3.9538
4823,0.004189,950.55,283.12,0.2979,95.3919,95.6642,0.2723,4.6081,4.3358
4824,0.00294,851.26,184.4,0.2166,96.7659,96.957,0.1911,3.2341,3.043
4825,0.003606,680.03,254.46,0.3742,96.0335,96.2678,0.2344,3.9665,3.7322
4826,0.004109,936.13,233.44,0.2494,95.4806,95.7477,0.2671,4.5194,4.2523
4827,0.00303,931.23,297.11,0.319,96.667,96.8639,0.197,3.333,3.1361
4828,0.0036,906.88,178.88,0.1972,96.0396,96.2736,0.234,3.9604,3.7264
4829,0.003951,759.63,156.78,0.2064,95.6536,95.9105,0.2568,4.3464,4.0895
4830,0.003051,961.27,179.65,0.1869,96.6437,96.8421,0.1983,3.3563,3.1579
4831,0.003213,700.83,217.42,0.3102,96.4657,96.6745,0.2088,3.5343,3.3255
4832,0.003666,690.71,258.86,0.3748,95.9673,96.2056,0.2383,4.0327,3.7944
4833,0.003814,804.66,263.49,0.3275,95.8049,96.0528,0.2479,4.1951,3.9472
4834,0.003866,963.81,214.77,0.2228,95.7479,95.9992,0.2513,4.2521,4.0008
4835,0.003763,963.43,173.86,0.1805,95.8606,96.1052,0.2446,4.1394,3.8948
4836,0.003329,738.27,155.27,0.2103,96.3377,96.5542,0.2164,3.6623,3.4458
4837,0.003045,966.59,213.05,0.2204,96.6504,96.8483,0.1979,3.3496,3.1517
4838,0.002919,733.56,160.98,0.2195,96.7894,96.9791,0.1897,3.2106,3.0209
4839,0.003381,827.77,254.95,0.308,96.2808,96.5006,0.2198,3.7192,3.4994
4840,0.003033,922.66,257.06,0.2786,96.6641,96.8612,0.1971,3.3359,3.1388
4841,0.004037,860.49,285.14,0.3314,95.5589,95.8213,0.2624,4.4411,4.1787
4842,0.003628,1007.04,237.84,0.2362,96.0088,96.2447,0.2358,3.9912,3.7553
4843,0.003262,834.04,274.32,0.3289,96.4117,96.6238,0.212,3.5883,3.3762
4844,0.003632,904.58,182.34,0.2016,96.0048,96.2409,0.2361,3.9952,3.7591
4845,0.003429,738.53,275.5,0.373,96.2284,96.4513,0.2229,3.7716,3.5487
4846,0.003423,787.35,240.94,0.306,96.2346,96.4571,0.2225,3.7654,3.5429
4847,0.004097,951.42,275.34,0.2894,95.4936,95.7599,0.2663,4.5064,4.2401
4848,0.003075,780.48,265.88,0.3407,96.6177,96.8176,0.1999,3.3823,3.1824
4849,0.003451,710.95,237.21,0.3337,96.2041,96.4284,0.2243,3.7959,3.5716
4850,0.003915,723.1,158.07,0.2186,95.6932,95.9477,0.2545,4.3068,4.0523
4851,0.003832,861.4,278.58,0.3234,95.785,96.0341,0.2491,4.215,3.9659
4852,0.003584,814.17,247.45,0.3039,96.0575,96.2905,0.233,3.9425,3.7095
4853,0.003797,957.68,157.92,0.1649,95.8228,96.0697,0.2468,4.1772,3.9303
4854,0.003052,977.77,269.84,0.276,96.6431,96.8415,0.1984,3.3569,3.1585
4855,0.003137,697.26,278.75,0.3998,96.5497,96.7535,0.2039,3.4503,3.2465
4856,0.003561,705.22,230.85,0.3273,96.0827,96.3142,0.2315,3.9173,3.6858
4857,0.002917,858.53,164.03,0.1911,96.7913,96.9809,0.1896,3.2087,3.0191
4858,0.003166,866.63,274.22,0.3164,96.5178,96.7236,0.2058,3.4822,3.2764
4859,0.002862,846.77,275.69,0.3256,96.8522,97.0382,0.186,3.1478,2.9618
4860,0.002996,948.61,254.82,0.2686,96.7048,96.8996,0.1947,3.2952,3.1004
4861,0.002925,730.26,216.35,0.2963,96.7824,96.9725,0.1901,3.2176,3.0275
4862,0.003391,895.51,162.02,0.1809,96.2699,96.4903,0.2204,3.7301,3.5097
4863,0.003864,836.71,252.2,0.3014,95.7494,96.0006,0.2512,4.2506,3.9994
4864,0.00419,794.81,154.97,0.195,95.3912,95.6635,0.2723,4.6088,4.3365
4865,0.002816,689.29,249.73,0.3623,96.9022,97.0853,0.183,3.0978,2.9147
4866,0.002834,955.26,154.55,0.1618,96.8827,97.0669,0.1842,3.1173,2.9331
4867,0.003251,937.57,271.2,0.2893,96.4234,96.6347,0.2113,3.5766,3.3653
4868,0.00362,708.1,178.56,0.2522,96.0178,96.2531,0.2353,3.9822,3.7469
4869,0.004134,713.41,267.55,0.375,95.4522,95.721,0.2687,4.5478,4.279
4870,0.003555,806.32,268.12,0.3325,96.0899,96.3209,0.2311,3.9101,3.6791
4871,0.003848,885.66,257.88,0.2912,95.7674,96.0175,0.2501,4.2326,3.9825
4872,0.004184,786.37,250.83,0.319,95.3979,95.6698,0.2719,4.6021,4.3302
4873,0.003913,851.37,193.48,0.2273,95.6962,95.9505,0.2543,4.3038,4.0495
4874,0.003209,734.15,231.87,0.3158,96.4701,96.6787,0.2086,3.5299,3.3213
4875,0.003007,907.17,231.0,0.2546,96.6922,96.8876,0.1955,3.3078,3.1124
4876,0.003202,857.56,265.2,0.3092,96.4777,96.6859,0.2081,3.5223,3.3141
4877,0.003011,960.28,193.35,0.2013,96.6881,96.8838,0.1957,3.3119,3.1162
4878,0.00367,694.44,206.92,0.298,95.9627,96.2012,0.2386,4.0373,3.7988
4879,0.002857,827.79,153.94,0.186,96.8578,97.0435,0.1857,3.1422,2.9565
4880,0.003639,680.95,189.19,0.2778,95.9972,96.2337,0.2365,4.0028,3.7663
4881,0.003144,797.42,201.22,0.2523,96.5418,96.7461,0.2044,3.4582,3.2539
4882,0.003306,855.4,229.51,0.2683,96.3633,96.5782,0.2149,3.6367,3.4218
4883,0.003367,871.42,185.37,0.2127,96.296,96.5149,0.2189,3.704,3.4851
4884,0.003009,771.6,184.18,0.2387,96.6901,96.8857,0.1956,3.3099,3.1143
4885,0.00325,904.85,204.93,0.2265,96.4247,96.6359,0.2113,3.5753,3.3641
4886,0.00395,946.95,206.3,0.2179,95.6548,95.9115,0.2568,4.3452,4.0885
4887,0.002859,922.86,243.75,0.2641,96.8555,97.0413,0.1858,3.1445,2.9587
4888,0.002874,750.69,211.53,0.2818,96.8383,97.0251,0.1868,3.1617,2.9749
4889,0.003998,869.81,242.71,0.279,95.6017,95.8616,0.2599,4.3983,4.1384
4890,0.003901,685.78,243.66,0.3553,95.7088,95.9623,0.2536,4.2912,4.0377
4891,0.003691,999.12,288.7,0.2889,95.9402,96.1801,0.2399,4.0598,3.8199
4892,0.003059,701.93,190.17,0.2709,96.6355,96.8343,0.1988,3.3645,3.1657
4893,0.002866,721.62,208.75,0.2893,96.8476,97.0339,0.1863,3.1524,2.9661
4894,0.003969,722.25,233.37,0.3231,95.6343,95.8922,0.258,4.3657,4.1078
4895,0.003541,681.69,243.84,0.3577,96.1049,96.3351,0.2302,3.8951,3.6649
4896,0.003162,971.36,176.62,0.1818,96.5217,96.7272,0.2055,3.4783,3.2728
4897,0.004128,849.47,289.63,0.341,95.4594,95.7277,0.2683,4.5406,4.2723
4898,0.003522,808.55,264.58,0.3272,96.1259,96.3548,0.2289,3.8741,3.6452
4899,0.00354,701.82,190.17,0.271,96.1064,96.3365,0.2301,3.8936,3.6635
4900,0.003017,702.28,254.5,0.3624,96.6815,96.8776,0.1961,3.3185,3.1224
4901,0.003667,780.35,175.63,0.2251,95.9666,96.205,0.2383,4.0334,3.795
4902,0.0036,907.63,259.58,0.286,96.04,96.274,0.234,3.96,3.726
4903,0.003371,733.92,186.41,0.254,96.2922,96.5113,0.2191,3.7078,3.4887
4904,0.003388,923.78,205.24,0.2222,96.2735,96.4937,0.2202,3.7265,3.5063
4905,0.003815,859.63,182.08,0.2118,95.8031,96.0511,0.248,4.1969,3.9489
4906,0.003233,944.62,162.33,0.1718,96.4432,96.6534,0.2102,3.5568,3.3466
4907,0.004023,959.49,193.74,0.2019,95.5749,95.8364,0.2615,4.4251,4.1636
4908,0.004175,812.56,203.2,0.2501,95.4074,95.6788,0.2714,4.5926,4.3212
4909,0.00385,937.6,279.94,0.2986,95.7645,96.0148,0.2503,4.2355,3.9852
4910,0.002859,817.11,184.36,0.2256,96.8548,97.0407,0.1859,3.1452,2.9593
4911,0.003746,795.58,252.48,0.3174,95.8793,96.1228,0.2435,4.1207,3.8772
4912,0.003211,1006.13,286.71,0.285,96.4675,96.6762,0.2087,3.5325,3.3238
4913,0.002833,708.77,206.59,0.2915,96.8842,97.0683,0.1841,3.1158,2.9317
4914,0.003376,775.13,193.59,0.2498,96.2868,96.5062,0.2194,3.7132,3.4938
4915,0.003606,957.01,225.78,0.2359,96.0334,96.2678,0.2344,3.9666,3.7322
4916,0.004085,942.49,259.62,0.2755,95.5062,95.7717,0.2655,4.4938,4.2283
4917,0.003316,869.07,225.15,0.2591,96.3527,96.5682,0.2155,3.6473,3.4318
4918,0.00305,1013.98,199.73,0.197,96.6452,96.8434,0.1982,3.3548,3.1566
4919,0.004161,838.33,274.76,0.3277,95.4224,95.6929,0.2705,4.5776,4.3071
4920,0.002886,914.01,155.63,0.1703,96.8252,97.0128,0.1876,3.1748,2.9872
4921,0.003762,699.56,277.94,0.3973,95.8623,96.1068,0.2445,4.1377,3.8932
4922,0.003134,991.61,181.34,0.1829,96.5522,96.756,0.2037,3.4478,3.244
4923,0.003871,800.72,274.28,0.3425,95.7418,95.9934,0.2516,4.2582,4.0066
4924,0.003161,787.13,256.33,0.3257,96.5231,96.7286,0.2055,3.4769,3.2714
4925,0.003353,755.44,171.21,0.2266,96.3121,96.5301,0.2179,3.6879,3.4699
4926,0.002943,712.16,239.98,0.337,96.7626,96.9539,0.1913,3.2374,3.0461
4927,0.003537,925.23,268.11,0.2898,96.1096,96.3395,0.2299,3.8904,3.6605
4928,0.003562,886.2,179.79,0.2029,96.0817,96.3132,0.2315,3.9183,3.6868
4929,0.003631,894.5,179.7,0.2009,96.0063,96.2423,0.236,3.9937,3.7577
4930,0.003103,817.7,198.45,0.2427,96.5862,96.7879,0.2017,3.4138,3.2121
4931,0.003116,980.01,278.22,0.2839,96.5724,96.7749,0.2025,3.4276,3.2251
4932,0.003813,1005.11,287.72,0.2863,95.806,96.0539,0.2478,4.194,3.9461
4933,0.003657,851.66,263.76,0.3097,95.9777,96.2154,0.2377,4.0223,3.7846
4934,0.003258,812.38,219.26,0.2699,96.4157,96.6275,0.2118,3.5843,3.3725
4935,0.003501,818.45,232.88,0.2845,96.1489,96.3765,0.2276,3.8511,3.6235
4936,0.00401,983.22,151.6,0.1542,95.5894,95.85,0.2606,4.4106,4.15
4937,0.003059,958.92,299.59,0.3124,96.6354,96.8342,0.1988,3.3646,3.1658
4938,0.002841,716.29,266.79,0.3725,96.8747,97.0594,0.1847,3.1253,2.9406
4939,0.002957,723.49,239.58,0.3311,96.7475,96.9397,0.1922,3.2525,3.0603
4940,0.004094,763.09,206.59,0.2707,95.4965,95.7627,0.2661,4.5035,4.2373
4941,0.003461,918.97,189.58,0.2063,96.1927,96.4177,0.225,3.8073,3.5823
4942,0.003197,1012.86,167.96,0.1658,96.4832,96.691,0.2078,3.5168,3.309
4943,0.003815,821.27,150.46,0.1832,95.8038,96.0518,0.248,4.1962,3.9482
4944,0.003669,752.66,205.19,0.2726,95.9636,96.2021,0.2385,4.0364,3.7979
4945,0.003909,725.53,158.69,0.2187,95.7002,95.9543,0.2541,4.2998,4.0457
4946,0.003236,704.11,168.48,0.2393,96.4407,96.651,0.2103,3.5593,3.349
4947,0.003536,942.43,193.03,0.2048,96.11,96.3399,0.2299,3.89,3.6601
4948,0.003555,756.79,209.55,0.2769,96.0896,96.3207,0.2311,3.9104,3.6793
4949,0.003468,964.94,237.98,0.2466,96.1849,96.4103,0.2254,3.8151,3.5897
4950,0.003859,818.47,175.59,0.2145,95.755,96.0058,0.2508,4.245,3.9942
4951,0.003812,1000.14,240.99,0.241,95.8067,96.0544,0.2478,4.1933,3.9456
4952,0.003508,704.99,217.69,0.3088,96.141,96.369,0.228,3.859,3.631
4953,0.003269,822.21,163.83,0.1993,96.4038,96.6163,0.2125,3.5962,3.3837
4954,0.004107,916.44,278.59,0.304,95.482,95.749,0.267,4.518,4.251
4955,0.003212,856.69,211.09,0.2464,96.4673,96.6761,0.2087,3.5327,3.3239
4956,0.003846,962.06,244.57,0.2542,95.7694,96.0194,0.25,4.2306,3.9806
4957,0.003889,794.75,223.86,0.2817,95.7219,95.9747,0.2528,4.2781,4.0253
4958,0.003354,828.03,268.61,0.3244,96.3109,96.5289,0.218,3.6891,3.4711
4959,0.002865,915.85,167.48,0.1829,96.8486,97.0348,0.1862,3.1514,2.9652
4960,0.00298,945.3,152.7,0.1615,96.7217,96.9154,0.1937,3.2783,3.0846
4961,0.002859,745.6,298.54,0.4004,96.8551,97.0409,0.1858,3.1449,2.9591
4962,0.003528,749.08,208.59,0.2785,96.1188,96.3481,0.2293,3.8812,3.6519
4963,0.004038,710.05,280.69,0.3953,95.5578,95.8203,0.2625,4.4422,4.1797
4964,0.002838,732.36,218.34,0.2981,96.878,97.0625,0.1845,3.122,2.9375
4965,0.003249,933.35,164.99,0.1768,96.4266,96.6378,0.2112,3.5734,3.3622
4966,0.003046,754.33,284.62,0.3773,96.6497,96.8477,0.198,3.3503,3.1523
4967,0.003298,957.92,226.36,0.2363,96.3721,96.5865,0.2144,3.6279,3.4135
4968,0.003057,874.49,222.81,0.2548,96.6376,96.8362,0.1987,3.3624,3.1638
4969,0.003986,824.32,234.21,0.2841,95.615,95.8741,0.2591,4.385,4.1259
4970,0.004063,891.2,297.59,0.3339,95.5303,95.7944,0.2641,4.4697,4.2056
4971,0.003964,778.74,294.47,0.3781,95.6397,95.8973,0.2577,4.3603,4.1027
4972,0.002962,783.36,233.18,0.2977,96.7416,96.9342,0.1925,3.2584,3.0658
4973,0.003911,1014.95,267.04,0.2631,95.6975,95.9518,0.2542,4.3025,4.0482
4974,0.00328,760.72,279.43,0.3673,96.3924,96.6056,0.2132,3.6076,3.3944
4975,0.004078,930.46,229.29,0.2464,95.5144,95.7795,0.2651,4.4856,4.2205
4976,0.00337,752.07,246.77,0.3281,96.2925,96.5116,0.2191,3.7075,3.4884
4977,0.00366,722.21,165.37,0.229,95.9737,96.2116,0.2379,4.0263,3.7884
4978,0.003319,914.98,152.71,0.1669,96.3493,96.5651,0.2157,3.6507,3.4349
4979,0.003951,852.52,298.98,0.3507,95.6537,95.9105,0.2568,4.3463,4.0895
4980,0.003613,702.05,193.4,0.2755,96.0255,96.2604,0.2349,3.9745,3.7396
4981,0.003604,997.89,257.2,0.2577,96.0359,96.2701,0.2342,3.9641,3.7299
4982,0.003434,766.78,271.1,0.3536,96.2222,96.4454,0.2232,3.7778,3.5546
4983,0.003364,883.27,235.92,0.2671,96.2996,96.5183,0.2187,3.7004,3.4817
4984,0.00412,823.05,243.67,0.2961,95.4684,95.7362,0.2678,4.5316,4.2638
4985,0.003931,975.66,248.52,0.2547,95.6756,95.9311,0.2555,4.3244,4.0689
4986,0.003962,898.19,263.92,0.2938,95.6414,95.8989,0.2576,4.3586,4.1011
4987,0.003844,909.81,264.16,0.2903,95.7711,96.021,0.2499,4.2289,3.979
4988,0.003996,710.48,228.33,0.3214,95.6045,95.8643,0.2597,4.3955,4.1357
4989,0.003003,946.4,236.89,0.2503,96.6964,96.8916,0.1952,3.3036,3.1084
4990,0.003691,873.38,172.04,0.197,95.9394,96.1793,0.2399,4.0606,3.8207
4991,0.003591,780.1,265.84,0.3408,96.0494,96.2828,0.2334,3.9506,3.7172
4992,0.004042,873.62,268.84,0.3077,95.5535,95.8162,0.2627,4.4465,4.1838
4993,0.004,1004.12,283.58,0.2824,95.6005,95.8604,0.26,4.3995,4.1396
4994,0.002952,965.32,271.06,0.2808,96.7531,96.945,0.1919,3.2469,3.055
4995,0.003112,945.38,266.44,0.2818,96.5765,96.7788,0.2023,3.4235,3.2212
4996,0.003402,871.73,294.09,0.3374,96.258,96.4791,0.2211,3.742,3.5209
4997,0.002877,891.55,153.44,0.1721,96.8357,97.0226,0.187,3.1643,2.9774
4998,0.003581,732.7,246.04,0.3358,96.0608,96.2936,0.2328,3.9392,3.7064
4999,0.00344,822.02,283.74,0.3452,96.2159,96.4395,0.2236,3.7841,3.5605
5000,0.003699,739.13,182.39,0.2468,95.9314,96.1718,0.2404,4.0686,3.8282
5001,0.003586,1018.2,184.22,0.1809,96.055,96.2882,0.2331,3.945,3.7118
5002,0.003649,790.76,249.38,0.3154,95.9856,96.2228,0.2372,4.0144,3.7772
5003,0.004071,901.06,284.78,0.316,95.5219,95.7865,0.2646,4.4781,4.2135
5004,0.003528,903.47,234.17,0.2592,96.1189,96.3482,0.2293,3.8811,3.6518
5005,0.002824,958.38,192.71,0.2011,96.8931,97.0766,0.1836,3.1069,2.9234
5006,0.002804,797.19,211.12,0.2648,96.9153,97.0975,0.1823,3.0847,2.9025
5007,0.003729,1013.74,285.34,0.2815,95.8981,96.1405,0.2424,4.1019,3.8595
5008,0.003593,827.61,154.49,0.1867,96.0479,96.2815,0.2335,3.9521,3.7185
5009,0.003926,946.59,210.93,0.2228,95.6809,95.9362,0.2552,4.3191,4.0638
5010,0.003868,865.13,171.99,0.1988,95.7448,95.9963,0.2514,4.2552,4.0037
5011,0.003725,711.79,232.59,0.3268,95.9022,96.1443,0.2421,4.0978,3.8557
5012,0.003602,797.2,244.55,0.3068,96.0377,96.2718,0.2341,3.9623,3.7282
5013,0.004093,753.65,234.27,0.3108,95.4979,95.7639,0.266,4.5021,4.2361
5014,0.003932,713.41,274.59,0.3849,95.6745,95.9301,0.2556,4.3255,4.0699
5015,0.004035,940.61,271.08,0.2882,95.5613,95.8236,0.2623,4.4387,4.1764
5016,0.003239,794.53,288.57,0.3632,96.4369,96.6475,0.2105,3.5631,3.3525
5017,0.002968,966.72,266.58,0.2758,96.7349,96.9279,0.1929,3.2651,3.0721
5018,0.003358,730.64,238.14,0.3259,96.306,96.5243,0.2183,3.694,3.4757
5019,0.003882,968.92,190.79,0.1969,95.7294,95.9817,0.2524,4.2706,4.0183
5020,0.004059,970.58,274.88,0.2832,95.5355,95.7994,0.2638,4.4645,4.2006
5021,0.00303,935.79,150.15,0.1604,96.6671,96.864,0.1969,3.3329,3.136
5022,0.003735,854.73,240.06,0.2809,95.8917,96.1345,0.2428,4.1083,3.8655
5023,0.00407,812.36,299.77,0.369,95.5227,95.7873,0.2646,4.4773,4.2127
5024,0.002963,1013.08,208.08,0.2054,96.7402,96.9328,0.1926,3.2598,3.0672
5025,0.003083,707.61,179.0,0.253,96.6088,96.8092,0.2004,3.3912,3.1908
5026,0.003657,960.01,273.5,0.2849,95.9777,96.2154,0.2377,4.0223,3.7846
5027,0.002836,1001.42,206.28,0.206,96.8808,97.0651,0.1843,3.1192,2.9349
5028,0.002878,900.42,162.02,0.1799,96.8338,97.0209,0.1871,3.1662,2.9791
5029,0.003682,704.88,260.66,0.3698,95.95,96.1893,0.2393,4.05,3.8107
5030,0.002876,818.65,176.58,0.2157,96.8363,97.0233,0.1869,3.1637,2.9767
5031,0.003681,746.61,237.37,0.3179,95.9505,96.1898,0.2393,4.0495,3.8102
5032,0.003421,819.79,171.55,0.2093,96.2373,96.4596,0.2223,3.7627,3.5404
5033,0.003822,754.97,191.97,0.2543,95.7958,96.0443,0.2484,4.2042,3.9557
5034,0.002824,848.39,216.4,0.2551,96.8941,97.0776,0.1835,3.1059,2.9224
5035,0.003194,735.19,257.15,0.3498,96.4865,96.6941,0.2076,3.5135,3.3059
5036,0.003429,727.51,210.48,0.2893,96.2285,96.4514,0.2229,3.7715,3.5486
5037,0.004008,908.27,239.45,0.2636,95.591,95.8515,0.2605,4.409,4.1485
5038,0.003282,868.86,163.81,0.1885,96.3894,96.6027,0.2134,3.6106,3.3973
5039,0.004021,926.5,273.9,0.2956,95.5764,95.8378,0.2614,4.4236,4.1622
5040,0.004092,993.85,297.3,0.2991,95.4988,95.7648,0.266,4.5012,4.2352
5041,0.003592,997.04,160.02,0.1605,96.0493,96.2827,0.2335,3.9507,3.7173
5042,0.003889,687.73,290.49,0.4224,95.7223,95.9751,0.2528,4.2777,4.0249
5043,0.003744,769.35,295.54,0.3841,95.8811,96.1245,0.2434,4.1189,3.8755
5044,0.003078,834.31,163.38,0.1958,96.6144,96.8145,0.2001,3.3856,3.1855
5045,0.002986,996.67,203.68,0.2044,96.7157,96.9098,0.1941,3.2843,3.0902
5046,0.004103,748.89,287.37,0.3837,95.4869,95.7535,0.2667,4.5131,4.2465
5047,0.003362,838.85,289.08,0.3446,96.302,96.5205,0.2185,3.698,3.4795
5048,0.00345,749.67,299.42,0.3994,96.205,96.4293,0.2242,3.795,3.5707
5049,0.004071,910.53,161.79,0.1777,95.5222,95.7868,0.2646,4.4778,4.2132
5050,0.003029,809.14,182.83,0.226,96.6684,96.8653,0.1969,3.3316,3.1347
5051,0.003391,960.56,296.93,0.3091,96.2703,96.4907,0.2204,3.7297,3.5093
5052,0.003245,839.03,231.92,0.2764,96.4307,96.6416,0.2109,3.5693,3.3584
5053,0.004167,807.83,178.56,0.221,95.4163,95.6871,0.2709,4.5837,4.3129
5054,0.003426,983.08,231.78,0.2358,96.2309,96.4536,0.2227,3.7691,3.5464
5055,0.00323,881.47,258.9,0.2937,96.4471,96.657,0.2099,3.5529,3.343
5056,0.003036,876.79,157.17,0.1793,96.6602,96.8576,0.1974,3.3398,3.1424
5057,0.00401,779.97,156.45,0.2006,95.5893,95.8499,0.2606,4.4107,4.1501
5058,0.003944,826.59,192.71,0.2331,95.6611,95.9175,0.2564,4.3389,4.0825
5059,0.002874,833.59,252.31,0.3027,96.8385,97.0253,0.1868,3.1615,2.9747
5060,0.003965,815.44,230.13,0.2822,95.6387,95.8964,0.2577,4.3613,4.1036
5061,0.004099,987.71,261.14,0.2644,95.4914,95.7578,0.2664,4.5086,4.2422
5062,0.0035,854.55,287.28,0.3362,96.1505,96.378,0.2275,3.8495,3.622
5063,0.002905,963.55,245.86,0.2552,96.8042,96.9931,0.1888,3.1958,3.0069
5064,0.004029,984.05,238.35,0.2422,95.5676,95.8295,0.2619,4.4324,4.1705
5065,0.003958,714.79,179.01,0.2504,95.6459,95.9032,0.2573,4.3541,4.0968
5066,0.003527,1011.05,175.74,0.1738,96.1201,96.3494,0.2293,3.8799,3.6506
5067,0.003565,929.75,223.7,0.2406,96.079,96.3107,0.2317,3.921,3.6893
5068,0.003824,886.21,185.08,0.2088,95.7939,96.0424,0.2485,4.2061,3.9576
5069,0.003396,960.95,281.21,0.2926,96.2639,96.4847,0.2208,3.7361,3.5153
5070,0.003555,978.06,277.21,0.2834,96.0894,96.3205,0.2311,3.9106,3.6795
5071,0.003048,911.72,197.77,0.2169,96.6471,96.8452,0.1981,3.3529,3.1548
5072,0.002841,757.83,262.54,0.3464,96.8751,97.0598,0.1847,3.1249,2.9402
5073,0.004144,687.79,267.84,0.3894,95.442,95.7113,0.2693,4.558,4.2887
5074,0.003624,924.52,214.3,0.2318,96.0135,96.2491,0.2356,3.9865,3.7509
5075,0.003753,1018.12,218.04,0.2142,95.8717,96.1156,0.2439,4.1283,3.8844
5076,0.00378,816.9,290.73,0.3559,95.8418,96.0875,0.2457,4.1582,3.9125
5077,0.00313,817.73,266.98,0.3265,96.5566,96.7601,0.2035,3.4434,3.2399
5078,0.003005,949.42,204.76,0.2157,96.6943,96.8897,0.1953,3.3057,3.1103
5079,0.002803,863.81,162.65,0.1883,96.9165,97.0987,0.1822,3.0835,2.9013
5080,0.003977,741.35,244.38,0.3296,95.6254,95.8839,0.2585,4.3746,4.1161
5081,0.003259,734.13,298.82,0.407,96.415,96.6269,0.2118,3.585,3.3731
5082,0.00375,904.25,152.22,0.1683,95.8747,96.1185,0.2438,4.1253,3.8815
5083,0.003269,1016.22,290.56,0.2859,96.404,96.6165,0.2125,3.596,3.3835
5084,0.003761,817.68,172.55,0.211,95.8624,96.1069,0.2445,4.1376,3.8931
5085,0.002902,901.44,290.56,0.3223,96.8078,96.9964,0.1886,3.1922,3.0036
5086,0.002902,874.01,199.11,0.2278,96.808,96.9966,0.1886,3.192,3.0034
5087,0.003357,835.29,239.13,0.2863,96.3072,96.5254,0.2182,3.6928,3.4746
5088,0.002855,880.82,265.89,0.3019,96.8593,97.0449,0.1856,3.1407,2.9551
5089,0.003176,826.19,241.34,0.2921,96.5065,96.7129,0.2064,3.4935,3.2871
5090,0.003204,865.89,152.42,0.176,96.4752,96.6835,0.2083,3.5248,3.3165
5091,0.003022,983.34,155.67,0.1583,96.6762,96.8726,0.1964,3.3238,3.1274
5092,0.003263,691.53,240.77,0.3482,96.4104,96.6226,0.2121,3.5896,3.3774
5093,0.003821,905.19,231.34,0.2556,95.7964,96.0448,0.2484,4.2036,3.9552
5094,0.004165,883.4,253.71,0.2872,95.4185,95.6892,0.2707,4.5815,4.3108
5095,0.00351,779.23,169.5,0.2175,96.1387,96.3668,0.2282,3.8613,3.6332
5096,0.004035,794.83,260.31,0.3275,95.561,95.8233,0.2623,4.439,4.1767
5097,0.003517,894.04,247.09,0.2764,96.1312,96.3598,0.2286,3.8688,3.6402
5098,0.003197,833.63,231.85,0.2781,96.4833,96.6911,0.2078,3.5167,3.3089
5099,0.003441,955.49,286.94,0.3003,96.2149,96.4385,0.2237,3.7851,3.5615
5100,0.003773,830.08,203.54,0.2452,95.8493,96.0945,0.2453,4.1507,3.9055
5101,0.003051,984.37,210.25,0.2136,96.6443,96.8426,0.1983,3.3557,3.1574
5102,0.003347,746.64,265.37,0.3554,96.3186,96.5362,0.2175,3.6814,3.4638
5103,0.003719,688.91,242.34,0.3518,95.9086,96.1504,0.2418,4.0914,3.8496
5104,0.003185,945.28,294.53,0.3116,96.4967,96.7037,0.207,3.5033,3.2963
5105,0.002889,893.46,296.0,0.3313,96.8222,97.01,0.1878,3.1778,2.99
5106,0.003493,860.95,207.67,0.2412,96.1579,96.3849,0.227,3.8421,3.6151
5107,0.00301,892.04,287.3,0.3221,96.6891,96.8848,0.1956,3.3109,3.1152
5108,0.003508,924.3,173.09,0.1873,96.1411,96.3691,0.228,3.8589,3.6309
5109,0.003968,788.84,236.52,0.2998,95.6355,95.8934,0.2579,4.3645,4.1066
5110,0.003491,934.92,268.58,0.2873,96.1594,96.3863,0.2269,3.8406,3.6137
5111,0.003545,911.73,150.1,0.1646,96.1005,96.3309,0.2304,3.8995,3.6691
5112,0.003701,912.0,268.86,0.2948,95.9289,96.1695,0.2406,4.0711,3.8305
5113,0.003316,916.47,282.45,0.3082,96.3522,96.5678,0.2155,3.6478,3.4322
5114,0.003729,975.05,263.34,0.2701,95.8981,96.1405,0.2424,4.1019,3.8595
5115,0.003346,927.41,199.78,0.2154,96.3192,96.5367,0.2175,3.6808,3.4633
5116,0.003439,693.03,250.95,0.3621,96.2168,96.4403,0.2236,3.7832,3.5597
5117,0.003035,985.92,176.39,0.1789,96.6614,96.8587,0.1973,3.3386,3.1413
5118,0.003845,969.84,190.25,0.1962,95.7704,96.0204,0.2499,4.2296,3.9796
5119,0.003056,858.02,219.1,0.2554,96.6389,96.8375,0.1986,3.3611,3.1625
5120,0.003352,727.72,273.97,0.3765,96.3131,96.531,0.2179,3.6869,3.469
5121,0.003656,743.13,186.99,0.2516,95.9785,96.2161,0.2376,4.0215,3.7839
5122,0.004132,912.4,260.9,0.286,95.4545,95.7231,0.2686,4.5455,4.2769
5123,0.003985,948.44,274.55,0.2895,95.616,95.8751,0.2591,4.384,4.1249
5124,0.003111,999.81,231.93,0.232,96.5778,96.78,0.2022,3.4222,3.22
5125,0.004062,874.68,165.47,0.1892,95.5317,95.7957,0.264,4.4683,4.2043
5126,0.003367,768.65,252.67,0.3287,96.2965,96.5153,0.2188,3.7035,3.4847
5127,0.004082,743.44,264.22,0.3554,95.5094,95.7747,0.2654,4.4906,4.2253
5128,0.003811,996.93,176.68,0.1772,95.8075,96.0552,0.2477,4.1925,3.9448
5129,0.004123,812.29,295.29,0.3635,95.4647,95.7327,0.268,4.5353,4.2673
5130,0.003041,1001.66,183.25,0.1829,96.6553,96.853,0.1976,3.3447,3.147
5131,0.003772,796.73,241.19,0.3027,95.8503,96.0955,0.2452,4.1497,3.9045
5132,0.003761,714.76,279.07,0.3904,95.8629,96.1074,0.2445,4.1371,3.8926
5133,0.004115,716.11,256.59,0.3583,95.473,95.7405,0.2675,4.527,4.2595
5134,0.003317,688.72,246.87,0.3584,96.3514,96.567,0.2156,3.6486,3.433
5135,0.003527,1005.13,292.44,0.2909,96.1208,96.3501,0.2292,3.8792,3.6499
5136,0.003582,685.32,198.07,0.289,96.0596,96.2925,0.2328,3.9404,3.7075
5137,0.003483,911.24,273.73,0.3004,96.1688,96.3952,0.2264,3.8312,3.6048
5138,0.003114,746.01,244.22,0.3274,96.5747,96.7771,0.2024,3.4253,3.2229
5139,0.002968,909.65,226.85,0.2494,96.7352,96.9282,0.1929,3.2648,3.0718
5140,0.003608,994.95,166.98,0.1678,96.0315,96.266,0.2345,3.9685,3.734
5141,0.003474,844.64,157.03,0.1859,96.1789,96.4047,0.2258,3.8211,3.5953
5142,0.00353,919.59,237.3,0.258,96.1168,96.3463,0.2295,3.8832,3.6537
5143,0.003177,692.81,275.78,0.3981,96.5055,96.712,0.2065,3.4945,3.288
5144,0.003094,784.58,198.79,0.2534,96.5963,96.7974,0.2011,3.4037,3.2026
5145,0.003435,791.1,199.16,0.2518,96.2213,96.4446,0.2233,3.7787,3.5554
5146,0.00295,927.84,204.92,0.2209,96.7549,96.9466,0.1918,3.2451,3.0534
5147,0.004041,957.96,221.38,0.2311,95.5554,95.818,0.2626,4.4446,4.182
5148,0.003984,858.34,185.72,0.2164,95.6174,95.8763,0.259,4.3826,4.1237
5149,0.003397,969.53,156.87,0.1618,96.2636,96.4844,0.2208,3.7364,3.5156
5150,0.004144,770.36,276.99,0.3596,95.4419,95.7112,0.2693,4.5581,4.2888
5151,0.003776,898.73,166.37,0.1851,95.8464,96.0919,0.2454,4.1536,3.9081
5152,0.004131,949.43,155.28,0.1635,95.4564,95.7249,0.2685,4.5436,4.2751
5153,0.003295,835.26,242.36,0.2902,96.3751,96.5893,0.2142,3.6249,3.4107
5154,0.004127,721.48,238.76,0.3309,95.4601,95.7284,0.2683,4.5399,4.2716
5155,0.003462,700.45,259.88,0.371,96.1918,96.4168,0.225,3.8082,3.5832
5156,0.002984,842.52,190.75,0.2264,96.7173,96.9113,0.194,3.2827,3.0887
5157,0.002982,967.2,229.02,0.2368,96.7201,96.914,0.1938,3.2799,3.086
5158,0.003999,798.43,174.42,0.2185,95.6011,95.861,0.2599,4.3989,4.139
5159,0.002992,792.5,271.36,0.3424,96.7093,96.9037,0.1945,3.2907,3.0963
5160,0.003933,825.57,158.76,0.1923,95.6735,95.9292,0.2557,4.3265,4.0708
5161,0.003254,942.79,225.97,0.2397,96.4203,96.6319,0.2115,3.5797,3.3681
5162,0.003909,832.93,216.33,0.2597,95.6999,95.954,0.2541,4.3001,4.046
5163,0.003218,736.98,223.91,0.3038,96.4601,96.6693,0.2092,3.5399,3.3307
5164,0.003273,794.68,261.12,0.3286,96.3996,96.6124,0.2127,3.6004,3.3876
5165,0.003737,864.06,200.93,0.2325,95.8893,96.1322,0.2429,4.1107,3.8678
5166,0.003624,1007.94,269.49,0.2674,96.014,96.2495,0.2355,3.986,3.7505
5167,0.003244,922.31,242.05,0.2624,96.4313,96.6422,0.2109,3.5687,3.3578
5168,0.003049,723.82,293.7,0.4058,96.6462,96.8444,0.1982,3.3538,3.1556
5169,0.004075,1009.0,271.86,0.2694,95.5179,95.7827,0.2649,4.4821,4.2173
5170,0.003399,792.98,170.42,0.2149,96.2607,96.4817,0.221,3.7393,3.5183
5171,0.003991,980.05,156.43,0.1596,95.6094,95.8689,0.2594,4.3906,4.1311
5172,0.003922,806.65,184.44,0.2286,95.6855,95.9405,0.2549,4.3145,4.0595
5173,0.003706,758.91,293.77,0.3871,95.9231,96.164,0.2409,4.0769,3.836
5174,0.002984,978.31,282.46,0.2887,96.7181,96.912,0.1939,3.2819,3.088
5175,0.003958,951.77,280.27,0.2945,95.6463,95.9036,0.2573,4.3537,4.0964
5176,0.002897,681.89,200.99,0.2948,96.8134,97.0017,0.1883,3.1866,2.9983
5177,0.002847,749.39,244.95,0.3269,96.868,97.053,0.1851,3.132,2.947
5178,0.003578,741.93,165.06,0.2225,96.0645,96.297,0.2326,3.9355,3.703
5179,0.003225,969.38,228.72,0.2359,96.453,96.6626,0.2096,3.547,3.3374
5180,0.003336,879.39,299.27,0.3403,96.3301,96.5469,0.2169,3.6699,3.4531
5181,0.003487,849.86,277.55,0.3266,96.1644,96.3911,0.2266,3.8356,3.6089
5182,0.004187,755.51,217.35,0.2877,95.3947,95.6668,0.2721,4.6053,4.3332
5183,0.003692,829.96,292.42,0.3523,95.9385,96.1785,0.24,4.0615,3.8215
5184,0.0037,730.9,150.95,0.2065,95.9296,96.1701,0.2405,4.0704,3.8299
5185,0.003313,855.21,260.81,0.305,96.3559,96.5712,0.2153,3.6441,3.4288
5186,0.003035,805.4,181.37,0.2252,96.6617,96.859,0.1973,3.3383,3.141
5187,0.004142,858.78,270.81,0.3153,95.4436,95.7129,0.2692,4.5564,4.2871
5188,0.003042,864.74,272.45,0.3151,96.6538,96.8515,0.1977,3.3462,3.1485
5189,0.003832,744.74,159.44,0.2141,95.7849,96.034,0.2491,4.2151,3.966
5190,0.00308,728.69,276.18,0.379,96.6117,96.8119,0.2002,3.3883,3.1881
5191,0.00281,783.66,163.89,0.2091,96.9091,97.0917,0.1826,3.0909,2.9083
5192,0.003328,682.76,163.48,0.2394,96.3392,96.5555,0.2163,3.6608,3.4445
5193,0.003143,769.21,174.02,0.2262,96.5431,96.7474,0.2043,3.4569,3.2526
5194,0.003805,837.48,153.63,0.1834,95.815,96.0623,0.2473,4.185,3.9377
5195,0.003031,840.36,227.8,0.2711,96.6658,96.8628,0.197,3.3342,3.1372
5196,0.002922,835.05,268.04,0.321,96.7859,96.9758,0.1899,3.2141,3.0242
5197,0.00406,843.23,198.13,0.235,95.5342,95.7981,0.2639,4.4658,4.2019
5198,0.003846,803.48,244.16,0.3039,95.7699,96.0198,0.25,4.2301,3.9802
5199,0.003477,808.83,279.41,0.3455,96.1749,96.4009,0.226,3.8251,3.5991
5200,0.004119,790.65,242.79,0.3071,95.4691,95.7368,0.2677,4.5309,4.2632
5201,0.003515,943.68,250.47,0.2654,96.1332,96.3617,0.2285,3.8668,3.6383
5202,0.003435,985.88,233.07,0.2364,96.2215,96.4448,0.2233,3.7785,3.5552
5203,0.003821,813.45,232.41,0.2857,95.7965,96.0449,0.2484,4.2035,3.9551
5204,0.003054,829.44,168.14,0.2027,96.6403,96.8388,0.1985,3.3597,3.1612
5205,0.003456,701.53,253.12,0.3608,96.1981,96.4227,0.2247,3.8019,3.5773
5206,0.003078,947.65,259.25,0.2736,96.6146,96.8146,0.2,3.3854,3.1854
5207,0.004096,902.83,294.99,0.3267,95.4943,95.7605,0.2662,4.5057,4.2395
5208,0.004139,994.87,198.87,0.1999,95.4467,95.7158,0.2691,4.5533,4.2842
5209,0.003042,876.06,235.03,0.2683,96.6543,96.852,0.1977,3.3457,3.148
5210,0.003661,931.94,282.23,0.3028,95.9732,96.2111,0.2379,4.0268,3.7889
5211,0.004137,929.15,269.91,0.2905,95.4488,95.7177,0.2689,4.5512,4.2823
5212,0.00372,878.96,246.05,0.2799,95.9078,96.1496,0.2418,4.0922,3.8504
5213,0.003131,867.22,185.47,0.2139,96.5561,96.7596,0.2035,3.4439,3.2404
5214,0.003033,902.13,255.37,0.2831,96.6635,96.8606,0.1972,3.3365,3.1394
5215,0.003142,876.39,284.18,0.3243,96.5434,96.7477,0.2043,3.4566,3.2523
5216,0.003084,869.02,196.21,0.2258,96.6071,96.8076,0.2005,3.3929,3.1924
5217,0.003385,846.3,246.69,0.2915,96.2765,96.4965,0.22,3.7235,3.5035
5218,0.003832,980.05,182.83,0.1866,95.7848,96.0339,0.2491,4.2152,3.9661
5219,0.003932,778.55,291.28,0.3741,95.6753,95.9309,0.2556,4.3247,4.0691
5220,0.003599,768.75,188.08,0.2447,96.0406,96.2746,0.234,3.9594,3.7254
5221,0.003935,943.48,241.68,0.2562,95.6714,95.9272,0.2558,4.3286,4.0728
5222,0.003815,741.36,217.02,0.2927,95.8035,96.0514,0.248,4.1965,3.9486
5223,0.003955,972.61,215.82,0.2219,95.6497,95.9068,0.2571,4.3503,4.0932
5224,0.003062,739.27,160.48,0.2171,96.6323,96.8313,0.199,3.3677,3.1687
5225,0.002878,763.81,285.16,0.3733,96.8346,97.0217,0.187,3.1654,2.9783
5226,0.003456,859.18,224.66,0.2615,96.1985,96.4231,0.2246,3.8015,3.5769
5227,0.002958,846.71,284.31,0.3358,96.7467,96.939,0.1922,3.2533,3.061
5228,0.003258,877.06,233.75,0.2665,96.4166,96.6284,0.2117,3.5834,3.3716
5229,0.004081,762.63,172.39,0.226,95.5109,95.7762,0.2653,4.4891,4.2238
5230,0.003937,935.93,164.78,0.1761,95.669,95.9249,0.2559,4.331,4.0751
5231,0.003911,815.02,268.59,0.3295,95.6984,95.9526,0.2542,4.3016,4.0474
5232,0.004008,866.31,175.99,0.2031,95.591,95.8515,0.2605,4.409,4.1485
5233,0.004037,770.21,233.13,0.3027,95.5596,95.822,0.2624,4.4404,4.178
5234,0.003649,999.51,282.72,0.2829,95.9859,96.2231,0.2372,4.0141,3.7769
5235,0.003526,852.01,235.34,0.2762,96.1213,96.3505,0.2292,3.8787,3.6495
5236,0.003289,751.6,261.0,0.3473,96.3821,96.5958,0.2138,3.6179,3.4042
5237,0.003787,806.55,227.15,0.2816,95.8344,96.0805,0.2462,4.1656,3.9195
5238,0.003059,896.73,209.15,0.2332,96.6356,96.8344,0.1988,3.3644,3.1656
5239,0.002885,964.87,262.59,0.2722,96.8262,97.0138,0.1875,3.1738,2.9862
5240,0.004197,941.31,180.3,0.1915,95.3838,95.6566,0.2728,4.6162,4.3434
5241,0.003189,782.72,288.38,0.3684,96.4917,96.699,0.2073,3.5083,3.301
5242,0.003704,956.99,278.28,0.2908,95.9261,96.1668,0.2407,4.0739,3.8332
5243,0.003603,717.22,159.96,0.223,96.0363,96.2705,0.2342,3.9637,3.7295
5244,0.003969,735.42,181.51,0.2468,95.6338,95.8918,0.258,4.3662,4.1082
5245,0.003819,985.5,280.14,0.2843,95.7989,96.0472,0.2482,4.2011,3.9528
5246,0.002832,730.73,236.58,0.3238,96.8848,97.0689,0.1841,3.1152,2.9311
5247,0.003891,928.12,238.03,0.2565,95.72,95.9729,0.2529,4.28,4.0271
5248,0.003288,688.17,195.42,0.284,96.3837,96.5974,0.2137,3.6163,3.4026
5249,0.003469,902.28,260.24,0.2884,96.1839,96.4094,0.2255,3.8161,3.5906
5250,0.00307,888.11,179.45,0.2021,96.623,96.8226,0.1995,3.377,3.1774
5251,0.002807,821.3,220.51,0.2685,96.9124,97.0949,0.1824,3.0876,2.9051
5252,0.003095,881.78,163.94,0.1859,96.596,96.7971,0.2011,3.404,3.2029
5253,0.004154,729.36,157.26,0.2156,95.4302,95.7002,0.27,4.5698,4.2998
5254,0.003011,731.61,181.09,0.2475,96.6876,96.8833,0.1957,3.3124,3.1167
5255,0.002965,913.51,255.06,0.2792,96.7382,96.9309,0.1927,3.2618,3.0691
5256,0.003444,838.63,249.03,0.2969,96.2111,96.435,0.2239,3.7889,3.565
5257,0.002875,885.98,261.9,0.2956,96.8376,97.0245,0.1869,3.1624,2.9755
5258,0.002925,718.32,210.4,0.2929,96.7826,96.9727,0.1901,3.2174,3.0273
5259,0.002981,741.44,168.14,0.2268,96.7206,96.9144,0.1938,3.2794,3.0856
5260,0.00381,831.81,258.45,0.3107,95.8086,96.0563,0.2477,4.1914,3.9437
5261,0.003726,994.68,263.99,0.2654,95.901,96.1432,0.2422,4.099,3.8568
5262,0.004105,747.3,243.45,0.3258,95.4841,95.7509,0.2668,4.5159,4.2491
5263,0.003822,692.59,235.78,0.3404,95.7963,96.0447,0.2484,4.2037,3.9553
5264,0.003404,794.69,230.42,0.29,96.2556,96.4768,0.2213,3.7444,3.5232
5265,0.003724,834.82,281.53,0.3372,95.9031,96.1452,0.2421,4.0969,3.8548
5266,0.003936,944.06,165.54,0.1754,95.6707,95.9265,0.2558,4.3293,4.0735
5267,0.00387,775.9,165.07,0.2127,95.7429,95.9944,0.2516,4.2571,4.0056
5268,0.003198,948.54,252.46,0.2662,96.4819,96.6898,0.2079,3.5181,3.3102
5269,0.003675,727.81,200.57,0.2756,95.957,96.1959,0.2389,4.043,3.8041
5270,0.002812,906.07,297.3,0.3281,96.9065,97.0893,0.1828,3.0935,2.9107
5271,0.00301,777.48,169.32,0.2178,96.6888,96.8845,0.1957,3.3112,3.1155
5272,0.003976,881.08,255.09,0.2895,95.6264,95.8849,0.2584,4.3736,4.1151
5273,0.003313,1009.01,258.24,0.2559,96.3552,96.5706,0.2154,3.6448,3.4294
5274,0.003976,702.45,261.32,0.372,95.6269,95.8854,0.2584,4.3731,4.1146
5275,0.003717,953.82,182.19,0.191,95.9111,96.1527,0.2416,4.0889,3.8473
5276,0.003734,882.71,169.23,0.1917,95.8929,96.1356,0.2427,4.1071,3.8644
5277,0.003772,848.83,152.56,0.1797,95.8504,96.0956,0.2452,4.1496,3.9044
5278,0.002936,1009.42,167.8,0.1662,96.7704,96.9612,0.1908,3.2296,3.0388
5279,0.003186,824.11,203.85,0.2474,96.4958,96.7029,0.2071,3.5042,3.2971
5280,0.003257,804.67,196.04,0.2436,96.417,96.6287,0.2117,3.583,3.3713
5281,0.004094,752.08,154.06,0.2048,95.497,95.7631,0.2661,4.503,4.2369
5282,0.004118,981.95,266.78,0.2717,95.4701,95.7377,0.2677,4.5299,4.2623
5283,0.002836,1016.63,289.53,0.2848,96.8805,97.0648,0.1843,3.1195,2.9352
5284,0.003391,803.02,174.29,0.217,96.2694,96.4899,0.2204,3.7306,3.5101
5285,0.003123,848.25,159.05,0.1875,96.5646,96.7676,0.203,3.4354,3.2324
5286,0.003639,700.92,257.83,0.3678,95.9974,96.234,0.2365,4.0026,3.766
5287,0.00415,826.62,279.29,0.3379,95.4354,95.7052,0.2697,4.5646,4.2948
5288,0.002831,757.59,168.97,0.223,96.8855,97.0696,0.184,3.1145,2.9304
5289,0.003194,901.03,285.17,0.3165,96.4866,96.6943,0.2076,3.5134,3.3057
5290,0.003279,768.76,279.61,0.3637,96.3927,96.6059,0.2132,3.6073,3.3941
5291,0.003959,912.71,246.31,0.2699,95.6452,95.9026,0.2573,4.3548,4.0974
5292,0.003111,921.51,192.82,0.2092,96.5784,96.7806,0.2022,3.4216,3.2194
5293,0.00315,722.4,242.42,0.3356,96.5355,96.7402,0.2047,3.4645,3.2598
5294,0.004071,817.88,224.46,0.2744,95.5217,95.7863,0.2646,4.4783,4.2137
5295,0.00408,897.55,205.28,0.2287,95.5121,95.7773,0.2652,4.4879,4.2227
5296,0.00405,784.81,159.73,0.2035,95.5447,95.808,0.2633,4.4553,4.192
5297,0.00342,910.2,299.71,0.3293,96.2381,96.4604,0.2223,3.7619,3.5396
5298,0.003321,824.56,175.87,0.2133,96.3472,96.563,0.2158,3.6528,3.437
5299,0.003145,843.05,165.96,0.1969,96.541,96.7454,0.2044,3.459,3.2546
5300,0.003971,765.37,215.13,0.2811,95.6314,95.8895,0.2581,4.3686,4.1105
5301,0.002955,868.68,265.37,0.3055,96.7497,96.9418,0.1921,3.2503,3.0582
5302,0.003916,854.82,155.81,0.1823,95.6922,95.9468,0.2546,4.3078,4.0532
5303,0.002837,989.9,268.88,0.2716,96.879,97.0634,0.1844,3.121,2.9366
5304,0.003575,714.13,209.8,0.2938,96.0671,96.2995,0.2324,3.9329,3.7005
5305,0.003869,710.59,174.28,0.2453,95.7443,95.9958,0.2515,4.2557,4.0042
5306,0.003523,865.09,227.53,0.263,96.1249,96.3539,0.229,3.8751,3.6461
5307,0.003937,907.87,217.16,0.2392,95.669,95.9249,0.2559,4.331,4.0751
5308,0.003007,690.36,257.97,0.3737,96.6919,96.8874,0.1955,3.3081,3.1126
5309,0.004164,919.46,219.52,0.2387,95.4197,95.6904,0.2707,4.5803,4.3096
5310,0.003074,694.43,217.94,0.3138,96.619,96.8187,0.1998,3.381,3.1813
5311,0.003145,837.06,184.38,0.2203,96.5404,96.7448,0.2044,3.4596,3.2552
5312,0.002912,696.25,280.53,0.4029,96.7973,96.9865,0.1893,3.2027,3.0135
5313,0.003306,860.44,191.33,0.2224,96.3639,96.5787,0.2149,3.6361,3.4213
5314,0.00322,952.35,176.25,0.1851,96.4576,96.667,0.2093,3.5424,3.333
5315,0.003786,688.43,234.77,0.341,95.8357,96.0818,0.2461,4.1643,3.9182
5316,0.003054,860.78,229.22,0.2663,96.6401,96.8387,0.1985,3.3599,3.1613
5317,0.003297,824.81,214.42,0.26,96.3728,96.5871,0.2143,3.6272,3.4129
5318,0.003155,690.09,168.07,0.2436,96.5292,96.7343,0.2051,3.4708,3.2657
5319,0.002808,747.65,250.66,0.3353,96.9116,97.0941,0.1825,3.0884,2.9059
5320,0.004021,748.12,210.39,0.2812,95.5769,95.8382,0.2614,4.4231,4.1618
5321,0.003952,992.62,215.92,0.2175,95.6532,95.9101,0.2569,4.3468,4.0899
5322,0.003156,828.74,209.04,0.2522,96.5285,96.7336,0.2051,3.4715,3.2664
5323,0.003952,706.84,237.77,0.3364,95.6523,95.9092,0.2569,4.3477,4.0908
5324,0.003534,962.44,254.92,0.2649,96.1121,96.3418,0.2297,3.8879,3.6582
5325,0.003465,690.91,296.97,0.4298,96.1885,96.4137,0.2252,3.8115,3.5863
5326,0.003364,824.69,196.59,0.2384,96.2994,96.5181,0.2187,3.7006,3.4819
5327,0.003262,880.37,263.26,0.299,96.4113,96.6233,0.2121,3.5887,3.3767
5328,0.003913,697.2,238.28,0.3418,95.6955,95.9499,0.2544,4.3045,4.0501
5329,0.003733,722.27,187.85,0.2601,95.8935,96.1362,0.2427,4.1065,3.8638
5330,0.002828,902.74,237.83,0.2635,96.8897,97.0735,0.1838,3.1103,2.9265
5331,0.003561,1000.1,160.19,0.1602,96.0824,96.3139,0.2315,3.9176,3.6861
5332,0.003801,937.48,278.69,0.2973,95.819,96.0661,0.2471,4.181,3.9339
5333,0.003684,771.65,150.45,0.195,95.9481,96.1876,0.2394,4.0519,3.8124
5334,0.003149,1019.14,159.87,0.1569,96.5361,96.7408,0.2047,3.4639,3.2592
5335,0.003898,694.38,241.58,0.3479,95.7119,95.9653,0.2534,4.2881,4.0347
5336,0.003503,954.66,194.64,0.2039,96.1472,96.3748,0.2277,3.8528,3.6252
5337,0.003962,959.38,289.39,0.3016,95.6416,95.8991,0.2575,4.3584,4.1009
5338,0.003353,886.08,298.45,0.3368,96.3117,96.5296,0.2179,3.6883,3.4704
5339,0.003694,900.33,179.8,0.1997,95.9361,96.1763,0.2401,4.0639,3.8237
5340,0.003626,912.95,272.05,0.298,96.0109,96.2466,0.2357,3.9891,3.7534
5341,0.003335,869.22,193.89,0.2231,96.3314,96.5482,0.2168,3.6686,3.4518
5342,0.003375,809.88,164.94,0.2037,96.2872,96.5066,0.2194,3.7128,3.4934
5343,0.003103,777.46,157.37,0.2024,96.5869,96.7886,0.2017,3.4131,3.2114
5344,0.003472,770.5,184.99,0.2401,96.181,96.4066,0.2257,3.819,3.5934
5345,0.003044,789.59,177.45,0.2247,96.6517,96.8496,0.1979,3.3483,3.1504
5346,0.003832,1008.79,250.46,0.2483,95.7851,96.0341,0.2491,4.2149,3.9659
5347,0.003633,878.17,286.8,0.3266,96.0035,96.2397,0.2362,3.9965,3.7603
5348,0.004194,831.66,152.2,0.183,95.3867,95.6593,0.2726,4.6133,4.3407
5349,0.003796,989.76,174.77,0.1766,95.8243,96.0711,0.2467,4.1757,3.9289
5350,0.003403,1015.94,249.05,0.2451,96.2566,96.4778,0.2212,3.7434,3.5222
5351,0.002837,838.87,227.34,0.271,96.8795,97.0639,0.1844,3.1205,2.9361
5352,0.003948,863.79,175.73,0.2034,95.6575,95.9141,0.2566,4.3425,4.0859
5353,0.002925,698.67,173.75,0.2487,96.7829,96.973,0.1901,3.2171,3.027
5354,0.003732,689.33,270.49,0.3924,95.8953,96.1379,0.2425,4.1047,3.8621
5355,0.003679,712.33,289.63,0.4066,95.9532,96.1924,0.2391,4.0468,3.8076
5356,0.004111,1000.86,269.88,0.2696,95.4778,95.745,0.2672,4.5222,4.255
5357,0.003129,912.68,262.64,0.2878,96.5578,96.7612,0.2034,3.4422,3.2388
5358,0.0036,882.46,282.74,0.3204,96.0398,96.2738,0.234,3.9602,3.7262
5359,0.003892,832.52,171.99,0.2066,95.7187,95.9717,0.253,4.2813,4.0283
5360,0.002957,1011.84,294.38,0.2909,96.7476,96.9398,0.1922,3.2524,3.0602
5361,0.003823,862.75,243.89,0.2827,95.7943,96.0428,0.2485,4.2057,3.9572
5362,0.00415,995.45,226.23,0.2273,95.4345,95.7043,0.2698,4.5655,4.2957
5363,0.003941,969.48,295.58,0.3049,95.6644,95.9206,0.2562,4.3356,4.0794
5364,0.004099,984.02,195.62,0.1988,95.4908,95.7572,0.2665,4.5092,4.2428
5365,0.002994,937.66,217.69,0.2322,96.7071,96.9017,0.1946,3.2929,3.0983
5366,0.004032,801.06,226.97,0.2833,95.5645,95.8266,0.2621,4.4355,4.1734
5367,0.004098,874.17,216.05,0.2472,95.4923,95.7586,0.2664,4.5077,4.2414
5368,0.00351,828.81,151.73,0.1831,96.1395,96.3676,0.2281,3.8605,3.6324
5369,0.003042,956.04,188.93,0.1976,96.6542,96.8519,0.1977,3.3458,3.1481
5370,0.002866,841.26,220.99,0.2627,96.8479,97.0342,0.1863,3.1521,2.9658
5371,0.002931,966.48,276.32,0.2859,96.7757,96.9662,0.1905,3.2243,3.0338
5372,0.003332,708.94,239.35,0.3376,96.3344,96.551,0.2166,3.6656,3.449
5373,0.002928,900.3,162.6,0.1806,96.7791,96.9694,0.1903,3.2209,3.0306
5374,0.003021,982.94,251.15,0.2555,96.6769,96.8733,0.1964,3.3231,3.1267
5375,0.003627,949.1,239.99,0.2529,96.0107,96.2465,0.2357,3.9893,3.7535
5376,0.003393,987.3,172.57,0.1748,96.2678,96.4884,0.2205,3.7322,3.5116
5377,0.003817,813.32,291.49,0.3584,95.8016,96.0497,0.2481,4.1984,3.9503
5378,0.003738,968.3,249.69,0.2579,95.8878,96.1308,0.243,4.1122,3.8692
5379,0.00287,694.67,203.2,0.2925,96.843,97.0295,0.1866,3.157,2.9705
5380,0.003799,767.94,268.57,0.3497,95.8214,96.0683,0.2469,4.1786,3.9317
5381,0.003906,824.0,203.19,0.2466,95.7032,95.9571,0.2539,4.2968,4.0429
5382,0.002862,985.86,246.35,0.2499,96.8522,97.0382,0.186,3.1478,2.9618
5383,0.003048,776.6,284.06,0.3658,96.6474,96.8455,0.1981,3.3526,3.1545
5384,0.003767,869.78,200.0,0.2299,95.856,96.1008,0.2449,4.144,3.8992
5385,0.003328,716.38,289.65,0.4043,96.3388,96.5552,0.2163,3.6612,3.4448
5386,0.003613,972.06,248.79,0.2559,96.0252,96.2601,0.2349,3.9748,3.7399
5387,0.003698,741.79,246.0,0.3316,95.9326,96.1729,0.2403,4.0674,3.8271
5388,0.004039,994.92,255.3,0.2566,95.5575,95.82,0.2625,4.4425,4.18
5389,0.003196,887.34,207.56,0.2339,96.4841,96.6919,0.2078,3.5159,3.3081
5390,0.003148,770.04,241.77,0.314,96.5371,96.7417,0.2046,3.4629,3.2583
5391,0.002836,834.04,196.86,0.236,96.8805,97.0649,0.1843,3.1195,2.9351
5392,0.002891,683.95,234.12,0.3423,96.8203,97.0082,0.1879,3.1797,2.9918
5393,0.002943,728.4,297.18,0.408,96.7626,96.9539,0.1913,3.2374,3.0461
5394,0.003298,938.42,273.83,0.2918,96.3724,96.5868,0.2144,3.6276,3.4132
5395,0.003369,864.49,168.76,0.1952,96.2938,96.5128,0.219,3.7062,3.4872
5396,0.003504,875.12,268.4,0.3067,96.1461,96.3738,0.2277,3.8539,3.6262
5397,0.003111,861.77,229.91,0.2668,96.5781,96.7803,0.2022,3.4219,3.2197
5398,0.003503,888.79,282.05,0.3173,96.1472,96.3749,0.2277,3.8528,3.6251
5399,0.002992,767.9,221.93,0.289,96.7083,96.9028,0.1945,3.2917,3.0972
5400,0.004187,935.98,216.78,0.2316,95.3945,95.6666,0.2721,4.6055,4.3334
5401,0.003606,824.47,243.49,0.2953,96.0333,96.2677,0.2344,3.9667,3.7323
5402,0.002889,781.97,182.17,0.233,96.8223,97.0101,0.1878,3.1777,2.9899
5403,0.003962,879.41,263.5,0.2996,95.6423,95.8998,0.2575,4.3577,4.1002
5404,0.003815,801.63,263.32,0.3285,95.8039,96.0518,0.248,4.1961,3.9482
5405,0.00364,957.05,299.79,0.3132,95.9965,96.233,0.2366,4.0035,3.767
5406,0.004022,923.01,166.19,0.1801,95.5754,95.8368,0.2615,4.4246,4.1632
5407,0.003099,924.7,284.17,0.3073,96.5915,96.7929,0.2014,3.4085,3.2071
5408,0.003278,1013.54,156.57,0.1545,96.3937,96.6068,0.2131,3.6063,3.3932
5409,0.003156,869.14,164.16,0.1889,96.5281,96.7332,0.2052,3.4719,3.2668
5410,0.003265,962.22,153.29,0.1593,96.408,96.6203,0.2123,3.592,3.3797
5411,0.003032,988.19,191.76,0.1941,96.665,96.8621,0.1971,3.335,3.1379
5412,0.003223,729.18,168.69,0.2313,96.4548,96.6643,0.2095,3.5452,3.3357
5413,0.002936,788.08,154.73,0.1963,96.7701,96.9609,0.1909,3.2299,3.0391
5414,0.003071,778.31,154.24,0.1982,96.6224,96.822,0.1996,3.3776,3.178
5415,0.003594,816.7,159.48,0.1953,96.0465,96.2801,0.2336,3.9535,3.7199
5416,0.003858,844.64,286.73,0.3395,95.7564,96.0071,0.2508,4.2436,3.9929
5417,0.003847,942.62,169.02,0.1793,95.7688,96.0188,0.25,4.2312,3.9812
5418,0.003162,863.0,262.95,0.3047,96.5216,96.7272,0.2055,3.4784,3.2728
5419,0.003683,865.88,293.46,0.3389,95.9491,96.1884,0.2394,4.0509,3.8116
5420,0.003821,974.54,219.26,0.225,95.7966,96.045,0.2484,4.2034,3.955
5421,0.003572,712.95,161.94,0.2271,96.0712,96.3034,0.2322,3.9288,3.6966
5422,0.003179,855.77,299.29,0.3497,96.5029,96.7095,0.2066,3.4971,3.2905
5423,0.003902,965.51,243.38,0.2521,95.7076,95.9612,0.2536,4.2924,4.0388
5424,0.004087,893.04,292.08,0.3271,95.5046,95.7702,0.2656,4.4954,4.2298
5425,0.003564,889.6,230.76,0.2594,96.0793,96.311,0.2317,3.9207,3.689
5426,0.003927,764.65,296.29,0.3875,95.6807,95.9359,0.2552,4.3193,4.0641
5427,0.003354,890.31,216.05,0.2427,96.3104,96.5284,0.218,3.6896,3.4716
5428,0.004102,809.6,196.85,0.2431,95.4873,95.754,0.2667,4.5127,4.246
5429,0.00405,710.7,201.04,0.2829,95.5455,95.8087,0.2632,4.4545,4.1913
5430,0.003166,786.61,248.99,0.3165,96.5177,96.7235,0.2058,3.4823,3.2765
5431,0.002955,888.66,258.36,0.2907,96.7496,96.9417,0.1921,3.2504,3.0583
5432,0.003751,699.92,253.12,0.3616,95.8735,96.1174,0.2438,4.1265,3.8826
5433,0.003469,802.85,254.55,0.3171,96.1843,96.4097,0.2255,3.8157,3.5903
5434,0.003334,916.22,202.69,0.2212,96.3325,96.5492,0.2167,3.6675,3.4508
5435,0.002899,706.73,252.41,0.3572,96.8116,97.0,0.1884,3.1884,3.0
5436,0.002887,963.06,230.67,0.2395,96.8247,97.0124,0.1876,3.1753,2.9876
5437,0.00388,954.55,181.07,0.1897,95.7322,95.9844,0.2522,4.2678,4.0156
5438,0.00324,819.67,256.4,0.3128,96.4358,96.6465,0.2106,3.5642,3.3535
5439,0.002976,854.99,188.99,0.221,96.7263,96.9198,0.1934,3.2737,3.0802
5440,0.003321,698.98,222.83,0.3188,96.3465,96.5624,0.2159,3.6535,3.4376
5441,0.002869,882.0,247.7,0.2808,96.8443,97.0308,0.1865,3.1557,2.9692
5442,0.003222,726.2,229.55,0.3161,96.4563,96.6657,0.2094,3.5437,3.3343
5443,0.003613,740.84,194.0,0.2619,96.0262,96.2611,0.2348,3.9738,3.7389
5444,0.003327,807.52,279.78,0.3465,96.3404,96.5567,0.2162,3.6596,3.4433
5445,0.0039,931.79,233.51,0.2506,95.7103,95.9638,0.2535,4.2897,4.0362
5446,0.003409,849.15,157.5,0.1855,96.2502,96.4718,0.2216,3.7498,3.5282
5447,0.003905,769.12,152.15,0.1978,95.7047,95.9585,0.2538,4.2953,4.0415
5448,0.003907,785.65,213.54,0.2718,95.7026,95.9566,0.2539,4.2974,4.0434
5449,0.00331,937.13,200.99,0.2145,96.3592,96.5743,0.2151,3.6408,3.4257
5450,0.004049,874.21,267.38,0.3058,95.5456,95.8088,0.2632,4.4544,4.1912
5451,0.003232,788.44,183.11,0.2322,96.4449,96.655,0.2101,3.5551,3.345
5452,0.003894,953.79,154.33,0.1618,95.7169,95.97,0.2531,4.2831,4.03
5453,0.002983,971.39,205.43,0.2115,96.7185,96.9124,0.1939,3.2815,3.0876
5454,0.003919,977.8,267.49,0.2736,95.6896,95.9444,0.2547,4.3104,4.0556
5455,0.003996,742.67,212.81,0.2865,95.6044,95.8641,0.2597,4.3956,4.1359
5456,0.003781,698.43,209.47,0.2999,95.8411,96.0868,0.2458,4.1589,3.9132
5457,0.003268,886.8,184.34,0.2079,96.4056,96.618,0.2124,3.5944,3.382
5458,0.002875,916.23,251.29,0.2743,96.8373,97.0242,0.1869,3.1627,2.9758
5459,0.003024,743.49,176.24,0.237,96.6732,96.8698,0.1966,3.3268,3.1302
5460,0.003212,1007.51,269.73,0.2677,96.4671,96.6758,0.2088,3.5329,3.3242
5461,0.003399,979.66,254.09,0.2594,96.2606,96.4816,0.221,3.7394,3.5184
5462,0.003464,816.42,264.57,0.3241,96.1901,96.4152,0.2251,3.8099,3.5848
5463,0.003659,812.65,165.55,0.2037,95.9756,96.2134,0.2378,4.0244,3.7866
5464,0.003048,921.11,164.99,0.1791,96.6476,96.8457,0.1981,3.3524,3.1543
5465,0.003322,1010.62,225.5,0.2231,96.3463,96.5622,0.2159,3.6537,3.4378
5466,0.004139,861.36,227.56,0.2642,95.4469,95.716,0.269,4.5531,4.284
5467,0.003344,700.39,264.07,0.377,96.3221,96.5394,0.2173,3.6779,3.4606
5468,0.004171,685.1,221.19,0.3229,95.4117,95.6828,0.2711,4.5883,4.3172
5469,0.003523,814.67,256.65,0.315,96.1249,96.3539,0.229,3.8751,3.6461
5470,0.004188,723.47,281.19,0.3887,95.3929,95.6651,0.2722,4.6071,4.3349
5471,0.003042,882.48,291.27,0.3301,96.6538,96.8515,0.1977,3.3462,3.1485
5472,0.003422,947.1,152.04,0.1605,96.2361,96.4585,0.2224,3.7639,3.5415
5473,0.003923,831.68,299.13,0.3597,95.6851,95.94,0.255,4.3149,4.06
5474,0.003372,769.46,174.62,0.2269,96.2908,96.51,0.2192,3.7092,3.49
5475,0.003937,705.89,259.57,0.3677,95.6695,95.9254,0.2559,4.3305,4.0746
5476,0.004087,698.18,229.31,0.3284,95.5039,95.7696,0.2657,4.4961,4.2304
5477,0.00312,938.31,221.81,0.2364,96.5676,96.7705,0.2028,3.4324,3.2295
5478,0.003119,797.54,238.31,0.2988,96.5689,96.7717,0.2027,3.4311,3.2283
5479,0.00334,935.87,157.21,0.168,96.3258,96.5429,0.2171,3.6742,3.4571
5480,0.003576,1011.06,245.33,0.2427,96.0667,96.2991,0.2324,3.9333,3.7009
5481,0.003316,770.01,227.11,0.2949,96.3525,96.568,0.2155,3.6475,3.432
5482,0.003234,721.96,233.62,0.3236,96.443,96.6532,0.2102,3.557,3.3468
5483,0.003852,851.18,281.8,0.3311,95.7632,96.0135,0.2504,4.2368,3.9865
5484,0.003307,935.82,292.5,0.3126,96.3625,96.5774,0.2149,3.6375,3.4226
5485,0.002866,909.78,214.39,0.2356,96.8474,97.0337,0.1863,3.1526,2.9663
5486,0.003228,804.93,247.83,0.3079,96.4495,96.6593,0.2098,3.5505,3.3407
5487,0.003274,729.52,179.52,0.2461,96.3986,96.6115,0.2128,3.6014,3.3885
5488,0.004032,717.88,291.67,0.4063,95.5647,95.8268,0.2621,4.4353,4.1732
5489,0.003016,922.39,217.12,0.2354,96.6826,96.8786,0.196,3.3174,3.1214
5490,0.003878,889.02,260.47,0.293,95.7346,95.9866,0.252,4.2654,4.0134
5491,0.004168,911.94,243.12,0.2666,95.4152,95.6861,0.2709,4.5848,4.3139
5492,0.003942,708.85,215.76,0.3044,95.664,95.9202,0.2562,4.336,4.0798
5493,0.003883,939.81,186.43,0.1984,95.7287,95.9811,0.2524,4.2713,4.0189
5494,0.003211,898.12,261.34,0.291,96.4681,96.6768,0.2087,3.5319,3.3232
5495,0.003485,690.44,280.14,0.4057,96.1665,96.393,0.2265,3.8335,3.607
5496,0.003577,809.03,175.46,0.2169,96.0652,96.2977,0.2325,3.9348,3.7023
5497,0.002902,841.41,257.13,0.3056,96.8079,96.9965,0.1886,3.1921,3.0035
5498,0.003717,700.66,277.02,0.3954,95.9112,96.1528,0.2416,4.0888,3.8472
5499,0.003649,811.59,187.04,0.2305,95.9856,96.2228,0.2372,4.0144,3.7772
5500,0.002858,791.84,245.3,0.3098,96.8558,97.0416,0.1858,3.1442,2.9584
5501,0.002846,887.02,268.92,0.3032,96.8689,97.0539,0.185,3.1311,2.9461
5502,0.003121,924.52,225.46,0.2439,96.5665,96.7694,0.2029,3.4335,3.2306
5503,0.003003,892.2,184.42,0.2067,96.697,96.8921,0.1952,3.303,3.1079
5504,0.003987,979.57,151.77,0.1549,95.6144,95.8736,0.2591,4.3856,4.1264
5505,0.004001,973.5,268.18,0.2755,95.5989,95.859,0.2601,4.4011,4.141
5506,0.003836,855.0,257.27,0.3009,95.7799,96.0293,0.2494,4.2201,3.9707
5507,0.003355,841.22,192.99,0.2294,96.3096,96.5277,0.2181,3.6904,3.4723
5508,0.004067,966.47,201.8,0.2088,95.5263,95.7907,0.2644,4.4737,4.2093
5509,0.003041,766.39,287.52,0.3752,96.6547,96.8524,0.1977,3.3453,3.1476
5510,0.004138,768.96,214.12,0.2785,95.4485,95.7175,0.269,4.5515,4.2825
5511,0.003956,751.49,230.26,0.3064,95.6482,95.9053,0.2572,4.3518,4.0947
5512,0.003306,702.43,240.42,0.3423,96.3631,96.578,0.2149,3.6369,3.422
5513,0.003104,919.56,232.87,0.2532,96.5851,96.7869,0.2018,3.4149,3.2131
5514,0.002822,913.32,263.35,0.2883,96.896,97.0794,0.1834,3.104,2.9206
5515,0.003921,907.64,186.14,0.2051,95.6873,95.9421,0.2548,4.3127,4.0579
5516,0.003634,730.01,218.47,0.2993,96.0025,96.2387,0.2362,3.9975,3.7613
5517,0.003503,904.76,281.12,0.3107,96.1464,96.3741,0.2277,3.8536,3.6259
5518,0.003829,953.33,235.18,0.2467,95.7876,96.0365,0.2489,4.2124,3.9635
5519,0.003396,879.35,227.17,0.2583,96.2646,96.4853,0.2207,3.7354,3.5147
5520,0.003017,981.49,253.59,0.2584,96.6813,96.8774,0.1961,3.3187,3.1226
5521,0.002885,1017.69,197.18,0.1937,96.8262,97.0137,0.1875,3.1738,2.9863
5522,0.00361,725.17,221.9,0.306,96.0287,96.2634,0.2347,3.9713,3.7366
5523,0.003184,832.8,170.63,0.2049,96.4977,96.7046,0.207,3.5023,3.2954
5524,0.003328,692.39,163.43,0.236,96.3397,96.556,0.2163,3.6603,3.444
5525,0.00382,883.39,262.15,0.2968,95.7975,96.0458,0.2483,4.2025,3.9542
5526,0.003334,765.9,190.17,0.2483,96.3327,96.5494,0.2167,3.6673,3.4506
5527,0.004066,962.76,247.3,0.2569,95.527,95.7913,0.2643,4.473,4.2087
5528,0.003629,735.33,185.32,0.252,96.0077,96.2436,0.2359,3.9923,3.7564
5529,0.003595,715.09,296.37,0.4144,96.0453,96.2789,0.2337,3.9547,3.7211
5530,0.004179,904.24,225.0,0.2488,95.4026,95.6743,0.2717,4.5974,4.3257
5531,0.003349,957.75,291.56,0.3044,96.3165,96.5341,0.2177,3.6835,3.4659
5532,0.003593,1014.36,227.56,0.2243,96.0475,96.281,0.2336,3.9525,3.719
5533,0.003521,696.79,236.71,0.3397,96.1274,96.3562,0.2288,3.8726,3.6438
5534,0.004094,737.05,168.17,0.2282,95.4969,95.7629,0.2661,4.5031,4.2371
5535,0.003943,685.07,184.5,0.2693,95.663,95.9193,0.2563,4.337,4.0807
5536,0.004045,685.53,253.75,0.3701,95.551,95.8139,0.2629,4.449,4.1861
5537,0.00334,827.55,167.19,0.202,96.3257,96.5428,0.2171,3.6743,3.4572
5538,0.004074,852.69,244.71,0.287,95.5185,95.7834,0.2648,4.4815,4.2166
5539,0.00374,869.76,270.31,0.3108,95.8859,96.129,0.2431,4.1141,3.871
5540,0.003473,811.32,151.68,0.187,96.1795,96.4053,0.2258,3.8205,3.5947
5541,0.002917,780.46,205.9,0.2638,96.7912,96.9808,0.1896,3.2088,3.0192
5542,0.003916,778.18,287.59,0.3696,95.6928,95.9474,0.2545,4.3072,4.0526
5543,0.003129,868.03,289.28,0.3333,96.5577,96.7611,0.2034,3.4423,3.2389
5544,0.00371,897.99,162.76,0.1812,95.9192,96.1603,0.2411,4.0808,3.8397
5545,0.003514,696.1,222.39,0.3195,96.1341,96.3625,0.2284,3.8659,3.6375
5546,0.00339,935.37,278.43,0.2977,96.2714,96.4918,0.2203,3.7286,3.5082
5547,0.003698,746.3,196.4,0.2632,95.9321,96.1724,0.2404,4.0679,3.8276
5548,0.004013,880.16,274.81,0.3122,95.5858,95.8467,0.2608,4.4142,4.1533
5549,0.003906,691.86,179.78,0.2599,95.7032,95.9571,0.2539,4.2968,4.0429
5550,0.003882,685.75,275.3,0.4015,95.7294,95.9818,0.2524,4.2706,4.0182
5551,0.003366,742.01,205.51,0.277,96.2974,96.5162,0.2188,3.7026,3.4838
5552,0.003942,1000.78,292.87,0.2926,95.664,95.9202,0.2562,4.336,4.0798
5553,0.003624,828.76,161.18,0.1945,96.014,96.2495,0.2355,3.986,3.7505
5554,0.002827,914.27,215.39,0.2356,96.8899,97.0737,0.1838,3.1101,2.9263
5555,0.004161,907.27,213.31,0.2351,95.4224,95.6929,0.2705,4.5776,4.3071
5556,0.002929,684.43,247.1,0.361,96.7783,96.9687,0.1904,3.2217,3.0313
5557,0.004083,781.69,162.98,0.2085,95.5091,95.7745,0.2654,4.4909,4.2255
5558,0.002926,965.85,298.97,0.3095,96.7809,96.9712,0.1902,3.2191,3.0288
5559,0.003115,775.95,271.16,0.3495,96.5738,96.7763,0.2025,3.4262,3.2237
5560,0.003558,714.19,242.12,0.339,96.0859,96.3171,0.2313,3.9141,3.6829
5561,0.004091,881.1,265.86,0.3017,95.4995,95.7654,0.2659,4.5005,4.2346
5562,0.003457,857.75,152.26,0.1775,96.1971,96.4218,0.2247,3.8029,3.5782
5563,0.003882,938.47,214.48,0.2285,95.7296,95.9819,0.2523,4.2704,4.0181
5564,0.003568,780.03,171.12,0.2194,96.0757,96.3076,0.2319,3.9243,3.6924
5565,0.003548,872.94,243.27,0.2787,96.0972,96.3278,0.2306,3.9028,3.6722
5566,0.003023,886.36,267.74,0.3021,96.6747,96.8712,0.1965,3.3253,3.1288
5567,0.003539,863.58,233.7,0.2706,96.107,96.337,0.23,3.893,3.663
5568,0.003528,895.99,167.75,0.1872,96.1191,96.3485,0.2293,3.8809,3.6515
5569,0.003541,911.92,246.13,0.2699,96.1051,96.3353,0.2302,3.8949,3.6647
5570,0.003894,704.7,154.6,0.2194,95.7164,95.9695,0.2531,4.2836,4.0305
5571,0.003924,825.78,204.45,0.2476,95.6836,95.9387,0.2551,4.3164,4.0613
5572,0.003981,873.58,284.52,0.3257,95.6204,95.8792,0.2588,4.3796,4.1208
5573,0.002833,882.2,168.98,0.1915,96.884,97.0681,0.1841,3.116,2.9319
5574,0.004121,725.12,282.18,0.3891,95.4674,95.7352,0.2678,4.5326,4.2648
5575,0.00387,801.89,277.39,0.3459,95.7434,95.995,0.2515,4.2566,4.005
5576,0.003683,876.29,274.66,0.3134,95.9482,96.1876,0.2394,4.0518,3.8124
5577,0.003061,685.0,296.67,0.4331,96.6324,96.8314,0.199,3.3676,3.1686
5578,0.003575,681.99,291.54,0.4275,96.0679,96.3003,0.2323,3.9321,3.6997
5579,0.004056,805.3,170.88,0.2122,95.5381,95.8018,0.2637,4.4619,4.1982
5580,0.002902,836.74,200.34,0.2394,96.8078,96.9965,0.1886,3.1922,3.0035
5581,0.00324,1005.49,219.09,0.2179,96.4359,96.6465,0.2106,3.5641,3.3535
5582,0.00344,920.06,250.64,0.2724,96.2163,96.4399,0.2236,3.7837,3.5601
5583,0.002993,780.91,240.32,0.3077,96.7075,96.9021,0.1946,3.2925,3.0979
5584,0.003898,712.83,250.95,0.352,95.7126,95.9659,0.2533,4.2874,4.0341
5585,0.003969,867.48,192.05,0.2214,95.6344,95.8924,0.258,4.3656,4.1076
5586,0.003652,881.36,290.99,0.3302,95.9828,96.2202,0.2374,4.0172,3.7798
5587,0.00341,740.19,171.14,0.2312,96.249,96.4706,0.2217,3.751,3.5294
5588,0.00412,793.65,238.15,0.3001,95.4677,95.7356,0.2678,4.5323,4.2644
5589,0.003429,955.8,282.25,0.2953,96.2281,96.451,0.2229,3.7719,3.549
5590,0.004079,769.87,259.71,0.3373,95.5133,95.7785,0.2651,4.4867,4.2215
5591,0.003173,724.84,273.5,0.3773,96.5097,96.716,0.2062,3.4903,3.284
5592,0.003285,779.84,222.92,0.2858,96.3862,96.5998,0.2135,3.6138,3.4002
5593,0.003969,788.45,266.93,0.3385,95.6341,95.8921,0.258,4.3659,4.1079
5594,0.002977,967.27,171.23,0.177,96.7253,96.9188,0.1935,3.2747,3.0812
5595,0.003982,804.84,274.58,0.3412,95.6194,95.8782,0.2589,4.3806,4.1218
5596,0.003794,686.14,260.15,0.3791,95.8261,96.0728,0.2466,4.1739,3.9272
5597,0.002889,815.76,288.8,0.354,96.8224,97.0102,0.1878,3.1776,2.9898
5598,0.004058,819.4,292.6,0.3571,95.5363,95.8001,0.2638,4.4637,4.1999
5599,0.003443,751.83,170.4,0.2266,96.2126,96.4364,0.2238,3.7874,3.5636
5600,0.003987,839.8,176.64,0.2103,95.6147,95.8738,0.2591,4.3853,4.1262
5601,0.003028,870.4,199.21,0.2289,96.669,96.8659,0.1968,3.331,3.1341
5602,0.00381,947.77,150.76,0.1591,95.8095,96.0571,0.2476,4.1905,3.9429
5603,0.002925,856.86,291.8,0.3405,96.783,96.9731,0.1901,3.217,3.0269
5604,0.003944,742.14,253.33,0.3413,95.6621,95.9184,0.2563,4.3379,4.0816
5605,0.003804,761.73,170.44,0.2238,95.8157,96.063,0.2473,4.1843,3.937
5606,0.003388,812.43,290.09,0.3571,96.2737,96.4939,0.2202,3.7263,3.5061
5607,0.004094,950.25,205.97,0.2168,95.4967,95.7628,0.2661,4.5033,4.2372
5608,0.003474,700.03,202.71,0.2896,96.1785,96.4043,0.2258,3.8215,3.5957
5609,0.003587,917.33,292.32,0.3187,96.0538,96.287,0.2332,3.9462,3.713
5610,0.002928,875.28,296.21,0.3384,96.7791,96.9695,0.1903,3.2209,3.0305
5611,0.003655,966.91,282.89,0.2926,95.98,96.2175,0.2375,4.02,3.7825
5612,0.002953,957.54,162.93,0.1702,96.7518,96.9438,0.1919,3.2482,3.0562
5613,0.00306,707.5,282.02,0.3986,96.6337,96.8326,0.1989,3.3663,3.1674
5614,0.003841,757.32,272.54,0.3599,95.7744,96.0241,0.2497,4.2256,3.9759
5615,0.003912,698.1,235.43,0.3372,95.6973,95.9516,0.2542,4.3027,4.0484
5616,0.003079,691.16,160.63,0.2324,96.6126,96.8128,0.2002,3.3874,3.1872
5617,0.003402,786.73,152.21,0.1935,96.2575,96.4787,0.2211,3.7425,3.5213
5618,0.00414,767.18,255.1,0.3325,95.4462,95.7153,0.2691,4.5538,4.2847
5619,0.004183,709.45,225.63,0.318,95.3985,95.6704,0.2719,4.6015,4.3296
5620,0.003899,871.0,199.08,0.2286,95.7108,95.9642,0.2535,4.2892,4.0358
5621,0.00321,955.65,171.13,0.1791,96.4687,96.6774,0.2087,3.5313,3.3226
5622,0.003594,839.23,238.96,0.2847,96.0461,96.2797,0.2336,3.9539,3.7203
5623,0.003602,974.17,211.82,0.2174,96.0375,96.2716,0.2342,3.9625,3.7284
5624,0.002984,767.41,293.48,0.3824,96.7175,96.9114,0.194,3.2825,3.0886
5625,0.003872,820.56,259.91,0.3167,95.7404,95.9921,0.2517,4.2596,4.0079
5626,0.004143,949.63,227.2,0.2393,95.4426,95.7119,0.2693,4.5574,4.2881
5627,0.002998,841.21,270.72,0.3218,96.7025,96.8973,0.1949,3.2975,3.1027
5628,0.003935,708.1,285.25,0.4028,95.6712,95.927,0.2558,4.3288,4.073
5629,0.003815,704.05,188.67,0.268,95.803,96.051,0.248,4.197,3.949
5630,0.002864,799.61,234.22,0.2929,96.8501,97.0362,0.1861,3.1499,2.9638
5631,0.003655,755.4,177.48,0.2349,95.9794,96.217,0.2376,4.0206,3.783
5632,0.003456,780.9,295.62,0.3786,96.1989,96.4235,0.2246,3.8011,3.5765
5633,0.003897,927.65,215.68,0.2325,95.7131,95.9665,0.2533,4.2869,4.0335
5634,0.003534,979.65,186.29,0.1902,96.113,96.3427,0.2297,3.887,3.6573
5635,0.00402,731.47,229.49,0.3137,95.5781,95.8394,0.2613,4.4219,4.1606
5636,0.003368,772.82,231.85,0.3,96.2953,96.5142,0.2189,3.7047,3.4858
5637,0.002854,825.95,179.06,0.2168,96.8601,97.0456,0.1855,3.1399,2.9544
5638,0.003567,1016.51,299.47,0.2946,96.0762,96.308,0.2319,3.9238,3.692
5639,0.004047,996.52,225.51,0.2263,95.5479,95.8109,0.2631,4.4521,4.1891
5640,0.003566,1009.01,197.69,0.1959,96.0774,96.3092,0.2318,3.9226,3.6908
5641,0.003119,993.19,269.67,0.2715,96.5691,96.7718,0.2027,3.4309,3.2282
5642,0.003683,968.94,210.88,0.2176,95.9488,96.1882,0.2394,4.0512,3.8118
5643,0.002993,696.13,200.1,0.2874,96.7076,96.9022,0.1945,3.2924,3.0978
5644,0.003424,831.07,191.51,0.2304,96.2339,96.4564,0.2225,3.7661,3.5436
5645,0.00287,802.44,242.98,0.3028,96.8428,97.0294,0.1866,3.1572,2.9706
5646,0.003293,803.84,209.56,0.2607,96.3772,96.5913,0.2141,3.6228,3.4087
5647,0.003088,742.14,273.7,0.3688,96.6028,96.8035,0.2007,3.3972,3.1965
5648,0.003632,863.89,200.0,0.2315,96.0051,96.2412,0.2361,3.9949,3.7588
5649,0.003872,716.43,224.01,0.3127,95.7409,95.9926,0.2517,4.2591,4.0074
5650,0.00378,928.41,249.91,0.2692,95.8423,96.0879,0.2457,4.1577,3.9121
5651,0.00364,982.42,164.96,0.1679,95.9959,96.2325,0.2366,4.0041,3.7675
5652,0.002917,714.04,266.84,0.3737,96.7917,96.9812,0.1896,3.2083,3.0188
5653,0.004118,712.22,297.94,0.4183,95.4702,95.7379,0.2677,4.5298,4.2621
5654,0.002827,791.7,194.24,0.2453,96.8906,97.0743,0.1837,3.1094,2.9257
5655,0.004119,911.87,158.1,0.1734,95.4687,95.7364,0.2678,4.5313,4.2636
5656,0.003784,737.18,153.57,0.2083,95.8378,96.0838,0.2459,4.1622,3.9162
5657,0.003804,806.12,185.07,0.2296,95.8157,96.0629,0.2473,4.1843,3.9371
5658,0.003945,996.94,254.79,0.2556,95.6609,95.9173,0.2564,4.3391,4.0827
5659,0.002916,740.22,150.1,0.2028,96.7919,96.9815,0.1896,3.2081,3.0185
5660,0.002916,725.98,215.66,0.2971,96.7927,96.9822,0.1895,3.2073,3.0178
5661,0.003239,949.92,234.88,0.2473,96.4368,96.6474,0.2106,3.5632,3.3526
5662,0.004021,700.24,173.69,0.248,95.5772,95.8386,0.2613,4.4228,4.1614
5663,0.003385,956.24,287.85,0.301,96.2768,96.4968,0.22,3.7232,3.5032
5664,0.002911,717.74,182.19,0.2538,96.7984,96.9876,0.1892,3.2016,3.0124
5665,0.003807,742.25,281.78,0.3796,95.812,96.0595,0.2475,4.188,3.9405
5666,0.004153,902.59,252.96,0.2803,95.4314,95.7014,0.27,4.5686,4.2986
5667,0.003163,895.46,242.65,0.271,96.5202,96.7258,0.2056,3.4798,3.2742
5668,0.002845,776.06,293.38,0.378,96.8707,97.0556,0.1849,3.1293,2.9444
5669,0.003489,940.09,255.63,0.2719,96.1618,96.3886,0.2268,3.8382,3.6114
5670,0.003982,837.66,232.61,0.2777,95.6194,95.8783,0.2589,4.3806,4.1217
5671,0.004103,920.82,238.48,0.259,95.4866,95.7533,0.2667,4.5134,4.2467
5672,0.003313,689.54,184.59,0.2677,96.3561,96.5714,0.2153,3.6439,3.4286
5673,0.003851,702.36,151.46,0.2156,95.7635,96.0138,0.2503,4.2365,3.9862
5674,0.00335,1005.51,243.31,0.242,96.3153,96.533,0.2177,3.6847,3.467
5675,0.004158,942.77,151.83,0.161,95.4265,95.6967,0.2703,4.5735,4.3033
5676,0.003766,876.85,150.45,0.1716,95.8574,96.1021,0.2448,4.1426,3.8979
5677,0.003287,998.81,281.74,0.2821,96.3838,96.5974,0.2137,3.6162,3.4026
5678,0.0034,852.2,254.81,0.299,96.2603,96.4812,0.221,3.7397,3.5188
5679,0.003864,701.9,231.41,0.3297,95.7491,96.0003,0.2512,4.2509,3.9997
5680,0.003678,989.35,293.31,0.2965,95.9546,96.1937,0.239,4.0454,3.8063
5681,0.004187,794.52,242.31,0.305,95.3947,95.6668,0.2721,4.6053,4.3332
5682,0.004049,1006.35,203.88,0.2026,95.5465,95.8096,0.2632,4.4535,4.1904
5683,0.003864,762.83,206.07,0.2701,95.7497,96.0008,0.2512,4.2503,3.9992
5684,0.003594,729.81,204.2,0.2798,96.0467,96.2803,0.2336,3.9533,3.7197
5685,0.002899,700.17,294.56,0.4207,96.8112,96.9996,0.1884,3.1888,3.0004
5686,0.003597,876.39,246.62,0.2814,96.0431,96.2769,0.2338,3.9569,3.7231
5687,0.003357,825.68,287.1,0.3477,96.3074,96.5256,0.2182,3.6926,3.4744
5688,0.003954,699.99,232.01,0.3314,95.6507,95.9077,0.257,4.3493,4.0923
5689,0.003804,842.35,156.61,0.1859,95.8156,96.0629,0.2473,4.1844,3.9371
5690,0.003774,762.16,221.85,0.2911,95.849,96.0943,0.2453,4.151,3.9057
5691,0.003174,911.27,257.5,0.2826,96.5087,96.715,0.2063,3.4913,3.285
5692,0.004139,905.15,235.54,0.2602,95.4471,95.7162,0.269,4.5529,4.2838
5693,0.003205,877.56,294.48,0.3356,96.475,96.6833,0.2083,3.525,3.3167
5694,0.003325,756.51,150.42,0.1988,96.3425,96.5587,0.2161,3.6575,3.4413
5695,0.003487,808.17,277.21,0.343,96.1642,96.3909,0.2267,3.8358,3.6091
5696,0.00302,791.55,182.69,0.2308,96.6779,96.8743,0.1963,3.3221,3.1257
5697,0.003686,961.67,160.93,0.1673,95.9454,96.185,0.2396,4.0546,3.815
5698,0.003098,809.02,188.27,0.2327,96.5927,96.7941,0.2013,3.4073,3.2059
5699,0.004058,742.44,165.87,0.2234,95.5358,95.7996,0.2638,4.4642,4.2004
5700,0.003552,742.48,159.17,0.2144,96.0927,96.3235,0.2309,3.9073,3.6765
5701,0.003061,1001.99,255.37,0.2549,96.6324,96.8314,0.199,3.3676,3.1686
5702,0.003009,948.35,196.16,0.2068,96.6898,96.8854,0.1956,3.3102,3.1146
5703,0.003998,703.71,260.58,0.3703,95.6017,95.8616,0.2599,4.3983,4.1384
5704,0.002845,693.54,284.25,0.4099,96.8708,97.0557,0.1849,3.1292,2.9443
5705,0.00339,910.1,203.43,0.2235,96.2705,96.4909,0.2204,3.7295,3.5091
5706,0.002808,939.86,231.15,0.2459,96.9113,97.0939,0.1825,3.0887,2.9061
5707,0.004079,853.55,186.45,0.2184,95.5132,95.7783,0.2651,4.4868,4.2217
5708,0.003012,986.97,163.26,0.1654,96.6867,96.8825,0.1958,3.3133,3.1175
5709,0.00335,754.78,170.41,0.2258,96.3154,96.5331,0.2177,3.6846,3.4669
5710,0.004099,775.74,251.75,0.3245,95.4916,95.758,0.2664,4.5084,4.242
5711,0.004141,994.0,218.48,0.2198,95.4452,95.7143,0.2691,4.5548,4.2857
5712,0.003856,1018.65,233.47,0.2292,95.7585,96.0091,0.2506,4.2415,3.9909
5713,0.004175,833.39,278.58,0.3343,95.4077,95.6791,0.2714,4.5923,4.3209
5714,0.004005,709.83,239.01,0.3367,95.5945,95.8548,0.2603,4.4055,4.1452
5715,0.003631,823.99,175.12,0.2125,96.0059,96.2419,0.236,3.9941,3.7581
5716,0.002865,1004.11,186.04,0.1853,96.8485,97.0347,0.1862,3.1515,2.9653
5717,0.003739,979.98,269.6,0.2751,95.8866,96.1297,0.2431,4.1134,3.8703
5718,0.004039,728.1,205.51,0.2823,95.5575,95.82,0.2625,4.4425,4.18
5719,0.003529,706.43,219.29,0.3104,96.1182,96.3476,0.2294,3.8818,3.6524
5720,0.003449,688.39,239.38,0.3477,96.2064,96.4306,0.2242,3.7936,3.5694
5721,0.002802,831.27,163.63,0.1968,96.9183,97.1004,0.1821,3.0817,2.8996
5722,0.003282,735.11,257.05,0.3497,96.3899,96.6032,0.2133,3.6101,3.3968
5723,0.003571,741.52,214.72,0.2896,96.0719,96.304,0.2321,3.9281,3.696
5724,0.00414,713.65,269.29,0.3773,95.4455,95.7147,0.2691,4.5545,4.2853
5725,0.003816,738.11,202.89,0.2749,95.8026,96.0507,0.248,4.1974,3.9493
5726,0.004075,947.13,228.34,0.2411,95.518,95.7829,0.2648,4.482,4.2171
5727,0.004074,925.75,252.96,0.2732,95.5188,95.7836,0.2648,4.4812,4.2164
5728,0.003592,827.47,265.92,0.3214,96.0491,96.2825,0.2335,3.9509,3.7175
5729,0.003504,751.89,205.71,0.2736,96.1452,96.373,0.2278,3.8548,3.627
5730,0.00357,707.73,238.28,0.3367,96.0726,96.3047,0.2321,3.9274,3.6953
5731,0.003238,934.87,253.54,0.2712,96.4381,96.6485,0.2105,3.5619,3.3515
5732,0.003459,919.35,164.13,0.1785,96.1955,96.4203,0.2248,3.8045,3.5797
5733,0.003578,695.12,157.55,0.2267,96.0637,96.2963,0.2326,3.9363,3.7037
5734,0.004189,795.49,185.45,0.2331,95.3917,95.664,0.2723,4.6083,4.336
5735,0.003549,954.82,240.58,0.252,96.0961,96.3268,0.2307,3.9039,3.6732
5736,0.003102,866.15,206.32,0.2382,96.5874,96.7891,0.2017,3.4126,3.2109
5737,0.00412,852.9,237.28,0.2782,95.4684,95.7362,0.2678,4.5316,4.2638
5738,0.004059,953.26,191.42,0.2008,95.5352,95.799,0.2638,4.4648,4.201
5739,0.004146,785.74,158.01,0.2011,95.4394,95.7089,0.2695,4.5606,4.2911
5740,0.002934,854.73,175.22,0.205,96.7722,96.9629,0.1907,3.2278,3.0371
5741,0.003856,735.25,158.1,0.215,95.7589,96.0095,0.2506,4.2411,3.9905
5742,0.003572,889.11,230.5,0.2592,96.0712,96.3033,0.2322,3.9288,3.6967
5743,0.003675,965.15,184.3,0.1909,95.9571,96.196,0.2389,4.0429,3.804
5744,0.003727,732.87,187.79,0.2562,95.8998,96.1421,0.2423,4.1002,3.8579
5745,0.003188,845.67,191.81,0.2268,96.4928,96.7,0.2072,3.5072,3.3
5746,0.003096,724.77,262.4,0.362,96.5944,96.7956,0.2012,3.4056,3.2044
5747,0.003535,717.3,213.22,0.2973,96.1117,96.3414,0.2298,3.8883,3.6586
5748,0.004135,802.37,240.37,0.2996,95.4516,95.7204,0.2688,4.5484,4.2796
5749,0.003075,683.47,168.98,0.2472,96.6177,96.8176,0.1999,3.3823,3.1824
5750,0.003678,684.44,155.42,0.2271,95.954,96.193,0.2391,4.046,3.807
5751,0.003091,697.24,290.57,0.4167,96.5999,96.8008,0.2009,3.4001,3.1992
5752,0.003774,754.47,169.68,0.2249,95.8483,96.0937,0.2453,4.1517,3.9063
5753,0.003804,849.33,277.57,0.3268,95.8159,96.0632,0.2472,4.1841,3.9368
5754,0.002978,977.78,186.55,0.1908,96.7241,96.9177,0.1936,3.2759,3.0823
5755,0.003805,694.09,266.53,0.384,95.8145,96.0618,0.2473,4.1855,3.9382
5756,0.002983,711.8,200.32,0.2814,96.7188,96.9127,0.1939,3.2812,3.0873
5757,0.002866,766.18,179.56,0.2344,96.8476,97.0338,0.1863,3.1524,2.9662
5758,0.003755,960.46,201.67,0.21,95.8694,96.1135,0.2441,4.1306,3.8865
5759,0.00391,758.48,274.23,0.3615,95.6987,95.9529,0.2542,4.3013,4.0471
5760,0.00344,800.99,285.46,0.3564,96.2163,96.4399,0.2236,3.7837,3.5601
5761,0.002934,862.67,169.8,0.1968,96.7722,96.963,0.1907,3.2278,3.037
5762,0.002899,687.79,174.28,0.2534,96.8106,96.9991,0.1885,3.1894,3.0009
5763,0.003638,821.34,282.52,0.344,95.9987,96.2352,0.2364,4.0013,3.7648
5764,0.00376,932.38,220.45,0.2364,95.8639,96.1083,0.2444,4.1361,3.8917
5765,0.003329,886.76,279.09,0.3147,96.3377,96.5541,0.2164,3.6623,3.4459
5766,0.003023,934.69,229.63,0.2457,96.675,96.8714,0.1965,3.325,3.1286
5767,0.002967,946.95,189.55,0.2002,96.7362,96.9291,0.1929,3.2638,3.0709
5768,0.003979,932.24,273.18,0.293,95.6231,95.8817,0.2586,4.3769,4.1183
5769,0.002894,811.61,174.33,0.2148,96.817,97.0051,0.1881,3.183,2.9949
5770,0.003594,952.5,180.45,0.1895,96.0461,96.2797,0.2336,3.9539,3.7203
5771,0.002966,845.53,225.16,0.2663,96.7375,96.9303,0.1928,3.2625,3.0697
5772,0.003314,869.44,205.29,0.2361,96.355,96.5704,0.2154,3.645,3.4296
5773,0.003978,966.09,286.11,0.2962,95.6245,95.883,0.2586,4.3755,4.117
5774,0.003445,936.07,283.64,0.303,96.2108,96.4347,0.2239,3.7892,3.5653
5775,0.003336,918.14,289.48,0.3153,96.3299,96.5468,0.2169,3.6701,3.4532
5776,0.002918,854.13,209.06,0.2448,96.7905,96.9801,0.1897,3.2095,3.0199
5777,0.003306,783.09,193.04,0.2465,96.363,96.5779,0.2149,3.637,3.4221
5778,0.003868,766.61,248.4,0.324,95.7449,95.9963,0.2514,4.2551,4.0037
5779,0.003417,826.7,296.95,0.3592,96.2409,96.463,0.2221,3.7591,3.537
5780,0.003759,885.58,178.28,0.2013,95.8653,96.1096,0.2443,4.1347,3.8904
5781,0.003115,821.72,151.28,0.1841,96.5739,96.7764,0.2024,3.4261,3.2236
5782,0.003706,808.16,218.04,0.2698,95.9233,96.1642,0.2409,4.0767,3.8358
5783,0.002981,737.44,170.2,0.2308,96.7206,96.9144,0.1938,3.2794,3.0856
5784,0.004035,719.94,194.33,0.2699,95.5616,95.8239,0.2623,4.4384,4.1761
5785,0.003006,753.59,211.64,0.2808,96.6938,96.8892,0.1954,3.3062,3.1108
5786,0.002992,961.77,201.53,0.2095,96.7083,96.9028,0.1945,3.2917,3.0972
5787,0.003716,916.44,189.98,0.2073,95.912,96.1536,0.2416,4.088,3.8464
5788,0.003012,910.92,277.52,0.3047,96.687,96.8828,0.1958,3.313,3.1172
5789,0.003691,1004.69,230.07,0.229,95.9402,96.1801,0.2399,4.0598,3.8199
5790,0.00349,1015.35,292.56,0.2881,96.1608,96.3877,0.2269,3.8392,3.6123
5791,0.003665,931.57,289.55,0.3108,95.9687,96.207,0.2382,4.0313,3.793
5792,0.003007,761.63,196.67,0.2582,96.6928,96.8882,0.1954,3.3072,3.1118
5793,0.003949,708.78,240.12,0.3388,95.6562,95.9129,0.2567,4.3438,4.0871
5794,0.003756,769.65,180.15,0.2341,95.8686,96.1128,0.2441,4.1314,3.8872
5795,0.003274,761.4,170.1,0.2234,96.3982,96.611,0.2128,3.6018,3.389
5796,0.004152,1016.37,292.09,0.2874,95.4328,95.7027,0.2699,4.5672,4.2973
5797,0.004164,743.46,204.84,0.2755,95.4199,95.6905,0.2706,4.5801,4.3095
5798,0.002881,860.75,183.74,0.2135,96.8313,97.0185,0.1872,3.1687,2.9815
5799,0.003165,748.78,272.29,0.3636,96.5185,96.7242,0.2057,3.4815,3.2758
5800,0.003932,761.9,161.8,0.2124,95.6743,95.9299,0.2556,4.3257,4.0701
5801,0.003968,968.44,229.35,0.2368,95.6349,95.8929,0.2579,4.3651,4.1071
5802,0.003368,807.11,257.82,0.3194,96.2953,96.5142,0.2189,3.7047,3.4858
5803,0.003318,838.75,259.16,0.309,96.3505,96.5662,0.2157,3.6495,3.4338
5804,0.004083,871.66,190.28,0.2183,95.5091,95.7745,0.2654,4.4909,4.2255
5805,0.003263,834.2,238.02,0.2853,96.4105,96.6226,0.2121,3.5895,3.3774
5806,0.004053,951.15,190.24,0.2,95.5418,95.8053,0.2634,4.4582,4.1947
5807,0.003881,986.51,245.36,0.2487,95.731,95.9832,0.2523,4.269,4.0168
5808,0.004126,802.57,185.99,0.2317,95.4616,95.7298,0.2682,4.5384,4.2702
5809,0.003319,840.54,278.59,0.3314,96.3491,96.5648,0.2157,3.6509,3.4352
5810,0.00335,996.61,239.2,0.24,96.3147,96.5325,0.2178,3.6853,3.4675
5811,0.003504,1007.17,159.54,0.1584,96.1457,96.3735,0.2278,3.8543,3.6265
5812,0.003092,775.32,161.86,0.2088,96.5987,96.7997,0.201,3.4013,3.2003
5813,0.003281,805.78,230.32,0.2858,96.3914,96.6046,0.2132,3.6086,3.3954
5814,0.004072,874.71,288.79,0.3302,95.5213,95.7859,0.2647,4.4787,4.2141
5815,0.004112,991.8,195.95,0.1976,95.4773,95.7445,0.2673,4.5227,4.2555
5816,0.002923,796.17,264.06,0.3317,96.7852,96.9752,0.19,3.2148,3.0248
5817,0.003634,789.85,290.99,0.3684,96.0022,96.2385,0.2362,3.9978,3.7615
5818,0.003606,815.01,276.64,0.3394,96.0334,96.2678,0.2344,3.9666,3.7322
5819,0.003054,970.17,185.93,0.1916,96.6401,96.8387,0.1985,3.3599,3.1613
5820,0.003434,1013.48,170.51,0.1682,96.2221,96.4453,0.2232,3.7779,3.5547
5821,0.003315,923.92,298.09,0.3226,96.3534,96.5689,0.2155,3.6466,3.4311
5822,0.003172,810.83,289.97,0.3576,96.5108,96.717,0.2062,3.4892,3.283
5823,0.0032,1019.22,293.05,0.2875,96.4797,96.6877,0.208,3.5203,3.3123
5824,0.003711,878.4,187.17,0.2131,95.918,96.1592,0.2412,4.082,3.8408
5825,0.004056,999.93,272.49,0.2725,95.5382,95.8019,0.2637,4.4618,4.1981
5826,0.003221,787.69,196.34,0.2493,96.4565,96.6659,0.2094,3.5435,3.3341
5827,0.003806,698.98,234.99,0.3362,95.8137,96.061,0.2474,4.1863,3.939
5828,0.003108,941.91,183.9,0.1952,96.5812,96.7832,0.202,3.4188,3.2168
5829,0.004145,911.43,152.71,0.1676,95.44,95.7094,0.2695,4.56,4.2906
5830,0.003548,913.33,168.3,0.1843,96.0974,96.328,0.2306,3.9026,3.672
5831,0.004116,959.46,287.96,0.3001,95.4722,95.7397,0.2676,4.5278,4.2603
5832,0.002999,720.88,205.25,0.2847,96.7012,96.8961,0.1949,3.2988,3.1039
5833,0.003569,711.41,289.88,0.4075,96.0746,96.3065,0.232,3.9254,3.6935
5834,0.003193,733.18,204.41,0.2788,96.4875,96.695,0.2076,3.5125,3.305
5835,0.004157,774.98,284.44,0.367,95.427,95.6973,0.2702,4.573,4.3027
5836,0.003406,987.99,269.63,0.2729,96.2533,96.4747,0.2214,3.7467,3.5253
5837,0.003164,967.01,247.57,0.256,96.52,96.7256,0.2056,3.48,3.2744
5838,0.00375,696.53,224.58,0.3224,95.8748,96.1185,0.2438,4.1252,3.8815
5839,0.0037,735.62,247.22,0.3361,95.9301,96.1706,0.2405,4.0699,3.8294
5840,0.003942,688.61,229.36,0.3331,95.6636,95.9198,0.2562,4.3364,4.0802
5841,0.003915,977.61,273.05,0.2793,95.6932,95.9477,0.2545,4.3068,4.0523
5842,0.003112,831.2,217.94,0.2622,96.5773,96.7795,0.2023,3.4227,3.2205
5843,0.003608,816.1,198.59,0.2433,96.031,96.2655,0.2345,3.969,3.7345
5844,0.003064,839.13,166.72,0.1987,96.63,96.8292,0.1991,3.37,3.1708
5845,0.004075,899.54,157.0,0.1745,95.517,95.7819,0.2649,4.483,4.2181
5846,0.003868,918.09,272.29,0.2966,95.7447,95.9961,0.2515,4.2553,4.0039
5847,0.003939,997.03,159.43,0.1599,95.6669,95.923,0.256,4.3331,4.077
5848,0.004099,804.95,247.36,0.3073,95.4915,95.7579,0.2664,4.5085,4.2421
5849,0.003722,695.51,153.8,0.2211,95.9062,96.1481,0.2419,4.0938,3.8519
5850,0.003013,971.15,176.73,0.182,96.6859,96.8818,0.1958,3.3141,3.1182
5851,0.002979,785.12,197.97,0.2521,96.7228,96.9165,0.1937,3.2772,3.0835
5852,0.003728,1001.42,167.99,0.1677,95.8996,96.1419,0.2423,4.1004,3.8581
5853,0.002837,782.38,295.15,0.3772,96.8792,97.0636,0.1844,3.1208,2.9364
5854,0.003769,721.96,287.77,0.3986,95.8539,96.0989,0.245,4.1461,3.9011
5855,0.003868,859.89,244.13,0.2839,95.7449,95.9963,0.2514,4.2551,4.0037
5856,0.002922,1017.77,286.26,0.2813,96.7863,96.9762,0.1899,3.2137,3.0238
5857,0.003078,747.36,243.37,0.3256,96.6144,96.8144,0.2001,3.3856,3.1856
5858,0.003291,732.42,266.33,0.3636,96.3794,96.5933,0.2139,3.6206,3.4067
5859,0.003046,925.09,240.14,0.2596,96.6489,96.847,0.198,3.3511,3.153
5860,0.003061,926.93,278.39,0.3003,96.6328,96.8318,0.199,3.3672,3.1682
5861,0.003898,796.95,257.87,0.3236,95.7125,95.9658,0.2534,4.2875,4.0342
5862,0.004153,799.76,283.99,0.3551,95.4318,95.7017,0.2699,4.5682,4.2983
5863,0.003723,752.49,185.19,0.2461,95.9047,96.1467,0.242,4.0953,3.8533
5864,0.003037,897.58,265.63,0.2959,96.6598,96.8572,0.1974,3.3402,3.1428
5865,0.00342,917.77,178.52,0.1945,96.2383,96.4605,0.2223,3.7617,3.5395
5866,0.003531,886.69,150.21,0.1694,96.1158,96.3453,0.2295,3.8842,3.6547
5867,0.003309,841.05,254.02,0.302,96.3601,96.5752,0.2151,3.6399,3.4248
5868,0.004052,962.74,267.28,0.2776,95.5426,95.806,0.2634,4.4574,4.194
5869,0.003116,757.06,214.02,0.2827,96.5727,96.7752,0.2025,3.4273,3.2248
5870,0.00351,1010.48,220.43,0.2181,96.1388,96.367,0.2282,3.8612,3.633
5871,0.002928,696.64,296.42,0.4255,96.7789,96.9692,0.1903,3.2211,3.0308
5872,0.002864,743.73,241.07,0.3241,96.8498,97.036,0.1861,3.1502,2.964
5873,0.003903,721.07,225.85,0.3132,95.7066,95.9603,0.2537,4.2934,4.0397
5874,0.003022,970.2,207.17,0.2135,96.6761,96.8725,0.1964,3.3239,3.1275
5875,0.002938,847.07,173.4,0.2047,96.768,96.959,0.191,3.232,3.041
5876,0.00294,899.23,292.82,0.3256,96.7663,96.9574,0.1911,3.2337,3.0426
5877,0.004173,755.57,294.41,0.3897,95.4101,95.6813,0.2712,4.5899,4.3187
5878,0.003749,894.92,177.43,0.1983,95.8762,96.1199,0.2437,4.1238,3.8801
5879,0.002925,972.07,249.93,0.2571,96.782,96.9721,0.1902,3.218,3.0279
5880,0.003979,827.81,256.12,0.3094,95.6236,95.8822,0.2586,4.3764,4.1178
5881,0.003167,972.24,266.9,0.2745,96.5163,96.7222,0.2059,3.4837,3.2778
5882,0.00347,790.27,263.06,0.3329,96.1831,96.4087,0.2255,3.8169,3.5913
5883,0.002983,751.34,295.48,0.3933,96.7182,96.9121,0.1939,3.2818,3.0879
5884,0.003103,914.89,172.91,0.189,96.5863,96.788,0.2017,3.4137,3.212
5885,0.004133,992.68,226.25,0.2279,95.4535,95.7221,0.2687,4.5465,4.2779
5886,0.003689,936.49,193.81,0.2069,95.9425,96.1823,0.2398,4.0575,3.8177
5887,0.004196,797.68,298.56,0.3743,95.3844,95.6571,0.2727,4.6156,4.3429
5888,0.004001,872.46,257.6,0.2953,95.5986,95.8587,0.2601,4.4014,4.1413
5889,0.003731,913.01,279.03,0.3056,95.8959,96.1384,0.2425,4.1041,3.8616
5890,0.00305,1005.84,210.75,0.2095,96.6449,96.8432,0.1983,3.3551,3.1568
5891,0.003328,959.16,242.69,0.253,96.3394,96.5557,0.2163,3.6606,3.4443
5892,0.00419,751.76,248.41,0.3304,95.3907,95.6631,0.2724,4.6093,4.3369
5893,0.00406,762.36,284.56,0.3733,95.5337,95.7976,0.2639,4.4663,4.2024
5894,0.003906,842.79,269.81,0.3201,95.7029,95.9568,0.2539,4.2971,4.0432
5895,0.002893,900.24,229.74,0.2552,96.8173,97.0054,0.1881,3.1827,2.9946
5896,0.00318,912.45,223.77,0.2452,96.5018,96.7085,0.2067,3.4982,3.2915
5897,0.002946,760.35,222.84,0.2931,96.759,96.9505,0.1915,3.241,3.0495
5898,0.003241,971.3,292.47,0.3011,96.4345,96.6452,0.2107,3.5655,3.3548
5899,0.003881,902.09,198.59,0.2201,95.7309,95.9831,0.2523,4.2691,4.0169
5900,0.002819,904.4,182.96,0.2023,96.8991,97.0824,0.1832,3.1009,2.9176
5901,0.00334,816.44,158.6,0.1943,96.3265,96.5436,0.2171,3.6735,3.4564
5902,0.003898,905.75,184.39,0.2036,95.7118,95.9652,0.2534,4.2882,4.0348
5903,0.003959,841.0,204.81,0.2435,95.6446,95.902,0.2574,4.3554,4.098
5904,0.002889,928.37,268.61,0.2893,96.8226,97.0103,0.1878,3.1774,2.9897
5905,0.002863,788.26,235.3,0.2985,96.8506,97.0367,0.1861,3.1494,2.9633
5906,0.003919,998.51,248.95,0.2493,95.6891,95.9438,0.2547,4.3109,4.0562
5907,0.003316,825.56,258.06,0.3126,96.3528,96.5684,0.2155,3.6472,3.4316
5908,0.002901,872.52,287.75,0.3298,96.8091,96.9976,0.1886,3.1909,3.0024
5909,0.003279,825.61,152.54,0.1848,96.393,96.6061,0.2131,3.607,3.3939
5910,0.004107,711.05,258.13,0.363,95.4826,95.7496,0.2669,4.5174,4.2504
5911,0.003629,751.92,198.16,0.2635,96.0077,96.2436,0.2359,3.9923,3.7564
5912,0.003566,801.64,177.73,0.2217,96.0774,96.3092,0.2318,3.9226,3.6908
5913,0.003468,680.18,170.56,0.2508,96.1852,96.4106,0.2254,3.8148,3.5894
5914,0.003155,827.76,173.74,0.2099,96.5294,96.7345,0.2051,3.4706,3.2655
5915,0.002821,891.73,247.8,0.2779,96.897,97.0804,0.1834,3.103,2.9196
5916,0.002935,927.85,163.47,0.1762,96.772,96.9628,0.1907,3.228,3.0372
5917,0.00323,999.87,235.74,0.2358,96.4465,96.6565,0.21,3.5535,3.3435
5918,0.003853,826.2,292.0,0.3534,95.7621,96.0125,0.2504,4.2379,3.9875
5919,0.003365,860.87,247.09,0.287,96.2986,96.5173,0.2187,3.7014,3.4827
5920,0.003368,872.57,228.48,0.2618,96.2948,96.5137,0.2189,3.7052,3.4863
5921,0.003102,736.09,223.58,0.3037,96.5879,96.7896,0.2016,3.4121,3.2104
5922,0.003477,707.17,240.29,0.3398,96.1748,96.4009,0.226,3.8252,3.5991
5923,0.003879,724.83,247.81,0.3419,95.7334,95.9856,0.2521,4.2666,4.0144
5924,0.003745,689.63,293.87,0.4261,95.8806,96.124,0.2434,4.1194,3.876
5925,0.003774,1007.7,230.21,0.2285,95.849,96.0943,0.2453,4.151,3.9057
5926,0.003465,865.2,202.86,0.2345,96.1883,96.4135,0.2252,3.8117,3.5865
5927,0.003977,998.23,291.11,0.2916,95.6254,95.8839,0.2585,4.3746,4.1161
5928,0.003759,986.04,254.74,0.2583,95.8652,96.1095,0.2443,4.1348,3.8905
5929,0.003232,719.2,163.75,0.2277,96.4445,96.6546,0.2101,3.5555,3.3454
5930,0.003878,791.8,178.26,0.2251,95.7343,95.9863,0.2521,4.2657,4.0137
5931,0.004135,908.52,267.85,0.2948,95.4511,95.7199,0.2688,4.5489,4.2801
5932,0.003692,741.77,168.7,0.2274,95.9391,96.1791,0.24,4.0609,3.8209
5933,0.002864,721.16,160.39,0.2224,96.8497,97.0358,0.1862,3.1503,2.9642
5934,0.003979,943.36,222.94,0.2363,95.6231,95.8817,0.2586,4.3769,4.1183
5935,0.003329,1017.68,234.46,0.2304,96.3377,96.5541,0.2164,3.6623,3.4459
5936,0.003439,993.36,221.99,0.2235,96.2176,96.4411,0.2235,3.7824,3.5589
5937,0.003795,680.4,213.13,0.3132,95.8251,96.0718,0.2467,4.1749,3.9282
5938,0.003586,814.52,196.38,0.2411,96.0557,96.2887,0.2331,3.9443,3.7113
5939,0.003732,827.99,210.14,0.2538,95.8953,96.1379,0.2425,4.1047,3.8621
5940,0.003601,881.65,288.5,0.3272,96.0385,96.2726,0.2341,3.9615,3.7274
5941,0.004039,710.27,272.43,0.3836,95.5574,95.8199,0.2625,4.4426,4.1801
5942,0.00334,798.17,253.59,0.3177,96.3261,96.5432,0.2171,3.6739,3.4568
5943,0.002847,971.69,154.95,0.1595,96.868,97.0531,0.1851,3.132,2.9469
5944,0.003369,800.02,254.85,0.3186,96.2937,96.5127,0.219,3.7063,3.4873
5945,0.003458,692.8,260.87,0.3765,96.1958,96.4206,0.2248,3.8042,3.5794
5946,0.004165,872.12,242.47,0.278,95.4184,95.6892,0.2707,4.5816,4.3108
5947,0.004148,830.07,166.49,0.2006,95.4372,95.7068,0.2696,4.5628,4.2932
5948,0.003689,901.03,170.6,0.1893,95.9421,96.1819,0.2398,4.0579,3.8181
5949,0.003774,755.73,180.88,0.2393,95.8482,96.0936,0.2453,4.1518,3.9064
5950,0.003773,881.81,257.85,0.2924,95.8501,96.0953,0.2452,4.1499,3.9047
5951,0.003051,798.92,174.23,0.2181,96.644,96.8423,0.1983,3.356,3.1577
5952,0.003026,820.6,180.96,0.2205,96.6719,96.8686,0.1967,3.3281,3.1314
5953,0.00322,1015.73,278.0,0.2737,96.4584,96.6677,0.2093,3.5416,3.3323
5954,0.00366,991.5,243.11,0.2452,95.9743,96.2122,0.2379,4.0257,3.7878
5955,0.003583,873.77,200.31,0.2292,96.0582,96.2912,0.2329,3.9418,3.7088
5956,0.003351,993.69,212.09,0.2134,96.3141,96.5319,0.2178,3.6859,3.4681
5957,0.003408,781.5,199.56,0.2554,96.2507,96.4722,0.2216,3.7493,3.5278
5958,0.003166,986.38,288.5,0.2925,96.5169,96.7228,0.2058,3.4831,3.2772
5959,0.003843,784.51,188.61,0.2404,95.7722,96.022,0.2498,4.2278,3.978
5960,0.002902,984.87,241.8,0.2455,96.8076,96.9962,0.1886,3.1924,3.0038
5961,0.003354,995.52,238.36,0.2394,96.3109,96.5289,0.218,3.6891,3.4711
5962,0.003854,762.44,255.85,0.3356,95.7604,96.0109,0.2505,4.2396,3.9891
5963,0.004001,773.77,217.63,0.2813,95.5991,95.8592,0.2601,4.4009,4.1408
5964,0.003117,979.51,281.56,0.2875,96.5713,96.7739,0.2026,3.4287,3.2261
5965,0.003169,858.78,251.4,0.2927,96.5138,96.7198,0.206,3.4862,3.2802
5966,0.00372,870.86,171.92,0.1974,95.9076,96.1495,0.2418,4.0924,3.8505
5967,0.002867,791.58,213.02,0.2691,96.8465,97.0328,0.1863,3.1535,2.9672
5968,0.003648,842.19,290.28,0.3447,95.9876,96.2247,0.2371,4.0124,3.7753
5969,0.004184,907.46,229.98,0.2534,95.398,95.6699,0.2719,4.602,4.3301
5970,0.003879,857.61,278.72,0.325,95.7334,95.9855,0.2521,4.2666,4.0145
5971,0.003177,764.72,165.54,0.2165,96.5048,96.7113,0.2065,3.4952,3.2887
5972,0.002811,984.03,235.65,0.2395,96.9077,97.0904,0.1827,3.0923,2.9096
5973,0.002981,915.03,167.27,0.1828,96.7212,96.915,0.1937,3.2788,3.085
5974,0.00347,694.74,199.02,0.2865,96.1827,96.4083,0.2256,3.8173,3.5917
5975,0.004059,856.31,178.91,0.2089,95.5352,95.799,0.2638,4.4648,4.201
5976,0.003682,946.69,205.58,0.2172,95.9493,96.1887,0.2394,4.0507,3.8113
5977,0.003462,879.11,278.87,0.3172,96.1922,96.4172,0.225,3.8078,3.5828
5978,0.002976,763.11,156.44,0.205,96.7265,96.9199,0.1934,3.2735,3.0801
5979,0.003189,827.16,195.66,0.2365,96.4917,96.699,0.2073,3.5083,3.301
5980,0.0041,730.45,241.64,0.3308,95.4895,95.756,0.2665,4.5105,4.244
5981,0.003593,959.81,171.22,0.1784,96.0475,96.281,0.2336,3.9525,3.719
5982,0.003832,800.96,170.45,0.2128,95.7846,96.0337,0.2491,4.2154,3.9663
5983,0.002961,929.51,219.22,0.2358,96.7432,96.9357,0.1924,3.2568,3.0643
5984,0.004002,973.87,229.31,0.2355,95.598,95.8581,0.2601,4.402,4.1419
5985,0.003633,744.71,237.35,0.3187,96.0038,96.24,0.2361,3.9962,3.76
5986,0.003679,965.46,294.58,0.3051,95.9529,96.192,0.2391,4.0471,3.808
5987,0.003578,826.28,270.92,0.3279,96.0647,96.2973,0.2325,3.9353,3.7027
5988,0.004092,887.22,291.66,0.3287,95.499,95.765,0.266,4.501,4.235
5989,0.003166,802.57,194.75,0.2427,96.5179,96.7237,0.2058,3.4821,3.2763
5990,0.003163,791.27,208.18,0.2631,96.5206,96.7262,0.2056,3.4794,3.2738
5991,0.002918,755.76,231.31,0.3061,96.7897,96.9794,0.1897,3.2103,3.0206
5992,0.003319,980.91,194.49,0.1983,96.3487,96.5644,0.2158,3.6513,3.4356
5993,0.003057,961.8,173.64,0.1805,96.6373,96.836,0.1987,3.3627,3.164
5994,0.003739,726.15,278.7,0.3838,95.887,96.1301,0.243,4.113,3.8699
5995,0.003073,835.56,177.47,0.2124,96.6198,96.8196,0.1997,3.3802,3.1804
5996,0.003369,903.05,152.81,0.1692,96.2939,96.5129,0.219,3.7061,3.4871
5997,0.003125,833.26,236.92,0.2843,96.5627,96.7658,0.2031,3.4373,3.2342
5998,0.003506,915.67,270.15,0.295,96.1432,96.3711,0.2279,3.8568,3.6289
5999,0.003355,959.33,274.68,0.2863,96.3098,96.5278,0.2181,3.6902,3.4722
6000,0.002846,949.1,298.29,0.3143,96.8697,97.0547,0.185,3.1303,2.9453
6001,0.003712,921.66,284.58,0.3088,95.9173,96.1585,0.2413,4.0827,3.8415
6002,0.003597,775.4,262.99,0.3392,96.0436,96.2774,0.2338,3.9564,3.7226
6003,0.004143,732.02,270.71,0.3698,95.4427,95.712,0.2693,4.5573,4.288
6004,0.002926,905.31,223.09,0.2464,96.7819,96.9721,0.1902,3.2181,3.0279
6005,0.004045,701.9,189.52,0.27,95.5505,95.8134,0.2629,4.4495,4.1866
6006,0.004191,782.71,276.22,0.3529,95.3899,95.6624,0.2724,4.6101,4.3376
6007,0.002882,757.65,269.09,0.3552,96.83,97.0173,0.1873,3.17,2.9827
6008,0.003969,1002.06,174.51,0.1741,95.6345,95.8925,0.258,4.3655,4.1075
6009,0.003941,887.23,192.05,0.2165,95.6648,95.921,0.2562,4.3352,4.079
6010,0.003347,741.6,262.74,0.3543,96.3181,96.5357,0.2176,3.6819,3.4643
6011,0.003822,936.32,263.82,0.2818,95.7961,96.0445,0.2484,4.2039,3.9555
6012,0.003079,725.38,299.1,0.4123,96.6136,96.8137,0.2001,3.3864,3.1863
6013,0.003673,759.48,170.44,0.2244,95.9596,96.1984,0.2387,4.0404,3.8016
6014,0.002988,816.43,298.73,0.3659,96.713,96.9072,0.1942,3.287,3.0928
6015,0.003102,978.46,184.46,0.1885,96.5881,96.7897,0.2016,3.4119,3.2103
6016,0.003107,766.24,220.27,0.2875,96.582,96.784,0.202,3.418,3.216
6017,0.002895,915.37,250.55,0.2737,96.8157,97.0039,0.1882,3.1843,2.9961
6018,0.003399,835.14,289.92,0.3472,96.2612,96.4822,0.2209,3.7388,3.5178
6019,0.002815,971.01,171.3,0.1764,96.9035,97.0865,0.183,3.0965,2.9135
6020,0.00347,887.39,262.64,0.296,96.1833,96.4088,0.2255,3.8167,3.5912
6021,0.003241,985.54,158.5,0.1608,96.4346,96.6453,0.2107,3.5654,3.3547
6022,0.003189,805.87,158.41,0.1966,96.4919,96.6992,0.2073,3.5081,3.3008
6023,0.004118,738.83,184.62,0.2499,95.47,95.7377,0.2677,4.53,4.2623
6024,0.003614,941.66,272.41,0.2893,96.0241,96.2591,0.2349,3.9759,3.7409
6025,0.003039,689.87,190.63,0.2763,96.6572,96.8548,0.1975,3.3428,3.1452
6026,0.004085,949.42,157.0,0.1654,95.5064,95.772,0.2655,4.4936,4.228
6027,0.003556,835.87,291.98,0.3493,96.0881,96.3193,0.2312,3.9119,3.6807
6028,0.003919,955.23,269.57,0.2822,95.6887,95.9434,0.2548,4.3113,4.0566
6029,0.004084,685.57,218.13,0.3182,95.5074,95.7729,0.2655,4.4926,4.2271
6030,0.003028,735.56,269.56,0.3665,96.6689,96.8657,0.1968,3.3311,3.1343
6031,0.00321,979.57,158.77,0.1621,96.4693,96.6779,0.2086,3.5307,3.3221
6032,0.00394,925.55,287.44,0.3106,95.6659,95.922,0.2561,4.3341,4.078
6033,0.003163,980.25,219.39,0.2238,96.5212,96.7268,0.2056,3.4788,3.2732
6034,0.003887,714.54,287.6,0.4025,95.7247,95.9773,0.2526,4.2753,4.0227
6035,0.003699,914.93,198.17,0.2166,95.931,96.1715,0.2404,4.069,3.8285
6036,0.003165,716.0,268.0,0.3743,96.5189,96.7246,0.2057,3.4811,3.2754
6037,0.003641,973.17,288.85,0.2968,95.9949,96.2316,0.2367,4.0051,3.7684
6038,0.00287,802.32,231.24,0.2882,96.8429,97.0295,0.1866,3.1571,2.9705
6039,0.003552,992.97,173.11,0.1743,96.0933,96.3241,0.2309,3.9067,3.6759
6040,0.003749,893.83,200.92,0.2248,95.8764,96.1201,0.2437,4.1236,3.8799
6041,0.004021,701.79,173.33,0.247,95.5768,95.8382,0.2614,4.4232,4.1618
6042,0.003638,952.91,237.74,0.2495,95.9979,96.2343,0.2365,4.0021,3.7657
6043,0.003763,810.99,263.74,0.3252,95.8603,96.105,0.2446,4.1397,3.895
6044,0.003194,766.61,226.07,0.2949,96.4861,96.6937,0.2076,3.5139,3.3063
6045,0.003835,1002.03,222.82,0.2224,95.7812,96.0305,0.2493,4.2188,3.9695
6046,0.003678,833.47,265.41,0.3184,95.9541,96.1932,0.2391,4.0459,3.8068
6047,0.002907,743.34,169.5,0.228,96.8025,96.9914,0.1889,3.1975,3.0086
6048,0.00292,696.03,229.64,0.3299,96.7876,96.9775,0.1898,3.2124,3.0225
6049,0.004152,694.27,254.53,0.3666,95.4323,95.7023,0.2699,4.5677,4.2977
6050,0.004176,867.95,271.1,0.3123,95.4069,95.6783,0.2714,4.5931,4.3217
6051,0.00384,697.0,287.45,0.4124,95.7762,96.0258,0.2496,4.2238,3.9742
6052,0.004166,705.14,278.26,0.3946,95.417,95.6878,0.2708,4.583,4.3122
6053,0.004008,844.81,254.04,0.3007,95.5911,95.8516,0.2605,4.4089,4.1484
6054,0.003917,997.06,239.74,0.2404,95.6912,95.9458,0.2546,4.3088,4.0542
6055,0.003294,879.84,242.91,0.2761,96.3771,96.5912,0.2141,3.6229,3.4088
6056,0.003153,800.69,239.73,0.2994,96.5322,96.7371,0.2049,3.4678,3.2629
6057,0.003829,985.12,166.41,0.1689,95.7878,96.0367,0.2489,4.2122,3.9633
6058,0.002943,739.67,285.8,0.3864,96.7629,96.9542,0.1913,3.2371,3.0458
6059,0.004123,934.47,187.47,0.2006,95.4642,95.7322,0.268,4.5358,4.2678
6060,0.003581,741.81,153.22,0.2065,96.0614,96.2941,0.2327,3.9386,3.7059
6061,0.004,730.88,166.95,0.2284,95.6,95.86,0.26,4.4,4.14
6062,0.003047,910.9,252.76,0.2775,96.6487,96.8468,0.198,3.3513,3.1532
6063,0.003165,978.88,207.38,0.2118,96.5186,96.7243,0.2057,3.4814,3.2757
6064,0.004141,988.98,261.01,0.2639,95.4445,95.7137,0.2692,4.5555,4.2863
6065,0.002802,863.46,179.33,0.2077,96.9177,97.0998,0.1821,3.0823,2.9002
6066,0.004167,780.11,216.42,0.2774,95.4167,95.6875,0.2708,4.5833,4.3125
6067,0.004067,686.3,225.33,0.3283,95.5265,95.7909,0.2643,4.4735,4.2091
6068,0.003526,852.92,237.02,0.2779,96.1214,96.3506,0.2292,3.8786,3.6494
6069,0.003263,772.13,153.12,0.1983,96.4109,96.623,0.2121,3.5891,3.377
6070,0.003033,972.46,242.08,0.2489,96.664,96.8612,0.1971,3.336,3.1388
6071,0.003329,852.55,202.4,0.2374,96.3386,96.555,0.2164,3.6614,3.445
6072,0.003657,977.49,178.42,0.1825,95.9774,96.2151,0.2377,4.0226,3.7849
6073,0.003755,848.92,243.59,0.2869,95.8699,96.114,0.2441,4.1301,3.886
6074,0.004065,815.07,245.2,0.3008,95.5282,95.7924,0.2642,4.4718,4.2076
6075,0.003093,1002.19,239.66,0.2391,96.5978,96.7989,0.201,3.4022,3.2011
6076,0.003243,759.28,177.75,0.2341,96.4325,96.6433,0.2108,3.5675,3.3567
6077,0.00409,841.22,269.22,0.32,95.5012,95.7671,0.2658,4.4988,4.2329
6078,0.003024,801.96,173.04,0.2158,96.6736,96.8701,0.1966,3.3264,3.1299
6079,0.003386,981.18,202.39,0.2063,96.2757,96.4958,0.2201,3.7243,3.5042
6080,0.002917,955.24,170.07,0.178,96.7911,96.9807,0.1896,3.2089,3.0193
6081,0.003716,874.72,289.12,0.3305,95.9127,96.1542,0.2415,4.0873,3.8458
6082,0.003011,777.18,160.7,0.2068,96.6876,96.8833,0.1957,3.3124,3.1167
6083,0.004094,1004.72,265.29,0.264,95.4969,95.763,0.2661,4.5031,4.237
6084,0.003106,731.56,197.66,0.2702,96.5837,96.7856,0.2019,3.4163,3.2144
6085,0.00386,918.38,210.33,0.229,95.7535,96.0045,0.2509,4.2465,3.9955
6086,0.00341,837.51,258.03,0.3081,96.2487,96.4704,0.2217,3.7513,3.5296
6087,0.003016,818.93,274.0,0.3346,96.6826,96.8786,0.196,3.3174,3.1214
6088,0.003812,905.79,293.09,0.3236,95.807,96.0548,0.2478,4.193,3.9452
6089,0.00286,808.17,200.28,0.2478,96.8542,97.0401,0.1859,3.1458,2.9599
6090,0.003163,854.89,246.95,0.2889,96.5208,96.7264,0.2056,3.4792,3.2736
6091,0.003572,713.01,180.71,0.2535,96.0711,96.3033,0.2322,3.9289,3.6967
6092,0.00295,902.6,264.04,0.2925,96.7553,96.947,0.1917,3.2447,3.053
6093,0.002857,772.69,230.16,0.2979,96.8577,97.0434,0.1857,3.1423,2.9566
6094,0.003991,919.49,173.56,0.1888,95.6095,95.8689,0.2594,4.3905,4.1311
6095,0.003946,708.46,277.58,0.3918,95.6589,95.9154,0.2565,4.3411,4.0846
6096,0.002932,961.8,267.32,0.2779,96.7747,96.9653,0.1906,3.2253,3.0347
6097,0.003321,780.66,249.41,0.3195,96.3469,96.5628,0.2159,3.6531,3.4372
6098,0.004037,921.82,230.75,0.2503,95.5595,95.8219,0.2624,4.4405,4.1781
6099,0.004018,864.77,230.37,0.2664,95.5806,95.8418,0.2611,4.4194,4.1582
6100,0.004188,781.3,151.27,0.1936,95.3932,95.6654,0.2722,4.6068,4.3346
6101,0.003869,717.31,199.01,0.2774,95.7441,95.9956,0.2515,4.2559,4.0044
6102,0.003579,699.89,196.4,0.2806,96.0633,96.296,0.2326,3.9367,3.704
6103,0.003228,725.41,275.52,0.3798,96.4494,96.6592,0.2098,3.5506,3.3408
6104,0.002801,950.17,176.65,0.1859,96.9185,97.1006,0.1821,3.0815,2.8994
6105,0.004099,991.29,224.67,0.2266,95.4908,95.7572,0.2665,4.5092,4.2428
6106,0.003694,843.35,274.79,0.3258,95.937,96.1771,0.2401,4.063,3.8229
6107,0.003529,943.82,293.96,0.3115,96.118,96.3474,0.2294,3.882,3.6526
6108,0.003693,775.8,280.53,0.3616,95.9378,96.1778,0.24,4.0622,3.8222
6109,0.003849,943.52,167.81,0.1779,95.7666,96.0168,0.2502,4.2334,3.9832
6110,0.003409,723.96,194.43,0.2686,96.2496,96.4712,0.2216,3.7504,3.5288
6111,0.003052,887.58,257.23,0.2898,96.6423,96.8408,0.1984,3.3577,3.1592
6112,0.003411,729.24,161.27,0.2211,96.2484,96.4701,0.2217,3.7516,3.5299
6113,0.003056,783.92,159.59,0.2036,96.6381,96.8368,0.1987,3.3619,3.1632
6114,0.003198,887.99,229.78,0.2588,96.4821,96.69,0.2079,3.5179,3.31
6115,0.003914,718.34,259.91,0.3618,95.6944,95.9488,0.2544,4.3056,4.0512
6116,0.004113,991.79,235.25,0.2372,95.476,95.7433,0.2673,4.524,4.2567
6117,0.004007,974.39,163.51,0.1678,95.5927,95.8531,0.2604,4.4073,4.1469
6118,0.004008,831.81,273.81,0.3292,95.5914,95.8519,0.2605,4.4086,4.1481
6119,0.003369,887.2,296.51,0.3342,96.2944,96.5133,0.219,3.7056,3.4867
6120,0.003189,914.82,164.48,0.1798,96.4924,96.6996,0.2073,3.5076,3.3004
6121,0.003025,917.43,166.63,0.1816,96.6722,96.8689,0.1966,3.3278,3.1311
6122,0.003569,699.38,281.28,0.4022,96.0737,96.3057,0.232,3.9263,3.6943
6123,0.003391,687.12,253.23,0.3685,96.2697,96.4902,0.2204,3.7303,3.5098
6124,0.003035,680.72,150.81,0.2215,96.6611,96.8584,0.1973,3.3389,3.1416
6125,0.004111,934.32,230.89,0.2471,95.4782,95.7454,0.2672,4.5218,4.2546
6126,0.003071,814.65,280.95,0.3449,96.6222,96.8218,0.1996,3.3778,3.1782
6127,0.002805,894.81,199.0,0.2224,96.9141,97.0964,0.1824,3.0859,2.9036
6128,0.003051,763.05,229.42,0.3007,96.6436,96.842,0.1983,3.3564,3.158
6129,0.003129,921.33,290.3,0.3151,96.5582,96.7616,0.2034,3.4418,3.2384
6130,0.003574,735.03,212.69,0.2894,96.0681,96.3005,0.2323,3.9319,3.6995
6131,0.003934,738.11,266.75,0.3614,95.6721,95.9279,0.2557,4.3279,4.0721
6132,0.003874,701.23,217.67,0.3104,95.7383,95.9902,0.2518,4.2617,4.0098
6133,0.003548,826.95,273.4,0.3306,96.0977,96.3283,0.2306,3.9023,3.6717
6134,0.003859,997.41,278.67,0.2794,95.7553,96.0061,0.2508,4.2447,3.9939
6135,0.003048,868.98,283.43,0.3262,96.6469,96.8451,0.1981,3.3531,3.1549
6136,0.004035,850.54,283.94,0.3338,95.5617,95.824,0.2623,4.4383,4.176
6137,0.003742,980.14,180.58,0.1842,95.8833,96.1266,0.2433,4.1167,3.8734
6138,0.00394,818.55,262.05,0.3201,95.6656,95.9217,0.2561,4.3344,4.0783
6139,0.003508,895.9,282.49,0.3153,96.1413,96.3693,0.228,3.8587,3.6307
6140,0.004149,990.44,262.51,0.265,95.4362,95.7059,0.2697,4.5638,4.2941
6141,0.003875,740.19,218.23,0.2948,95.7373,95.9892,0.2519,4.2627,4.0108
6142,0.003147,867.73,294.77,0.3397,96.5383,96.7429,0.2046,3.4617,3.2571
6143,0.002952,1010.87,178.48,0.1766,96.7527,96.9446,0.1919,3.2473,3.0554
6144,0.003729,948.97,180.17,0.1899,95.8977,96.1401,0.2424,4.1023,3.8599
6145,0.003116,886.98,164.87,0.1859,96.5726,96.7751,0.2025,3.4274,3.2249
6146,0.003557,852.75,295.62,0.3467,96.0875,96.3187,0.2312,3.9125,3.6813
6147,0.003289,743.52,260.58,0.3505,96.382,96.5958,0.2138,3.618,3.4042
6148,0.00382,701.52,221.53,0.3158,95.7984,96.0467,0.2483,4.2016,3.9533
6149,0.003792,939.85,291.15,0.3098,95.8293,96.0757,0.2465,4.1707,3.9243
6150,0.002828,1003.91,222.34,0.2215,96.8895,97.0733,0.1838,3.1105,2.9267
6151,0.00334,901.22,213.37,0.2368,96.3261,96.5432,0.2171,3.6739,3.4568
6152,0.003681,805.88,237.3,0.2945,95.9511,96.1904,0.2393,4.0489,3.8096
6153,0.002809,985.61,230.73,0.2341,96.9103,97.0929,0.1826,3.0897,2.9071
6154,0.002941,902.42,189.96,0.2105,96.7653,96.9564,0.1911,3.2347,3.0436
6155,0.003878,891.2,220.06,0.2469,95.7337,95.9858,0.2521,4.2663,4.0142
6156,0.003422,819.32,219.1,0.2674,96.2353,96.4578,0.2225,3.7647,3.5422
6157,0.003504,717.63,295.49,0.4118,96.1451,96.3729,0.2278,3.8549,3.6271
6158,0.003387,970.1,246.49,0.2541,96.2747,96.4949,0.2201,3.7253,3.5051
6159,0.003557,781.63,249.11,0.3187,96.0868,96.3181,0.2312,3.9132,3.6819
6160,0.003049,909.69,298.6,0.3282,96.6456,96.8438,0.1982,3.3544,3.1562
6161,0.003951,731.23,208.62,0.2853,95.6543,95.9111,0.2568,4.3457,4.0889
6162,0.003316,1004.14,209.89,0.209,96.3523,96.5678,0.2155,3.6477,3.4322
6163,0.003338,738.08,280.48,0.38,96.3279,96.5449,0.217,3.6721,3.4551
6164,0.003605,712.03,198.55,0.2789,96.0349,96.2692,0.2343,3.9651,3.7308
6165,0.003086,889.69,238.98,0.2686,96.6056,96.8062,0.2006,3.3944,3.1938
6166,0.004048,735.25,198.92,0.2705,95.5477,95.8108,0.2631,4.4523,4.1892
6167,0.003643,908.2,244.24,0.2689,95.9924,96.2292,0.2368,4.0076,3.7708
6168,0.002813,831.07,194.68,0.2342,96.9061,97.0889,0.1828,3.0939,2.9111
6169,0.002991,972.96,153.37,0.1576,96.7098,96.9042,0.1944,3.2902,3.0958
6170,0.003175,841.56,264.72,0.3146,96.5071,96.7135,0.2064,3.4929,3.2865
6171,0.003377,880.69,299.55,0.3401,96.2855,96.505,0.2195,3.7145,3.495
6172,0.002888,828.88,242.81,0.2929,96.8231,97.0108,0.1877,3.1769,2.9892
6173,0.003478,871.23,232.99,0.2674,96.174,96.4001,0.2261,3.826,3.5999
6174,0.003633,784.38,251.96,0.3212,96.0033,96.2394,0.2362,3.9967,3.7606
6175,0.003157,799.66,242.67,0.3035,96.5274,96.7326,0.2052,3.4726,3.2674
6176,0.003599,817.91,161.29,0.1972,96.0407,96.2747,0.234,3.9593,3.7253
6177,0.003513,952.93,270.3,0.2836,96.136,96.3644,0.2283,3.864,3.6356
6178,0.003986,718.27,219.31,0.3053,95.6157,95.8747,0.2591,4.3843,4.1253
6179,0.003205,835.83,291.56,0.3488,96.475,96.6833,0.2083,3.525,3.3167
6180,0.003281,815.55,237.23,0.2909,96.3912,96.6045,0.2132,3.6088,3.3955
6181,0.003932,716.32,207.12,0.2891,95.675,95.9306,0.2556,4.325,4.0694
6182,0.003887,861.46,189.78,0.2203,95.7243,95.977,0.2527,4.2757,4.023
6183,0.003242,949.39,175.0,0.1843,96.4333,96.6441,0.2108,3.5667,3.3559
6184,0.003696,954.11,281.38,0.2949,95.9344,96.1746,0.2402,4.0656,3.8254
6185,0.003257,738.11,275.35,0.3731,96.4169,96.6287,0.2117,3.5831,3.3713
6186,0.004181,735.77,170.93,0.2323,95.4007,95.6724,0.2718,4.5993,4.3276
6187,0.003442,814.88,193.48,0.2374,96.2136,96.4374,0.2237,3.7864,3.5626
6188,0.003643,700.81,275.98,0.3938,95.9932,96.2299,0.2368,4.0068,3.7701
6189,0.003051,861.78,187.9,0.218,96.6441,96.8424,0.1983,3.3559,3.1576
6190,0.003528,941.86,150.08,0.1593,96.1191,96.3484,0.2293,3.8809,3.6516
6191,0.004028,874.87,178.49,0.204,95.569,95.8309,0.2618,4.431,4.1691
6192,0.003732,693.99,222.37,0.3204,95.8948,96.1374,0.2426,4.1052,3.8626
6193,0.003733,863.89,185.54,0.2148,95.8932,96.1359,0.2427,4.1068,3.8641
6194,0.003633,841.07,275.01,0.327,96.0037,96.2398,0.2361,3.9963,3.7602
6195,0.003841,716.04,202.14,0.2823,95.775,96.0246,0.2497,4.225,3.9754
6196,0.004178,760.43,172.41,0.2267,95.4043,95.6758,0.2716,4.5957,4.3242
6197,0.004144,948.02,287.28,0.303,95.4414,95.7108,0.2694,4.5586,4.2892
6198,0.002866,752.37,251.95,0.3349,96.8472,97.0335,0.1863,3.1528,2.9665
6199,0.003808,938.32,210.49,0.2243,95.8109,96.0584,0.2475,4.1891,3.9416
6200,0.003629,975.61,239.47,0.2455,96.0081,96.2439,0.2359,3.9919,3.7561
6201,0.003703,685.88,295.24,0.4305,95.9266,96.1673,0.2407,4.0734,3.8327
6202,0.0033,779.55,233.69,0.2998,96.3695,96.5841,0.2145,3.6305,3.4159
6203,0.003874,745.14,215.74,0.2895,95.7384,95.9902,0.2518,4.2616,4.0098
6204,0.003558,967.19,298.58,0.3087,96.0863,96.3176,0.2313,3.9137,3.6824
6205,0.003405,873.62,225.4,0.258,96.2547,96.476,0.2213,3.7453,3.524
6206,0.003472,925.14,152.93,0.1653,96.181,96.4067,0.2257,3.819,3.5933
6207,0.002966,840.52,212.17,0.2524,96.7378,96.9306,0.1928,3.2622,3.0694
6208,0.0037,691.87,166.95,0.2413,95.9302,96.1707,0.2405,4.0698,3.8293
6209,0.00385,825.43,283.28,0.3432,95.7648,96.0151,0.2503,4.2352,3.9849
6210,0.002972,758.51,287.84,0.3795,96.7308,96.924,0.1932,3.2692,3.076
6211,0.003224,1009.44,169.73,0.1681,96.4534,96.6629,0.2096,3.5466,3.3371
6212,0.003633,694.71,222.59,0.3204,96.0032,96.2394,0.2362,3.9968,3.7606
6213,0.003731,1004.6,233.79,0.2327,95.8955,96.138,0.2425,4.1045,3.862
6214,0.004101,958.29,206.13,0.2151,95.4891,95.7557,0.2666,4.5109,4.2443
6215,0.003221,693.13,171.26,0.2471,96.4566,96.666,0.2094,3.5434,3.334
6216,0.003889,719.72,286.52,0.3981,95.7217,95.9745,0.2528,4.2783,4.0255
6217,0.003656,828.3,221.65,0.2676,95.9786,96.2163,0.2376,4.0214,3.7837
6218,0.003242,824.66,176.74,0.2143,96.4342,96.6449,0.2107,3.5658,3.3551
6219,0.004115,741.47,241.35,0.3255,95.474,95.7415,0.2674,4.526,4.2585
6220,0.003264,753.25,245.28,0.3256,96.4091,96.6212,0.2122,3.5909,3.3788
6221,0.003724,829.46,154.41,0.1862,95.9037,96.1458,0.2421,4.0963,3.8542
6222,0.003498,843.34,208.32,0.247,96.1517,96.3791,0.2274,3.8483,3.6209
6223,0.003558,912.81,198.85,0.2178,96.0866,96.3178,0.2312,3.9134,3.6822
6224,0.003636,884.27,198.94,0.225,96.0002,96.2365,0.2364,3.9998,3.7635
6225,0.002935,960.19,184.76,0.1924,96.7716,96.9623,0.1908,3.2284,3.0377
6226,0.003115,682.08,274.57,0.4025,96.5732,96.7757,0.2025,3.4268,3.2243
6227,0.004157,777.74,259.3,0.3334,95.427,95.6973,0.2702,4.573,4.3027
6228,0.003105,736.52,274.33,0.3725,96.584,96.7859,0.2019,3.416,3.2141
6229,0.004059,699.16,261.15,0.3735,95.5348,95.7987,0.2639,4.4652,4.2013
6230,0.003352,903.86,291.98,0.323,96.3126,96.5305,0.2179,3.6874,3.4695
6231,0.004103,703.12,257.57,0.3663,95.487,95.7537,0.2667,4.513,4.2463
6232,0.003461,993.87,246.01,0.2475,96.1927,96.4176,0.225,3.8073,3.5824
6233,0.003687,837.53,173.56,0.2072,95.9447,96.1843,0.2396,4.0553,3.8157
6234,0.003881,862.26,231.84,0.2689,95.7305,95.9828,0.2523,4.2695,4.0172
6235,0.003145,797.81,198.15,0.2484,96.5406,96.745,0.2044,3.4594,3.255
6236,0.003745,868.41,175.65,0.2023,95.8803,96.1238,0.2434,4.1197,3.8762
6237,0.003618,783.79,252.19,0.3218,96.0199,96.2551,0.2352,3.9801,3.7449
6238,0.003285,922.35,196.89,0.2135,96.3867,96.6002,0.2135,3.6133,3.3998
6239,0.003369,1012.35,199.15,0.1967,96.2946,96.5136,0.219,3.7054,3.4864
6240,0.003316,708.57,159.98,0.2258,96.3529,96.5684,0.2155,3.6471,3.4316
6241,0.00327,697.76,277.75,0.3981,96.4026,96.6152,0.2126,3.5974,3.3848
6242,0.002866,784.89,163.91,0.2088,96.8474,97.0337,0.1863,3.1526,2.9663
6243,0.003428,784.47,220.74,0.2814,96.2297,96.4525,0.2228,3.7703,3.5475
6244,0.003871,897.13,203.49,0.2268,95.7424,95.994,0.2516,4.2576,4.006
6245,0.002998,829.04,229.34,0.2766,96.7026,96.8975,0.1948,3.2974,3.1025
6246,0.003841,928.96,166.82,0.1796,95.7752,96.0249,0.2496,4.2248,3.9751
6247,0.003905,836.82,203.46,0.2431,95.7042,95.9581,0.2538,4.2958,4.0419
6248,0.00322,953.96,235.66,0.247,96.4576,96.6669,0.2093,3.5424,3.3331
6249,0.003079,778.39,285.2,0.3664,96.6129,96.813,0.2001,3.3871,3.187
6250,0.003084,793.35,223.25,0.2814,96.6071,96.8076,0.2005,3.3929,3.1924
6251,0.003548,755.56,168.72,0.2233,96.0972,96.3278,0.2306,3.9028,3.6722
6252,0.003105,708.27,268.13,0.3786,96.5846,96.7864,0.2018,3.4154,3.2136
6253,0.003764,761.48,246.65,0.3239,95.8599,96.1045,0.2446,4.1401,3.8955
6254,0.004086,1013.34,214.07,0.2113,95.5056,95.7712,0.2656,4.4944,4.2288
6255,0.002852,841.31,230.24,0.2737,96.8624,97.0478,0.1854,3.1376,2.9522
6256,0.003045,990.63,160.25,0.1618,96.6504,96.8483,0.1979,3.3496,3.1517
6257,0.003912,843.17,221.28,0.2624,95.6966,95.9509,0.2543,4.3034,4.0491
6258,0.002813,961.25,215.22,0.2239,96.9052,97.088,0.1829,3.0948,2.912
6259,0.003242,701.28,177.23,0.2527,96.4334,96.6442,0.2108,3.5666,3.3558
6260,0.003423,783.95,199.01,0.2539,96.2344,96.4569,0.2225,3.7656,3.5431
6261,0.003725,995.04,259.34,0.2606,95.9022,96.1444,0.2421,4.0978,3.8556
6262,0.003476,953.96,226.78,0.2377,96.1767,96.4027,0.2259,3.8233,3.5973
6263,0.002942,871.94,166.11,0.1905,96.7636,96.9549,0.1912,3.2364,3.0451
6264,0.003395,842.64,193.88,0.2301,96.2657,96.4864,0.2207,3.7343,3.5136
6265,0.004017,848.83,260.28,0.3066,95.5812,95.8423,0.2611,4.4188,4.1577
6266,0.00342,808.83,174.39,0.2156,96.2383,96.4605,0.2223,3.7617,3.5395
6267,0.003933,880.21,159.8,0.1815,95.674,95.9297,0.2556,4.326,4.0703
6268,0.003235,751.37,209.41,0.2787,96.442,96.6522,0.2102,3.558,3.3478
6269,0.003623,875.7,283.3,0.3235,96.015,96.2505,0.2355,3.985,3.7495
6270,0.003681,826.2,295.75,0.358,95.9512,96.1904,0.2392,4.0488,3.8096
6271,0.003278,887.26,236.27,0.2663,96.3942,96.6072,0.2131,3.6058,3.3928
6272,0.003906,914.43,166.82,0.1824,95.7029,95.9569,0.2539,4.2971,4.0431
6273,0.003545,868.4,221.95,0.2556,96.1003,96.3307,0.2304,3.8997,3.6693
6274,0.003608,860.64,185.09,0.2151,96.0307,96.2653,0.2345,3.9693,3.7347
6275,0.004104,921.02,174.56,0.1895,95.4861,95.7528,0.2667,4.5139,4.2472
6276,0.003786,863.7,211.44,0.2448,95.8354,96.0815,0.2461,4.1646,3.9185
6277,0.003531,987.56,175.53,0.1777,96.116,96.3455,0.2295,3.884,3.6545
6278,0.003213,774.16,290.68,0.3755,96.466,96.6748,0.2088,3.534,3.3252
6279,0.003887,781.16,262.66,0.3362,95.7242,95.9769,0.2527,4.2758,4.0231
6280,0.004061,907.8,258.63,0.2849,95.5325,95.7965,0.264,4.4675,4.2035
6281,0.003616,828.93,234.16,0.2825,96.0224,96.2575,0.235,3.9776,3.7425
6282,0.004028,960.12,283.47,0.2952,95.5697,95.8315,0.2618,4.4303,4.1685
6283,0.00326,921.39,202.28,0.2195,96.414,96.6259,0.2119,3.586,3.3741
6284,0.003528,1001.45,261.28,0.2609,96.1194,96.3487,0.2293,3.8806,3.6513
6285,0.00398,697.46,171.52,0.2459,95.6224,95.8811,0.2587,4.3776,4.1189
6286,0.003418,878.49,259.67,0.2956,96.2407,96.4628,0.2221,3.7593,3.5372
6287,0.003653,985.05,276.86,0.2811,95.9818,96.2193,0.2374,4.0182,3.7807
6288,0.003974,958.8,194.89,0.2033,95.6286,95.8869,0.2583,4.3714,4.1131
6289,0.003557,897.36,286.1,0.3188,96.0877,96.3189,0.2312,3.9123,3.6811
6290,0.003433,707.86,152.16,0.215,96.2241,96.4473,0.2231,3.7759,3.5527
6291,0.003259,877.4,194.89,0.2221,96.4146,96.6265,0.2119,3.5854,3.3735
6292,0.004152,994.65,271.63,0.2731,95.4332,95.703,0.2699,4.5668,4.297
6293,0.003906,950.23,180.92,0.1904,95.7035,95.9574,0.2539,4.2965,4.0426
6294,0.003495,977.11,228.46,0.2338,96.1556,96.3828,0.2272,3.8444,3.6172
6295,0.003348,857.95,162.45,0.1893,96.3175,96.5351,0.2176,3.6825,3.4649
6296,0.003817,896.99,181.49,0.2023,95.8018,96.0499,0.2481,4.1982,3.9501
6297,0.003504,935.68,277.34,0.2964,96.1457,96.3735,0.2278,3.8543,3.6265
6298,0.00296,707.85,186.86,0.264,96.7443,96.9367,0.1924,3.2557,3.0633
6299,0.004181,847.17,230.82,0.2725,95.4014,95.6732,0.2717,4.5986,4.3268
6300,0.003185,991.59,236.47,0.2385,96.4963,96.7034,0.207,3.5037,3.2966
6301,0.004043,687.71,269.24,0.3915,95.5532,95.816,0.2628,4.4468,4.184
6302,0.003719,974.6,276.56,0.2838,95.9087,96.1505,0.2418,4.0913,3.8495
6303,0.003602,967.61,275.01,0.2842,96.0378,96.2719,0.2341,3.9622,3.7281
6304,0.003423,876.21,205.56,0.2346,96.2342,96.4568,0.2225,3.7658,3.5432
6305,0.003007,972.89,288.69,0.2967,96.6924,96.8878,0.1955,3.3076,3.1122
6306,0.003619,755.14,268.4,0.3554,96.0188,96.254,0.2353,3.9812,3.746
6307,0.002925,961.88,196.96,0.2048,96.7823,96.9724,0.1901,3.2177,3.0276
6308,0.003506,935.29,263.18,0.2814,96.1429,96.3708,0.2279,3.8571,3.6292
6309,0.003451,934.66,265.32,0.2839,96.2044,96.4287,0.2243,3.7956,3.5713
6310,0.003737,746.35,251.0,0.3363,95.8898,96.1327,0.2429,4.1102,3.8673
6311,0.002828,933.1,168.28,0.1803,96.8892,97.0731,0.1838,3.1108,2.9269
6312,0.003138,878.73,151.57,0.1725,96.5487,96.7526,0.2039,3.4513,3.2474
6313,0.004142,861.1,277.92,0.3228,95.4439,95.7131,0.2692,4.5561,4.2869
6314,0.004179,784.51,246.95,0.3148,95.4035,95.6751,0.2716,4.5965,4.3249
6315,0.003241,721.23,258.53,0.3585,96.4347,96.6453,0.2107,3.5653,3.3547
6316,0.002859,700.08,229.67,0.3281,96.8549,97.0408,0.1858,3.1451,2.9592
6317,0.003957,951.18,278.34,0.2926,95.6474,95.9046,0.2572,4.3526,4.0954
6318,0.003804,694.52,199.16,0.2868,95.8155,96.0628,0.2473,4.1845,3.9372
6319,0.004031,781.77,257.2,0.329,95.5658,95.8279,0.262,4.4342,4.1721
6320,0.003089,703.69,201.49,0.2863,96.6019,96.8027,0.2008,3.3981,3.1973
6321,0.003776,947.59,224.43,0.2368,95.8464,96.0918,0.2454,4.1536,3.9082
6322,0.003331,816.7,287.25,0.3517,96.3362,96.5527,0.2165,3.6638,3.4473
6323,0.00291,914.67,226.45,0.2476,96.7985,96.9877,0.1892,3.2015,3.0123
6324,0.003639,873.24,181.35,0.2077,95.9966,96.2332,0.2366,4.0034,3.7668
6325,0.003139,890.35,255.65,0.2871,96.5473,96.7513,0.204,3.4527,3.2487
6326,0.003677,865.15,296.31,0.3425,95.955,96.194,0.239,4.045,3.806
6327,0.004167,966.13,214.53,0.2221,95.4161,95.6869,0.2709,4.5839,4.3131
6328,0.003313,1004.91,217.55,0.2165,96.3553,96.5706,0.2154,3.6447,3.4294
6329,0.003145,901.22,279.12,0.3097,96.5407,96.7451,0.2044,3.4593,3.2549
6330,0.003949,761.4,223.1,0.293,95.6566,95.9132,0.2567,4.3434,4.0868
6331,0.00306,797.88,281.58,0.3529,96.6337,96.8326,0.1989,3.3663,3.1674
6332,0.002942,778.66,208.93,0.2683,96.7641,96.9553,0.1912,3.2359,3.0447
6333,0.00375,694.48,170.1,0.2449,95.8746,96.1184,0.2438,4.1254,3.8816
6334,0.003511,761.59,222.92,0.2927,96.1376,96.3658,0.2282,3.8624,3.6342
6335,0.00344,970.79,231.71,0.2387,96.2163,96.4399,0.2236,3.7837,3.5601
6336,0.003391,940.34,206.73,0.2198,96.2704,96.4908,0.2204,3.7296,3.5092
6337,0.002807,990.8,194.25,0.1961,96.9128,97.0952,0.1824,3.0872,2.9048
6338,0.00353,808.42,188.23,0.2328,96.1173,96.3467,0.2294,3.8827,3.6533
6339,0.002896,919.63,211.83,0.2303,96.8142,97.0025,0.1883,3.1858,2.9975
6340,0.002849,715.65,299.88,0.419,96.8662,97.0513,0.1852,3.1338,2.9487
6341,0.003447,1002.59,245.19,0.2446,96.2088,96.4328,0.224,3.7912,3.5672
6342,0.003087,862.04,272.72,0.3164,96.6047,96.8053,0.2006,3.3953,3.1947
6343,0.004087,819.26,189.84,0.2317,95.5047,95.7703,0.2656,4.4953,4.2297
6344,0.004165,1007.53,155.62,0.1545,95.418,95.6888,0.2708,4.582,4.3112
6345,0.003737,865.93,170.31,0.1967,95.8893,96.1322,0.2429,4.1107,3.8678
6346,0.004172,682.81,171.41,0.251,95.4106,95.6818,0.2712,4.5894,4.3182
6347,0.003388,823.56,290.04,0.3522,96.2737,96.4939,0.2202,3.7263,3.5061
6348,0.003513,714.83,245.06,0.3428,96.136,96.3643,0.2283,3.864,3.6357
6349,0.003747,834.12,229.33,0.2749,95.8783,96.1218,0.2436,4.1217,3.8782
6350,0.003611,881.27,269.14,0.3054,96.0283,96.263,0.2347,3.9717,3.737
6351,0.004097,875.62,236.27,0.2698,95.4931,95.7594,0.2663,4.5069,4.2406
6352,0.002863,848.4,189.02,0.2228,96.8508,97.0369,0.1861,3.1492,2.9631
6353,0.003859,991.93,279.04,0.2813,95.7555,96.0063,0.2508,4.2445,3.9937
6354,0.003677,915.3,150.54,0.1645,95.9549,96.1939,0.239,4.0451,3.8061
6355,0.003043,851.92,264.53,0.3105,96.6525,96.8503,0.1978,3.3475,3.1497
6356,0.00319,888.65,218.15,0.2455,96.4915,96.6989,0.2073,3.5085,3.3011
6357,0.003177,788.77,294.14,0.3729,96.5048,96.7113,0.2065,3.4952,3.2887
6358,0.002957,920.35,274.67,0.2984,96.7477,96.9399,0.1922,3.2523,3.0601
6359,0.003874,862.8,283.91,0.3291,95.7389,95.9907,0.2518,4.2611,4.0093
6360,0.00299,846.93,218.03,0.2574,96.7109,96.9052,0.1944,3.2891,3.0948
6361,0.004044,687.23,295.18,0.4295,95.5521,95.8149,0.2628,4.4479,4.1851
6362,0.003928,1006.35,297.77,0.2959,95.6787,95.934,0.2554,4.3213,4.066
6363,0.003904,937.57,275.87,0.2942,95.7052,95.959,0.2538,4.2948,4.041
6364,0.003949,943.72,264.85,0.2806,95.656,95.9127,0.2567,4.344,4.0873
6365,0.002849,783.72,181.24,0.2313,96.8659,97.0511,0.1852,3.1341,2.9489
6366,0.003505,857.72,159.75,0.1862,96.144,96.3719,0.2279,3.856,3.6281
6367,0.003491,866.45,216.48,0.2498,96.1601,96.387,0.2269,3.8399,3.613
6368,0.003846,1007.01,183.37,0.1821,95.769,96.019,0.25,4.231,3.981
6369,0.003128,817.6,264.15,0.3231,96.5596,96.7629,0.2033,3.4404,3.2371
6370,0.003429,962.0,164.14,0.1706,96.2278,96.4507,0.2229,3.7722,3.5493
6371,0.003804,885.71,243.4,0.2748,95.8151,96.0624,0.2473,4.1849,3.9376
6372,0.002958,1003.51,178.95,0.1783,96.7464,96.9387,0.1923,3.2536,3.0613
6373,0.003956,976.94,295.4,0.3024,95.6481,95.9053,0.2572,4.3519,4.0947
6374,0.003061,723.42,169.99,0.235,96.6331,96.8321,0.199,3.3669,3.1679
6375,0.00317,736.73,155.93,0.2116,96.5127,96.7187,0.2061,3.4873,3.2813
6376,0.003167,902.77,175.56,0.1945,96.5166,96.7224,0.2058,3.4834,3.2776
6377,0.004018,984.11,241.68,0.2456,95.5804,95.8415,0.2612,4.4196,4.1585
6378,0.003814,801.07,219.27,0.2737,95.8048,96.0527,0.2479,4.1952,3.9473
6379,0.00281,937.71,159.94,0.1706,96.9087,97.0914,0.1827,3.0913,2.9086
6380,0.002879,914.65,253.42,0.2771,96.8328,97.02,0.1872,3.1672,2.98
6381,0.003974,772.52,234.75,0.3039,95.6281,95.8865,0.2583,4.3719,4.1135
6382,0.003023,806.22,267.12,0.3313,96.6743,96.8708,0.1965,3.3257,3.1292
6383,0.003976,898.7,158.92,0.1768,95.6261,95.8846,0.2585,4.3739,4.1154
6384,0.003476,889.48,164.82,0.1853,96.1766,96.4025,0.2259,3.8234,3.5975
6385,0.003688,729.11,262.6,0.3602,95.9432,96.1829,0.2397,4.0568,3.8171
6386,0.003562,838.31,238.11,0.284,96.0823,96.3138,0.2315,3.9177,3.6862
6387,0.00383,841.39,261.66,0.311,95.7875,96.0364,0.2489,4.2125,3.9636
6388,0.004176,974.29,236.15,0.2424,95.4062,95.6777,0.2714,4.5938,4.3223
6389,0.003087,740.34,161.72,0.2184,96.6048,96.8054,0.2006,3.3952,3.1946
6390,0.003494,781.51,171.62,0.2196,96.1561,96.3833,0.2271,3.8439,3.6167
6391,0.003205,770.11,283.51,0.3681,96.474,96.6824,0.2084,3.526,3.3176
6392,0.003704,752.75,212.88,0.2828,95.9256,96.1664,0.2408,4.0744,3.8336
6393,0.002951,961.67,157.74,0.164,96.7539,96.9457,0.1918,3.2461,3.0543
6394,0.003069,810.07,214.74,0.2651,96.6237,96.8232,0.1995,3.3763,3.1768
6395,0.003763,753.14,221.23,0.2937,95.8612,96.1058,0.2446,4.1388,3.8942
6396,0.003009,815.78,254.17,0.3116,96.6901,96.8857,0.1956,3.3099,3.1143
6397,0.003038,997.65,172.72,0.1731,96.6585,96.8559,0.1975,3.3415,3.1441
6398,0.002849,882.15,266.91,0.3026,96.8659,97.0511,0.1852,3.1341,2.9489
6399,0.003131,983.71,212.12,0.2156,96.5559,96.7594,0.2035,3.4441,3.2406
6400,0.00299,874.22,179.49,0.2053,96.7113,96.9056,0.1943,3.2887,3.0944
6401,0.004142,878.35,151.5,0.1725,95.444,95.7132,0.2692,4.556,4.2868
6402,0.003451,885.67,154.5,0.1744,96.2041,96.4284,0.2243,3.7959,3.5716
6403,0.002934,762.75,200.03,0.2622,96.7725,96.9632,0.1907,3.2275,3.0368
6404,0.003917,1008.34,153.9,0.1526,95.6912,95.9458,0.2546,4.3088,4.0542
6405,0.003446,889.21,163.42,0.1838,96.2095,96.4334,0.224,3.7905,3.5666
6406,0.003854,691.77,217.72,0.3147,95.7609,96.0114,0.2505,4.2391,3.9886
6407,0.003024,717.11,231.08,0.3222,96.6732,96.8698,0.1966,3.3268,3.1302
6408,0.003333,694.03,226.4,0.3262,96.3338,96.5504,0.2166,3.6662,3.4496
6409,0.004038,902.73,224.34,0.2485,95.5577,95.8202,0.2625,4.4423,4.1798
6410,0.00306,688.48,273.54,0.3973,96.6341,96.833,0.1989,3.3659,3.167
6411,0.003243,993.5,266.02,0.2678,96.433,96.6438,0.2108,3.567,3.3562
6412,0.003841,949.4,299.82,0.3158,95.775,96.0247,0.2497,4.225,3.9753
6413,0.002955,736.84,271.16,0.368,96.7491,96.9412,0.1921,3.2509,3.0588
6414,0.00415,841.15,150.94,0.1794,95.4348,95.7046,0.2698,4.5652,4.2954
6415,0.00316,763.26,158.07,0.2071,96.5245,96.7298,0.2054,3.4755,3.2702
6416,0.00417,960.52,263.94,0.2748,95.4133,95.6843,0.271,4.5867,4.3157
6417,0.00321,947.42,285.36,0.3012,96.4686,96.6772,0.2087,3.5314,3.3228
6418,0.003057,729.04,247.19,0.3391,96.6372,96.8359,0.1987,3.3628,3.1641
6419,0.002822,796.39,182.2,0.2288,96.8963,97.0797,0.1834,3.1037,2.9203
6420,0.003623,936.81,171.29,0.1828,96.0149,96.2504,0.2355,3.9851,3.7496
6421,0.003826,998.42,259.56,0.26,95.7918,96.0405,0.2487,4.2082,3.9595
6422,0.003617,783.73,273.49,0.349,96.0217,96.2567,0.2351,3.9783,3.7433
6423,0.003917,841.32,177.04,0.2104,95.6913,95.9459,0.2546,4.3087,4.0541
6424,0.003664,750.8,177.39,0.2363,95.9698,96.2079,0.2381,4.0302,3.7921
6425,0.003698,800.06,164.16,0.2052,95.932,96.1724,0.2404,4.068,3.8276
6426,0.004092,839.91,161.84,0.1927,95.4987,95.7646,0.266,4.5013,4.2354
6427,0.003452,958.24,258.03,0.2693,96.2029,96.4273,0.2244,3.7971,3.5727
6428,0.002834,1010.03,170.09,0.1684,96.8829,97.0671,0.1842,3.1171,2.9329
6429,0.004127,961.23,203.86,0.2121,95.4601,95.7283,0.2683,4.5399,4.2717
6430,0.003556,718.06,155.56,0.2166,96.0883,96.3195,0.2311,3.9117,3.6805
6431,0.002948,875.49,166.57,0.1903,96.7571,96.9487,0.1916,3.2429,3.0513
6432,0.004137,862.59,288.33,0.3343,95.4492,95.7181,0.2689,4.5508,4.2819
6433,0.002927,953.84,231.07,0.2423,96.78,96.9703,0.1903,3.22,3.0297
6434,0.003366,937.53,192.83,0.2057,96.2969,96.5157,0.2188,3.7031,3.4843
6435,0.003649,862.19,212.04,0.2459,95.9858,96.223,0.2372,4.0142,3.777
6436,0.003471,825.51,281.82,0.3414,96.1824,96.408,0.2256,3.8176,3.592
6437,0.004173,909.32,169.04,0.1859,95.4098,95.681,0.2712,4.5902,4.319
6438,0.003449,1019.7,286.18,0.2806,96.206,96.4302,0.2242,3.794,3.5698
6439,0.0035,771.54,218.43,0.2831,96.1497,96.3772,0.2275,3.8503,3.6228
6440,0.002833,934.73,215.75,0.2308,96.8836,97.0678,0.1842,3.1164,2.9322
6441,0.00372,1011.98,296.51,0.293,95.9077,96.1495,0.2418,4.0923,3.8505
6442,0.002953,691.06,193.74,0.2803,96.7513,96.9433,0.192,3.2487,3.0567
6443,0.003985,724.41,215.58,0.2976,95.6166,95.8756,0.259,4.3834,4.1244
6444,0.002861,817.25,260.55,0.3188,96.8528,97.0388,0.186,3.1472,2.9612
6445,0.00387,997.32,265.28,0.266,95.7433,95.9948,0.2515,4.2567,4.0052
6446,0.004119,748.54,241.19,0.3222,95.4687,95.7365,0.2678,4.5313,4.2635
6447,0.003823,723.47,179.61,0.2483,95.7952,96.0437,0.2485,4.2048,3.9563
6448,0.003256,758.36,231.05,0.3047,96.4179,96.6296,0.2117,3.5821,3.3704
6449,0.003514,771.94,291.68,0.3779,96.1348,96.3632,0.2284,3.8652,3.6368
6450,0.002855,733.62,183.6,0.2503,96.8598,97.0454,0.1856,3.1402,2.9546
6451,0.004152,819.47,191.15,0.2333,95.4332,95.703,0.2699,4.5668,4.297
6452,0.003062,922.9,151.46,0.1641,96.6313,96.8303,0.1991,3.3687,3.1697
6453,0.002892,736.61,261.52,0.355,96.8185,97.0065,0.188,3.1815,2.9935
6454,0.003488,999.19,172.26,0.1724,96.1628,96.3896,0.2267,3.8372,3.6104
6455,0.00282,986.91,150.22,0.1522,96.8976,97.0809,0.1833,3.1024,2.9191
6456,0.003091,754.05,159.14,0.2111,96.5995,96.8004,0.2009,3.4005,3.1996
6457,0.002825,856.46,187.3,0.2187,96.892,97.0757,0.1837,3.108,2.9243
6458,0.003208,922.87,210.5,0.2281,96.4708,96.6793,0.2085,3.5292,3.3207
6459,0.003135,717.82,150.72,0.21,96.5515,96.7553,0.2038,3.4485,3.2447
6460,0.003523,874.39,266.72,0.305,96.1251,96.3541,0.229,3.8749,3.6459
6461,0.004199,721.25,167.87,0.2327,95.3811,95.6541,0.2729,4.6189,4.3459
6462,0.003918,687.87,293.24,0.4263,95.6906,95.9452,0.2546,4.3094,4.0548
6463,0.003991,810.72,262.95,0.3243,95.6104,95.8698,0.2594,4.3896,4.1302
6464,0.003679,958.94,170.83,0.1781,95.9532,96.1924,0.2391,4.0468,3.8076
6465,0.003492,997.5,261.32,0.262,96.1585,96.3855,0.227,3.8415,3.6145
6466,0.003615,860.86,266.0,0.309,96.0238,96.2587,0.235,3.9762,3.7413
6467,0.003817,931.6,242.67,0.2605,95.8008,96.0489,0.2481,4.1992,3.9511
6468,0.003343,864.2,259.96,0.3008,96.3222,96.5395,0.2173,3.6778,3.4605
6469,0.00322,1016.26,292.64,0.288,96.4577,96.667,0.2093,3.5423,3.333
6470,0.00412,974.64,232.14,0.2382,95.4681,95.7359,0.2678,4.5319,4.2641
6471,0.003472,767.72,186.74,0.2432,96.1808,96.4064,0.2257,3.8192,3.5936
6472,0.002871,993.26,272.39,0.2742,96.842,97.0286,0.1866,3.158,2.9714
6473,0.004161,855.12,252.64,0.2955,95.4224,95.6929,0.2705,4.5776,4.3071
6474,0.003149,720.37,164.52,0.2284,96.5365,96.7411,0.2047,3.4635,3.2589
6475,0.003969,1004.05,162.37,0.1617,95.634,95.892,0.258,4.366,4.108
6476,0.002935,980.01,197.75,0.2018,96.772,96.9627,0.1907,3.228,3.0373
6477,0.003727,868.8,205.41,0.2364,95.9003,96.1425,0.2423,4.0997,3.8575
6478,0.003163,850.42,263.88,0.3103,96.5209,96.7265,0.2056,3.4791,3.2735
6479,0.004148,785.08,295.92,0.3769,95.4372,95.7068,0.2696,4.5628,4.2932
6480,0.003065,768.32,277.18,0.3608,96.6288,96.828,0.1992,3.3712,3.172
6481,0.002817,803.43,198.59,0.2472,96.9015,97.0846,0.1831,3.0985,2.9154
6482,0.003135,820.38,154.5,0.1883,96.5517,96.7554,0.2038,3.4483,3.2446
6483,0.00325,1000.77,241.08,0.2409,96.4247,96.6359,0.2113,3.5753,3.3641
6484,0.003151,877.88,255.61,0.2912,96.5344,96.7392,0.2048,3.4656,3.2608
6485,0.004009,826.86,172.24,0.2083,95.5906,95.8512,0.2606,4.4094,4.1488
6486,0.002875,699.91,170.69,0.2439,96.8374,97.0242,0.1869,3.1626,2.9758
6487,0.004034,925.15,271.52,0.2935,95.5629,95.8251,0.2622,4.4371,4.1749
6488,0.003789,863.29,163.74,0.1897,95.8322,96.0785,0.2463,4.1678,3.9215
6489,0.00351,993.02,247.89,0.2496,96.1392,96.3674,0.2281,3.8608,3.6326
6490,0.003519,882.8,265.06,0.3002,96.1295,96.3582,0.2287,3.8705,3.6418
6491,0.004155,730.76,283.6,0.3881,95.4291,95.6992,0.2701,4.5709,4.3008
6492,0.002997,860.5,225.12,0.2616,96.7033,96.8981,0.1948,3.2967,3.1019
6493,0.002898,769.11,198.71,0.2584,96.8122,97.0005,0.1884,3.1878,2.9995
6494,0.00299,757.32,286.91,0.3789,96.7106,96.905,0.1944,3.2894,3.095
6495,0.003692,745.5,196.74,0.2639,95.9388,96.1787,0.24,4.0612,3.8213
6496,0.004131,755.57,299.36,0.3962,95.4554,95.724,0.2685,4.5446,4.276
6497,0.002824,780.18,173.92,0.2229,96.8932,97.0768,0.1836,3.1068,2.9232
6498,0.002933,942.34,292.56,0.3105,96.7742,96.9648,0.1906,3.2258,3.0352
6499,0.003572,792.89,232.34,0.293,96.0704,96.3026,0.2322,3.9296,3.6974
6500,0.003761,999.01,244.25,0.2445,95.8626,96.1071,0.2445,4.1374,3.8929
6501,0.003901,1011.35,201.89,0.1996,95.7091,95.9626,0.2536,4.2909,4.0374
6502,0.002825,906.29,283.84,0.3132,96.8924,97.0761,0.1836,3.1076,2.9239
6503,0.00296,690.78,219.7,0.318,96.7438,96.9362,0.1924,3.2562,3.0638
6504,0.003042,698.83,213.97,0.3062,96.6537,96.8515,0.1977,3.3463,3.1485
6505,0.002833,708.99,234.23,0.3304,96.8838,97.0679,0.1841,3.1162,2.9321
6506,0.003531,835.82,154.44,0.1848,96.1155,96.3451,0.2295,3.8845,3.6549
6507,0.003813,933.52,176.37,0.1889,95.806,96.0538,0.2478,4.194,3.9462
6508,0.004177,723.23,260.25,0.3598,95.4052,95.6768,0.2715,4.5948,4.3232
6509,0.004095,825.25,202.63,0.2455,95.4951,95.7613,0.2662,4.5049,4.2387
6510,0.002975,902.65,189.67,0.2101,96.7274,96.9207,0.1934,3.2726,3.0793
6511,0.003545,807.25,224.66,0.2783,96.1002,96.3306,0.2304,3.8998,3.6694
6512,0.003401,935.49,183.66,0.1963,96.2587,96.4798,0.2211,3.7413,3.5202
6513,0.003941,983.01,287.02,0.292,95.6651,95.9212,0.2562,4.3349,4.0788
6514,0.003855,786.1,258.81,0.3292,95.759,96.0096,0.2506,4.241,3.9904
6515,0.004159,783.86,176.66,0.2254,95.4252,95.6955,0.2703,4.5748,4.3045
6516,0.003002,829.53,298.14,0.3594,96.6977,96.8929,0.1951,3.3023,3.1071
6517,0.003993,781.95,273.78,0.3501,95.6077,95.8673,0.2595,4.3923,4.1327
6518,0.002835,891.49,199.93,0.2243,96.8813,97.0656,0.1843,3.1187,2.9344
6519,0.00281,849.73,261.53,0.3078,96.9095,97.0921,0.1826,3.0905,2.9079
6520,0.003676,749.69,259.78,0.3465,95.9561,96.195,0.239,4.0439,3.805
6521,0.003489,730.63,185.23,0.2535,96.1626,96.3894,0.2268,3.8374,3.6106
6522,0.003582,823.43,223.68,0.2716,96.0602,96.293,0.2328,3.9398,3.707
6523,0.003374,737.49,291.03,0.3946,96.2889,96.5082,0.2193,3.7111,3.4918
6524,0.00386,934.81,168.93,0.1807,95.7544,96.0053,0.2509,4.2456,3.9947
6525,0.003442,1003.92,209.14,0.2083,96.2134,96.4371,0.2238,3.7866,3.5629
6526,0.004182,853.19,277.1,0.3248,95.4002,95.672,0.2718,4.5998,4.328
6527,0.003785,811.73,202.66,0.2497,95.8365,96.0825,0.246,4.1635,3.9175
6528,0.003778,816.06,172.9,0.2119,95.8439,96.0895,0.2456,4.1561,3.9105
6529,0.002982,1014.41,293.46,0.2893,96.7198,96.9136,0.1938,3.2802,3.0864
6530,0.00367,830.26,299.67,0.3609,95.963,96.2016,0.2385,4.037,3.7984
6531,0.003993,830.28,278.44,0.3354,95.6075,95.867,0.2596,4.3925,4.133
6532,0.003177,892.01,221.0,0.2478,96.5049,96.7114,0.2065,3.4951,3.2886
6533,0.003962,905.21,236.73,0.2615,95.642,95.8995,0.2575,4.358,4.1005
6534,0.003695,802.95,155.47,0.1936,95.9358,96.1759,0.2402,4.0642,3.8241
6535,0.004165,717.01,226.54,0.3159,95.4186,95.6893,0.2707,4.5814,4.3107
6536,0.003501,844.35,195.2,0.2312,96.1491,96.3766,0.2276,3.8509,3.6234
6537,0.003004,760.0,279.61,0.3679,96.6958,96.8911,0.1952,3.3042,3.1089
6538,0.003936,784.58,196.09,0.2499,95.67,95.9259,0.2559,4.33,4.0741
6539,0.003387,931.23,206.76,0.222,96.2743,96.4945,0.2202,3.7257,3.5055
6540,0.003013,717.56,163.03,0.2272,96.6854,96.8812,0.1959,3.3146,3.1188
6541,0.003907,827.16,187.92,0.2272,95.7024,95.9564,0.2539,4.2976,4.0436
6542,0.003834,801.14,203.54,0.2541,95.7831,96.0323,0.2492,4.2169,3.9677
6543,0.003605,738.5,295.48,0.4001,96.0348,96.2691,0.2343,3.9652,3.7309
6544,0.003724,773.98,192.46,0.2487,95.9037,96.1458,0.2421,4.0963,3.8542
6545,0.003946,940.58,165.16,0.1756,95.6597,95.9162,0.2565,4.3403,4.0838
6546,0.003794,847.64,179.33,0.2116,95.8262,96.0728,0.2466,4.1738,3.9272
6547,0.003571,860.61,219.54,0.2551,96.0723,96.3044,0.2321,3.9277,3.6956
6548,0.002804,907.35,185.03,0.2039,96.9161,97.0983,0.1822,3.0839,2.9017
6549,0.003115,910.24,268.34,0.2948,96.573,96.7755,0.2025,3.427,3.2245
6550,0.003501,973.76,270.94,0.2782,96.1493,96.3769,0.2275,3.8507,3.6231
6551,0.003814,859.6,191.58,0.2229,95.805,96.0529,0.2479,4.195,3.9471
6552,0.003922,862.53,298.96,0.3466,95.6859,95.9408,0.2549,4.3141,4.0592
6553,0.003367,974.5,152.74,0.1567,96.2961,96.5149,0.2189,3.7039,3.4851
6554,0.003985,957.63,298.94,0.3122,95.616,95.8751,0.2591,4.384,4.1249
6555,0.003054,734.74,281.72,0.3834,96.6401,96.8387,0.1985,3.3599,3.1613
6556,0.003235,903.21,191.84,0.2124,96.4411,96.6514,0.2103,3.5589,3.3486
6557,0.003923,743.41,279.48,0.3759,95.6847,95.9397,0.255,4.3153,4.0603
6558,0.002966,816.49,196.64,0.2408,96.7376,96.9303,0.1928,3.2624,3.0697
6559,0.003842,859.48,150.63,0.1753,95.7743,96.024,0.2497,4.2257,3.976
6560,0.004124,848.87,165.07,0.1945,95.4632,95.7313,0.2681,4.5368,4.2687
6561,0.003822,976.58,207.76,0.2127,95.7958,96.0443,0.2484,4.2042,3.9557
6562,0.004182,748.9,159.37,0.2128,95.3993,95.6712,0.2719,4.6007,4.3288
6563,0.003778,715.71,217.01,0.3032,95.8437,96.0893,0.2456,4.1563,3.9107
6564,0.003959,891.79,286.86,0.3217,95.6448,95.9021,0.2574,4.3552,4.0979
6565,0.002869,710.42,191.4,0.2694,96.8438,97.0303,0.1865,3.1562,2.9697
6566,0.004114,751.35,287.85,0.3831,95.4749,95.7423,0.2674,4.5251,4.2577
6567,0.003465,719.7,166.04,0.2307,96.1887,96.414,0.2252,3.8113,3.586
6568,0.003766,934.16,238.45,0.2553,95.8576,96.1024,0.2448,4.1424,3.8976
6569,0.003453,901.76,212.24,0.2354,96.2014,96.4258,0.2245,3.7986,3.5742
6570,0.003893,715.69,244.55,0.3417,95.7178,95.9708,0.253,4.2822,4.0292
6571,0.003343,995.29,264.08,0.2653,96.3226,96.5399,0.2173,3.6774,3.4601
6572,0.004116,912.47,242.53,0.2658,95.4725,95.7401,0.2675,4.5275,4.2599
6573,0.003852,697.32,226.1,0.3242,95.7631,96.0134,0.2504,4.2369,3.9866
6574,0.002938,900.32,276.81,0.3075,96.7683,96.9592,0.191,3.2317,3.0408
6575,0.003691,959.3,199.3,0.2078,95.9404,96.1802,0.2399,4.0596,3.8198
6576,0.003311,683.2,168.07,0.246,96.3584,96.5736,0.2152,3.6416,3.4264
6577,0.003088,828.77,183.52,0.2214,96.6027,96.8035,0.2007,3.3973,3.1965
6578,0.003542,920.1,153.4,0.1667,96.1036,96.3339,0.2302,3.8964,3.6661
6579,0.004092,869.76,251.4,0.289,95.4992,95.7651,0.266,4.5008,4.2349
6580,0.003972,857.68,150.52,0.1755,95.6308,95.889,0.2582,4.3692,4.111
6581,0.002993,839.11,264.07,0.3147,96.7081,96.9026,0.1945,3.2919,3.0974
6582,0.003801,839.1,291.82,0.3478,95.8188,96.0659,0.2471,4.1812,3.9341
6583,0.002948,689.35,253.54,0.3678,96.7571,96.9487,0.1916,3.2429,3.0513
6584,0.002955,889.29,296.39,0.3333,96.749,96.9411,0.1921,3.251,3.0589
6585,0.003016,983.88,251.53,0.2556,96.6819,96.8779,0.1961,3.3181,3.1221
6586,0.004031,879.95,298.18,0.3389,95.5662,95.8282,0.262,4.4338,4.1718
6587,0.003152,846.74,168.09,0.1985,96.533,96.7378,0.2049,3.467,3.2622
6588,0.003077,795.21,184.0,0.2314,96.6151,96.8151,0.2,3.3849,3.1849
6589,0.003426,822.54,279.49,0.3398,96.231,96.4537,0.2227,3.769,3.5463
6590,0.00406,682.37,269.74,0.3953,95.5345,95.7984,0.2639,4.4655,4.2016
6591,0.003566,909.07,257.45,0.2832,96.0776,96.3094,0.2318,3.9224,3.6906
6592,0.003313,799.65,280.07,0.3502,96.3558,96.5712,0.2153,3.6442,3.4288
6593,0.003501,685.01,247.7,0.3616,96.1492,96.3768,0.2275,3.8508,3.6232
6594,0.003737,779.67,269.76,0.346,95.8895,96.1324,0.2429,4.1105,3.8676
6595,0.002989,977.96,294.6,0.3012,96.7122,96.9065,0.1943,3.2878,3.0935
6596,0.003027,960.24,208.61,0.2172,96.6701,96.8669,0.1968,3.3299,3.1331
6597,0.002853,1017.73,240.37,0.2362,96.8614,97.0469,0.1855,3.1386,2.9531
6598,0.003869,867.51,277.04,0.3193,95.7443,95.9958,0.2515,4.2557,4.0042
6599,0.003163,906.57,152.99,0.1688,96.5202,96.7259,0.2056,3.4798,3.2741
6600,0.003921,911.96,203.48,0.2231,95.6867,95.9416,0.2549,4.3133,4.0584
6601,0.003412,914.63,186.89,0.2043,96.2471,96.4689,0.2218,3.7529,3.5311
6602,0.00399,990.89,204.7,0.2066,95.6115,95.8708,0.2593,4.3885,4.1292
6603,0.003848,978.34,171.31,0.1751,95.7672,96.0173,0.2501,4.2328,3.9827
6604,0.003251,930.17,275.81,0.2965,96.4243,96.6356,0.2113,3.5757,3.3644
6605,0.004053,959.97,208.26,0.2169,95.5422,95.8057,0.2634,4.4578,4.1943
6606,0.002806,995.43,182.64,0.1835,96.9132,97.0956,0.1824,3.0868,2.9044
6607,0.00331,1012.94,293.25,0.2895,96.3595,96.5746,0.2151,3.6405,3.4254
6608,0.003708,940.73,283.92,0.3018,95.9209,96.1619,0.241,4.0791,3.8381
6609,0.003019,968.5,255.42,0.2637,96.6789,96.8752,0.1962,3.3211,3.1248
6610,0.003773,890.8,279.86,0.3142,95.8499,96.0952,0.2452,4.1501,3.9048
6611,0.003609,778.11,278.29,0.3577,96.0301,96.2646,0.2346,3.9699,3.7354
6612,0.003505,754.93,151.53,0.2007,96.1448,96.3726,0.2278,3.8552,3.6274
6613,0.004078,931.12,240.1,0.2579,95.5142,95.7792,0.2651,4.4858,4.2208
6614,0.003933,956.78,197.46,0.2064,95.6734,95.929,0.2557,4.3266,4.071
6615,0.00312,730.1,205.25,0.2811,96.5679,96.7707,0.2028,3.4321,3.2293
6616,0.0029,841.93,204.71,0.2431,96.8102,96.9987,0.1885,3.1898,3.0013
6617,0.003931,867.02,208.22,0.2402,95.6764,95.9319,0.2555,4.3236,4.0681
6618,0.003207,922.39,186.76,0.2025,96.4722,96.6806,0.2085,3.5278,3.3194
6619,0.003735,998.14,279.38,0.2799,95.8917,96.1344,0.2428,4.1083,3.8656
6620,0.003126,866.98,164.02,0.1892,96.5617,96.7649,0.2032,3.4383,3.2351
6621,0.003256,958.86,282.07,0.2942,96.4182,96.6298,0.2117,3.5818,3.3702
6622,0.003187,849.55,188.94,0.2224,96.4947,96.7019,0.2071,3.5053,3.2981
6623,0.004191,846.8,273.04,0.3224,95.3898,95.6622,0.2724,4.6102,4.3378
6624,0.003619,824.33,293.87,0.3565,96.0188,96.254,0.2353,3.9812,3.746
6625,0.003248,763.91,200.54,0.2625,96.4271,96.6382,0.2111,3.5729,3.3618
6626,0.003842,990.89,166.68,0.1682,95.7735,96.0233,0.2497,4.2265,3.9767
6627,0.003564,705.96,217.36,0.3079,96.0791,96.3108,0.2317,3.9209,3.6892
6628,0.00349,954.44,170.1,0.1782,96.1613,96.3881,0.2268,3.8387,3.6119
6629,0.003629,940.13,224.66,0.239,96.0079,96.2438,0.2359,3.9921,3.7562
6630,0.002938,803.18,173.21,0.2157,96.7684,96.9593,0.191,3.2316,3.0407
6631,0.003996,897.43,264.36,0.2946,95.6047,95.8644,0.2597,4.3953,4.1356
6632,0.003937,837.03,184.06,0.2199,95.6694,95.9253,0.2559,4.3306,4.0747
6633,0.003337,732.19,268.02,0.366,96.3296,96.5465,0.2169,3.6704,3.4535
6634,0.003409,930.97,298.62,0.3208,96.2499,96.4715,0.2216,3.7501,3.5285
6635,0.00388,823.77,219.39,0.2663,95.7316,95.9838,0.2522,4.2684,4.0162
6636,0.002998,801.76,216.23,0.2697,96.7023,96.8972,0.1949,3.2977,3.1028
6637,0.002838,749.22,274.04,0.3658,96.8779,97.0624,0.1845,3.1221,2.9376
6638,0.003449,802.96,270.83,0.3373,96.2057,96.4299,0.2242,3.7943,3.5701
6639,0.003857,843.43,299.24,0.3548,95.7578,96.0084,0.2507,4.2422,3.9916
6640,0.003854,843.59,258.4,0.3063,95.7609,96.0114,0.2505,4.2391,3.9886
6641,0.003103,845.47,196.03,0.2319,96.5866,96.7883,0.2017,3.4134,3.2117
6642,0.00312,685.42,177.86,0.2595,96.5685,96.7712,0.2028,3.4315,3.2288
6643,0.003419,959.25,276.08,0.2878,96.2389,96.4611,0.2222,3.7611,3.5389
6644,0.003505,790.27,218.85,0.2769,96.145,96.3728,0.2278,3.855,3.6272
6645,0.003053,696.94,234.39,0.3363,96.6412,96.8396,0.1985,3.3588,3.1604
6646,0.003265,942.0,209.16,0.222,96.4082,96.6205,0.2122,3.5918,3.3795
6647,0.003539,1013.63,284.03,0.2802,96.1068,96.3368,0.2301,3.8932,3.6632
6648,0.00306,855.51,195.04,0.228,96.6337,96.8326,0.1989,3.3663,3.1674
6649,0.002864,821.65,187.6,0.2283,96.8496,97.0358,0.1862,3.1504,2.9642
6650,0.002814,901.92,206.59,0.2291,96.9042,97.0871,0.1829,3.0958,2.9129
6651,0.00309,842.6,160.14,0.1901,96.6014,96.8022,0.2008,3.3986,3.1978
6652,0.003969,750.22,200.74,0.2676,95.6344,95.8923,0.258,4.3656,4.1077
6653,0.003817,1008.74,210.13,0.2083,95.801,96.0491,0.2481,4.199,3.9509
6654,0.003385,727.04,240.56,0.3309,96.2769,96.4969,0.22,3.7231,3.5031
6655,0.003105,859.86,258.31,0.3004,96.5845,96.7863,0.2018,3.4155,3.2137
6656,0.00397,886.51,210.97,0.238,95.6327,95.8908,0.2581,4.3673,4.1092
6657,0.003741,690.27,189.49,0.2745,95.8854,96.1285,0.2431,4.1146,3.8715
6658,0.004086,857.93,209.01,0.2436,95.5055,95.7711,0.2656,4.4945,4.2289
6659,0.003751,739.96,254.09,0.3434,95.8737,96.1175,0.2438,4.1263,3.8825
6660,0.003892,944.32,188.96,0.2001,95.7185,95.9715,0.253,4.2815,4.0285
6661,0.003286,688.64,228.72,0.3321,96.3858,96.5994,0.2136,3.6142,3.4006
6662,0.003968,942.48,221.14,0.2346,95.6353,95.8932,0.2579,4.3647,4.1068
6663,0.003609,932.35,293.55,0.3148,96.0303,96.2649,0.2346,3.9697,3.7351
6664,0.003258,970.28,214.36,0.2209,96.4158,96.6276,0.2118,3.5842,3.3724
6665,0.00316,683.0,178.78,0.2618,96.5236,96.7291,0.2054,3.4764,3.2709
6666,0.003719,789.37,217.53,0.2756,95.9094,96.1511,0.2417,4.0906,3.8489
6667,0.003831,850.07,282.28,0.3321,95.7854,96.0345,0.249,4.2146,3.9655
6668,0.0035,795.26,188.2,0.2367,96.1503,96.3778,0.2275,3.8497,3.6222
6669,0.003411,706.17,255.67,0.3621,96.248,96.4698,0.2217,3.752,3.5302
6670,0.002839,962.6,229.05,0.2379,96.8775,97.062,0.1845,3.1225,2.938
6671,0.003006,741.52,181.51,0.2448,96.6934,96.8888,0.1954,3.3066,3.1112
6672,0.003363,964.68,218.32,0.2263,96.3002,96.5189,0.2186,3.6998,3.4811
6673,0.003089,700.28,176.41,0.2519,96.6024,96.8032,0.2008,3.3976,3.1968
6674,0.004121,730.06,165.49,0.2267,95.4667,95.7346,0.2679,4.5333,4.2654
6675,0.003866,964.21,274.52,0.2847,95.7472,95.9985,0.2513,4.2528,4.0015
6676,0.003712,846.63,241.01,0.2847,95.9171,96.1583,0.2413,4.0829,3.8417
6677,0.004156,716.25,174.66,0.2439,95.4282,95.6983,0.2702,4.5718,4.3017
6678,0.003891,733.59,282.46,0.385,95.7197,95.9726,0.2529,4.2803,4.0274
6679,0.003321,778.24,275.57,0.3541,96.3472,96.563,0.2158,3.6528,3.437
6680,0.003366,868.18,154.86,0.1784,96.2976,96.5164,0.2188,3.7024,3.4836
6681,0.003046,715.21,213.72,0.2988,96.6494,96.8474,0.198,3.3506,3.1526
6682,0.00361,750.49,278.47,0.3711,96.029,96.2636,0.2347,3.971,3.7364
6683,0.003051,690.06,177.03,0.2565,96.6441,96.8424,0.1983,3.3559,3.1576
6684,0.003378,1006.77,235.3,0.2337,96.2837,96.5033,0.2196,3.7163,3.4967
6685,0.003569,712.52,296.89,0.4167,96.0736,96.3056,0.232,3.9264,3.6944
6686,0.003173,910.73,190.3,0.2089,96.5101,96.7164,0.2062,3.4899,3.2836
6687,0.00396,700.59,231.96,0.3311,95.6436,95.901,0.2574,4.3564,4.099
6688,0.004016,833.2,282.53,0.3391,95.5827,95.8438,0.261,4.4173,4.1562
6689,0.003863,993.34,270.93,0.2727,95.7504,96.0015,0.2511,4.2496,3.9985
6690,0.002913,994.11,216.85,0.2181,96.7962,96.9855,0.1893,3.2038,3.0145
6691,0.00389,981.98,252.79,0.2574,95.7211,95.9739,0.2528,4.2789,4.0261
6692,0.004118,779.01,179.74,0.2307,95.4703,95.738,0.2677,4.5297,4.262
6693,0.003059,963.94,177.53,0.1842,96.6355,96.8343,0.1988,3.3645,3.1657
6694,0.004084,808.09,183.58,0.2272,95.5081,95.7735,0.2654,4.4919,4.2265
6695,0.002958,954.84,173.99,0.1822,96.7458,96.9381,0.1923,3.2542,3.0619
6696,0.00319,830.82,296.83,0.3573,96.4909,96.6983,0.2074,3.5091,3.3017
6697,0.004082,681.81,183.34,0.2689,95.5095,95.7749,0.2653,4.4905,4.2251
6698,0.003588,932.09,263.43,0.2826,96.0533,96.2865,0.2332,3.9467,3.7135
6699,0.003255,700.69,282.15,0.4027,96.4194,96.6309,0.2116,3.5806,3.3691
6700,0.003662,888.33,298.0,0.3355,95.9717,96.2097,0.238,4.0283,3.7903
6701,0.003255,917.62,182.85,0.1993,96.4194,96.631,0.2116,3.5806,3.369
6702,0.003647,723.25,255.11,0.3527,95.9887,96.2258,0.237,4.0113,3.7742
6703,0.004188,847.71,231.14,0.2727,95.3934,95.6656,0.2722,4.6066,4.3344
6704,0.002922,984.23,167.68,0.1704,96.786,96.9759,0.1899,3.214,3.0241
6705,0.003343,798.34,157.16,0.1969,96.3231,96.5403,0.2173,3.6769,3.4597
6706,0.004165,871.49,214.39,0.246,95.4186,95.6893,0.2707,4.5814,4.3107
6707,0.002976,826.35,212.97,0.2577,96.7268,96.9202,0.1934,3.2732,3.0798
6708,0.003353,792.58,175.75,0.2217,96.3115,96.5295,0.218,3.6885,3.4705
6709,0.004008,868.01,195.56,0.2253,95.591,95.8515,0.2605,4.409,4.1485
6710,0.004168,879.96,189.72,0.2156,95.4151,95.686,0.2709,4.5849,4.314
6711,0.003848,879.37,153.51,0.1746,95.7667,96.0168,0.2502,4.2333,3.9832
6712,0.003812,851.93,231.92,0.2722,95.8069,96.0547,0.2478,4.1931,3.9453
6713,0.003222,680.95,262.23,0.3851,96.4559,96.6653,0.2094,3.5441,3.3347
6714,0.004191,936.2,276.97,0.2958,95.3897,95.6621,0.2724,4.6103,4.3379
6715,0.00283,695.16,151.53,0.218,96.8866,97.0706,0.184,3.1134,2.9294
6716,0.003801,715.12,293.97,0.4111,95.8191,96.0662,0.2471,4.1809,3.9338
6717,0.003982,882.31,174.89,0.1982,95.6196,95.8784,0.2588,4.3804,4.1216
6718,0.00388,987.4,266.49,0.2699,95.7317,95.9839,0.2522,4.2683,4.0161
6719,0.004122,979.92,185.73,0.1895,95.4655,95.7334,0.2679,4.5345,4.2666
6720,0.002846,768.08,235.86,0.3071,96.8698,97.0548,0.185,3.1302,2.9452
6721,0.002848,756.56,284.81,0.3765,96.8667,97.0519,0.1851,3.1333,2.9481
6722,0.003288,745.43,180.94,0.2427,96.3833,96.597,0.2137,3.6167,3.403
6723,0.002809,737.04,203.63,0.2763,96.9099,97.0925,0.1826,3.0901,2.9075
6724,0.002857,955.26,285.88,0.2993,96.8573,97.043,0.1857,3.1427,2.957
6725,0.003928,796.98,296.01,0.3714,95.6797,95.935,0.2553,4.3203,4.065
6726,0.002959,980.81,183.94,0.1875,96.7452,96.9375,0.1923,3.2548,3.0625
6727,0.003273,791.71,257.69,0.3255,96.4,96.6128,0.2127,3.6,3.3872
6728,0.004056,756.85,210.72,0.2784,95.5379,95.8016,0.2637,4.4621,4.1984
6729,0.003506,868.49,234.04,0.2695,96.1434,96.3713,0.2279,3.8566,3.6287
6730,0.003773,750.77,179.05,0.2385,95.8495,96.0947,0.2453,4.1505,3.9053
6731,0.003886,745.53,174.33,0.2338,95.7253,95.9779,0.2526,4.2747,4.0221
6732,0.00399,814.0,174.48,0.2144,95.6113,95.8706,0.2593,4.3887,4.1294
6733,0.003397,682.46,230.61,0.3379,96.2628,96.4836,0.2208,3.7372,3.5164
6734,0.003286,933.85,230.75,0.2471,96.3859,96.5995,0.2136,3.6141,3.4005
6735,0.003703,721.63,274.75,0.3807,95.9265,96.1672,0.2407,4.0735,3.8328
6736,0.003904,935.9,163.57,0.1748,95.7055,95.9592,0.2538,4.2945,4.0408
6737,0.004032,699.56,267.01,0.3817,95.5653,95.8273,0.2621,4.4347,4.1727
6738,0.003852,813.56,286.15,0.3517,95.7629,96.0133,0.2504,4.2371,3.9867
6739,0.003656,889.03,292.71,0.3292,95.9779,96.2156,0.2377,4.0221,3.7844
6740,0.002965,762.53,224.46,0.2944,96.7384,96.9312,0.1927,3.2616,3.0688
6741,0.003077,843.58,196.35,0.2328,96.6149,96.815,0.2,3.3851,3.185
6742,0.00332,734.42,285.96,0.3894,96.3476,96.5634,0.2158,3.6524,3.4366
6743,0.003338,882.4,280.04,0.3174,96.3287,96.5457,0.2169,3.6713,3.4543
6744,0.003697,872.56,285.25,0.3269,95.933,96.1733,0.2403,4.067,3.8267
6745,0.003279,1015.23,164.67,0.1622,96.3935,96.6066,0.2131,3.6065,3.3934
6746,0.002985,814.48,161.4,0.1982,96.716,96.9101,0.1941,3.284,3.0899
6747,0.003121,843.75,184.82,0.219,96.5672,96.7701,0.2028,3.4328,3.2299
6748,0.003361,1001.01,278.25,0.278,96.3028,96.5213,0.2185,3.6972,3.4787
6749,0.003184,788.29,250.17,0.3174,96.4979,96.7049,0.2069,3.5021,3.2951
6750,0.003512,992.06,187.78,0.1893,96.1366,96.3649,0.2283,3.8634,3.6351
6751,0.002944,987.94,255.18,0.2583,96.7616,96.9529,0.1914,3.2384,3.0471
6752,0.004046,824.75,217.29,0.2635,95.5489,95.8119,0.263,4.4511,4.1881
6753,0.003873,688.99,235.66,0.342,95.7397,95.9914,0.2517,4.2603,4.0086
6754,0.003022,932.22,229.96,0.2467,96.6762,96.8726,0.1964,3.3238,3.1274
6755,0.003176,977.35,190.57,0.195,96.5064,96.7128,0.2064,3.4936,3.2872
6756,0.003067,919.75,159.42,0.1733,96.6258,96.8252,0.1994,3.3742,3.1748
6757,0.003768,972.42,203.19,0.209,95.8557,96.1006,0.2449,4.1443,3.8994
6758,0.003245,772.11,257.97,0.3341,96.4306,96.6415,0.2109,3.5694,3.3585
6759,0.002995,877.84,165.76,0.1888,96.7051,96.8998,0.1947,3.2949,3.1002
6760,0.003133,966.05,227.61,0.2356,96.5538,96.7575,0.2036,3.4462,3.2425
6761,0.003418,991.89,219.15,0.2209,96.2399,96.4621,0.2222,3.7601,3.5379
6762,0.002996,838.49,296.07,0.3531,96.7049,96.8996,0.1947,3.2951,3.1004
6763,0.003324,932.02,279.0,0.2993,96.3435,96.5595,0.2161,3.6565,3.4405
6764,0.003015,711.76,231.79,0.3257,96.6839,96.8798,0.196,3.3161,3.1202
6765,0.003791,766.49,269.68,0.3518,95.8294,96.0758,0.2464,4.1706,3.9242
6766,0.00325,996.8,268.68,0.2695,96.4251,96.6364,0.2112,3.5749,3.3636
6767,0.003627,930.22,295.37,0.3175,96.0103,96.2461,0.2358,3.9897,3.7539
6768,0.003224,864.53,223.9,0.259,96.4541,96.6637,0.2095,3.5459,3.3363
6769,0.003404,895.58,274.43,0.3064,96.2556,96.4769,0.2213,3.7444,3.5231
6770,0.003078,751.05,185.17,0.2466,96.6147,96.8147,0.2,3.3853,3.1853
6771,0.003038,880.45,233.73,0.2655,96.658,96.8554,0.1975,3.342,3.1446
6772,0.003296,801.71,242.63,0.3026,96.3744,96.5886,0.2142,3.6256,3.4114
6773,0.00288,795.7,257.46,0.3236,96.832,97.0192,0.1872,3.168,2.9808
6774,0.003732,1006.41,191.24,0.19,95.8951,96.1377,0.2426,4.1049,3.8623
6775,0.004037,793.4,225.52,0.2842,95.5595,95.8219,0.2624,4.4405,4.1781
6776,0.003898,929.98,229.56,0.2468,95.712,95.9654,0.2534,4.288,4.0346
6777,0.003961,864.11,295.9,0.3424,95.6425,95.9,0.2575,4.3575,4.1
6778,0.003249,828.66,269.06,0.3247,96.4262,96.6374,0.2112,3.5738,3.3626
6779,0.002989,948.1,152.7,0.1611,96.7121,96.9064,0.1943,3.2879,3.0936
6780,0.003511,815.29,168.8,0.207,96.1378,96.366,0.2282,3.8622,3.634
6781,0.003618,737.22,195.77,0.2656,96.0199,96.2551,0.2352,3.9801,3.7449
6782,0.003103,945.25,281.23,0.2975,96.5863,96.788,0.2017,3.4137,3.212
6783,0.003832,707.25,237.84,0.3363,95.7848,96.0339,0.2491,4.2152,3.9661
6784,0.003036,734.07,177.54,0.2419,96.6601,96.8574,0.1974,3.3399,3.1426
6785,0.003291,936.69,229.99,0.2455,96.3804,96.5943,0.2139,3.6196,3.4057
6786,0.003294,950.58,290.07,0.3052,96.3769,96.591,0.2141,3.6231,3.409
6787,0.003368,937.36,298.33,0.3183,96.2952,96.5141,0.2189,3.7048,3.4859
6788,0.003426,867.84,178.31,0.2055,96.2313,96.454,0.2227,3.7687,3.546
6789,0.003865,979.48,246.92,0.2521,95.7489,96.0001,0.2512,4.2511,3.9999
6790,0.002927,1001.56,268.94,0.2685,96.7804,96.9707,0.1902,3.2196,3.0293
6791,0.003144,773.0,193.12,0.2498,96.5416,96.746,0.2044,3.4584,3.254
6792,0.003603,881.97,268.21,0.3041,96.037,96.2711,0.2342,3.963,3.7289
6793,0.003648,902.74,209.16,0.2317,95.9876,96.2247,0.2371,4.0124,3.7753
6794,0.003964,830.75,170.16,0.2048,95.6395,95.8972,0.2577,4.3605,4.1028
6795,0.003358,769.17,274.66,0.3571,96.3063,96.5246,0.2183,3.6937,3.4754
6796,0.00328,965.31,294.43,0.305,96.3923,96.6054,0.2132,3.6077,3.3946
6797,0.003306,746.03,160.01,0.2145,96.3636,96.5785,0.2149,3.6364,3.4215
6798,0.00397,899.99,152.81,0.1698,95.6326,95.8907,0.2581,4.3674,4.1093
6799,0.003124,705.46,260.6,0.3694,96.5633,96.7664,0.2031,3.4367,3.2336
6800,0.002918,754.67,205.61,0.2725,96.79,96.9797,0.1897,3.21,3.0203
6801,0.003081,890.52,170.17,0.1911,96.6108,96.8111,0.2003,3.3892,3.1889
6802,0.003217,837.65,163.03,0.1946,96.4613,96.6704,0.2091,3.5387,3.3296
6803,0.003629,809.99,150.87,0.1863,96.0085,96.2444,0.2359,3.9915,3.7556
6804,0.002865,1008.13,289.76,0.2874,96.848,97.0342,0.1863,3.152,2.9658
6805,0.003001,845.19,155.59,0.1841,96.6989,96.894,0.1951,3.3011,3.106
6806,0.00336,816.08,288.52,0.3535,96.304,96.5224,0.2184,3.696,3.4776
6807,0.003848,962.52,158.23,0.1644,95.7675,96.0176,0.2501,4.2325,3.9824
6808,0.004166,975.9,208.64,0.2138,95.4176,95.6883,0.2708,4.5824,4.3117
6809,0.003106,858.75,290.91,0.3388,96.5837,96.7856,0.2019,3.4163,3.2144
6810,0.002814,874.63,184.24,0.2106,96.9041,97.087,0.1829,3.0959,2.913
6811,0.003043,772.27,163.52,0.2117,96.6529,96.8507,0.1978,3.3471,3.1493
6812,0.003957,904.07,278.61,0.3082,95.6477,95.9049,0.2572,4.3523,4.0951
6813,0.003743,749.9,280.1,0.3735,95.8831,96.1264,0.2433,4.1169,3.8736
6814,0.003078,819.52,151.86,0.1853,96.6147,96.8148,0.2,3.3853,3.1852
6815,0.004112,889.85,192.47,0.2163,95.4772,95.7445,0.2673,4.5228,4.2555
6816,0.00293,827.99,170.58,0.206,96.7765,96.967,0.1905,3.2235,3.033
6817,0.00308,713.71,202.34,0.2835,96.6119,96.8121,0.2002,3.3881,3.1879
6818,0.00406,777.82,287.31,0.3694,95.5341,95.798,0.2639,4.4659,4.202
6819,0.003075,740.75,220.48,0.2976,96.6172,96.8171,0.1999,3.3828,3.1829
6820,0.004053,857.94,221.49,0.2582,95.5421,95.8055,0.2634,4.4579,4.1945
6821,0.003388,992.32,154.75,0.1559,96.2729,96.4931,0.2202,3.7271,3.5069
6822,0.004002,750.87,187.65,0.2499,95.5977,95.8578,0.2601,4.4023,4.1422
6823,0.003209,892.05,156.75,0.1757,96.4698,96.6784,0.2086,3.5302,3.3216
6824,0.003188,825.71,160.42,0.1943,96.4927,96.7,0.2072,3.5073,3.3
6825,0.003259,795.66,226.74,0.285,96.4152,96.627,0.2118,3.5848,3.373
6826,0.003418,1019.32,275.38,0.2702,96.2403,96.4624,0.2222,3.7597,3.5376
6827,0.003492,889.27,178.32,0.2005,96.1586,96.3856,0.227,3.8414,3.6144
6828,0.00322,742.14,282.33,0.3804,96.4583,96.6676,0.2093,3.5417,3.3324
6829,0.003202,754.53,196.15,0.26,96.478,96.6861,0.2081,3.522,3.3139
6830,0.00388,706.44,224.43,0.3177,95.7319,95.9841,0.2522,4.2681,4.0159
6831,0.003107,797.42,267.14,0.335,96.5827,96.7846,0.2019,3.4173,3.2154
6832,0.003915,850.33,208.31,0.245,95.694,95.9484,0.2544,4.306,4.0516
6833,0.003158,873.89,299.61,0.3429,96.5265,96.7317,0.2053,3.4735,3.2683
6834,0.003032,977.21,265.91,0.2721,96.6651,96.8622,0.1971,3.3349,3.1378
6835,0.003318,756.63,276.31,0.3652,96.3506,96.5663,0.2156,3.6494,3.4337
6836,0.002992,870.2,156.22,0.1795,96.7093,96.9038,0.1945,3.2907,3.0962
6837,0.003764,738.81,227.36,0.3077,95.8601,96.1048,0.2446,4.1399,3.8952
6838,0.003828,770.51,247.93,0.3218,95.7897,96.0385,0.2488,4.2103,3.9615
6839,0.004171,681.09,200.84,0.2949,95.412,95.6831,0.2711,4.588,4.3169
6840,0.003501,794.65,282.85,0.3559,96.1487,96.3763,0.2276,3.8513,3.6237
6841,0.003474,1000.83,176.16,0.176,96.1782,96.404,0.2258,3.8218,3.596
6842,0.003347,774.7,198.19,0.2558,96.3181,96.5357,0.2176,3.6819,3.4643
6843,0.003626,685.44,269.71,0.3935,96.0115,96.2471,0.2357,3.9885,3.7529
6844,0.003614,754.93,230.04,0.3047,96.0244,96.2593,0.2349,3.9756,3.7407
6845,0.003167,825.3,195.71,0.2371,96.5168,96.7226,0.2058,3.4832,3.2774
6846,0.003985,895.93,260.56,0.2908,95.6165,95.8755,0.259,4.3835,4.1245
6847,0.003211,834.91,293.43,0.3514,96.4679,96.6766,0.2087,3.5321,3.3234
6848,0.003532,773.77,218.56,0.2825,96.1153,96.3448,0.2296,3.8847,3.6552
6849,0.003355,807.56,231.33,0.2865,96.3099,96.5279,0.2181,3.6901,3.4721
6850,0.003432,901.62,278.42,0.3088,96.2249,96.448,0.2231,3.7751,3.552
6851,0.00403,767.18,212.11,0.2765,95.5672,95.8291,0.2619,4.4328,4.1709
6852,0.003454,911.01,208.15,0.2285,96.2003,96.4248,0.2245,3.7997,3.5752
6853,0.003127,868.17,271.37,0.3126,96.5599,96.7632,0.2033,3.4401,3.2368
6854,0.004151,702.83,248.87,0.3541,95.4344,95.7042,0.2698,4.5656,4.2958
6855,0.004035,709.62,205.92,0.2902,95.5613,95.8236,0.2623,4.4387,4.1764
6856,0.003525,887.04,155.03,0.1748,96.123,96.3521,0.2291,3.877,3.6479
6857,0.002884,833.96,288.68,0.3462,96.8279,97.0153,0.1874,3.1721,2.9847
6858,0.003034,966.66,151.66,0.1569,96.6629,96.8601,0.1972,3.3371,3.1399
6859,0.003524,793.74,254.63,0.3208,96.1238,96.3528,0.229,3.8762,3.6472
6860,0.00371,964.79,207.76,0.2153,95.9193,96.1604,0.2411,4.0807,3.8396
6861,0.003206,760.3,211.78,0.2786,96.4733,96.6817,0.2084,3.5267,3.3183
6862,0.004035,691.31,284.91,0.4121,95.5613,95.8235,0.2623,4.4387,4.1765
6863,0.003119,764.31,190.05,0.2487,96.569,96.7718,0.2027,3.431,3.2282
6864,0.003395,853.13,181.69,0.213,96.2658,96.4865,0.2207,3.7342,3.5135
6865,0.003355,899.17,249.88,0.2779,96.3096,96.5277,0.2181,3.6904,3.4723
6866,0.002831,817.55,255.13,0.3121,96.8857,97.0698,0.184,3.1143,2.9302
6867,0.004043,720.88,289.95,0.4022,95.553,95.8158,0.2628,4.447,4.1842
6868,0.003056,742.36,211.55,0.285,96.6381,96.8368,0.1987,3.3619,3.1632
6869,0.004001,989.82,246.36,0.2489,95.5993,95.8593,0.26,4.4007,4.1407
6870,0.003887,888.86,265.66,0.2989,95.7248,95.9774,0.2526,4.2752,4.0226
6871,0.003433,899.99,214.64,0.2385,96.2237,96.4469,0.2231,3.7763,3.5531
6872,0.003105,938.38,251.44,0.268,96.5842,96.7861,0.2018,3.4158,3.2139
6873,0.003932,695.87,220.61,0.317,95.6752,95.9307,0.2556,4.3248,4.0693
6874,0.003087,821.0,195.7,0.2384,96.6039,96.8046,0.2007,3.3961,3.1954
6875,0.003938,916.77,254.04,0.2771,95.6677,95.9237,0.256,4.3323,4.0763
6876,0.004016,851.26,222.24,0.2611,95.5826,95.8436,0.261,4.4174,4.1564
6877,0.00336,932.24,197.24,0.2116,96.3043,96.5227,0.2184,3.6957,3.4773
6878,0.004192,789.7,153.29,0.1941,95.3888,95.6613,0.2725,4.6112,4.3387
6879,0.003739,782.91,170.71,0.218,95.8871,96.1301,0.243,4.1129,3.8699
6880,0.00396,916.12,158.8,0.1733,95.6442,95.9016,0.2574,4.3558,4.0984
6881,0.003707,870.75,264.75,0.304,95.9222,96.1632,0.241,4.0778,3.8368
6882,0.003871,865.32,210.22,0.2429,95.7421,95.9937,0.2516,4.2579,4.0063
6883,0.003813,690.11,208.61,0.3023,95.8061,96.054,0.2478,4.1939,3.946
6884,0.003062,700.81,160.46,0.229,96.6323,96.8313,0.199,3.3677,3.1687
6885,0.003868,876.48,294.32,0.3358,95.745,95.9964,0.2514,4.255,4.0036
6886,0.004055,685.04,178.75,0.2609,95.5397,95.8032,0.2636,4.4603,4.1968
6887,0.003933,877.66,265.01,0.302,95.6732,95.9289,0.2557,4.3268,4.0711
6888,0.003513,889.34,250.94,0.2822,96.1362,96.3645,0.2283,3.8638,3.6355
6889,0.003593,862.41,173.96,0.2017,96.0474,96.2809,0.2336,3.9526,3.7191
6890,0.002968,732.33,255.36,0.3487,96.7352,96.9281,0.1929,3.2648,3.0719
6891,0.004152,941.62,265.89,0.2824,95.4327,95.7026,0.2699,4.5673,4.2974
6892,0.003127,710.75,260.63,0.3667,96.5606,96.7638,0.2032,3.4394,3.2362
6893,0.004091,861.52,273.35,0.3173,95.5,95.7659,0.2659,4.5,4.2341
6894,0.003231,769.22,210.78,0.274,96.4457,96.6558,0.21,3.5543,3.3442
6895,0.003209,690.27,257.69,0.3733,96.4704,96.679,0.2086,3.5296,3.321
6896,0.003628,913.57,249.73,0.2734,96.0093,96.2451,0.2358,3.9907,3.7549
6897,0.004161,709.61,265.66,0.3744,95.4224,95.6929,0.2705,4.5776,4.3071
6898,0.004141,782.85,298.44,0.3812,95.4452,95.7144,0.2691,4.5548,4.2856
6899,0.003642,686.55,192.34,0.2802,95.9937,96.2304,0.2367,4.0063,3.7696
6900,0.003885,887.57,212.78,0.2397,95.7264,95.9789,0.2525,4.2736,4.0211
6901,0.002837,809.33,176.94,0.2186,96.8788,97.0632,0.1844,3.1212,2.9368
6902,0.003664,958.64,215.88,0.2252,95.9699,96.2081,0.2381,4.0301,3.7919
6903,0.002803,767.88,241.09,0.314,96.9169,97.0991,0.1822,3.0831,2.9009
6904,0.003027,1019.78,184.8,0.1812,96.6699,96.8667,0.1968,3.3301,3.1333
6905,0.004077,932.45,191.69,0.2056,95.5148,95.7798,0.265,4.4852,4.2202
6906,0.003901,955.99,254.61,0.2663,95.709,95.9626,0.2536,4.291,4.0374
6907,0.003896,915.87,273.3,0.2984,95.7145,95.9677,0.2532,4.2855,4.0323
6908,0.002905,926.39,166.75,0.18,96.804,96.9928,0.1889,3.196,3.0072
6909,0.00346,972.41,150.84,0.1551,96.1939,96.4188,0.2249,3.8061,3.5812
6910,0.003688,1004.31,190.66,0.1898,95.9436,96.1833,0.2397,4.0564,3.8167
6911,0.003111,718.73,282.45,0.393,96.5784,96.7806,0.2022,3.4216,3.2194
6912,0.003539,973.66,263.79,0.2709,96.1073,96.3374,0.23,3.8927,3.6626
6913,0.00409,715.01,247.57,0.3463,95.5014,95.7673,0.2658,4.4986,4.2327
6914,0.003154,942.62,288.15,0.3057,96.531,96.736,0.205,3.469,3.264
6915,0.003721,986.43,248.11,0.2515,95.9064,96.1483,0.2419,4.0936,3.8517
6916,0.00293,680.5,290.92,0.4275,96.7765,96.967,0.1905,3.2235,3.033
6917,0.003885,718.91,158.16,0.22,95.7269,95.9794,0.2525,4.2731,4.0206
6918,0.003639,733.07,244.62,0.3337,95.9974,96.2339,0.2365,4.0026,3.7661
6919,0.00286,979.14,180.54,0.1844,96.8545,97.0404,0.1859,3.1455,2.9596
6920,0.003518,863.4,227.64,0.2637,96.1297,96.3584,0.2287,3.8703,3.6416
6921,0.004058,1006.72,159.84,0.1588,95.5367,95.8004,0.2637,4.4633,4.1996
6922,0.003023,731.08,174.84,0.2392,96.6746,96.8711,0.1965,3.3254,3.1289
6923,0.004124,867.09,247.69,0.2857,95.4634,95.7314,0.2681,4.5366,4.2686
6924,0.003879,963.19,276.37,0.2869,95.7336,95.9857,0.2521,4.2664,4.0143
6925,0.003257,1001.82,249.08,0.2486,96.4176,96.6293,0.2117,3.5824,3.3707
6926,0.002827,730.08,226.15,0.3098,96.8904,97.0741,0.1838,3.1096,2.9259
6927,0.003611,795.22,234.74,0.2952,96.0276,96.2624,0.2347,3.9724,3.7376
6928,0.003698,838.76,191.34,0.2281,95.932,96.1723,0.2404,4.068,3.8277
6929,0.002905,863.54,213.45,0.2472,96.8041,96.9929,0.1888,3.1959,3.0071
6930,0.003629,718.19,239.98,0.3341,96.0078,96.2437,0.2359,3.9922,3.7563
6931,0.004052,971.92,175.72,0.1808,95.5427,95.8061,0.2634,4.4573,4.1939
6932,0.003461,813.25,152.33,0.1873,96.1927,96.4177,0.225,3.8073,3.5823
6933,0.002846,725.38,152.51,0.2103,96.869,97.054,0.185,3.131,2.946
6934,0.003675,835.14,245.34,0.2938,95.9577,96.1965,0.2389,4.0423,3.8035
6935,0.003926,1018.05,213.19,0.2094,95.6811,95.9363,0.2552,4.3189,4.0637
6936,0.003742,980.0,192.09,0.196,95.8843,96.1275,0.2432,4.1157,3.8725
6937,0.003106,953.04,207.22,0.2174,96.5838,96.7856,0.2019,3.4162,3.2144
6938,0.003711,898.25,200.1,0.2228,95.9175,96.1588,0.2412,4.0825,3.8412
6939,0.003531,959.25,222.68,0.2321,96.1162,96.3457,0.2295,3.8838,3.6543
6940,0.002808,740.74,260.37,0.3515,96.911,97.0935,0.1825,3.089,2.9065
6941,0.003213,905.05,248.66,0.2747,96.4653,96.6742,0.2089,3.5347,3.3258
6942,0.003218,903.59,206.09,0.2281,96.4607,96.6698,0.2091,3.5393,3.3302
6943,0.003371,686.31,163.5,0.2382,96.292,96.5111,0.2191,3.708,3.4889
6944,0.004096,1005.32,218.78,0.2176,95.4939,95.7602,0.2663,4.5061,4.2398
6945,0.003148,742.1,286.42,0.386,96.5371,96.7417,0.2046,3.4629,3.2583
6946,0.003598,817.72,272.45,0.3332,96.0424,96.2762,0.2339,3.9576,3.7238
6947,0.003786,764.97,206.51,0.27,95.8355,96.0816,0.2461,4.1645,3.9184
6948,0.003865,680.26,287.74,0.423,95.748,95.9992,0.2513,4.252,4.0008
6949,0.003211,807.65,169.94,0.2104,96.4678,96.6765,0.2087,3.5322,3.3235
6950,0.003871,914.5,156.3,0.1709,95.7421,95.9937,0.2516,4.2579,4.0063
6951,0.003297,917.46,213.74,0.233,96.3735,96.5878,0.2143,3.6265,3.4122
6952,0.003502,706.91,229.92,0.3252,96.1481,96.3757,0.2276,3.8519,3.6243
6953,0.003415,804.85,291.24,0.3619,96.243,96.465,0.222,3.757,3.535
6954,0.003752,1010.11,281.06,0.2782,95.8733,96.1172,0.2438,4.1267,3.8828
6955,0.003958,772.47,281.58,0.3645,95.6463,95.9036,0.2573,4.3537,4.0964
6956,0.003514,729.94,202.84,0.2779,96.1346,96.363,0.2284,3.8654,3.637
6957,0.003804,833.6,224.76,0.2696,95.8161,96.0633,0.2472,4.1839,3.9367
6958,0.003525,773.99,256.85,0.3318,96.1226,96.3518,0.2291,3.8774,3.6482
6959,0.003376,1019.68,294.11,0.2884,96.2869,96.5063,0.2194,3.7131,3.4937
6960,0.003123,693.07,210.48,0.3037,96.5645,96.7675,0.203,3.4355,3.2325
6961,0.003449,943.66,295.52,0.3132,96.2061,96.4303,0.2242,3.7939,3.5697
6962,0.003371,879.0,169.4,0.1927,96.2921,96.5112,0.2191,3.7079,3.4888
6963,0.003614,872.76,222.69,0.2552,96.0245,96.2594,0.2349,3.9755,3.7406
6964,0.004076,981.74,285.76,0.2911,95.5165,95.7814,0.2649,4.4835,4.2186
6965,0.002989,697.17,188.49,0.2704,96.7123,96.9065,0.1943,3.2877,3.0935
6966,0.003647,811.56,174.87,0.2155,95.9886,96.2256,0.237,4.0114,3.7744
6967,0.003375,890.76,151.66,0.1703,96.2875,96.5069,0.2194,3.7125,3.4931
6968,0.003384,704.71,218.06,0.3094,96.2779,96.4978,0.2199,3.7221,3.5022
6969,0.004104,878.36,176.54,0.201,95.4856,95.7524,0.2668,4.5144,4.2476
6970,0.00405,808.16,297.79,0.3685,95.5455,95.8087,0.2632,4.4545,4.1913
6971,0.004072,1002.31,248.6,0.248,95.5206,95.7853,0.2647,4.4794,4.2147
6972,0.003016,991.04,240.48,0.2427,96.6823,96.8784,0.196,3.3177,3.1216
6973,0.004132,866.37,182.3,0.2104,95.4549,95.7235,0.2686,4.5451,4.2765
6974,0.003852,929.83,279.77,0.3009,95.7627,96.0131,0.2504,4.2373,3.9869
6975,0.00336,855.02,256.52,0.3,96.3043,96.5227,0.2184,3.6957,3.4773
6976,0.003431,743.68,287.45,0.3865,96.2256,96.4486,0.223,3.7744,3.5514
6977,0.003407,782.38,187.06,0.2391,96.2519,96.4734,0.2215,3.7481,3.5266
6978,0.003535,696.61,292.13,0.4194,96.1112,96.341,0.2298,3.8888,3.659
6979,0.00393,984.37,271.96,0.2763,95.6765,95.932,0.2555,4.3235,4.068
6980,0.002934,748.05,229.18,0.3064,96.7727,96.9634,0.1907,3.2273,3.0366
6981,0.003065,939.91,162.7,0.1731,96.628,96.8273,0.1993,3.372,3.1727
6982,0.004187,816.83,154.4,0.189,95.3938,95.666,0.2722,4.6062,4.334
6983,0.004056,778.46,157.45,0.2023,95.5389,95.8025,0.2636,4.4611,4.1975
6984,0.00417,917.45,289.49,0.3155,95.4125,95.6836,0.2711,4.5875,4.3164
6985,0.003006,889.76,262.05,0.2945,96.6939,96.8893,0.1954,3.3061,3.1107
6986,0.002894,949.42,261.18,0.2751,96.8163,97.0044,0.1881,3.1837,2.9956
6987,0.003726,969.99,280.61,0.2893,95.9015,96.1437,0.2422,4.0985,3.8563
6988,0.003824,871.77,182.66,0.2095,95.7941,96.0427,0.2485,4.2059,3.9573
6989,0.002965,749.4,271.73,0.3626,96.738,96.9307,0.1928,3.262,3.0693
6990,0.003494,731.78,245.34,0.3353,96.1566,96.3837,0.2271,3.8434,3.6163
6991,0.003561,725.01,238.72,0.3293,96.0829,96.3144,0.2315,3.9171,3.6856
6992,0.003556,899.11,274.92,0.3058,96.0882,96.3193,0.2312,3.9118,3.6807
6993,0.003337,734.32,267.89,0.3648,96.329,96.546,0.2169,3.671,3.454
6994,0.004116,726.05,286.29,0.3943,95.4727,95.7402,0.2675,4.5273,4.2598
6995,0.003261,1009.67,247.34,0.245,96.4126,96.6245,0.212,3.5874,3.3755
6996,0.002878,742.1,200.53,0.2702,96.8344,97.0214,0.1871,3.1656,2.9786
6997,0.003125,873.88,222.67,0.2548,96.5625,96.7656,0.2031,3.4375,3.2344
6998,0.003397,886.93,270.06,0.3045,96.263,96.4838,0.2208,3.737,3.5162
6999,0.003671,768.75,285.86,0.3719,95.9615,96.2002,0.2386,4.0385,3.7998
7000,0.003361,991.23,235.26,0.2373,96.303,96.5214,0.2185,3.697,3.4786
7001,0.004167,944.11,288.18,0.3052,95.4158,95.6867,0.2709,4.5842,4.3133
7002,0.004171,691.54,298.16,0.4312,95.4123,95.6834,0.2711,4.5877,4.3166
7003,0.003318,861.54,281.9,0.3272,96.3502,96.5658,0.2157,3.6498,3.4342
7004,0.002919,904.02,186.9,0.2067,96.7888,96.9786,0.1898,3.2112,3.0214
7005,0.004109,832.51,211.27,0.2538,95.4797,95.7468,0.2671,4.5203,4.2532
7006,0.002941,858.91,235.78,0.2745,96.7652,96.9564,0.1911,3.2348,3.0436
7007,0.004169,732.0,264.67,0.3616,95.4136,95.6846,0.271,4.5864,4.3154
7008,0.004081,898.26,265.69,0.2958,95.5104,95.7757,0.2653,4.4896,4.2243
7009,0.003989,682.29,187.19,0.2744,95.6117,95.871,0.2593,4.3883,4.129
7010,0.004115,846.86,168.08,0.1985,95.4734,95.7408,0.2675,4.5266,4.2592
7011,0.003029,756.68,160.88,0.2126,96.6684,96.8653,0.1969,3.3316,3.1347
7012,0.003072,904.56,197.36,0.2182,96.621,96.8206,0.1997,3.379,3.1794
7013,0.003367,684.33,224.43,0.328,96.2968,96.5156,0.2188,3.7032,3.4844
7014,0.003494,898.4,160.99,0.1792,96.1564,96.3835,0.2271,3.8436,3.6165
7015,0.004187,798.87,183.86,0.2302,95.3945,95.6667,0.2721,4.6055,4.3333
7016,0.002921,875.7,249.49,0.2849,96.7873,96.9772,0.1898,3.2127,3.0228
7017,0.004152,729.85,200.03,0.2741,95.4324,95.7023,0.2699,4.5676,4.2977
7018,0.003671,964.18,239.64,0.2485,95.9621,96.2007,0.2386,4.0379,3.7993
7019,0.002899,747.41,222.64,0.2979,96.8107,96.9991,0.1885,3.1893,3.0009
7020,0.003094,693.71,194.74,0.2807,96.5967,96.7978,0.2011,3.4033,3.2022
7021,0.003057,779.93,299.45,0.3839,96.6369,96.8356,0.1987,3.3631,3.1644
7022,0.003185,832.51,232.49,0.2793,96.4964,96.7034,0.207,3.5036,3.2966
7023,0.0028,772.12,214.69,0.2781,96.9199,97.1019,0.182,3.0801,2.8981
7024,0.003422,1005.98,212.4,0.2111,96.2363,96.4587,0.2224,3.7637,3.5413
7025,0.00298,756.67,297.97,0.3938,96.7218,96.9156,0.1937,3.2782,3.0844
7026,0.004092,980.85,253.77,0.2587,95.4986,95.7646,0.266,4.5014,4.2354
7027,0.003459,789.26,266.61,0.3378,96.1955,96.4203,0.2248,3.8045,3.5797
7028,0.003652,947.39,244.48,0.2581,95.9832,96.2206,0.2374,4.0168,3.7794
7029,0.004168,913.94,278.0,0.3042,95.4147,95.6857,0.2709,4.5853,4.3143
7030,0.004165,710.54,254.26,0.3578,95.4185,95.6892,0.2707,4.5815,4.3108
7031,0.004145,736.6,230.73,0.3132,95.44,95.7095,0.2695,4.56,4.2905
7032,0.003286,771.11,207.53,0.2691,96.3854,96.599,0.2136,3.6146,3.401
7033,0.00416,692.59,272.09,0.3929,95.4237,95.6942,0.2704,4.5763,4.3058
7034,0.003582,800.37,150.22,0.1877,96.0601,96.293,0.2328,3.9399,3.707
7035,0.003285,932.28,259.34,0.2782,96.3867,96.6002,0.2135,3.6133,3.3998
7036,0.003931,789.13,275.28,0.3488,95.676,95.9316,0.2555,4.324,4.0684
7037,0.003165,924.23,242.87,0.2628,96.5187,96.7244,0.2057,3.4813,3.2756
7038,0.003737,764.62,249.96,0.3269,95.8896,96.1325,0.2429,4.1104,3.8675
7039,0.004091,695.94,223.78,0.3216,95.5004,95.7663,0.2659,4.4996,4.2337
7040,0.003462,697.2,151.7,0.2176,96.1919,96.4169,0.225,3.8081,3.5831
7041,0.003144,961.82,151.89,0.1579,96.5414,96.7458,0.2044,3.4586,3.2542
7042,0.003236,983.55,167.58,0.1704,96.4403,96.6507,0.2103,3.5597,3.3493
7043,0.003187,686.25,264.17,0.3849,96.4945,96.7017,0.2071,3.5055,3.2983
7044,0.003646,948.08,231.89,0.2446,95.9895,96.2265,0.237,4.0105,3.7735
7045,0.003049,953.45,153.62,0.1611,96.6456,96.8438,0.1982,3.3544,3.1562
7046,0.003093,810.09,265.34,0.3275,96.5981,96.7992,0.201,3.4019,3.2008
7047,0.003874,931.06,155.99,0.1675,95.7385,95.9904,0.2518,4.2615,4.0096
7048,0.003519,991.22,231.6,0.2337,96.1288,96.3576,0.2288,3.8712,3.6424
7049,0.003359,1002.5,244.25,0.2436,96.305,96.5234,0.2183,3.695,3.4766
7050,0.003771,687.15,216.72,0.3154,95.8522,96.0973,0.2451,4.1478,3.9027
7051,0.003557,731.53,198.25,0.271,96.0877,96.3188,0.2312,3.9123,3.6812
7052,0.003651,794.9,295.62,0.3719,95.9836,96.2209,0.2373,4.0164,3.7791
7053,0.003335,915.3,256.39,0.2801,96.3315,96.5483,0.2168,3.6685,3.4517
7054,0.003089,749.27,185.51,0.2476,96.6018,96.8026,0.2008,3.3982,3.1974
7055,0.003809,724.93,158.32,0.2184,95.8099,96.0575,0.2476,4.1901,3.9425
7056,0.003066,1015.05,195.0,0.1921,96.6276,96.8269,0.1993,3.3724,3.1731
7057,0.00399,851.07,226.08,0.2656,95.611,95.8703,0.2594,4.389,4.1297
7058,0.002875,941.33,214.8,0.2282,96.8377,97.0246,0.1869,3.1623,2.9754
7059,0.00286,924.74,240.77,0.2604,96.8544,97.0403,0.1859,3.1456,2.9597
7060,0.003476,1009.4,239.49,0.2373,96.1762,96.4022,0.226,3.8238,3.5978
7061,0.002857,911.03,167.62,0.184,96.8568,97.0426,0.1857,3.1432,2.9574
7062,0.003779,711.5,275.86,0.3877,95.8431,96.0887,0.2456,4.1569,3.9113
7063,0.003951,893.93,296.86,0.3321,95.6536,95.9105,0.2568,4.3464,4.0895
7064,0.004012,706.81,179.95,0.2546,95.5869,95.8477,0.2608,4.4131,4.1523
7065,0.003999,729.39,208.47,0.2858,95.6015,95.8614,0.2599,4.3985,4.1386
7066,0.00294,794.0,191.35,0.241,96.7656,96.9567,0.1911,3.2344,3.0433
7067,0.003274,696.0,174.45,0.2507,96.3987,96.6115,0.2128,3.6013,3.3885
7068,0.003359,743.4,167.9,0.2258,96.305,96.5234,0.2183,3.695,3.4766
7069,0.003632,817.11,194.29,0.2378,96.0052,96.2413,0.2361,3.9948,3.7587
7070,0.003437,912.47,298.17,0.3268,96.2196,96.443,0.2234,3.7804,3.557
7071,0.003005,786.6,240.09,0.3052,96.694,96.8894,0.1954,3.306,3.1106
7072,0.003459,682.38,221.61,0.3248,96.1956,96.4204,0.2248,3.8044,3.5796
7073,0.003182,921.8,194.44,0.2109,96.5001,96.7069,0.2068,3.4999,3.2931
7074,0.003817,1005.92,158.51,0.1576,95.8013,96.0494,0.2481,4.1987,3.9506
7075,0.003545,983.18,265.89,0.2704,96.101,96.3314,0.2304,3.899,3.6686
7076,0.004086,984.44,161.99,0.1646,95.5055,95.771,0.2656,4.4945,4.229
7077,0.003851,778.35,261.88,0.3365,95.7639,96.0142,0.2503,4.2361,3.9858
7078,0.003952,874.58,259.38,0.2966,95.6528,95.9097,0.2569,4.3472,4.0903
7079,0.003607,823.22,268.9,0.3266,96.0321,96.2665,0.2345,3.9679,3.7335
7080,0.003925,1019.25,169.84,0.1666,95.682,95.9371,0.2552,4.318,4.0629
7081,0.00337,764.39,255.47,0.3342,96.2925,96.5116,0.2191,3.7075,3.4884
7082,0.003607,993.77,204.5,0.2058,96.0326,96.2671,0.2344,3.9674,3.7329
7083,0.004167,726.88,207.66,0.2857,95.4166,95.6875,0.2708,4.5834,4.3125
7084,0.003836,782.41,169.46,0.2166,95.7806,96.0299,0.2493,4.2194,3.9701
7085,0.003481,868.88,217.26,0.2501,96.1713,96.3976,0.2262,3.8287,3.6024
7086,0.003103,812.01,210.19,0.2589,96.5872,96.7889,0.2017,3.4128,3.2111
7087,0.003263,956.28,209.01,0.2186,96.4108,96.6229,0.2121,3.5892,3.3771
7088,0.002858,814.58,215.1,0.2641,96.856,97.0418,0.1858,3.144,2.9582
7089,0.002812,694.97,259.64,0.3736,96.9071,97.0899,0.1828,3.0929,2.9101
7090,0.004042,709.83,244.99,0.3451,95.5539,95.8166,0.2627,4.4461,4.1834
7091,0.003172,682.72,231.75,0.3395,96.5104,96.7166,0.2062,3.4896,3.2834
7092,0.002969,972.26,238.0,0.2448,96.7341,96.9271,0.193,3.2659,3.0729
7093,0.003629,1016.07,158.81,0.1563,96.0078,96.2437,0.2359,3.9922,3.7563
7094,0.003837,897.29,171.47,0.1911,95.7792,96.0286,0.2494,4.2208,3.9714
7095,0.002989,886.83,200.84,0.2265,96.7117,96.906,0.1943,3.2883,3.094
7096,0.003764,940.91,219.01,0.2328,95.8596,96.1043,0.2447,4.1404,3.8957
7097,0.003319,838.95,239.62,0.2856,96.3486,96.5644,0.2158,3.6514,3.4356
7098,0.003124,718.12,247.39,0.3445,96.5639,96.7669,0.203,3.4361,3.2331
7099,0.003061,813.42,157.43,0.1935,96.6325,96.8315,0.199,3.3675,3.1685
7100,0.003803,826.33,169.96,0.2057,95.8164,96.0636,0.2472,4.1836,3.9364
7101,0.004154,798.6,272.21,0.3409,95.4308,95.7008,0.27,4.5692,4.2992
7102,0.00349,780.39,198.25,0.254,96.1608,96.3876,0.2269,3.8392,3.6124
7103,0.003936,1013.7,238.58,0.2354,95.6706,95.9264,0.2558,4.3294,4.0736
7104,0.002992,788.47,262.07,0.3324,96.7089,96.9034,0.1945,3.2911,3.0966
7105,0.004148,775.72,192.8,0.2485,95.4375,95.7071,0.2696,4.5625,4.2929
7106,0.003261,854.69,168.65,0.1973,96.4128,96.6247,0.212,3.5872,3.3753
7107,0.002823,870.76,257.75,0.296,96.8949,97.0784,0.1835,3.1051,2.9216
7108,0.003633,798.27,202.56,0.2537,96.0033,96.2395,0.2362,3.9967,3.7605
7109,0.003096,981.35,276.79,0.2821,96.5945,96.7957,0.2012,3.4055,3.2043
7110,0.003867,815.37,210.92,0.2587,95.7464,95.9977,0.2514,4.2536,4.0023
7111,0.004014,883.02,252.87,0.2864,95.5849,95.8458,0.2609,4.4151,4.1542
7112,0.003009,847.73,224.26,0.2645,96.6899,96.8855,0.1956,3.3101,3.1145
7113,0.003241,818.52,151.81,0.1855,96.4351,96.6457,0.2107,3.5649,3.3543
7114,0.004157,818.85,271.63,0.3317,95.427,95.6972,0.2702,4.573,4.3028
7115,0.003976,785.26,213.46,0.2718,95.6259,95.8843,0.2585,4.3741,4.1157
7116,0.003427,780.75,279.55,0.3581,96.2306,96.4534,0.2227,3.7694,3.5466
7117,0.003016,823.34,288.23,0.3501,96.6824,96.8785,0.196,3.3176,3.1215
7118,0.002822,746.89,269.97,0.3615,96.8953,97.0788,0.1835,3.1047,2.9212
7119,0.002888,851.35,154.08,0.181,96.8232,97.0109,0.1877,3.1768,2.9891
7120,0.003324,747.68,150.66,0.2015,96.3433,96.5594,0.2161,3.6567,3.4406
7121,0.003418,910.99,245.22,0.2692,96.2405,96.4627,0.2222,3.7595,3.5373
7122,0.002926,849.0,164.08,0.1933,96.7811,96.9713,0.1902,3.2189,3.0287
7123,0.003393,797.93,216.01,0.2707,96.2682,96.4887,0.2205,3.7318,3.5113
7124,0.002887,723.84,188.35,0.2602,96.8248,97.0124,0.1876,3.1752,2.9876
7125,0.002905,763.4,198.96,0.2606,96.8044,96.9932,0.1888,3.1956,3.0068
7126,0.003419,770.22,256.45,0.333,96.2388,96.4611,0.2223,3.7612,3.5389
7127,0.004156,928.85,204.81,0.2205,95.4283,95.6985,0.2701,4.5717,4.3015
7128,0.002936,955.96,254.16,0.2659,96.7705,96.9613,0.1908,3.2295,3.0387
7129,0.004183,838.96,158.16,0.1885,95.3992,95.6711,0.2719,4.6008,4.3289
7130,0.003812,721.86,290.04,0.4018,95.8071,96.0548,0.2478,4.1929,3.9452
7131,0.002912,898.62,228.71,0.2545,96.7969,96.9861,0.1893,3.2031,3.0139
7132,0.003606,815.27,294.66,0.3614,96.0336,96.268,0.2344,3.9664,3.732
7133,0.004111,968.19,210.69,0.2176,95.4774,95.7447,0.2672,4.5226,4.2553
7134,0.003101,792.23,282.78,0.3569,96.5892,96.7907,0.2015,3.4108,3.2093
7135,0.003575,746.23,198.34,0.2658,96.0673,96.2996,0.2324,3.9327,3.7004
7136,0.00365,769.71,250.58,0.3256,95.9848,96.2221,0.2373,4.0152,3.7779
7137,0.003444,865.96,151.04,0.1744,96.2116,96.4355,0.2239,3.7884,3.5645
7138,0.003761,696.72,177.86,0.2553,95.8625,96.107,0.2445,4.1375,3.893
7139,0.00314,933.67,221.74,0.2375,96.546,96.7501,0.2041,3.454,3.2499
7140,0.003464,928.55,231.31,0.2491,96.19,96.4151,0.2251,3.81,3.5849
7141,0.003142,682.03,246.36,0.3612,96.5437,96.7479,0.2042,3.4563,3.2521
7142,0.003589,735.74,240.52,0.3269,96.052,96.2853,0.2333,3.948,3.7147
7143,0.003405,762.24,178.45,0.2341,96.254,96.4753,0.2214,3.746,3.5247
7144,0.003944,914.67,240.56,0.263,95.6612,95.9176,0.2564,4.3388,4.0824
7145,0.003471,947.29,169.99,0.1794,96.1823,96.4078,0.2256,3.8177,3.5922
7146,0.003592,972.61,193.36,0.1988,96.0491,96.2826,0.2335,3.9509,3.7174
7147,0.002856,975.32,288.23,0.2955,96.8585,97.0442,0.1856,3.1415,2.9558
7148,0.003251,939.45,272.32,0.2899,96.4239,96.6352,0.2113,3.5761,3.3648
7149,0.004109,984.56,219.03,0.2225,95.4805,95.7475,0.2671,4.5195,4.2525
7150,0.003664,881.87,178.02,0.2019,95.9693,96.2075,0.2382,4.0307,3.7925
7151,0.003031,840.96,185.51,0.2206,96.6654,96.8624,0.197,3.3346,3.1376
7152,0.004106,734.21,258.14,0.3516,95.4831,95.75,0.2669,4.5169,4.25
7153,0.004014,901.58,157.01,0.1741,95.5841,95.845,0.2609,4.4159,4.155
7154,0.003134,742.0,236.28,0.3184,96.553,96.7567,0.2037,3.447,3.2433
7155,0.003152,1017.14,159.79,0.1571,96.5329,96.7378,0.2049,3.4671,3.2622
7156,0.003664,757.5,269.76,0.3561,95.9701,96.2082,0.2381,4.0299,3.7918
7157,0.003523,779.73,181.86,0.2332,96.125,96.3539,0.229,3.875,3.6461
7158,0.003216,904.35,240.7,0.2662,96.4627,96.6718,0.209,3.5373,3.3282
7159,0.003535,982.42,151.36,0.1541,96.1111,96.3409,0.2298,3.8889,3.6591
7160,0.003742,792.68,198.16,0.25,95.8841,96.1273,0.2432,4.1159,3.8727
7161,0.002918,966.53,253.51,0.2623,96.7905,96.9801,0.1897,3.2095,3.0199
7162,0.002978,812.26,287.23,0.3536,96.7247,96.9182,0.1935,3.2753,3.0818
7163,0.00342,828.38,253.46,0.306,96.2384,96.4607,0.2223,3.7616,3.5393
7164,0.003671,748.59,293.91,0.3926,95.9616,96.2002,0.2386,4.0384,3.7998
7165,0.002974,681.29,274.85,0.4034,96.7286,96.9219,0.1933,3.2714,3.0781
7166,0.003904,1014.79,182.02,0.1794,95.7056,95.9593,0.2538,4.2944,4.0407
7167,0.003017,942.98,214.87,0.2279,96.6817,96.8778,0.1961,3.3183,3.1222
7168,0.003676,944.89,287.04,0.3038,95.9569,96.1958,0.2389,4.0431,3.8042
7169,0.00349,838.93,182.75,0.2178,96.1611,96.388,0.2268,3.8389,3.612
7170,0.004115,820.82,258.9,0.3154,95.4736,95.7411,0.2675,4.5264,4.2589
7171,0.00378,691.48,209.76,0.3034,95.8422,96.0879,0.2457,4.1578,3.9121
7172,0.0041,928.24,154.24,0.1662,95.49,95.7565,0.2665,4.51,4.2435
7173,0.003924,681.17,233.78,0.3432,95.6839,95.939,0.255,4.3161,4.061
7174,0.002873,808.67,155.18,0.1919,96.8394,97.0261,0.1868,3.1606,2.9739
7175,0.00366,737.62,225.51,0.3057,95.9739,96.2118,0.2379,4.0261,3.7882
7176,0.003226,894.26,162.72,0.182,96.4515,96.6612,0.2097,3.5485,3.3388
7177,0.003954,897.71,268.66,0.2993,95.6509,95.9079,0.257,4.3491,4.0921
7178,0.003217,698.24,284.67,0.4077,96.4618,96.6709,0.2091,3.5382,3.3291
7179,0.003178,909.64,280.28,0.3081,96.5038,96.7104,0.2066,3.4962,3.2896
7180,0.003463,937.93,225.95,0.2409,96.1912,96.4163,0.2251,3.8088,3.5837
7181,0.003399,822.88,205.69,0.25,96.2608,96.4818,0.221,3.7392,3.5182
7182,0.004096,966.23,214.45,0.2219,95.494,95.7602,0.2663,4.506,4.2398
7183,0.003024,966.54,186.77,0.1932,96.6738,96.8703,0.1966,3.3262,3.1297
7184,0.003367,953.65,249.35,0.2615,96.2965,96.5154,0.2188,3.7035,3.4846
7185,0.0033,967.96,271.44,0.2804,96.3705,96.585,0.2145,3.6295,3.415
7186,0.003365,1004.77,189.36,0.1885,96.2985,96.5173,0.2187,3.7015,3.4827
7187,0.003376,704.13,236.05,0.3352,96.2861,96.5056,0.2195,3.7139,3.4944
7188,0.003174,882.3,246.85,0.2798,96.5084,96.7147,0.2063,3.4916,3.2853
7189,0.003092,857.72,182.64,0.2129,96.5983,96.7994,0.201,3.4017,3.2006
7190,0.003622,941.83,251.91,0.2675,96.0159,96.2513,0.2354,3.9841,3.7487
7191,0.003848,965.14,256.21,0.2655,95.7672,96.0173,0.2501,4.2328,3.9827
7192,0.003979,883.37,161.61,0.1829,95.6231,95.8818,0.2586,4.3769,4.1182
7193,0.003638,920.06,214.09,0.2327,95.9979,96.2344,0.2365,4.0021,3.7656
7194,0.003625,890.88,197.25,0.2214,96.0125,96.2481,0.2356,3.9875,3.7519
7195,0.003239,974.7,239.58,0.2458,96.4371,96.6476,0.2105,3.5629,3.3524
7196,0.003921,750.56,273.53,0.3644,95.6873,95.9422,0.2548,4.3127,4.0578
7197,0.003885,828.42,182.47,0.2203,95.7264,95.9789,0.2525,4.2736,4.0211
7198,0.002985,755.63,238.57,0.3157,96.717,96.911,0.194,3.283,3.089
7199,0.00405,714.49,165.13,0.2311,95.5445,95.8078,0.2633,4.4555,4.1922
7200,0.003806,879.15,290.18,0.3301,95.8134,96.0607,0.2474,4.1866,3.9393
7201,0.003547,901.31,249.08,0.2764,96.0982,96.3287,0.2306,3.9018,3.6713
7202,0.004074,792.05,193.25,0.244,95.5182,95.7831,0.2648,4.4818,4.2169
7203,0.004106,757.51,152.44,0.2012,95.4835,95.7504,0.2669,4.5165,4.2496
7204,0.00378,742.03,217.56,0.2932,95.8423,96.088,0.2457,4.1577,3.912
7205,0.003838,1015.82,281.35,0.277,95.7784,96.0278,0.2495,4.2216,3.9722
7206,0.002992,745.66,238.74,0.3202,96.7083,96.9028,0.1945,3.2917,3.0972
7207,0.003543,991.24,290.86,0.2934,96.1022,96.3325,0.2303,3.8978,3.6675
7208,0.00322,961.08,289.37,0.3011,96.4577,96.6671,0.2093,3.5423,3.3329
7209,0.003026,815.22,219.16,0.2688,96.6711,96.8678,0.1967,3.3289,3.1322
7210,0.003506,847.18,277.09,0.3271,96.1438,96.3717,0.2279,3.8562,3.6283
7211,0.003884,858.96,286.35,0.3334,95.7275,95.98,0.2525,4.2725,4.02
7212,0.00298,833.09,246.44,0.2958,96.7217,96.9154,0.1937,3.2783,3.0846
7213,0.003709,699.65,248.59,0.3553,95.9206,96.1617,0.2411,4.0794,3.8383
7214,0.004162,778.64,208.19,0.2674,95.4223,95.6928,0.2705,4.5777,4.3072
7215,0.002869,917.16,298.12,0.325,96.8438,97.0303,0.1865,3.1562,2.9697
7216,0.00308,925.93,236.33,0.2552,96.6121,96.8123,0.2002,3.3879,3.1877
7217,0.003318,784.02,262.14,0.3344,96.3501,96.5658,0.2157,3.6499,3.4342
7218,0.003605,862.4,280.48,0.3252,96.0346,96.2689,0.2343,3.9654,3.7311
7219,0.003179,688.33,251.92,0.366,96.5026,96.7093,0.2067,3.4974,3.2907
7220,0.003521,913.48,243.53,0.2666,96.1264,96.3553,0.2289,3.8736,3.6447
7221,0.003594,950.91,178.92,0.1882,96.0463,96.2799,0.2336,3.9537,3.7201
7222,0.00375,762.09,150.56,0.1976,95.8755,96.1192,0.2437,4.1245,3.8808
7223,0.003669,992.23,173.12,0.1745,95.9638,96.2023,0.2385,4.0362,3.7977
7224,0.003353,720.57,275.91,0.3829,96.3117,96.5297,0.2179,3.6883,3.4703
7225,0.002883,979.22,212.58,0.2171,96.8286,97.016,0.1874,3.1714,2.984
7226,0.003338,725.02,164.84,0.2274,96.3283,96.5453,0.217,3.6717,3.4547
7227,0.003252,986.3,259.87,0.2635,96.4231,96.6345,0.2114,3.5769,3.3655
7228,0.003758,818.16,191.67,0.2343,95.866,96.1103,0.2443,4.134,3.8897
7229,0.003499,995.11,292.05,0.2935,96.1511,96.3786,0.2274,3.8489,3.6214
7230,0.003251,935.55,203.77,0.2178,96.4234,96.6347,0.2113,3.5766,3.3653
7231,0.003491,713.96,294.91,0.4131,96.16,96.3869,0.2269,3.84,3.6131
7232,0.003157,826.52,150.86,0.1825,96.5277,96.7328,0.2052,3.4723,3.2672
7233,0.002873,858.08,200.64,0.2338,96.8395,97.0262,0.1868,3.1605,2.9738
7234,0.003902,821.07,229.64,0.2797,95.7082,95.9618,0.2536,4.2918,4.0382
7235,0.002986,912.32,203.61,0.2232,96.7155,96.9096,0.1941,3.2845,3.0904
7236,0.003381,799.99,198.76,0.2485,96.2813,96.5011,0.2197,3.7187,3.4989
7237,0.003015,983.2,279.24,0.284,96.683,96.879,0.196,3.317,3.121
7238,0.003164,941.75,238.31,0.2531,96.5196,96.7252,0.2057,3.4804,3.2748
7239,0.003461,780.68,171.56,0.2198,96.1926,96.4176,0.225,3.8074,3.5824
7240,0.003987,748.58,229.39,0.3064,95.614,95.8732,0.2592,4.386,4.1268
7241,0.004077,1019.36,152.55,0.1497,95.5153,95.7803,0.265,4.4847,4.2197
7242,0.003886,964.41,273.09,0.2832,95.7257,95.9783,0.2526,4.2743,4.0217
7243,0.004014,928.26,217.9,0.2347,95.5844,95.8453,0.2609,4.4156,4.1547
7244,0.004142,818.79,156.84,0.1915,95.4442,95.7134,0.2692,4.5558,4.2866
7245,0.003671,955.36,190.17,0.1991,95.9618,96.2004,0.2386,4.0382,3.7996
7246,0.004083,854.32,211.68,0.2478,95.5089,95.7743,0.2654,4.4911,4.2257
7247,0.003043,951.09,199.92,0.2102,96.653,96.8508,0.1978,3.347,3.1492
7248,0.002868,887.9,230.2,0.2593,96.8453,97.0317,0.1864,3.1547,2.9683
7249,0.002843,886.96,280.9,0.3167,96.8732,97.058,0.1848,3.1268,2.942
7250,0.003845,752.28,250.2,0.3326,95.7701,96.02,0.25,4.2299,3.98
7251,0.002817,941.85,245.7,0.2609,96.9013,97.0844,0.1831,3.0987,2.9156
7252,0.003953,841.71,222.72,0.2646,95.6515,95.9085,0.257,4.3485,4.0915
7253,0.003982,959.23,236.38,0.2464,95.6193,95.8781,0.2589,4.3807,4.1219
7254,0.003482,965.84,200.5,0.2076,96.1701,96.3964,0.2263,3.8299,3.6036
7255,0.003014,771.37,181.46,0.2352,96.6846,96.8805,0.1959,3.3154,3.1195
7256,0.003345,771.9,151.98,0.1969,96.3206,96.538,0.2174,3.6794,3.462
7257,0.003245,694.36,180.7,0.2602,96.4306,96.6415,0.2109,3.5694,3.3585
7258,0.003855,808.4,253.7,0.3138,95.7596,96.0102,0.2506,4.2404,3.9898
7259,0.003219,853.21,297.55,0.3487,96.4593,96.6685,0.2092,3.5407,3.3315
7260,0.003602,849.41,245.87,0.2895,96.0375,96.2717,0.2341,3.9625,3.7283
7261,0.003112,765.41,152.83,0.1997,96.5769,96.7792,0.2023,3.4231,3.2208
7262,0.003271,961.65,264.19,0.2747,96.4014,96.614,0.2126,3.5986,3.386
7263,0.002863,903.67,214.83,0.2377,96.8505,97.0366,0.1861,3.1495,2.9634
7264,0.003036,889.78,190.54,0.2141,96.6604,96.8577,0.1973,3.3396,3.1423
7265,0.003711,954.97,156.64,0.164,95.918,96.1592,0.2412,4.082,3.8408
7266,0.003127,710.61,286.7,0.4035,96.5608,96.764,0.2032,3.4392,3.236
7267,0.003641,939.32,199.82,0.2127,95.9953,96.2319,0.2366,4.0047,3.7681
7268,0.003193,966.12,152.63,0.158,96.4882,96.6957,0.2075,3.5118,3.3043
7269,0.003068,786.14,156.13,0.1986,96.6255,96.8249,0.1994,3.3745,3.1751
7270,0.002935,932.99,249.75,0.2677,96.7716,96.9624,0.1908,3.2284,3.0376
7271,0.00346,861.08,219.04,0.2544,96.1944,96.4193,0.2249,3.8056,3.5807
7272,0.003654,1004.93,167.05,0.1662,95.9811,96.2186,0.2375,4.0189,3.7814
7273,0.003232,854.59,213.8,0.2502,96.4445,96.6546,0.2101,3.5555,3.3454
7274,0.003174,989.08,228.4,0.2309,96.5084,96.7147,0.2063,3.4916,3.2853
7275,0.003023,681.26,228.3,0.3351,96.6752,96.8717,0.1965,3.3248,3.1283
7276,0.003813,965.29,198.0,0.2051,95.8052,96.0531,0.2479,4.1948,3.9469
7277,0.003698,977.09,254.45,0.2604,95.9323,96.1726,0.2404,4.0677,3.8274
7278,0.003928,773.99,235.58,0.3044,95.6788,95.9341,0.2553,4.3212,4.0659
7279,0.003023,899.88,182.97,0.2033,96.6749,96.8714,0.1965,3.3251,3.1286
7280,0.00416,825.98,260.52,0.3154,95.4245,95.6949,0.2704,4.5755,4.3051
7281,0.003305,866.54,257.46,0.2971,96.3647,96.5795,0.2148,3.6353,3.4205
7282,0.003859,736.35,213.0,0.2893,95.7546,96.0055,0.2509,4.2454,3.9945
7283,0.003473,995.55,181.47,0.1823,96.1799,96.4057,0.2257,3.8201,3.5943
7284,0.003989,830.77,254.97,0.3069,95.6121,95.8714,0.2593,4.3879,4.1286
7285,0.003338,741.81,238.55,0.3216,96.3287,96.5457,0.2169,3.6713,3.4543
7286,0.00372,898.36,252.21,0.2807,95.9079,96.1497,0.2418,4.0921,3.8503
7287,0.00332,1013.79,229.44,0.2263,96.3478,96.5637,0.2158,3.6522,3.4363
7288,0.004051,939.88,220.31,0.2344,95.544,95.8073,0.2633,4.456,4.1927
7289,0.003501,780.27,172.0,0.2204,96.149,96.3766,0.2276,3.851,3.6234
7290,0.003334,803.02,200.98,0.2503,96.3325,96.5492,0.2167,3.6675,3.4508
7291,0.003237,891.77,239.06,0.2681,96.4389,96.6493,0.2104,3.5611,3.3507
7292,0.002833,822.94,172.91,0.2101,96.884,97.0681,0.1841,3.116,2.9319
7293,0.002987,926.48,183.01,0.1975,96.7144,96.9085,0.1942,3.2856,3.0915
7294,0.003463,833.11,225.39,0.2705,96.1904,96.4155,0.2251,3.8096,3.5845
7295,0.003611,1013.44,282.59,0.2788,96.0279,96.2626,0.2347,3.9721,3.7374
7296,0.003119,910.97,235.98,0.259,96.5689,96.7716,0.2027,3.4311,3.2284
7297,0.00285,956.27,264.44,0.2765,96.8647,97.05,0.1853,3.1353,2.95
7298,0.0034,960.13,280.94,0.2926,96.2602,96.4812,0.221,3.7398,3.5188
7299,0.0038,893.41,217.2,0.2431,95.8197,96.0667,0.247,4.1803,3.9333
7300,0.00374,867.74,271.49,0.3129,95.8865,96.1296,0.2431,4.1135,3.8704
7301,0.004178,877.51,255.49,0.2912,95.404,95.6756,0.2716,4.596,4.3244
7302,0.002899,948.96,213.11,0.2246,96.8113,96.9997,0.1884,3.1887,3.0003
7303,0.00324,748.86,228.72,0.3054,96.4365,96.6471,0.2106,3.5635,3.3529
7304,0.004184,978.7,231.7,0.2367,95.3972,95.6692,0.272,4.6028,4.3308
7305,0.003674,693.53,217.86,0.3141,95.9586,96.1974,0.2388,4.0414,3.8026
7306,0.003094,854.82,202.91,0.2374,96.5964,96.7975,0.2011,3.4036,3.2025
7307,0.002891,848.0,158.71,0.1872,96.8202,97.0081,0.1879,3.1798,2.9919
7308,0.003613,805.66,298.13,0.37,96.0252,96.2601,0.2349,3.9748,3.7399
7309,0.003867,893.24,175.15,0.1961,95.7464,95.9977,0.2514,4.2536,4.0023
7310,0.003957,751.43,189.54,0.2522,95.6468,95.904,0.2572,4.3532,4.096
7311,0.003516,819.75,228.77,0.2791,96.1319,96.3605,0.2286,3.8681,3.6395
7312,0.004006,1006.22,252.79,0.2512,95.5937,95.8541,0.2604,4.4063,4.1459
7313,0.003358,731.32,239.05,0.3269,96.3062,96.5244,0.2183,3.6938,3.4756
7314,0.003754,741.34,290.35,0.3917,95.8709,96.1149,0.244,4.1291,3.8851
7315,0.003901,884.89,244.81,0.2766,95.709,95.9626,0.2536,4.291,4.0374
7316,0.003267,709.99,281.77,0.3969,96.406,96.6184,0.2124,3.594,3.3816
7317,0.003566,732.59,235.06,0.3209,96.0779,96.3097,0.2318,3.9221,3.6903
7318,0.003905,857.82,208.04,0.2425,95.7048,95.9586,0.2538,4.2952,4.0414
7319,0.003718,939.22,226.61,0.2413,95.9103,96.1519,0.2417,4.0897,3.8481
7320,0.002987,954.86,247.33,0.259,96.7139,96.9081,0.1942,3.2861,3.0919
7321,0.003484,991.24,208.2,0.21,96.1678,96.3942,0.2264,3.8322,3.6058
7322,0.003865,1008.35,155.5,0.1542,95.7489,96.0001,0.2512,4.2511,3.9999
7323,0.002966,834.59,169.79,0.2034,96.7376,96.9304,0.1928,3.2624,3.0696
7324,0.003473,729.89,233.23,0.3195,96.1792,96.405,0.2258,3.8208,3.595
7325,0.003343,886.28,184.65,0.2083,96.3231,96.5403,0.2173,3.6769,3.4597
7326,0.003185,920.19,249.41,0.271,96.4967,96.7037,0.207,3.5033,3.2963
7327,0.003989,904.86,241.12,0.2665,95.6117,95.871,0.2593,4.3883,4.129
7328,0.003436,695.71,257.08,0.3695,96.2207,96.444,0.2233,3.7793,3.556
7329,0.002862,846.88,219.04,0.2586,96.8519,97.0379,0.186,3.1481,2.9621
7330,0.00366,973.17,267.44,0.2748,95.9742,96.212,0.2379,4.0258,3.788
7331,0.004011,1018.82,178.65,0.1754,95.5879,95.8486,0.2607,4.4121,4.1514
7332,0.003296,831.67,270.05,0.3247,96.3744,96.5886,0.2142,3.6256,3.4114
7333,0.003419,931.51,264.89,0.2844,96.2389,96.4612,0.2222,3.7611,3.5388
7334,0.003976,903.79,281.98,0.312,95.6266,95.885,0.2584,4.3734,4.115
7335,0.00294,791.95,244.82,0.3091,96.7658,96.9569,0.1911,3.2342,3.0431
7336,0.003754,940.99,216.0,0.2295,95.8707,96.1147,0.244,4.1293,3.8853
7337,0.004067,801.54,246.56,0.3076,95.5262,95.7906,0.2644,4.4738,4.2094
7338,0.003535,890.07,251.33,0.2824,96.1118,96.3416,0.2298,3.8882,3.6584
7339,0.003835,855.64,256.64,0.2999,95.7817,96.031,0.2493,4.2183,3.969
7340,0.003192,695.2,205.15,0.2951,96.4886,96.6961,0.2075,3.5114,3.3039
7341,0.003513,751.14,295.78,0.3938,96.136,96.3643,0.2283,3.864,3.6357
7342,0.003236,784.91,222.51,0.2835,96.4405,96.6508,0.2103,3.5595,3.3492
7343,0.002872,992.71,165.36,0.1666,96.8408,97.0275,0.1867,3.1592,2.9725
7344,0.003013,757.12,247.23,0.3265,96.6853,96.8812,0.1959,3.3147,3.1188
7345,0.003252,696.73,210.09,0.3015,96.423,96.6344,0.2114,3.577,3.3656
7346,0.004187,718.7,244.17,0.3397,95.3947,95.6668,0.2721,4.6053,4.3332
7347,0.003351,997.69,230.07,0.2306,96.3139,96.5318,0.2178,3.6861,3.4682
7348,0.002905,692.74,245.83,0.3549,96.805,96.9938,0.1888,3.195,3.0062
7349,0.00403,833.11,216.96,0.2604,95.5674,95.8293,0.2619,4.4326,4.1707
7350,0.002875,980.04,184.82,0.1886,96.8377,97.0246,0.1869,3.1623,2.9754
7351,0.004163,953.46,244.13,0.2561,95.4208,95.6914,0.2706,4.5792,4.3086
7352,0.0033,854.21,189.51,0.2219,96.37,96.5845,0.2145,3.63,3.4155
7353,0.004167,875.33,194.02,0.2216,95.4165,95.6873,0.2708,4.5835,4.3127
7354,0.004081,1016.49,272.91,0.2685,95.5109,95.7762,0.2653,4.4891,4.2238
7355,0.003393,971.12,293.07,0.3018,96.2682,96.4887,0.2205,3.7318,3.5113
7356,0.00394,702.57,182.69,0.26,95.6658,95.9219,0.2561,4.3342,4.0781
7357,0.002989,788.56,182.79,0.2318,96.7125,96.9068,0.1943,3.2875,3.0932
7358,0.003498,905.05,280.29,0.3097,96.1521,96.3795,0.2274,3.8479,3.6205
7359,0.003297,1001.27,204.91,0.2046,96.3732,96.5875,0.2143,3.6268,3.4125
7360,0.003789,734.46,286.5,0.3901,95.8321,96.0784,0.2463,4.1679,3.9216
7361,0.003737,905.27,185.03,0.2044,95.8892,96.1321,0.2429,4.1108,3.8679
7362,0.003513,1006.99,266.1,0.2643,96.1361,96.3644,0.2283,3.8639,3.6356
7363,0.003092,692.83,234.74,0.3388,96.5991,96.8001,0.201,3.4009,3.1999
7364,0.002924,870.13,288.26,0.3313,96.7834,96.9734,0.1901,3.2166,3.0266
7365,0.003727,898.46,299.39,0.3332,95.9007,96.1429,0.2422,4.0993,3.8571
7366,0.003117,739.52,163.57,0.2212,96.5708,96.7734,0.2026,3.4292,3.2266
7367,0.003996,930.37,160.35,0.1723,95.604,95.8638,0.2598,4.396,4.1362
7368,0.003286,931.21,230.63,0.2477,96.3857,96.5993,0.2136,3.6143,3.4007
7369,0.003616,951.01,153.59,0.1615,96.0221,96.2571,0.2351,3.9779,3.7429
7370,0.003453,750.48,193.75,0.2582,96.2015,96.4259,0.2245,3.7985,3.5741
7371,0.003338,840.12,188.19,0.224,96.3282,96.5451,0.217,3.6718,3.4549
7372,0.003047,721.59,261.45,0.3623,96.6479,96.846,0.1981,3.3521,3.154
7373,0.003601,865.22,247.55,0.2861,96.0387,96.2727,0.2341,3.9613,3.7273
7374,0.00409,845.6,261.11,0.3088,95.5008,95.7666,0.2659,4.4992,4.2334
7375,0.004093,887.32,213.7,0.2408,95.498,95.7641,0.266,4.502,4.2359
7376,0.003419,794.47,292.25,0.3679,96.2394,96.4616,0.2222,3.7606,3.5384
7377,0.004057,706.15,249.66,0.3536,95.5378,95.8014,0.2637,4.4622,4.1986
7378,0.003366,867.62,246.83,0.2845,96.2971,96.5159,0.2188,3.7029,3.4841
7379,0.00412,983.02,164.83,0.1677,95.4681,95.7359,0.2678,4.5319,4.2641
7380,0.003903,781.95,191.02,0.2443,95.7069,95.9606,0.2537,4.2931,4.0394
7381,0.003471,917.68,158.79,0.173,96.1816,96.4072,0.2256,3.8184,3.5928
7382,0.003627,957.88,180.51,0.1884,96.0102,96.2459,0.2358,3.9898,3.7541
7383,0.003482,832.91,153.87,0.1847,96.1702,96.3965,0.2263,3.8298,3.6035
7384,0.004195,881.11,257.84,0.2926,95.3858,95.6585,0.2727,4.6142,4.3415
7385,0.002976,817.72,249.67,0.3053,96.7269,96.9203,0.1934,3.2731,3.0797
7386,0.004196,1010.17,265.6,0.2629,95.3847,95.6575,0.2727,4.6153,4.3425
7387,0.00284,731.53,294.26,0.4023,96.8758,97.0605,0.1846,3.1242,2.9395
7388,0.003688,1009.54,262.37,0.2599,95.943,96.1827,0.2397,4.057,3.8173
7389,0.003605,899.58,207.67,0.2309,96.0343,96.2686,0.2343,3.9657,3.7314
7390,0.003947,719.64,283.6,0.3941,95.6585,95.915,0.2565,4.3415,4.085
7391,0.003382,833.82,168.47,0.202,96.28,96.4998,0.2198,3.72,3.5002
7392,0.003845,1016.58,212.08,0.2086,95.7708,96.0207,0.2499,4.2292,3.9793
7393,0.004134,680.51,299.61,0.4403,95.4531,95.7218,0.2687,4.5469,4.2782
7394,0.003845,991.19,191.68,0.1934,95.7702,96.0202,0.2499,4.2298,3.9798
7395,0.003936,993.38,170.16,0.1713,95.6706,95.9264,0.2558,4.3294,4.0736
7396,0.003989,723.52,252.01,0.3483,95.6125,95.8718,0.2593,4.3875,4.1282
7397,0.00417,771.35,238.26,0.3089,95.4126,95.6836,0.2711,4.5874,4.3164
7398,0.002855,985.88,181.31,0.1839,96.859,97.0446,0.1856,3.141,2.9554
7399,0.003413,823.95,183.11,0.2222,96.2459,96.4677,0.2218,3.7541,3.5323
7400,0.003389,801.75,261.06,0.3256,96.2717,96.492,0.2203,3.7283,3.508
7401,0.002931,973.84,242.14,0.2486,96.7756,96.9661,0.1905,3.2244,3.0339
7402,0.003258,896.13,191.41,0.2136,96.4158,96.6276,0.2118,3.5842,3.3724
7403,0.003365,773.28,154.04,0.1992,96.2984,96.5172,0.2187,3.7016,3.4828
7404,0.00303,763.41,278.75,0.3651,96.6671,96.8641,0.1969,3.3329,3.1359
7405,0.002888,783.38,209.32,0.2672,96.8235,97.0112,0.1877,3.1765,2.9888
7406,0.003305,979.77,171.02,0.1745,96.3648,96.5796,0.2148,3.6352,3.4204
7407,0.003933,956.61,166.51,0.1741,95.6741,95.9298,0.2556,4.3259,4.0702
7408,0.003337,846.47,169.24,0.1999,96.3291,96.546,0.2169,3.6709,3.454
7409,0.003105,872.99,267.34,0.3062,96.584,96.7858,0.2019,3.416,3.2142
7410,0.003299,987.56,207.21,0.2098,96.3707,96.5851,0.2145,3.6293,3.4149
7411,0.003657,793.85,237.4,0.299,95.977,96.2147,0.2377,4.023,3.7853
7412,0.003021,742.12,252.8,0.3406,96.6768,96.8731,0.1964,3.3232,3.1269
7413,0.003326,979.47,271.78,0.2775,96.3415,96.5577,0.2162,3.6585,3.4423
7414,0.003218,695.29,182.45,0.2624,96.4601,96.6693,0.2092,3.5399,3.3307
7415,0.004002,949.56,272.15,0.2866,95.5982,95.8583,0.2601,4.4018,4.1417
7416,0.003253,1010.75,261.44,0.2587,96.422,96.6334,0.2114,3.578,3.3666
7417,0.003268,701.61,258.3,0.3682,96.4048,96.6173,0.2124,3.5952,3.3827
7418,0.003092,998.51,295.28,0.2957,96.5992,96.8002,0.201,3.4008,3.1998
7419,0.003891,994.62,188.37,0.1894,95.7196,95.9725,0.2529,4.2804,4.0275
7420,0.003569,843.58,177.09,0.2099,96.074,96.306,0.232,3.926,3.694
7421,0.004075,757.76,150.12,0.1981,95.5177,95.7825,0.2649,4.4823,4.2175
7422,0.003456,762.01,185.01,0.2428,96.198,96.4227,0.2247,3.802,3.5773
7423,0.003154,802.81,206.7,0.2575,96.5309,96.7359,0.205,3.4691,3.2641
7424,0.003835,708.46,253.0,0.3571,95.782,96.0313,0.2492,4.218,3.9687
7425,0.003209,962.02,172.32,0.1791,96.4697,96.6783,0.2086,3.5303,3.3217
7426,0.00293,768.64,267.25,0.3477,96.7771,96.9675,0.1904,3.2229,3.0325
7427,0.003441,855.8,238.45,0.2786,96.2147,96.4384,0.2237,3.7853,3.5616
7428,0.003244,701.6,281.23,0.4008,96.4321,96.6429,0.2108,3.5679,3.3571
7429,0.002811,684.75,198.33,0.2896,96.9076,97.0903,0.1827,3.0924,2.9097
7430,0.003141,848.49,215.32,0.2538,96.5445,96.7486,0.2042,3.4555,3.2514
7431,0.002933,746.07,254.75,0.3415,96.7741,96.9647,0.1906,3.2259,3.0353
7432,0.003926,850.7,158.97,0.1869,95.6812,95.9364,0.2552,4.3188,4.0636
7433,0.003812,862.21,294.75,0.3419,95.8064,96.0542,0.2478,4.1936,3.9458
7434,0.00292,750.08,162.65,0.2168,96.7879,96.9777,0.1898,3.2121,3.0223
7435,0.002929,702.07,184.33,0.2625,96.7782,96.9685,0.1904,3.2218,3.0315
7436,0.003474,820.27,244.7,0.2983,96.1787,96.4045,0.2258,3.8213,3.5955
7437,0.004123,685.03,269.76,0.3938,95.4643,95.7323,0.268,4.5357,4.2677
7438,0.002909,835.08,156.8,0.1878,96.8005,96.9895,0.1891,3.1995,3.0105
7439,0.00374,894.49,198.01,0.2214,95.8861,96.1292,0.2431,4.1139,3.8708
7440,0.003222,792.43,218.12,0.2753,96.4562,96.6656,0.2094,3.5438,3.3344
7441,0.002874,898.39,247.75,0.2758,96.8386,97.0254,0.1868,3.1614,2.9746
7442,0.002803,973.67,273.3,0.2807,96.9165,97.0987,0.1822,3.0835,2.9013
7443,0.003719,763.09,271.3,0.3555,95.9089,96.1507,0.2417,4.0911,3.8493
7444,0.002901,1000.3,176.88,0.1768,96.809,96.9975,0.1886,3.191,3.0025
7445,0.00384,684.16,154.99,0.2265,95.7757,96.0253,0.2496,4.2243,3.9747
7446,0.003059,698.44,293.84,0.4207,96.6356,96.8344,0.1988,3.3644,3.1656
7447,0.003404,793.98,247.05,0.3112,96.2551,96.4764,0.2213,3.7449,3.5236
7448,0.004119,989.38,152.83,0.1545,95.4687,95.7365,0.2678,4.5313,4.2635
7449,0.003257,962.52,175.23,0.1821,96.4173,96.629,0.2117,3.5827,3.371
7450,0.003837,712.58,268.24,0.3764,95.779,96.0284,0.2494,4.221,3.9716
7451,0.002838,819.01,155.5,0.1899,96.8779,97.0624,0.1845,3.1221,2.9376
7452,0.003241,767.07,260.78,0.34,96.4348,96.6455,0.2107,3.5652,3.3545
7453,0.003593,686.49,297.47,0.4333,96.0478,96.2813,0.2335,3.9522,3.7187
7454,0.003363,983.56,180.87,0.1839,96.3012,96.5198,0.2186,3.6988,3.4802
7455,0.003836,727.82,170.35,0.2341,95.7801,96.0295,0.2494,4.2199,3.9705
7456,0.002991,692.7,298.68,0.4312,96.7096,96.904,0.1944,3.2904,3.096
7457,0.003125,1012.29,169.57,0.1675,96.5626,96.7657,0.2031,3.4374,3.2343
7458,0.003731,696.05,206.67,0.2969,95.8961,96.1386,0.2425,4.1039,3.8614
7459,0.003717,712.51,249.49,0.3502,95.9113,96.1529,0.2416,4.0887,3.8471
7460,0.00366,695.76,161.33,0.2319,95.9745,96.2124,0.2379,4.0255,3.7876
7461,0.003861,767.05,196.01,0.2555,95.7524,96.0034,0.251,4.2476,3.9966
7462,0.003113,714.35,184.17,0.2578,96.5756,96.778,0.2024,3.4244,3.222
7463,0.003044,741.72,206.82,0.2788,96.6516,96.8494,0.1979,3.3484,3.1506
7464,0.004162,950.85,173.75,0.1827,95.4218,95.6923,0.2705,4.5782,4.3077
7465,0.003826,766.42,274.86,0.3586,95.7913,96.04,0.2487,4.2087,3.96
7466,0.003376,776.32,168.94,0.2176,96.286,96.5054,0.2195,3.714,3.4946
7467,0.003226,850.2,194.76,0.2291,96.4514,96.6611,0.2097,3.5486,3.3389
7468,0.003926,887.2,214.23,0.2415,95.6816,95.9368,0.2552,4.3184,4.0632
7469,0.002807,769.66,226.8,0.2947,96.9123,97.0948,0.1825,3.0877,2.9052
7470,0.003401,770.99,261.81,0.3396,96.2587,96.4798,0.2211,3.7413,3.5202
7471,0.003822,878.34,203.49,0.2317,95.7963,96.0447,0.2484,4.2037,3.9553
7472,0.003412,834.3,250.5,0.3003,96.2466,96.4684,0.2218,3.7534,3.5316
7473,0.003675,974.77,186.38,0.1912,95.9573,96.1962,0.2389,4.0427,3.8038
7474,0.003727,867.05,243.76,0.2811,95.9007,96.1429,0.2422,4.0993,3.8571
7475,0.003048,840.45,184.81,0.2199,96.6469,96.845,0.1981,3.3531,3.155
7476,0.003367,943.29,200.19,0.2122,96.2967,96.5155,0.2188,3.7033,3.4845
7477,0.003049,810.44,293.97,0.3627,96.6466,96.8447,0.1982,3.3534,3.1553
7478,0.003319,793.06,277.06,0.3494,96.3488,96.5645,0.2158,3.6512,3.4355
7479,0.003175,939.77,208.51,0.2219,96.508,96.7144,0.2063,3.492,3.2856
7480,0.003021,947.76,280.85,0.2963,96.6771,96.8735,0.1964,3.3229,3.1265
7481,0.003515,890.66,212.48,0.2386,96.1332,96.3617,0.2285,3.8668,3.6383
7482,0.00322,770.64,267.41,0.347,96.4578,96.6671,0.2093,3.5422,3.3329
7483,0.003317,764.73,277.35,0.3627,96.351,96.5666,0.2156,3.649,3.4334
7484,0.003777,734.15,281.72,0.3837,95.8451,96.0906,0.2455,4.1549,3.9094
7485,0.003888,1002.65,288.57,0.2878,95.7227,95.9755,0.2527,4.2773,4.0245
7486,0.003351,924.69,250.04,0.2704,96.3135,96.5314,0.2178,3.6865,3.4686
7487,0.003273,870.81,254.81,0.2926,96.3994,96.6121,0.2128,3.6006,3.3879
7488,0.00378,818.63,264.28,0.3228,95.8424,96.0881,0.2457,4.1576,3.9119
7489,0.004033,876.04,283.23,0.3233,95.5637,95.8259,0.2621,4.4363,4.1741
7490,0.003847,732.39,180.38,0.2463,95.7682,96.0182,0.2501,4.2318,3.9818
7491,0.004075,936.69,208.24,0.2223,95.5174,95.7823,0.2649,4.4826,4.2177
7492,0.004093,731.25,165.49,0.2263,95.4974,95.7634,0.2661,4.5026,4.2366
7493,0.003465,733.26,218.65,0.2982,96.1888,96.414,0.2252,3.8112,3.586
7494,0.003703,997.56,292.64,0.2933,95.9269,96.1676,0.2407,4.0731,3.8324
7495,0.003843,866.0,183.69,0.2121,95.7728,96.0226,0.2498,4.2272,3.9774
7496,0.00318,999.66,192.99,0.1931,96.502,96.7087,0.2067,3.498,3.2913
7497,0.003568,850.07,214.37,0.2522,96.0753,96.3072,0.2319,3.9247,3.6928
7498,0.003736,688.89,267.72,0.3886,95.8901,96.133,0.2429,4.1099,3.867
7499,0.003351,863.06,194.41,0.2253,96.3143,96.5321,0.2178,3.6857,3.4679
7500,0.003459,897.23,242.39,0.2701,96.1956,96.4204,0.2248,3.8044,3.5796
7501,0.003853,938.03,268.1,0.2858,95.7618,96.0123,0.2504,4.2382,3.9877
7502,0.002908,712.7,279.07,0.3916,96.8012,96.9902,0.189,3.1988,3.0098
7503,0.003743,850.03,165.23,0.1944,95.8823,96.1256,0.2433,4.1177,3.8744
7504,0.004056,855.19,179.51,0.2099,95.5387,95.8023,0.2636,4.4613,4.1977
7505,0.003447,689.94,153.47,0.2224,96.2087,96.4327,0.224,3.7913,3.5673
7506,0.003929,841.15,206.93,0.246,95.6781,95.9335,0.2554,4.3219,4.0665
7507,0.00346,736.46,274.51,0.3728,96.1938,96.4188,0.2249,3.8062,3.5812
7508,0.002806,712.44,230.45,0.3235,96.9137,97.0961,0.1824,3.0863,2.9039
7509,0.003393,843.87,233.08,0.2762,96.2676,96.4882,0.2205,3.7324,3.5118
7510,0.003796,869.02,170.99,0.1968,95.8242,96.0709,0.2468,4.1758,3.9291
7511,0.003825,875.11,167.67,0.1916,95.7929,96.0415,0.2486,4.2071,3.9585
7512,0.004171,1012.88,209.73,0.2071,95.412,95.6831,0.2711,4.588,4.3169
7513,0.003075,941.19,267.45,0.2842,96.6175,96.8173,0.1999,3.3825,3.1827
7514,0.003419,742.54,246.37,0.3318,96.2393,96.4615,0.2222,3.7607,3.5385
7515,0.003974,934.55,298.72,0.3196,95.629,95.8873,0.2583,4.371,4.1127
7516,0.003686,812.12,255.38,0.3145,95.9454,96.185,0.2396,4.0546,3.815
7517,0.003282,817.86,287.57,0.3516,96.3895,96.6029,0.2133,3.6105,3.3971
7518,0.003068,717.02,170.8,0.2382,96.6255,96.8249,0.1994,3.3745,3.1751
7519,0.004103,972.6,238.29,0.245,95.4866,95.7533,0.2667,4.5134,4.2467
7520,0.004059,683.86,209.31,0.3061,95.5351,95.7989,0.2638,4.4649,4.2011
7521,0.003602,851.91,249.74,0.2932,96.0381,96.2722,0.2341,3.9619,3.7278
7522,0.004191,717.34,246.3,0.3434,95.39,95.6625,0.2724,4.61,4.3375
7523,0.003784,810.31,193.82,0.2392,95.8381,96.0841,0.2459,4.1619,3.9159
7524,0.003444,890.94,217.72,0.2444,96.2113,96.4352,0.2239,3.7887,3.5648
7525,0.003741,819.98,283.35,0.3456,95.8848,96.1279,0.2432,4.1152,3.8721
7526,0.003114,791.74,240.01,0.3031,96.5747,96.7771,0.2024,3.4253,3.2229
7527,0.002846,1005.02,166.12,0.1653,96.8694,97.0544,0.185,3.1306,2.9456
7528,0.00329,942.94,154.13,0.1635,96.3811,96.595,0.2138,3.6189,3.405
7529,0.003362,924.26,235.15,0.2544,96.3019,96.5204,0.2185,3.6981,3.4796
7530,0.003181,878.93,264.21,0.3006,96.501,96.7077,0.2068,3.499,3.2923
7531,0.002914,756.98,190.83,0.2521,96.7948,96.9842,0.1894,3.2052,3.0158
7532,0.003181,841.92,249.88,0.2968,96.5013,96.708,0.2067,3.4987,3.292
7533,0.003967,903.31,180.77,0.2001,95.6368,95.8946,0.2578,4.3632,4.1054
7534,0.00376,861.38,165.06,0.1916,95.8641,96.1085,0.2444,4.1359,3.8915
7535,0.002864,871.54,269.57,0.3093,96.8498,97.0359,0.1861,3.1502,2.9641
7536,0.003171,927.65,293.25,0.3161,96.5114,96.7176,0.2061,3.4886,3.2824
7537,0.004011,847.83,182.48,0.2152,95.5879,95.8487,0.2607,4.4121,4.1513
7538,0.002903,765.36,231.66,0.3027,96.8062,96.9949,0.1887,3.1938,3.0051
7539,0.002945,683.54,192.44,0.2815,96.7603,96.9517,0.1914,3.2397,3.0483
7540,0.003716,880.71,248.65,0.2823,95.9121,96.1537,0.2416,4.0879,3.8463
7541,0.00388,696.17,196.73,0.2826,95.7316,95.9839,0.2522,4.2684,4.0161
7542,0.004059,734.93,286.78,0.3902,95.5356,95.7994,0.2638,4.4644,4.2006
7543,0.003011,871.02,282.26,0.3241,96.6882,96.8839,0.1957,3.3118,3.1161
7544,0.003995,994.78,210.63,0.2117,95.606,95.8657,0.2596,4.394,4.1343
7545,0.003562,691.21,294.72,0.4264,96.0818,96.3133,0.2315,3.9182,3.6867
7546,0.004027,884.76,186.97,0.2113,95.5707,95.8324,0.2617,4.4293,4.1676
7547,0.003002,1004.62,265.46,0.2642,96.6977,96.8928,0.1951,3.3023,3.1072
7548,0.003161,984.41,290.18,0.2948,96.523,96.7284,0.2055,3.477,3.2716
7549,0.003223,768.79,173.39,0.2255,96.4544,96.6639,0.2095,3.5456,3.3361
7550,0.002884,788.55,161.2,0.2044,96.8277,97.0152,0.1875,3.1723,2.9848
7551,0.002886,842.54,297.66,0.3533,96.8255,97.0131,0.1876,3.1745,2.9869
7552,0.002935,964.69,289.22,0.2998,96.7719,96.9627,0.1908,3.2281,3.0373
7553,0.00294,993.07,207.32,0.2088,96.7665,96.9576,0.1911,3.2335,3.0424
7554,0.002912,947.65,164.83,0.1739,96.7971,96.9863,0.1893,3.2029,3.0137
7555,0.003783,709.38,224.33,0.3162,95.8391,96.085,0.2459,4.1609,3.915
7556,0.003085,725.98,255.81,0.3524,96.607,96.8074,0.2005,3.393,3.1926
7557,0.003616,785.21,277.14,0.353,96.0222,96.2573,0.235,3.9778,3.7427
7558,0.002823,726.02,285.93,0.3938,96.895,97.0785,0.1835,3.105,2.9215
7559,0.003737,681.46,295.6,0.4338,95.8897,96.1326,0.2429,4.1103,3.8674
7560,0.003529,953.02,163.24,0.1713,96.118,96.3474,0.2294,3.882,3.6526
7561,0.002929,725.06,230.04,0.3173,96.7783,96.9687,0.1904,3.2217,3.0313
7562,0.003992,781.69,170.51,0.2181,95.6093,95.8688,0.2594,4.3907,4.1312
7563,0.003478,917.05,265.89,0.2899,96.1737,96.3998,0.2261,3.8263,3.6002
7564,0.003651,1009.72,221.47,0.2193,95.9843,96.2216,0.2373,4.0157,3.7784
7565,0.003514,846.89,194.18,0.2293,96.1345,96.3629,0.2284,3.8655,3.6371
7566,0.0034,885.77,185.83,0.2098,96.2598,96.4808,0.221,3.7402,3.5192
7567,0.003904,707.09,287.7,0.4069,95.7055,95.9593,0.2538,4.2945,4.0407
7568,0.003499,888.99,166.68,0.1875,96.1511,96.3785,0.2274,3.8489,3.6215
7569,0.00418,721.52,236.64,0.328,95.4018,95.6735,0.2717,4.5982,4.3265
7570,0.003201,764.83,172.76,0.2259,96.4791,96.6872,0.2081,3.5209,3.3128
7571,0.003288,978.17,161.42,0.165,96.3835,96.5972,0.2137,3.6165,3.4028
7572,0.003132,992.83,182.67,0.184,96.5543,96.7579,0.2036,3.4457,3.2421
7573,0.002872,882.92,215.0,0.2435,96.8408,97.0275,0.1867,3.1592,2.9725
7574,0.003727,812.1,210.98,0.2598,95.9007,96.1429,0.2422,4.0993,3.8571
7575,0.003155,797.09,175.08,0.2197,96.53,96.735,0.205,3.47,3.265
7576,0.003252,937.6,224.53,0.2395,96.4223,96.6337,0.2114,3.5777,3.3663
7577,0.003237,705.52,170.84,0.2421,96.4397,96.6501,0.2104,3.5603,3.3499
7578,0.003309,845.43,271.31,0.3209,96.3605,96.5756,0.2151,3.6395,3.4244
7579,0.004108,838.63,231.42,0.276,95.4813,95.7483,0.267,4.5187,4.2517
7580,0.003787,773.81,228.86,0.2958,95.8346,96.0808,0.2461,4.1654,3.9192
7581,0.004074,824.81,240.68,0.2918,95.5189,95.7837,0.2648,4.4811,4.2163
7582,0.003509,1013.87,239.68,0.2364,96.1397,96.3678,0.2281,3.8603,3.6322
7583,0.004174,690.41,165.9,0.2403,95.409,95.6803,0.2713,4.591,4.3197
7584,0.004187,918.26,201.11,0.219,95.3948,95.6669,0.2721,4.6052,4.3331
7585,0.003432,999.29,287.55,0.2878,96.2248,96.4479,0.2231,3.7752,3.5521
7586,0.003091,803.78,225.73,0.2808,96.5994,96.8003,0.2009,3.4006,3.1997
7587,0.004041,969.59,177.63,0.1832,95.5548,95.8174,0.2627,4.4452,4.1826
7588,0.003693,709.38,173.41,0.2445,95.9372,96.1773,0.2401,4.0628,3.8227
7589,0.003366,938.54,204.24,0.2176,96.2975,96.5163,0.2188,3.7025,3.4837
7590,0.003314,768.06,281.09,0.366,96.3549,96.5703,0.2154,3.6451,3.4297
7591,0.003467,905.53,162.45,0.1794,96.1863,96.4117,0.2254,3.8137,3.5883
7592,0.004003,902.33,191.17,0.2119,95.5971,95.8573,0.2602,4.4029,4.1427
7593,0.003974,681.73,272.76,0.4001,95.6282,95.8865,0.2583,4.3718,4.1135
7594,0.003513,1004.95,213.15,0.2121,96.1358,96.3641,0.2283,3.8642,3.6359
7595,0.003052,693.78,255.07,0.3676,96.6427,96.8411,0.1984,3.3573,3.1589
7596,0.003423,954.73,281.54,0.2949,96.2346,96.4571,0.2225,3.7654,3.5429
7597,0.002805,896.98,271.91,0.3031,96.9147,97.097,0.1823,3.0853,2.903
7598,0.003373,883.83,250.85,0.2838,96.2899,96.5091,0.2192,3.7101,3.4909
7599,0.004184,953.43,165.04,0.1731,95.3981,95.67,0.2719,4.6019,4.33
7600,0.00299,727.84,220.76,0.3033,96.7112,96.9056,0.1943,3.2888,3.0944
7601,0.003036,850.51,166.7,0.196,96.6605,96.8578,0.1973,3.3395,3.1422
7602,0.003292,949.53,174.2,0.1835,96.3792,96.5931,0.214,3.6208,3.4069
7603,0.003121,867.75,177.15,0.2041,96.5668,96.7696,0.2029,3.4332,3.2304
7604,0.003578,776.53,230.41,0.2967,96.0637,96.2963,0.2326,3.9363,3.7037
7605,0.003459,974.55,228.9,0.2349,96.1946,96.4195,0.2249,3.8054,3.5805
7606,0.003301,886.04,239.32,0.2701,96.3688,96.5834,0.2146,3.6312,3.4166
7607,0.002845,772.79,155.85,0.2017,96.8708,97.0557,0.1849,3.1292,2.9443
7608,0.003852,771.11,240.8,0.3123,95.763,96.0134,0.2504,4.237,3.9866
7609,0.002962,806.83,267.26,0.3313,96.7416,96.9342,0.1925,3.2584,3.0658
7610,0.003786,998.24,202.05,0.2024,95.835,96.0811,0.2461,4.165,3.9189
7611,0.002842,970.02,266.15,0.2744,96.8743,97.059,0.1847,3.1257,2.941
7612,0.003072,1008.84,291.55,0.289,96.6209,96.8205,0.1997,3.3791,3.1795
7613,0.004099,736.01,246.47,0.3349,95.4914,95.7578,0.2664,4.5086,4.2422
7614,0.003629,994.0,151.15,0.1521,96.0082,96.2441,0.2359,3.9918,3.7559
7615,0.004101,778.35,245.93,0.316,95.4886,95.7552,0.2666,4.5114,4.2448
7616,0.00411,802.19,223.41,0.2785,95.4785,95.7457,0.2672,4.5215,4.2543
7617,0.004173,883.59,219.65,0.2486,95.41,95.6812,0.2712,4.59,4.3188
7618,0.003136,723.39,231.07,0.3194,96.55,96.7539,0.2039,3.45,3.2461
7619,0.003992,688.07,195.02,0.2834,95.6087,95.8682,0.2595,4.3913,4.1318
7620,0.003671,989.41,256.84,0.2596,95.962,96.2006,0.2386,4.038,3.7994
7621,0.003261,782.44,241.99,0.3093,96.4127,96.6247,0.212,3.5873,3.3753
7622,0.00402,722.92,264.32,0.3656,95.5778,95.8391,0.2613,4.4222,4.1609
7623,0.003865,712.51,248.37,0.3486,95.7481,95.9994,0.2512,4.2519,4.0006
7624,0.003203,868.93,269.98,0.3107,96.4766,96.6848,0.2082,3.5234,3.3152
7625,0.003203,980.49,169.33,0.1727,96.4767,96.6849,0.2082,3.5233,3.3151
7626,0.002851,708.9,226.49,0.3195,96.8639,97.0492,0.1853,3.1361,2.9508
7627,0.003578,887.48,153.39,0.1728,96.0646,96.2971,0.2325,3.9354,3.7029
7628,0.003111,797.08,297.2,0.3729,96.5781,96.7803,0.2022,3.4219,3.2197
7629,0.003583,921.53,153.74,0.1668,96.0588,96.2917,0.2329,3.9412,3.7083
7630,0.004194,837.98,237.78,0.2837,95.3871,95.6597,0.2726,4.6129,4.3403
7631,0.002962,729.61,183.29,0.2512,96.7423,96.9348,0.1925,3.2577,3.0652
7632,0.003725,926.63,257.81,0.2782,95.9026,96.1447,0.2421,4.0974,3.8553
7633,0.003151,992.02,185.93,0.1874,96.5341,96.7389,0.2048,3.4659,3.2611
7634,0.003809,882.73,152.06,0.1723,95.8104,96.058,0.2476,4.1896,3.942
7635,0.00394,867.87,293.67,0.3384,95.6659,95.922,0.2561,4.3341,4.078
7636,0.004081,946.64,238.85,0.2523,95.511,95.7762,0.2653,4.489,4.2238
7637,0.003228,941.17,231.71,0.2462,96.4487,96.6585,0.2099,3.5513,3.3415
7638,0.00319,875.81,260.49,0.2974,96.4915,96.6988,0.2073,3.5085,3.3012
7639,0.003968,884.93,214.49,0.2424,95.6355,95.8934,0.2579,4.3645,4.1066
7640,0.003693,914.42,203.89,0.223,95.938,96.1781,0.24,4.062,3.8219
7641,0.003015,886.63,231.48,0.2611,96.684,96.88,0.1959,3.316,3.12
7642,0.002821,702.67,157.27,0.2238,96.8973,97.0806,0.1833,3.1027,2.9194
7643,0.003264,836.3,185.03,0.2212,96.4094,96.6216,0.2122,3.5906,3.3784
7644,0.003859,806.23,284.05,0.3523,95.7555,96.0063,0.2508,4.2445,3.9937
7645,0.002916,788.24,216.62,0.2748,96.7922,96.9817,0.1896,3.2078,3.0183
7646,0.002931,755.71,249.58,0.3303,96.7764,96.9669,0.1905,3.2236,3.0331
7647,0.002897,879.83,232.78,0.2646,96.8136,97.0019,0.1883,3.1864,2.9981
7648,0.002996,754.78,153.07,0.2028,96.7044,96.8991,0.1947,3.2956,3.1009
7649,0.003192,842.83,209.77,0.2489,96.4883,96.6958,0.2075,3.5117,3.3042
7650,0.003659,897.65,277.33,0.309,95.9748,96.2126,0.2379,4.0252,3.7874
7651,0.003214,782.44,266.08,0.3401,96.4645,96.6734,0.2089,3.5355,3.3266
7652,0.003498,989.2,198.47,0.2006,96.1517,96.3791,0.2274,3.8483,3.6209
7653,0.004027,683.11,192.3,0.2815,95.5703,95.832,0.2618,4.4297,4.168
7654,0.003058,932.94,285.14,0.3056,96.6364,96.8351,0.1988,3.3636,3.1649
7655,0.003044,782.5,150.72,0.1926,96.6519,96.8497,0.1978,3.3481,3.1503
7656,0.002845,707.21,256.42,0.3626,96.8709,97.0558,0.1849,3.1291,2.9442
7657,0.003231,924.85,201.3,0.2177,96.446,96.656,0.21,3.554,3.344
7658,0.004119,815.43,166.2,0.2038,95.4689,95.7366,0.2677,4.5311,4.2634
7659,0.003548,787.21,192.27,0.2442,96.0968,96.3274,0.2306,3.9032,3.6726
7660,0.004139,995.58,207.63,0.2085,95.4467,95.7158,0.2691,4.5533,4.2842
7661,0.003968,871.45,206.82,0.2373,95.6355,95.8934,0.2579,4.3645,4.1066
7662,0.003027,735.94,217.83,0.296,96.6703,96.867,0.1968,3.3297,3.133
7663,0.003135,939.38,183.24,0.1951,96.5517,96.7555,0.2038,3.4483,3.2445
7664,0.003002,950.24,251.35,0.2645,96.6976,96.8928,0.1951,3.3024,3.1072
7665,0.003208,741.64,183.34,0.2472,96.4717,96.6802,0.2085,3.5283,3.3198
7666,0.002916,897.61,288.24,0.3211,96.7928,96.9824,0.1895,3.2072,3.0176
7667,0.002995,811.54,156.91,0.1934,96.7055,96.9002,0.1947,3.2945,3.0998
7668,0.002828,961.57,240.77,0.2504,96.8888,97.0726,0.1838,3.1112,2.9274
7669,0.003349,987.64,253.52,0.2567,96.3158,96.5335,0.2177,3.6842,3.4665
7670,0.00364,830.49,164.88,0.1985,95.9959,96.2325,0.2366,4.0041,3.7675
7671,0.003214,733.37,170.83,0.2329,96.4649,96.6738,0.2089,3.5351,3.3262
7672,0.002983,782.69,211.09,0.2697,96.7182,96.9121,0.1939,3.2818,3.0879
7673,0.003558,941.49,285.78,0.3035,96.086,96.3173,0.2313,3.914,3.6827
7674,0.003303,761.85,176.41,0.2316,96.3669,96.5815,0.2147,3.6331,3.4185
7675,0.003369,885.4,221.23,0.2499,96.2946,96.5135,0.219,3.7054,3.4865
7676,0.004187,681.68,183.19,0.2687,95.3946,95.6667,0.2721,4.6054,4.3333
7677,0.002977,800.68,154.95,0.1935,96.7256,96.9191,0.1935,3.2744,3.0809
7678,0.003102,965.26,237.96,0.2465,96.5882,96.7898,0.2016,3.4118,3.2102
7679,0.0035,782.7,267.04,0.3412,96.1498,96.3773,0.2275,3.8502,3.6227
7680,0.00395,682.58,172.68,0.253,95.6552,95.9119,0.2567,4.3448,4.0881
7681,0.003385,908.28,157.31,0.1732,96.2763,96.4963,0.22,3.7237,3.5037
7682,0.003607,898.62,181.75,0.2023,96.0323,96.2667,0.2345,3.9677,3.7333
7683,0.003667,846.4,223.08,0.2636,95.9667,96.2051,0.2383,4.0333,3.7949
7684,0.003645,680.7,246.92,0.3627,95.9903,96.2272,0.2369,4.0097,3.7728
7685,0.003057,877.8,201.24,0.2293,96.6369,96.8357,0.1987,3.3631,3.1643
7686,0.002939,729.72,276.25,0.3786,96.7668,96.9579,0.191,3.2332,3.0421
7687,0.003327,924.1,192.12,0.2079,96.3401,96.5563,0.2163,3.6599,3.4437
7688,0.003489,854.8,205.27,0.2401,96.162,96.3888,0.2268,3.838,3.6112
7689,0.004158,785.1,259.06,0.33,95.4265,95.6967,0.2703,4.5735,4.3033
7690,0.003611,891.36,284.78,0.3195,96.0278,96.2625,0.2347,3.9722,3.7375
7691,0.003118,777.12,266.95,0.3435,96.5706,96.7732,0.2026,3.4294,3.2268
7692,0.003818,1012.32,170.51,0.1684,95.8005,96.0486,0.2482,4.1995,3.9514
7693,0.003128,1007.21,247.63,0.2459,96.5591,96.7625,0.2033,3.4409,3.2375
7694,0.003456,991.46,230.17,0.2322,96.1982,96.4228,0.2247,3.8018,3.5772
7695,0.002906,792.71,193.44,0.244,96.8038,96.9926,0.1889,3.1962,3.0074
7696,0.003827,964.87,216.59,0.2245,95.7898,96.0386,0.2488,4.2102,3.9614
7697,0.003895,720.21,194.36,0.2699,95.7151,95.9683,0.2532,4.2849,4.0317
7698,0.00386,746.58,242.14,0.3243,95.7543,96.0052,0.2509,4.2457,3.9948
7699,0.004077,992.8,250.51,0.2523,95.5148,95.7799,0.265,4.4852,4.2201
7700,0.004164,825.49,213.11,0.2582,95.42,95.6906,0.2706,4.58,4.3094
7701,0.003399,699.86,176.52,0.2522,96.2609,96.4818,0.2209,3.7391,3.5182
7702,0.003459,984.75,212.71,0.216,96.1948,96.4196,0.2249,3.8052,3.5804
7703,0.002975,946.48,174.02,0.1839,96.7275,96.9208,0.1934,3.2725,3.0792
7704,0.002921,918.1,198.17,0.2159,96.7867,96.9766,0.1899,3.2133,3.0234
7705,0.003566,818.31,161.13,0.1969,96.0769,96.3088,0.2318,3.9231,3.6912
7706,0.00381,700.36,169.81,0.2425,95.8091,96.0567,0.2476,4.1909,3.9433
7707,0.002897,718.72,221.77,0.3086,96.8134,97.0017,0.1883,3.1866,2.9983
7708,0.003566,995.3,153.61,0.1543,96.0775,96.3093,0.2318,3.9225,3.6907
7709,0.003681,842.46,214.14,0.2542,95.951,96.1903,0.2393,4.049,3.8097
7710,0.003269,726.06,179.76,0.2476,96.4036,96.6162,0.2125,3.5964,3.3838
7711,0.003481,863.31,237.87,0.2755,96.1711,96.3974,0.2263,3.8289,3.6026
7712,0.0029,726.94,272.81,0.3753,96.8097,96.9982,0.1885,3.1903,3.0018
7713,0.003524,776.72,226.89,0.2921,96.1241,96.3531,0.229,3.8759,3.6469
7714,0.00338,989.95,162.57,0.1642,96.2823,96.502,0.2197,3.7177,3.498
7715,0.0032,731.76,196.74,0.2689,96.4795,96.6875,0.208,3.5205,3.3125
7716,0.00283,689.83,261.97,0.3798,96.8868,97.0707,0.184,3.1132,2.9293
7717,0.003435,794.46,286.25,0.3603,96.2215,96.4448,0.2233,3.7785,3.5552
7718,0.003598,862.88,286.18,0.3317,96.0425,96.2764,0.2339,3.9575,3.7236
7719,0.003008,762.72,254.59,0.3338,96.6913,96.8868,0.1955,3.3087,3.1132
7720,0.00309,768.28,201.69,0.2625,96.6009,96.8018,0.2009,3.3991,3.1982
7721,0.003722,850.75,207.01,0.2433,95.9056,96.1475,0.2419,4.0944,3.8525
7722,0.003658,723.12,221.81,0.3067,95.9766,96.2143,0.2377,4.0234,3.7857
7723,0.00415,922.63,165.49,0.1794,95.4348,95.7045,0.2698,4.5652,4.2955
7724,0.003723,748.58,252.45,0.3372,95.905,96.1469,0.242,4.095,3.8531
7725,0.003378,873.84,282.36,0.3231,96.2844,96.5039,0.2196,3.7156,3.4961
7726,0.003277,751.51,228.57,0.3041,96.3951,96.6081,0.213,3.6049,3.3919
7727,0.002858,713.44,191.22,0.268,96.8565,97.0422,0.1858,3.1435,2.9578
7728,0.004019,956.94,270.57,0.2827,95.579,95.8402,0.2612,4.421,4.1598
7729,0.003029,825.51,193.93,0.2349,96.668,96.8648,0.1969,3.332,3.1352
7730,0.003404,974.37,281.52,0.2889,96.2561,96.4774,0.2212,3.7439,3.5226
7731,0.00402,805.39,270.82,0.3363,95.5779,95.8392,0.2613,4.4221,4.1608
7732,0.003483,1017.76,197.39,0.1939,96.1687,96.3951,0.2264,3.8313,3.6049
7733,0.003284,1007.16,286.44,0.2844,96.388,96.6015,0.2134,3.612,3.3985
7734,0.003485,963.7,250.9,0.2603,96.1669,96.3934,0.2265,3.8331,3.6066
7735,0.00324,935.47,242.04,0.2587,96.4364,96.647,0.2106,3.5636,3.353
7736,0.004168,768.46,216.19,0.2813,95.4148,95.6857,0.2709,4.5852,4.3143
7737,0.003211,824.79,174.7,0.2118,96.468,96.6767,0.2087,3.532,3.3233
7738,0.00394,876.44,256.22,0.2923,95.6662,95.9223,0.2561,4.3338,4.0777
7739,0.003963,687.37,211.02,0.307,95.6411,95.8987,0.2576,4.3589,4.1013
7740,0.002993,681.98,211.99,0.3108,96.7073,96.9019,0.1946,3.2927,3.0981
7741,0.002981,872.94,199.05,0.228,96.7204,96.9142,0.1938,3.2796,3.0858
7742,0.003547,793.49,166.48,0.2098,96.0979,96.3285,0.2306,3.9021,3.6715
7743,0.003946,698.44,213.26,0.3053,95.6596,95.9161,0.2565,4.3404,4.0839
7744,0.002977,832.09,212.68,0.2556,96.7254,96.9189,0.1935,3.2746,3.0811
7745,0.003489,883.07,184.71,0.2092,96.162,96.3888,0.2268,3.838,3.6112
7746,0.003247,687.41,216.13,0.3144,96.4279,96.6389,0.2111,3.5721,3.3611
7747,0.003889,767.52,281.6,0.3669,95.7225,95.9752,0.2528,4.2775,4.0248
7748,0.004013,704.8,236.33,0.3353,95.5856,95.8465,0.2608,4.4144,4.1535
7749,0.003222,975.35,248.51,0.2548,96.4562,96.6656,0.2094,3.5438,3.3344
7750,0.004061,743.26,268.11,0.3607,95.5324,95.7964,0.264,4.4676,4.2036
7751,0.00321,847.77,232.52,0.2743,96.4692,96.6779,0.2086,3.5308,3.3221
7752,0.004,997.87,254.89,0.2554,95.6002,95.8602,0.26,4.3998,4.1398
7753,0.003822,682.13,286.61,0.4202,95.7959,96.0443,0.2484,4.2041,3.9557
7754,0.004161,925.83,219.55,0.2371,95.4224,95.6929,0.2705,4.5776,4.3071
7755,0.004028,807.02,279.6,0.3465,95.5691,95.8309,0.2618,4.4309,4.1691
7756,0.003208,902.85,218.84,0.2424,96.4714,96.6799,0.2085,3.5286,3.3201
7757,0.003085,900.91,229.45,0.2547,96.6064,96.807,0.2005,3.3936,3.193
7758,0.002931,833.95,252.1,0.3023,96.7758,96.9664,0.1905,3.2242,3.0336
7759,0.004126,1014.92,171.6,0.1691,95.4619,95.73,0.2682,4.5381,4.27
7760,0.00314,831.2,259.67,0.3124,96.5458,96.7499,0.2041,3.4542,3.2501
7761,0.003018,699.07,235.11,0.3363,96.6797,96.8759,0.1962,3.3203,3.1241
7762,0.003784,787.66,257.67,0.3271,95.8371,96.0831,0.246,4.1629,3.9169
7763,0.003353,816.07,259.48,0.318,96.3122,96.5301,0.2179,3.6878,3.4699
7764,0.002816,747.02,244.52,0.3273,96.9019,97.085,0.1831,3.0981,2.915
7765,0.003739,968.56,267.57,0.2763,95.8868,96.1299,0.2431,4.1132,3.8701
7766,0.003931,824.96,150.65,0.1826,95.6757,95.9312,0.2555,4.3243,4.0688
7767,0.002894,727.03,269.07,0.3701,96.8163,97.0044,0.1881,3.1837,2.9956
7768,0.003012,959.38,276.15,0.2878,96.6866,96.8824,0.1958,3.3134,3.1176
7769,0.004048,924.81,227.7,0.2462,95.5473,95.8104,0.2631,4.4527,4.1896
7770,0.003505,771.26,208.15,0.2699,96.1448,96.3726,0.2278,3.8552,3.6274
7771,0.003154,1007.99,231.47,0.2296,96.5302,96.7352,0.205,3.4698,3.2648
7772,0.003086,935.93,213.43,0.228,96.6049,96.8055,0.2006,3.3951,3.1945
7773,0.003432,875.93,153.44,0.1752,96.2249,96.448,0.2231,3.7751,3.552
7774,0.003906,736.57,296.6,0.4027,95.7034,95.9573,0.2539,4.2966,4.0427
7775,0.003556,817.86,258.57,0.3162,96.088,96.3192,0.2312,3.912,3.6808
7776,0.003693,917.09,207.18,0.2259,95.9373,96.1773,0.2401,4.0627,3.8227
7777,0.003993,897.64,187.98,0.2094,95.6082,95.8677,0.2595,4.3918,4.1323
7778,0.004084,982.82,281.51,0.2864,95.5073,95.7728,0.2655,4.4927,4.2272
7779,0.003639,688.17,297.81,0.4328,95.9969,96.2335,0.2365,4.0031,3.7665
7780,0.004084,775.18,257.28,0.3319,95.5075,95.7729,0.2655,4.4925,4.2271
7781,0.002873,974.81,171.84,0.1763,96.8399,97.0267,0.1867,3.1601,2.9733
7782,0.00367,939.62,164.04,0.1746,95.9627,96.2013,0.2386,4.0373,3.7987
7783,0.003589,753.15,157.49,0.2091,96.0516,96.2849,0.2333,3.9484,3.7151
7784,0.003714,982.6,150.14,0.1528,95.9143,96.1557,0.2414,4.0857,3.8443
7785,0.002952,792.81,208.73,0.2633,96.7532,96.9451,0.1919,3.2468,3.0549
7786,0.003465,947.61,229.59,0.2423,96.1882,96.4134,0.2252,3.8118,3.5866
7787,0.003767,920.88,159.0,0.1727,95.856,96.1009,0.2449,4.144,3.8991
7788,0.004029,753.69,228.59,0.3033,95.5682,95.8301,0.2619,4.4318,4.1699
7789,0.003513,897.23,259.24,0.2889,96.1353,96.3636,0.2284,3.8647,3.6364
7790,0.00285,766.8,160.22,0.2089,96.865,97.0502,0.1853,3.135,2.9498
7791,0.003195,772.46,159.58,0.2066,96.486,96.6936,0.2076,3.514,3.3064
7792,0.003368,983.83,200.99,0.2043,96.2953,96.5142,0.2189,3.7047,3.4858
7793,0.003762,963.44,178.64,0.1854,95.8619,96.1064,0.2445,4.1381,3.8936
7794,0.003688,715.03,227.26,0.3178,95.9432,96.1829,0.2397,4.0568,3.8171
7795,0.003104,785.5,197.96,0.252,96.5854,96.7872,0.2018,3.4146,3.2128
7796,0.003508,747.01,243.67,0.3262,96.1412,96.3693,0.228,3.8588,3.6307
7797,0.002817,993.54,227.45,0.2289,96.9015,97.0846,0.1831,3.0985,2.9154
7798,0.003245,775.82,166.5,0.2146,96.4306,96.6416,0.2109,3.5694,3.3584
7799,0.003977,833.27,189.34,0.2272,95.6252,95.8837,0.2585,4.3748,4.1163
7800,0.002928,995.23,155.58,0.1563,96.7795,96.9698,0.1903,3.2205,3.0302
7801,0.004044,948.71,248.56,0.262,95.5516,95.8145,0.2629,4.4484,4.1855
7802,0.003367,886.15,254.09,0.2867,96.2966,96.5154,0.2188,3.7034,3.4846
7803,0.003704,749.43,255.26,0.3406,95.9254,96.1662,0.2408,4.0746,3.8338
7804,0.00341,716.28,227.39,0.3175,96.2487,96.4703,0.2217,3.7513,3.5297
7805,0.003345,1013.52,227.6,0.2246,96.3205,96.538,0.2174,3.6795,3.462
7806,0.003391,708.96,235.69,0.3324,96.2695,96.4899,0.2204,3.7305,3.5101
7807,0.003957,811.03,203.44,0.2508,95.647,95.9043,0.2572,4.353,4.0957
7808,0.00383,857.25,249.6,0.2912,95.7868,96.0358,0.249,4.2132,3.9642
7809,0.003024,702.33,280.47,0.3993,96.6739,96.8704,0.1965,3.3261,3.1296
7810,0.003807,974.04,199.93,0.2053,95.8121,96.0596,0.2475,4.1879,3.9404
7811,0.004171,750.51,178.44,0.2378,95.4123,95.6834,0.2711,4.5877,4.3166
7812,0.003299,863.3,238.21,0.2759,96.3709,96.5854,0.2144,3.6291,3.4146
7813,0.003391,829.51,172.49,0.2079,96.2701,96.4905,0.2204,3.7299,3.5095
7814,0.003317,804.01,185.91,0.2312,96.3508,96.5664,0.2156,3.6492,3.4336
7815,0.003146,903.09,265.57,0.2941,96.5389,96.7434,0.2045,3.4611,3.2566
7816,0.003513,775.98,208.18,0.2683,96.1359,96.3642,0.2283,3.8641,3.6358
7817,0.003723,712.05,285.81,0.4014,95.9044,96.1464,0.242,4.0956,3.8536
7818,0.003781,793.95,156.5,0.1971,95.8414,96.0871,0.2457,4.1586,3.9129
7819,0.003754,863.4,190.15,0.2202,95.8708,96.1148,0.244,4.1292,3.8852
7820,0.003395,866.34,240.71,0.2779,96.265,96.4857,0.2207,3.735,3.5143
7821,0.003091,957.03,266.46,0.2784,96.5997,96.8006,0.2009,3.4003,3.1994
7822,0.002809,948.16,201.15,0.2121,96.9101,97.0926,0.1826,3.0899,2.9074
7823,0.003021,960.75,176.82,0.184,96.6773,96.8737,0.1963,3.3227,3.1263
7824,0.003856,826.2,234.03,0.2833,95.7589,96.0095,0.2506,4.2411,3.9905
7825,0.003706,766.72,160.44,0.2093,95.9231,96.164,0.2409,4.0769,3.836
7826,0.003319,931.14,159.18,0.171,96.3487,96.5645,0.2158,3.6513,3.4355
7827,0.003248,977.43,205.59,0.2103,96.4273,96.6384,0.2111,3.5727,3.3616
7828,0.00322,716.21,185.78,0.2594,96.4583,96.6676,0.2093,3.5417,3.3324
7829,0.003925,838.82,178.57,0.2129,95.6822,95.9373,0.2551,4.3178,4.0627
7830,0.004081,861.96,234.65,0.2722,95.5105,95.7758,0.2653,4.4895,4.2242
7831,0.003461,981.24,276.36,0.2816,96.1933,96.4182,0.2249,3.8067,3.5818
7832,0.003694,940.28,183.56,0.1952,95.9361,96.1762,0.2401,4.0639,3.8238
7833,0.004011,967.17,292.52,0.3024,95.5879,95.8486,0.2607,4.4121,4.1514
7834,0.003911,839.51,287.98,0.343,95.6982,95.9524,0.2542,4.3018,4.0476
7835,0.00413,719.42,281.82,0.3917,95.4568,95.7253,0.2685,4.5432,4.2747
7836,0.003502,727.67,169.24,0.2326,96.1481,96.3757,0.2276,3.8519,3.6243
7837,0.003825,901.84,288.23,0.3196,95.792,96.0406,0.2487,4.208,3.9594
7838,0.003078,945.28,159.22,0.1684,96.6144,96.8145,0.2001,3.3856,3.1855
7839,0.00342,708.2,160.98,0.2273,96.2384,96.4607,0.2223,3.7616,3.5393
7840,0.003958,923.55,191.8,0.2077,95.646,95.9033,0.2573,4.354,4.0967
7841,0.003071,909.55,223.33,0.2455,96.6221,96.8217,0.1996,3.3779,3.1783
7842,0.004044,1007.87,202.32,0.2007,95.5518,95.8146,0.2628,4.4482,4.1854
7843,0.003722,968.58,253.76,0.262,95.9057,96.1476,0.2419,4.0943,3.8524
7844,0.003426,839.68,263.61,0.3139,96.2316,96.4542,0.2227,3.7684,3.5458
7845,0.003968,946.46,285.49,0.3016,95.6353,95.8932,0.2579,4.3647,4.1068
7846,0.004109,910.47,237.38,0.2607,95.4806,95.7477,0.2671,4.5194,4.2523
7847,0.003465,807.91,256.47,0.3174,96.1889,96.4141,0.2252,3.8111,3.5859
7848,0.003408,942.44,210.4,0.2232,96.2509,96.4724,0.2215,3.7491,3.5276
7849,0.003437,780.64,241.09,0.3088,96.2189,96.4423,0.2234,3.7811,3.5577
7850,0.003813,808.39,278.2,0.3441,95.8059,96.0538,0.2478,4.1941,3.9462
7851,0.003073,944.85,152.41,0.1613,96.6201,96.8198,0.1997,3.3799,3.1802
7852,0.003661,804.66,174.22,0.2165,95.9729,96.2109,0.238,4.0271,3.7891
7853,0.003954,775.73,170.76,0.2201,95.6509,95.9079,0.257,4.3491,4.0921
7854,0.003744,911.93,204.68,0.2244,95.8813,96.1247,0.2434,4.1187,3.8753
7855,0.003892,892.21,293.58,0.329,95.7183,95.9713,0.253,4.2817,4.0287
7856,0.003055,964.85,236.92,0.2455,96.6393,96.8378,0.1986,3.3607,3.1622
7857,0.003864,762.92,243.57,0.3193,95.7492,96.0004,0.2512,4.2508,3.9996
7858,0.002819,687.23,253.99,0.3696,96.8995,97.0827,0.1832,3.1005,2.9173
7859,0.00347,762.7,157.51,0.2065,96.1835,96.409,0.2255,3.8165,3.591
7860,0.00296,847.57,246.08,0.2903,96.7444,96.9368,0.1924,3.2556,3.0632
7861,0.00296,988.68,199.31,0.2016,96.744,96.9364,0.1924,3.256,3.0636
7862,0.003843,712.7,160.39,0.225,95.7724,96.0222,0.2498,4.2276,3.9778
7863,0.003792,989.24,212.86,0.2152,95.8284,96.0749,0.2465,4.1716,3.9251
7864,0.002843,691.12,210.2,0.3041,96.8727,97.0575,0.1848,3.1273,2.9425
7865,0.003585,924.04,250.41,0.271,96.0568,96.2898,0.233,3.9432,3.7102
7866,0.003983,989.31,239.68,0.2423,95.6192,95.878,0.2589,4.3808,4.122
7867,0.004009,992.29,180.5,0.1819,95.5902,95.8508,0.2606,4.4098,4.1492
7868,0.003246,852.58,257.06,0.3015,96.4293,96.6403,0.211,3.5707,3.3597
7869,0.003301,984.11,240.02,0.2439,96.3684,96.583,0.2146,3.6316,3.417
7870,0.002951,873.95,220.8,0.2526,96.754,96.9458,0.1918,3.246,3.0542
7871,0.002928,765.73,186.37,0.2434,96.7794,96.9697,0.1903,3.2206,3.0303
7872,0.004055,851.82,211.98,0.2488,95.5398,95.8033,0.2636,4.4602,4.1967
7873,0.003687,970.04,251.82,0.2596,95.9443,96.184,0.2397,4.0557,3.816
7874,0.003136,732.96,281.49,0.384,96.5503,96.7541,0.2038,3.4497,3.2459
7875,0.002928,1018.27,224.23,0.2202,96.7789,96.9692,0.1903,3.2211,3.0308
7876,0.002994,903.52,213.49,0.2363,96.7064,96.901,0.1946,3.2936,3.099
7877,0.003005,856.27,196.56,0.2295,96.6948,96.8901,0.1953,3.3052,3.1099
7878,0.003554,769.72,283.35,0.3681,96.0904,96.3214,0.231,3.9096,3.6786
7879,0.004062,1016.09,224.71,0.2212,95.5315,95.7955,0.264,4.4685,4.2045
7880,0.00298,680.89,271.63,0.3989,96.7221,96.9158,0.1937,3.2779,3.0842
7881,0.003765,929.78,248.67,0.2675,95.8586,96.1033,0.2447,4.1414,3.8967
7882,0.002829,812.98,157.44,0.1937,96.888,97.0719,0.1839,3.112,2.9281
7883,0.003226,933.74,268.49,0.2875,96.4515,96.6612,0.2097,3.5485,3.3388
7884,0.003247,880.34,233.92,0.2657,96.4278,96.6389,0.2111,3.5722,3.3611
7885,0.003273,750.88,171.49,0.2284,96.3996,96.6124,0.2128,3.6004,3.3876
7886,0.004028,816.22,247.76,0.3035,95.5688,95.8306,0.2618,4.4312,4.1694
7887,0.003821,978.9,254.41,0.2599,95.7964,96.0448,0.2484,4.2036,3.9552
7888,0.003077,759.72,284.79,0.3749,96.6149,96.8149,0.2,3.3851,3.1851
7889,0.003983,989.26,207.21,0.2095,95.6187,95.8776,0.2589,4.3813,4.1224
7890,0.003798,963.09,180.12,0.187,95.8223,96.0692,0.2469,4.1777,3.9308
7891,0.002818,988.41,158.53,0.1604,96.9002,97.0834,0.1832,3.0998,2.9166
7892,0.002853,697.82,273.11,0.3914,96.8619,97.0473,0.1854,3.1381,2.9527
7893,0.003624,702.43,216.51,0.3082,96.0135,96.2491,0.2356,3.9865,3.7509
7894,0.00296,681.21,291.08,0.4273,96.7445,96.9369,0.1924,3.2555,3.0631
7895,0.003995,860.78,156.73,0.1821,95.6054,95.8651,0.2597,4.3946,4.1349
7896,0.003537,1014.02,184.6,0.182,96.1088,96.3388,0.2299,3.8912,3.6612
7897,0.003779,774.75,200.27,0.2585,95.8435,96.0891,0.2456,4.1565,3.9109
7898,0.004033,884.05,176.96,0.2002,95.5636,95.8257,0.2622,4.4364,4.1743
7899,0.003756,891.36,184.52,0.207,95.8683,96.1124,0.2441,4.1317,3.8876
7900,0.004093,920.13,245.0,0.2663,95.4979,95.7639,0.266,4.5021,4.2361
7901,0.003384,710.1,265.55,0.374,96.2776,96.4975,0.22,3.7224,3.5025
7902,0.003351,861.49,246.4,0.286,96.3134,96.5312,0.2178,3.6866,3.4688
7903,0.003517,955.66,171.05,0.179,96.1318,96.3603,0.2286,3.8682,3.6397
7904,0.002992,895.96,227.99,0.2545,96.7089,96.9033,0.1945,3.2911,3.0967
7905,0.003288,1014.61,264.15,0.2604,96.3829,96.5966,0.2137,3.6171,3.4034
7906,0.003224,836.01,254.61,0.3046,96.4532,96.6628,0.2096,3.5468,3.3372
7907,0.003159,835.72,150.56,0.1802,96.5251,96.7304,0.2053,3.4749,3.2696
7908,0.003286,924.05,161.05,0.1743,96.3849,96.5985,0.2136,3.6151,3.4015
7909,0.003959,1019.27,155.45,0.1525,95.6446,95.9019,0.2574,4.3554,4.0981
7910,0.003288,866.48,181.81,0.2098,96.3828,96.5965,0.2137,3.6172,3.4035
7911,0.003892,763.13,279.3,0.366,95.7192,95.9721,0.253,4.2808,4.0279
7912,0.003406,996.16,240.7,0.2416,96.2537,96.4751,0.2214,3.7463,3.5249
7913,0.003666,778.67,170.93,0.2195,95.9671,96.2055,0.2383,4.0329,3.7945
7914,0.003581,1015.73,262.05,0.258,96.0611,96.2939,0.2328,3.9389,3.7061
7915,0.002996,823.54,184.92,0.2245,96.7045,96.8992,0.1947,3.2955,3.1008
7916,0.004198,929.37,203.4,0.2189,95.382,95.6549,0.2729,4.618,4.3451
7917,0.00284,927.68,210.83,0.2273,96.8757,97.0603,0.1846,3.1243,2.9397
7918,0.00348,842.84,280.02,0.3322,96.1718,96.398,0.2262,3.8282,3.602
7919,0.003513,842.76,280.46,0.3328,96.136,96.3643,0.2283,3.864,3.6357
7920,0.002975,860.46,271.57,0.3156,96.7271,96.9205,0.1934,3.2729,3.0795
7921,0.003103,995.12,214.87,0.2159,96.5862,96.7879,0.2017,3.4138,3.2121
7922,0.003536,906.03,203.63,0.2247,96.11,96.3399,0.2299,3.89,3.6601
7923,0.002923,902.61,281.86,0.3123,96.7848,96.9748,0.19,3.2152,3.0252
7924,0.003895,734.9,288.65,0.3928,95.7152,95.9684,0.2532,4.2848,4.0316
7925,0.003041,734.03,213.77,0.2912,96.6553,96.8529,0.1976,3.3447,3.1471
7926,0.003409,855.01,253.67,0.2967,96.2501,96.4717,0.2216,3.7499,3.5283
7927,0.002816,917.74,179.21,0.1953,96.9028,97.0858,0.183,3.0972,2.9142
7928,0.003701,709.11,209.28,0.2951,95.9289,96.1695,0.2406,4.0711,3.8305
7929,0.003944,737.46,232.54,0.3153,95.6618,95.9181,0.2563,4.3382,4.0819
7930,0.003697,909.83,257.12,0.2826,95.9331,96.1734,0.2403,4.0669,3.8266
7931,0.004154,680.23,193.72,0.2848,95.4301,95.7002,0.27,4.5699,4.2998
7932,0.003617,954.86,234.84,0.2459,96.0211,96.2562,0.2351,3.9789,3.7438
7933,0.002949,789.98,243.37,0.3081,96.7565,96.9482,0.1917,3.2435,3.0518
7934,0.003472,731.78,198.41,0.2711,96.1804,96.4061,0.2257,3.8196,3.5939
7935,0.003645,848.64,194.46,0.2291,95.991,96.2279,0.2369,4.009,3.7721
7936,0.003569,743.91,233.56,0.314,96.0745,96.3064,0.232,3.9255,3.6936
7937,0.004143,860.95,197.56,0.2295,95.4422,95.7116,0.2693,4.5578,4.2884
7938,0.004094,992.28,291.18,0.2934,95.4966,95.7627,0.2661,4.5034,4.2373
7939,0.003207,942.89,166.4,0.1765,96.472,96.6805,0.2085,3.528,3.3195
7940,0.004126,811.76,222.43,0.274,95.4613,95.7295,0.2682,4.5387,4.2705
7941,0.003616,874.36,293.01,0.3351,96.0226,96.2576,0.235,3.9774,3.7424
7942,0.002995,1005.47,279.45,0.2779,96.7058,96.9005,0.1947,3.2942,3.0995
7943,0.004014,799.31,163.92,0.2051,95.5842,95.8451,0.2609,4.4158,4.1549
7944,0.003546,707.29,167.12,0.2363,96.0994,96.3299,0.2305,3.9006,3.6701
7945,0.004168,858.7,155.91,0.1816,95.4154,95.6863,0.2709,4.5846,4.3137
7946,0.004022,802.76,156.54,0.195,95.5755,95.837,0.2614,4.4245,4.163
7947,0.003806,742.44,190.47,0.2565,95.8137,96.061,0.2474,4.1863,3.939
7948,0.003786,741.52,292.18,0.394,95.8358,96.0819,0.2461,4.1642,3.9181
7949,0.003586,982.26,202.44,0.2061,96.0558,96.2889,0.2331,3.9442,3.7111
7950,0.003448,696.93,184.94,0.2654,96.2069,96.431,0.2241,3.7931,3.569
7951,0.002823,728.04,179.43,0.2465,96.8943,97.0779,0.1835,3.1057,2.9221
7952,0.002973,928.57,172.49,0.1858,96.7298,96.9231,0.1932,3.2702,3.0769
7953,0.003687,701.69,226.08,0.3222,95.9442,96.1839,0.2397,4.0558,3.8161
7954,0.00397,692.28,191.29,0.2763,95.6332,95.8912,0.258,4.3668,4.1088
7955,0.0036,1009.47,210.23,0.2083,96.0397,96.2737,0.234,3.9603,3.7263
7956,0.0037,797.17,299.32,0.3755,95.9296,96.1701,0.2405,4.0704,3.8299
7957,0.003027,969.33,211.21,0.2179,96.6704,96.8672,0.1967,3.3296,3.1328
7958,0.003095,720.48,234.12,0.3249,96.5953,96.7965,0.2012,3.4047,3.2035
7959,0.003338,981.39,152.05,0.1549,96.328,96.5449,0.217,3.672,3.4551
7960,0.004133,897.24,152.97,0.1705,95.4536,95.7222,0.2687,4.5464,4.2778
7961,0.002991,768.97,175.91,0.2288,96.7104,96.9048,0.1944,3.2896,3.0952
7962,0.003339,921.6,170.83,0.1854,96.3273,96.5443,0.217,3.6727,3.4557
7963,0.003782,875.23,204.52,0.2337,95.8393,96.0852,0.2459,4.1607,3.9148
7964,0.003457,949.49,245.26,0.2583,96.1969,96.4216,0.2247,3.8031,3.5784
7965,0.004192,917.08,198.99,0.217,95.389,95.6615,0.2725,4.611,4.3385
7966,0.004038,914.73,271.01,0.2963,95.5584,95.8209,0.2625,4.4416,4.1791
7967,0.003868,783.73,291.91,0.3725,95.7455,95.9969,0.2514,4.2545,4.0031
7968,0.004145,804.94,211.2,0.2624,95.44,95.7095,0.2695,4.56,4.2905
7969,0.003888,848.65,157.45,0.1855,95.7235,95.9762,0.2527,4.2765,4.0238
7970,0.003333,987.09,268.35,0.2719,96.3341,96.5508,0.2166,3.6659,3.4492
7971,0.003307,783.34,290.96,0.3714,96.3627,96.5776,0.2149,3.6373,3.4224
7972,0.003106,792.3,159.84,0.2017,96.5829,96.7849,0.2019,3.4171,3.2151
7973,0.003333,825.91,232.35,0.2813,96.3335,96.5502,0.2167,3.6665,3.4498
7974,0.003551,959.73,203.09,0.2116,96.0939,96.3247,0.2308,3.9061,3.6753
7975,0.004024,747.53,262.13,0.3507,95.574,95.8356,0.2615,4.426,4.1644
7976,0.003175,747.42,194.5,0.2602,96.5078,96.7141,0.2064,3.4922,3.2859
7977,0.003838,757.74,290.97,0.384,95.7782,96.0277,0.2495,4.2218,3.9723
7978,0.003294,865.99,214.34,0.2475,96.3761,96.5903,0.2141,3.6239,3.4097
7979,0.003024,821.61,224.18,0.2729,96.6736,96.8701,0.1966,3.3264,3.1299
7980,0.003408,813.16,194.96,0.2398,96.2514,96.4729,0.2215,3.7486,3.5271
7981,0.003238,732.45,279.1,0.3811,96.4377,96.6482,0.2105,3.5623,3.3518
7982,0.003936,840.74,228.68,0.272,95.6704,95.9263,0.2558,4.3296,4.0737
7983,0.002806,852.68,241.34,0.283,96.913,97.0954,0.1824,3.087,2.9046
7984,0.003141,942.87,247.57,0.2626,96.5447,96.7489,0.2042,3.4553,3.2511
7985,0.00388,887.43,182.77,0.206,95.732,95.9842,0.2522,4.268,4.0158
7986,0.003961,765.62,186.58,0.2437,95.6432,95.9006,0.2574,4.3568,4.0994
7987,0.004166,826.41,239.56,0.2899,95.4179,95.6887,0.2708,4.5821,4.3113
7988,0.003272,862.09,203.4,0.2359,96.4007,96.6134,0.2127,3.5993,3.3866
7989,0.003868,948.75,197.87,0.2086,95.7447,95.9962,0.2514,4.2553,4.0038
7990,0.002883,1018.14,154.78,0.152,96.8283,97.0157,0.1874,3.1717,2.9843
7991,0.003045,771.51,219.52,0.2845,96.6507,96.8486,0.1979,3.3493,3.1514
7992,0.003826,682.78,218.68,0.3203,95.7915,96.0401,0.2487,4.2085,3.9599
7993,0.003193,992.04,263.72,0.2658,96.4882,96.6958,0.2075,3.5118,3.3042
7994,0.003862,872.83,254.54,0.2916,95.7519,96.003,0.251,4.2481,3.997
7995,0.003426,990.99,223.5,0.2255,96.2319,96.4545,0.2227,3.7681,3.5455
7996,0.002999,1010.52,197.21,0.1952,96.7015,96.8964,0.1949,3.2985,3.1036
7997,0.003689,993.51,250.04,0.2517,95.9422,96.182,0.2398,4.0578,3.818
7998,0.004157,681.63,234.33,0.3438,95.427,95.6972,0.2702,4.573,4.3028
7999,0.00284,823.38,200.26,0.2432,96.876,97.0606,0.1846,3.124,2.9394
8000,0.00419,717.38,155.77,0.2171,95.3911,95.6634,0.2723,4.6089,4.3366
8001,0.002986,917.05,150.73,0.1644,96.7157,96.9098,0.1941,3.2843,3.0902
8002,0.004189,687.87,177.75,0.2584,95.3916,95.6639,0.2723,4.6084,4.3361
8003,0.003587,785.96,201.51,0.2564,96.054,96.2872,0.2332,3.946,3.7128
8004,0.004039,727.35,219.6,0.3019,95.5575,95.82,0.2625,4.4425,4.18
8005,0.003171,912.49,250.85,0.2749,96.5122,96.7183,0.2061,3.4878,3.2817
8006,0.003126,756.09,223.72,0.2959,96.5619,96.765,0.2032,3.4381,3.235
8007,0.004002,937.87,178.21,0.19,95.598,95.8581,0.2601,4.402,4.1419
8008,0.003916,926.46,165.09,0.1782,95.6919,95.9464,0.2546,4.3081,4.0536
8009,0.002999,903.32,236.42,0.2617,96.701,96.8959,0.1949,3.299,3.1041
8010,0.003185,975.44,210.17,0.2155,96.4969,96.7039,0.207,3.5031,3.2961
8011,0.003059,836.64,189.63,0.2267,96.6356,96.8344,0.1988,3.3644,3.1656
8012,0.003572,965.77,207.05,0.2144,96.0709,96.3031,0.2322,3.9291,3.6969
8013,0.003056,907.06,166.65,0.1837,96.6379,96.8366,0.1987,3.3621,3.1634
8014,0.002872,803.58,183.52,0.2284,96.8413,97.0279,0.1867,3.1587,2.9721
8015,0.003069,923.07,202.51,0.2194,96.6236,96.8232,0.1995,3.3764,3.1768
8016,0.00321,1004.55,188.93,0.1881,96.4695,96.6781,0.2086,3.5305,3.3219
8017,0.003859,1012.11,269.73,0.2665,95.7548,96.0057,0.2509,4.2452,3.9943
8018,0.003953,892.78,237.69,0.2662,95.6514,95.9083,0.257,4.3486,4.0917
8019,0.003254,706.65,249.83,0.3535,96.4208,96.6323,0.2115,3.5792,3.3677
8020,0.004092,796.97,203.62,0.2555,95.4983,95.7643,0.266,4.5017,4.2357
8021,0.003858,754.77,218.06,0.2889,95.7561,96.0068,0.2508,4.2439,3.9932
8022,0.002844,940.06,170.36,0.1812,96.8719,97.0567,0.1848,3.1281,2.9433
8023,0.003061,967.37,212.36,0.2195,96.6328,96.8318,0.199,3.3672,3.1682
8024,0.00308,830.37,207.79,0.2502,96.6123,96.8125,0.2002,3.3877,3.1875
8025,0.004197,727.74,163.03,0.224,95.3836,95.6564,0.2728,4.6164,4.3436
8026,0.003244,841.71,294.5,0.3499,96.4311,96.642,0.2109,3.5689,3.358
8027,0.003807,939.25,262.07,0.279,95.8125,96.06,0.2474,4.1875,3.94
8028,0.003865,767.49,165.23,0.2153,95.748,95.9992,0.2513,4.252,4.0008
8029,0.003855,689.77,188.63,0.2735,95.76,96.0105,0.2505,4.24,3.9895
8030,0.002966,1011.74,248.25,0.2454,96.7375,96.9303,0.1928,3.2625,3.0697
8031,0.003349,684.8,243.22,0.3552,96.3159,96.5336,0.2177,3.6841,3.4664
8032,0.002883,874.15,162.58,0.186,96.8288,97.0162,0.1874,3.1712,2.9838
8033,0.003965,761.77,268.51,0.3525,95.6383,95.8961,0.2577,4.3617,4.1039
8034,0.003129,890.28,200.4,0.2251,96.5583,96.7617,0.2034,3.4417,3.2383
8035,0.002903,933.21,291.15,0.312,96.8064,96.9951,0.1887,3.1936,3.0049
8036,0.003235,691.05,199.49,0.2887,96.4414,96.6517,0.2103,3.5586,3.3483
8037,0.003662,880.66,171.43,0.1947,95.9721,96.2101,0.238,4.0279,3.7899
8038,0.003949,990.89,255.58,0.2579,95.6558,95.9125,0.2567,4.3442,4.0875
8039,0.003386,757.37,270.57,0.3573,96.2751,96.4952,0.2201,3.7249,3.5048
8040,0.004127,1003.77,182.3,0.1816,95.4606,95.7289,0.2682,4.5394,4.2711
8041,0.003894,961.45,229.65,0.2389,95.7163,95.9694,0.2531,4.2837,4.0306
8042,0.003578,1005.47,196.29,0.1952,96.0637,96.2963,0.2326,3.9363,3.7037
8043,0.003282,998.16,248.64,0.2491,96.39,96.6033,0.2133,3.61,3.3967
8044,0.00371,699.44,205.39,0.2937,95.9187,96.1598,0.2412,4.0813,3.8402
8045,0.003942,816.25,204.94,0.2511,95.6635,95.9197,0.2562,4.3365,4.0803
8046,0.004003,729.22,176.36,0.2418,95.5971,95.8573,0.2602,4.4029,4.1427
8047,0.003811,716.4,188.3,0.2628,95.8076,96.0553,0.2477,4.1924,3.9447
8048,0.00346,940.82,216.23,0.2298,96.1941,96.419,0.2249,3.8059,3.581
8049,0.003453,886.17,159.59,0.1801,96.2015,96.426,0.2245,3.7985,3.574
8050,0.003806,779.55,153.64,0.1971,95.8138,96.0611,0.2474,4.1862,3.9389
8051,0.003199,767.98,284.3,0.3702,96.4807,96.6887,0.208,3.5193,3.3113
8052,0.00353,920.46,247.03,0.2684,96.1171,96.3466,0.2294,3.8829,3.6534
8053,0.003148,980.2,205.88,0.21,96.537,96.7416,0.2046,3.463,3.2584
8054,0.004081,708.75,155.72,0.2197,95.5104,95.7757,0.2653,4.4896,4.2243
8055,0.003714,733.31,297.2,0.4053,95.9141,96.1556,0.2414,4.0859,3.8444
8056,0.003477,720.36,246.38,0.342,96.1749,96.401,0.226,3.8251,3.599
8057,0.003249,818.72,252.5,0.3084,96.4261,96.6373,0.2112,3.5739,3.3627
8058,0.002961,908.87,220.15,0.2422,96.7434,96.9358,0.1924,3.2566,3.0642
8059,0.002977,987.1,293.99,0.2978,96.7252,96.9187,0.1935,3.2748,3.0813
8060,0.003932,989.3,182.04,0.184,95.6743,95.9299,0.2556,4.3257,4.0701
8061,0.003026,717.92,214.1,0.2982,96.6709,96.8677,0.1967,3.3291,3.1323
8062,0.003759,708.35,158.04,0.2231,95.8646,96.109,0.2444,4.1354,3.891
8063,0.003505,757.72,242.78,0.3204,96.1447,96.3725,0.2278,3.8553,3.6275
8064,0.003019,881.86,186.93,0.212,96.6786,96.8749,0.1963,3.3214,3.1251
8065,0.003594,705.68,198.34,0.2811,96.0465,96.2801,0.2336,3.9535,3.7199
8066,0.003105,836.57,266.7,0.3188,96.5845,96.7864,0.2018,3.4155,3.2136
8067,0.002959,689.15,170.54,0.2475,96.7446,96.9369,0.1924,3.2554,3.0631
8068,0.003519,833.42,150.15,0.1802,96.1287,96.3574,0.2288,3.8713,3.6426
8069,0.003701,797.73,239.23,0.2999,95.9291,96.1696,0.2406,4.0709,3.8304
8070,0.003666,927.86,205.97,0.222,95.9671,96.2054,0.2383,4.0329,3.7946
8071,0.003075,766.46,197.67,0.2579,96.6174,96.8173,0.1999,3.3826,3.1827
8072,0.002814,1015.99,150.88,0.1485,96.9041,97.087,0.1829,3.0959,2.913
8073,0.003887,808.28,271.04,0.3353,95.7248,95.9774,0.2526,4.2752,4.0226
8074,0.003142,848.08,241.94,0.2853,96.5442,96.7484,0.2042,3.4558,3.2516
8075,0.004042,933.22,196.45,0.2105,95.5539,95.8167,0.2627,4.4461,4.1833
8076,0.003285,698.8,239.17,0.3423,96.3868,96.6003,0.2135,3.6132,3.3997
8077,0.003504,833.88,209.49,0.2512,96.1454,96.3732,0.2278,3.8546,3.6268
8078,0.003133,944.9,190.83,0.202,96.5539,96.7575,0.2036,3.4461,3.2425
8079,0.003646,924.4,180.86,0.1956,95.9889,96.226,0.237,4.0111,3.774
8080,0.003371,914.52,251.91,0.2755,96.2915,96.5107,0.2191,3.7085,3.4893
8081,0.003217,703.39,256.65,0.3649,96.4617,96.6708,0.2091,3.5383,3.3292
8082,0.003005,948.19,231.26,0.2439,96.6949,96.8902,0.1953,3.3051,3.1098
8083,0.002935,705.68,186.54,0.2643,96.7718,96.9625,0.1908,3.2282,3.0375
8084,0.003569,724.94,175.88,0.2426,96.0738,96.3058,0.232,3.9262,3.6942
8085,0.002868,935.12,165.02,0.1765,96.8454,97.0318,0.1864,3.1546,2.9682
8086,0.003142,807.6,165.08,0.2044,96.5434,96.7476,0.2043,3.4566,3.2524
8087,0.003235,730.63,164.78,0.2255,96.4418,96.6521,0.2103,3.5582,3.3479
8088,0.00355,865.95,204.25,0.2359,96.0955,96.3262,0.2307,3.9045,3.6738
8089,0.00313,690.72,232.53,0.3366,96.5565,96.76,0.2035,3.4435,3.24
8090,0.003076,928.61,282.22,0.3039,96.6166,96.8166,0.1999,3.3834,3.1834
8091,0.003741,857.81,258.55,0.3014,95.8849,96.1281,0.2432,4.1151,3.8719
8092,0.003692,755.57,276.16,0.3655,95.9388,96.1787,0.24,4.0612,3.8213
8093,0.003133,872.22,250.13,0.2868,96.5542,96.7578,0.2036,3.4458,3.2422
8094,0.00292,999.06,221.83,0.222,96.7876,96.9775,0.1898,3.2124,3.0225
8095,0.003144,809.33,151.89,0.1877,96.5419,96.7462,0.2043,3.4581,3.2538
8096,0.003849,881.45,195.94,0.2223,95.7664,96.0166,0.2502,4.2336,3.9834
8097,0.003481,843.93,156.93,0.1859,96.1714,96.3977,0.2262,3.8286,3.6023
8098,0.002832,724.0,188.55,0.2604,96.8844,97.0685,0.1841,3.1156,2.9315
8099,0.003804,945.38,294.98,0.312,95.8154,96.0627,0.2473,4.1846,3.9373
8100,0.004079,835.3,215.06,0.2575,95.5135,95.7786,0.2651,4.4865,4.2214
8101,0.003177,804.16,269.14,0.3347,96.5057,96.7122,0.2065,3.4943,3.2878
8102,0.003912,908.24,275.69,0.3035,95.6965,95.9508,0.2543,4.3035,4.0492
8103,0.003249,741.3,218.82,0.2952,96.4262,96.6374,0.2112,3.5738,3.3626
8104,0.003541,707.52,166.52,0.2354,96.1052,96.3354,0.2301,3.8948,3.6646
8105,0.003894,936.18,243.33,0.2599,95.7171,95.9702,0.2531,4.2829,4.0298
8106,0.003918,783.34,188.93,0.2412,95.6902,95.9449,0.2547,4.3098,4.0551
8107,0.003309,885.87,171.27,0.1933,96.3604,96.5755,0.2151,3.6396,3.4245
8108,0.003354,795.07,273.41,0.3439,96.311,96.529,0.218,3.689,3.471
8109,0.00364,834.2,224.78,0.2695,95.9959,96.2325,0.2366,4.0041,3.7675
8110,0.003131,831.69,252.65,0.3038,96.5561,96.7596,0.2035,3.4439,3.2404
8111,0.002963,936.78,225.15,0.2403,96.7409,96.9334,0.1926,3.2591,3.0666
8112,0.003381,728.06,213.85,0.2937,96.2805,96.5003,0.2198,3.7195,3.4997
8113,0.003619,816.27,170.17,0.2085,96.0196,96.2548,0.2352,3.9804,3.7452
8114,0.003362,961.92,288.55,0.3,96.3013,96.5199,0.2186,3.6987,3.4801
8115,0.003417,754.38,153.79,0.2039,96.2414,96.4635,0.2221,3.7586,3.5365
8116,0.003309,750.54,164.77,0.2195,96.3603,96.5754,0.2151,3.6397,3.4246
8117,0.003562,969.7,221.67,0.2286,96.0815,96.3131,0.2315,3.9185,3.6869
8118,0.003201,1017.54,174.88,0.1719,96.4788,96.6869,0.2081,3.5212,3.3131
8119,0.002996,913.71,289.14,0.3164,96.7047,96.8994,0.1947,3.2953,3.1006
8120,0.003866,778.15,207.12,0.2662,95.7474,95.9987,0.2513,4.2526,4.0013
8121,0.002896,781.02,208.65,0.2671,96.814,97.0022,0.1883,3.186,2.9978
8122,0.003334,848.04,180.72,0.2131,96.3329,96.5495,0.2167,3.6671,3.4505
8123,0.003106,780.93,252.0,0.3227,96.5836,96.7855,0.2019,3.4164,3.2145
8124,0.0029,835.41,266.87,0.3194,96.8097,96.9982,0.1885,3.1903,3.0018
8125,0.003758,739.2,250.64,0.3391,95.8663,96.1106,0.2443,4.1337,3.8894
8126,0.003324,780.48,184.01,0.2358,96.3431,96.5592,0.2161,3.6569,3.4408
8127,0.003641,1016.72,260.57,0.2563,95.9945,96.2312,0.2367,4.0055,3.7688
8128,0.00309,993.85,189.29,0.1905,96.6009,96.8018,0.2009,3.3991,3.1982
8129,0.002838,765.09,196.98,0.2575,96.8781,97.0626,0.1845,3.1219,2.9374
8130,0.003554,872.23,238.97,0.274,96.0905,96.3215,0.231,3.9095,3.6785
8131,0.004063,995.17,182.47,0.1834,95.5303,95.7944,0.2641,4.4697,4.2056
8132,0.003572,945.0,184.7,0.1954,96.0711,96.3033,0.2322,3.9289,3.6967
8133,0.00284,864.04,222.96,0.258,96.8764,97.061,0.1846,3.1236,2.939
8134,0.003645,897.84,210.23,0.2342,95.9908,96.2277,0.2369,4.0092,3.7723
8135,0.003118,966.6,264.83,0.274,96.5704,96.7731,0.2027,3.4296,3.2269
8136,0.003607,741.58,292.81,0.3948,96.032,96.2664,0.2345,3.968,3.7336
8137,0.003891,920.36,292.21,0.3175,95.7196,95.9726,0.2529,4.2804,4.0274
8138,0.002959,898.91,222.38,0.2474,96.745,96.9374,0.1923,3.255,3.0626
8139,0.002881,792.14,183.46,0.2316,96.8312,97.0185,0.1872,3.1688,2.9815
8140,0.00289,988.67,157.48,0.1593,96.8208,97.0087,0.1879,3.1792,2.9913
8141,0.00384,913.1,236.85,0.2594,95.776,96.0256,0.2496,4.224,3.9744
8142,0.002915,833.57,169.24,0.203,96.7938,96.9832,0.1895,3.2062,3.0168
8143,0.00302,843.14,227.79,0.2702,96.6784,96.8747,0.1963,3.3216,3.1253
8144,0.002829,862.4,216.95,0.2516,96.8885,97.0724,0.1839,3.1115,2.9276
8145,0.003617,1016.23,210.07,0.2067,96.0216,96.2567,0.2351,3.9784,3.7433
8146,0.002875,961.31,200.2,0.2083,96.8377,97.0246,0.1869,3.1623,2.9754
8147,0.003427,888.36,268.51,0.3023,96.2298,96.4526,0.2228,3.7702,3.5474
8148,0.003818,903.1,274.89,0.3044,95.8001,96.0483,0.2482,4.1999,3.9517
8149,0.003468,776.85,242.15,0.3117,96.1853,96.4107,0.2254,3.8147,3.5893
8150,0.003674,699.34,174.18,0.2491,95.9586,96.1974,0.2388,4.0414,3.8026
8151,0.004016,716.19,168.64,0.2355,95.5829,95.8439,0.261,4.4171,4.1561
8152,0.003191,970.25,268.58,0.2768,96.4901,96.6975,0.2074,3.5099,3.3025
8153,0.004183,801.02,260.67,0.3254,95.3987,95.6706,0.2719,4.6013,4.3294
8154,0.003574,861.74,165.3,0.1918,96.0685,96.3009,0.2323,3.9315,3.6991
8155,0.004117,1009.09,214.9,0.213,95.4717,95.7392,0.2676,4.5283,4.2608
8156,0.00349,894.83,252.71,0.2824,96.1615,96.3883,0.2268,3.8385,3.6117
8157,0.004141,920.23,210.96,0.2292,95.4453,95.7145,0.2691,4.5547,4.2855
8158,0.003141,1017.67,180.02,0.1769,96.5454,96.7495,0.2041,3.4546,3.2505
8159,0.002932,882.77,297.16,0.3366,96.7751,96.9656,0.1906,3.2249,3.0344
8160,0.003313,799.82,272.7,0.3409,96.3556,96.5709,0.2154,3.6444,3.4291
8161,0.003843,936.12,165.5,0.1768,95.7729,96.0227,0.2498,4.2271,3.9773
8162,0.003635,886.99,182.69,0.206,96.0011,96.2374,0.2363,3.9989,3.7626
8163,0.004079,852.42,163.3,0.1916,95.5127,95.7778,0.2652,4.4873,4.2222
8164,0.003975,751.83,277.94,0.3697,95.6277,95.886,0.2584,4.3723,4.114
8165,0.003795,900.41,283.06,0.3144,95.8258,96.0724,0.2467,4.1742,3.9276
8166,0.002875,860.34,292.16,0.3396,96.8375,97.0244,0.1869,3.1625,2.9756
8167,0.003777,718.7,181.08,0.252,95.8455,96.091,0.2455,4.1545,3.909
8168,0.003953,849.86,213.9,0.2517,95.6521,95.909,0.2569,4.3479,4.091
8169,0.003491,744.1,252.49,0.3393,96.1596,96.3866,0.2269,3.8404,3.6134
8170,0.00304,812.27,270.37,0.3329,96.6555,96.8531,0.1976,3.3445,3.1469
8171,0.003767,823.34,168.08,0.2041,95.8558,96.1007,0.2449,4.1442,3.8993
8172,0.003973,706.14,242.09,0.3428,95.6301,95.8883,0.2582,4.3699,4.1117
8173,0.003538,771.04,155.49,0.2017,96.1086,96.3385,0.2299,3.8914,3.6615
8174,0.003987,785.56,240.31,0.3059,95.6143,95.8734,0.2592,4.3857,4.1266
8175,0.002879,841.92,174.5,0.2073,96.8333,97.0204,0.1871,3.1667,2.9796
8176,0.0033,780.59,227.38,0.2913,96.3698,96.5843,0.2145,3.6302,3.4157
8177,0.003266,756.47,254.23,0.3361,96.4073,96.6196,0.2123,3.5927,3.3804
8178,0.004065,958.91,185.16,0.1931,95.5281,95.7924,0.2642,4.4719,4.2076
8179,0.003637,879.24,263.78,0.3,95.9995,96.2359,0.2364,4.0005,3.7641
8180,0.002973,843.82,191.77,0.2273,96.7296,96.9228,0.1933,3.2704,3.0772
8181,0.003826,885.28,173.12,0.1956,95.7919,96.0406,0.2487,4.2081,3.9594
8182,0.004075,944.25,283.8,0.3006,95.5174,95.7823,0.2649,4.4826,4.2177
8183,0.002948,954.97,160.46,0.168,96.757,96.9486,0.1916,3.243,3.0514
8184,0.00364,931.52,198.4,0.213,95.9957,96.2323,0.2366,4.0043,3.7677
8185,0.004033,702.7,260.86,0.3712,95.5639,95.826,0.2621,4.4361,4.174
8186,0.004174,1002.55,188.11,0.1876,95.4086,95.6799,0.2713,4.5914,4.3201
8187,0.003491,823.13,176.93,0.2149,96.16,96.3869,0.2269,3.84,3.6131
8188,0.004109,958.43,298.72,0.3117,95.48,95.7471,0.2671,4.52,4.2529
8189,0.003789,817.98,155.6,0.1902,95.8317,96.078,0.2463,4.1683,3.922
8190,0.003775,814.36,235.72,0.2895,95.8478,96.0932,0.2454,4.1522,3.9068
8191,0.003166,767.79,273.72,0.3565,96.5179,96.7236,0.2058,3.4821,3.2764
8192,0.003813,868.65,197.75,0.2277,95.8061,96.0539,0.2478,4.1939,3.9461
8193,0.002931,812.47,266.4,0.3279,96.7755,96.9661,0.1905,3.2245,3.0339
8194,0.003644,682.95,265.77,0.3892,95.9912,96.2281,0.2369,4.0088,3.7719
8195,0.003458,815.98,249.22,0.3054,96.1957,96.4205,0.2248,3.8043,3.5795
8196,0.003273,1005.7,156.92,0.156,96.4,96.6127,0.2127,3.6,3.3873
8197,0.003622,916.56,195.88,0.2137,96.0158,96.2512,0.2354,3.9842,3.7488
8198,0.004035,876.96,219.72,0.2505,95.5618,95.8241,0.2623,4.4382,4.1759
8199,0.003681,990.99,154.82,0.1562,95.9504,96.1897,0.2393,4.0496,3.8103
8200,0.004179,887.83,279.94,0.3153,95.4027,95.6743,0.2717,4.5973,4.3257
8201,0.003784,836.71,245.41,0.2933,95.838,96.0839,0.2459,4.162,3.9161
8202,0.004049,791.73,291.86,0.3686,95.5463,95.8094,0.2632,4.4537,4.1906
8203,0.004096,822.3,226.23,0.2751,95.4944,95.7606,0.2662,4.5056,4.2394
8204,0.002893,750.11,294.45,0.3925,96.8175,97.0056,0.1881,3.1825,2.9944
8205,0.003459,997.66,217.92,0.2184,96.1955,96.4203,0.2248,3.8045,3.5797
8206,0.00347,726.27,221.82,0.3054,96.1835,96.4091,0.2255,3.8165,3.5909
8207,0.003117,779.87,151.68,0.1945,96.5714,96.774,0.2026,3.4286,3.226
8208,0.004088,783.91,247.57,0.3158,95.5034,95.7691,0.2657,4.4966,4.2309
8209,0.003705,929.89,291.76,0.3138,95.9246,96.1655,0.2408,4.0754,3.8345
8210,0.002932,889.69,281.93,0.3169,96.7752,96.9657,0.1906,3.2248,3.0343
8211,0.003975,758.04,271.41,0.358,95.6272,95.8856,0.2584,4.3728,4.1144
8212,0.003377,990.2,177.72,0.1795,96.2858,96.5053,0.2195,3.7142,3.4947
8213,0.003129,786.31,285.27,0.3628,96.5586,96.7619,0.2034,3.4414,3.2381
8214,0.002932,865.05,247.32,0.2859,96.775,96.9656,0.1906,3.225,3.0344
8215,0.003234,771.27,194.48,0.2522,96.4426,96.6528,0.2102,3.5574,3.3472
8216,0.004161,976.69,190.61,0.1952,95.4231,95.6935,0.2705,4.5769,4.3065
8217,0.003737,907.17,173.6,0.1914,95.8891,96.132,0.2429,4.1109,3.868
8218,0.003191,954.89,263.09,0.2755,96.4896,96.697,0.2074,3.5104,3.303
8219,0.00281,884.31,215.88,0.2441,96.9087,97.0914,0.1827,3.0913,2.9086
8220,0.003291,984.11,163.63,0.1663,96.3794,96.5933,0.2139,3.6206,3.4067
8221,0.003736,855.02,248.61,0.2908,95.8908,96.1336,0.2428,4.1092,3.8664
8222,0.004172,821.62,191.09,0.2326,95.411,95.6822,0.2712,4.589,4.3178
8223,0.003658,875.83,165.46,0.1889,95.9765,96.2142,0.2378,4.0235,3.7858
8224,0.003493,745.42,230.87,0.3097,96.1577,96.3848,0.227,3.8423,3.6152
8225,0.003789,985.07,220.12,0.2235,95.8317,96.078,0.2463,4.1683,3.922
8226,0.003248,962.48,170.14,0.1768,96.4273,96.6384,0.2111,3.5727,3.3616
8227,0.003974,1016.64,252.66,0.2485,95.6283,95.8866,0.2583,4.3717,4.1134
8228,0.003673,852.91,273.7,0.3209,95.9597,96.1984,0.2387,4.0403,3.8016
8229,0.00334,705.87,285.27,0.4041,96.3263,96.5433,0.2171,3.6737,3.4567
8230,0.003892,689.23,179.95,0.2611,95.719,95.9719,0.253,4.281,4.0281
8231,0.003337,889.61,177.19,0.1992,96.3297,96.5466,0.2169,3.6703,3.4534
8232,0.003609,1016.63,155.28,0.1527,96.03,96.2646,0.2346,3.97,3.7354
8233,0.00414,762.23,207.33,0.272,95.4465,95.7156,0.2691,4.5535,4.2844
8234,0.003334,878.25,290.48,0.3308,96.3323,96.5491,0.2167,3.6677,3.4509
8235,0.003393,738.91,175.18,0.2371,96.2679,96.4885,0.2205,3.7321,3.5115
8236,0.003286,758.78,207.56,0.2735,96.3857,96.5992,0.2136,3.6143,3.4008
8237,0.003596,711.57,159.81,0.2246,96.0442,96.278,0.2337,3.9558,3.722
8238,0.003952,946.03,178.78,0.189,95.653,95.9099,0.2569,4.347,4.0901
8239,0.003748,964.16,268.96,0.279,95.8777,96.1213,0.2436,4.1223,3.8787
8240,0.003897,783.88,192.07,0.245,95.7135,95.9668,0.2533,4.2865,4.0332
8241,0.003683,730.59,150.33,0.2058,95.9484,96.1878,0.2394,4.0516,3.8122
8242,0.003394,740.41,261.7,0.3535,96.2661,96.4867,0.2206,3.7339,3.5133
8243,0.003178,745.05,270.89,0.3636,96.504,96.7105,0.2066,3.496,3.2895
8244,0.003744,863.19,184.51,0.2138,95.8812,96.1246,0.2434,4.1188,3.8754
8245,0.003133,750.95,205.64,0.2738,96.5533,96.7569,0.2037,3.4467,3.2431
8246,0.004115,930.78,207.19,0.2226,95.4738,95.7413,0.2675,4.5262,4.2587
8247,0.004064,766.5,155.59,0.203,95.5301,95.7942,0.2641,4.4699,4.2058
8248,0.003409,954.85,271.79,0.2846,96.2506,96.4722,0.2216,3.7494,3.5278
8249,0.003046,764.69,234.3,0.3064,96.6494,96.8474,0.198,3.3506,3.1526
8250,0.003337,890.88,170.03,0.1909,96.3291,96.546,0.2169,3.6709,3.454
8251,0.003262,687.08,190.35,0.277,96.4122,96.6242,0.212,3.5878,3.3758
8252,0.003276,963.17,236.64,0.2457,96.3964,96.6093,0.2129,3.6036,3.3907
8253,0.003286,1011.19,277.88,0.2748,96.385,96.5986,0.2136,3.615,3.4014
8254,0.003687,998.22,271.04,0.2715,95.9443,96.1839,0.2397,4.0557,3.8161
8255,0.004184,886.98,281.87,0.3178,95.3974,95.6694,0.272,4.6026,4.3306
8256,0.00409,966.8,279.84,0.2895,95.5014,95.7672,0.2658,4.4986,4.2328
8257,0.003148,825.15,285.65,0.3462,96.5369,96.7416,0.2046,3.4631,3.2584
8258,0.004023,823.46,199.01,0.2417,95.5746,95.8361,0.2615,4.4254,4.1639
8259,0.003252,712.68,279.28,0.3919,96.423,96.6344,0.2114,3.577,3.3656
8260,0.003367,695.23,218.69,0.3146,96.2965,96.5154,0.2188,3.7035,3.4846
8261,0.003924,857.83,150.68,0.1757,95.684,95.9391,0.255,4.316,4.0609
8262,0.003867,951.38,201.03,0.2113,95.7465,95.9978,0.2513,4.2535,4.0022
8263,0.002991,852.94,218.3,0.2559,96.71,96.9044,0.1944,3.29,3.0956
8264,0.004108,1015.22,260.94,0.257,95.4808,95.7478,0.267,4.5192,4.2522
8265,0.003655,816.67,206.59,0.253,95.9798,96.2174,0.2376,4.0202,3.7826
8266,0.004148,826.1,238.36,0.2885,95.4372,95.7068,0.2696,4.5628,4.2932
8267,0.003656,767.79,152.46,0.1986,95.9786,96.2162,0.2376,4.0214,3.7838
8268,0.003781,835.58,278.0,0.3327,95.8408,96.0865,0.2458,4.1592,3.9135
8269,0.003699,976.54,279.98,0.2867,95.9306,96.171,0.2405,4.0694,3.829
8270,0.003407,697.51,276.94,0.397,96.2528,96.4742,0.2214,3.7472,3.5258
8271,0.00367,988.78,162.12,0.164,95.9633,96.2018,0.2385,4.0367,3.7982
8272,0.004149,753.06,228.54,0.3035,95.4364,95.7061,0.2697,4.5636,4.2939
8273,0.003915,1003.37,289.85,0.2889,95.694,95.9484,0.2544,4.306,4.0516
8274,0.003427,794.49,222.07,0.2795,96.23,96.4528,0.2228,3.77,3.5472
8275,0.003302,826.93,198.87,0.2405,96.3679,96.5825,0.2146,3.6321,3.4175
8276,0.003714,706.04,259.2,0.3671,95.915,96.1564,0.2414,4.085,3.8436
8277,0.003391,686.8,164.39,0.2394,96.2695,96.49,0.2204,3.7305,3.51
8278,0.003488,779.46,234.45,0.3008,96.1633,96.39,0.2267,3.8367,3.61
8279,0.003812,741.44,192.61,0.2598,95.8063,96.0541,0.2478,4.1937,3.9459
8280,0.00309,1008.29,241.6,0.2396,96.6005,96.8014,0.2009,3.3995,3.1986
8281,0.003696,827.88,227.57,0.2749,95.9349,96.1751,0.2402,4.0651,3.8249
8282,0.002826,1011.98,288.95,0.2855,96.8913,97.075,0.1837,3.1087,2.925
8283,0.003254,989.17,246.86,0.2496,96.4207,96.6322,0.2115,3.5793,3.3678
8284,0.003894,818.9,256.11,0.3128,95.7164,95.9695,0.2531,4.2836,4.0305
8285,0.003907,757.97,201.47,0.2658,95.7019,95.9559,0.254,4.2981,4.0441
8286,0.002864,960.44,262.41,0.2732,96.8498,97.036,0.1861,3.1502,2.964
8287,0.00317,740.5,234.15,0.3162,96.513,96.719,0.2061,3.487,3.281
8288,0.002901,962.69,230.56,0.2395,96.809,96.9975,0.1886,3.191,3.0025
8289,0.003035,792.59,216.86,0.2736,96.6616,96.8588,0.1973,3.3384,3.1412
8290,0.003221,691.32,169.51,0.2452,96.457,96.6663,0.2094,3.543,3.3337
8291,0.002878,973.15,278.89,0.2866,96.8342,97.0213,0.1871,3.1658,2.9787
8292,0.003554,976.24,299.85,0.3071,96.0901,96.3211,0.231,3.9099,3.6789
8293,0.003399,738.63,206.46,0.2795,96.2611,96.4821,0.2209,3.7389,3.5179
8294,0.003963,854.82,268.44,0.314,95.6404,95.898,0.2576,4.3596,4.102
8295,0.003681,938.6,187.41,0.1997,95.9511,96.1903,0.2393,4.0489,3.8097
8296,0.003706,874.81,263.81,0.3016,95.9239,96.1648,0.2409,4.0761,3.8352
8297,0.00337,870.16,157.77,0.1813,96.2929,96.512,0.2191,3.7071,3.488
8298,0.00334,789.85,202.62,0.2565,96.3265,96.5436,0.2171,3.6735,3.4564
8299,0.002827,965.57,153.26,0.1587,96.8908,97.0745,0.1837,3.1092,2.9255
8300,0.002911,939.8,215.89,0.2297,96.7976,96.9869,0.1892,3.2024,3.0131
8301,0.003609,884.37,162.61,0.1839,96.0297,96.2643,0.2346,3.9703,3.7357
8302,0.003929,900.5,150.23,0.1668,95.678,95.9334,0.2554,4.322,4.0666
8303,0.003212,993.02,278.95,0.2809,96.4673,96.6761,0.2087,3.5327,3.3239
8304,0.003006,975.2,256.22,0.2627,96.693,96.8884,0.1954,3.307,3.1116
8305,0.003444,858.22,263.85,0.3074,96.2121,96.4359,0.2238,3.7879,3.5641
8306,0.002868,753.52,199.13,0.2643,96.8449,97.0313,0.1864,3.1551,2.9687
8307,0.003005,1001.42,262.1,0.2617,96.6941,96.8895,0.1953,3.3059,3.1105
8308,0.003102,783.38,192.19,0.2453,96.5879,96.7895,0.2016,3.4121,3.2105
8309,0.00368,767.78,226.3,0.2947,95.9515,96.1908,0.2392,4.0485,3.8092
8310,0.003637,934.05,257.81,0.276,95.9995,96.2359,0.2364,4.0005,3.7641
8311,0.003126,862.65,251.14,0.2911,96.5618,96.7649,0.2032,3.4382,3.2351
8312,0.003011,755.6,215.96,0.2858,96.6882,96.8839,0.1957,3.3118,3.1161
8313,0.00339,842.1,276.33,0.3281,96.2706,96.491,0.2204,3.7294,3.509
8314,0.004063,832.49,182.98,0.2198,95.5306,95.7947,0.2641,4.4694,4.2053
8315,0.002974,831.81,191.99,0.2308,96.729,96.9223,0.1933,3.271,3.0777
8316,0.0033,836.93,214.2,0.2559,96.3697,96.5842,0.2145,3.6303,3.4158
8317,0.003745,982.67,208.22,0.2119,95.8802,96.1236,0.2434,4.1198,3.8764
8318,0.00412,831.13,196.97,0.237,95.4675,95.7353,0.2678,4.5325,4.2647
8319,0.002858,888.85,286.42,0.3222,96.8566,97.0424,0.1857,3.1434,2.9576
8320,0.004081,885.85,272.06,0.3071,95.5112,95.7764,0.2652,4.4888,4.2236
8321,0.003171,848.57,266.01,0.3135,96.512,96.7181,0.2061,3.488,3.2819
8322,0.003324,772.69,193.03,0.2498,96.3435,96.5596,0.2161,3.6565,3.4404
8323,0.003135,776.99,225.37,0.29,96.5513,96.7551,0.2038,3.4487,3.2449
8324,0.003268,879.73,277.27,0.3152,96.4052,96.6176,0.2124,3.5948,3.3824
8325,0.003425,836.3,188.06,0.2249,96.233,96.4556,0.2226,3.767,3.5444
8326,0.003956,689.35,262.99,0.3815,95.6482,95.9054,0.2572,4.3518,4.0946
8327,0.003136,812.36,212.98,0.2622,96.5504,96.7542,0.2038,3.4496,3.2458
8328,0.003465,688.51,280.82,0.4079,96.188,96.4133,0.2253,3.812,3.5867
8329,0.002832,974.64,213.19,0.2187,96.8853,97.0694,0.184,3.1147,2.9306
8330,0.003297,784.76,216.77,0.2762,96.3738,96.5881,0.2143,3.6262,3.4119
8331,0.00308,710.01,197.56,0.2783,96.6124,96.8126,0.2002,3.3876,3.1874
8332,0.00346,750.62,266.54,0.3551,96.1944,96.4193,0.2249,3.8056,3.5807
8333,0.002883,880.04,268.31,0.3049,96.8285,97.0159,0.1874,3.1715,2.9841
8334,0.003701,695.81,277.67,0.3991,95.9292,96.1698,0.2405,4.0708,3.8302
8335,0.003834,950.74,205.89,0.2166,95.7827,96.0319,0.2492,4.2173,3.9681
8336,0.0033,852.12,186.33,0.2187,96.3701,96.5846,0.2145,3.6299,3.4154
8337,0.003207,769.55,186.62,0.2425,96.4726,96.6811,0.2084,3.5274,3.3189
8338,0.004176,952.17,248.2,0.2607,95.4059,95.6774,0.2715,4.5941,4.3226
8339,0.003392,763.64,293.07,0.3838,96.2691,96.4896,0.2205,3.7309,3.5104
8340,0.004079,974.07,169.52,0.174,95.5128,95.7779,0.2652,4.4872,4.2221
8341,0.003376,1014.51,244.69,0.2412,96.2861,96.5056,0.2195,3.7139,3.4944
8342,0.004082,908.18,152.02,0.1674,95.5103,95.7756,0.2653,4.4897,4.2244
8343,0.004141,768.48,154.34,0.2008,95.4447,95.7139,0.2692,4.5553,4.2861
8344,0.004199,930.53,160.52,0.1725,95.3807,95.6537,0.273,4.6193,4.3463
8345,0.00383,957.08,237.74,0.2484,95.7872,96.0361,0.2489,4.2128,3.9639
8346,0.003855,802.97,213.21,0.2655,95.7597,96.0102,0.2506,4.2403,3.9898
8347,0.00291,914.41,239.68,0.2621,96.7989,96.988,0.1892,3.2011,3.012
8348,0.003595,930.1,275.03,0.2957,96.0457,96.2794,0.2337,3.9543,3.7206
8349,0.004191,709.5,165.27,0.2329,95.3898,95.6622,0.2724,4.6102,4.3378
8350,0.004041,850.81,262.33,0.3083,95.5544,95.8171,0.2627,4.4456,4.1829
8351,0.003427,995.91,210.27,0.2111,96.2304,96.4531,0.2228,3.7696,3.5469
8352,0.002907,928.26,220.56,0.2376,96.8022,96.9912,0.189,3.1978,3.0088
8353,0.003395,711.62,246.43,0.3463,96.2654,96.4861,0.2207,3.7346,3.5139
8354,0.003707,853.78,250.34,0.2932,95.9222,96.1632,0.241,4.0778,3.8368
8355,0.003193,836.93,237.53,0.2838,96.4878,96.6953,0.2075,3.5122,3.3047
8356,0.00336,901.31,267.3,0.2966,96.3042,96.5226,0.2184,3.6958,3.4774
8357,0.003337,981.05,256.23,0.2612,96.3296,96.5465,0.2169,3.6704,3.4535
8358,0.002822,806.77,169.98,0.2107,96.8956,97.0791,0.1834,3.1044,2.9209
8359,0.003366,1012.5,237.93,0.235,96.2977,96.5164,0.2188,3.7023,3.4836
8360,0.002823,898.25,160.17,0.1783,96.8942,97.0777,0.1835,3.1058,2.9223
8361,0.003806,918.47,253.75,0.2763,95.8138,96.0611,0.2474,4.1862,3.9389
8362,0.002805,741.36,255.66,0.3448,96.9144,97.0968,0.1823,3.0856,2.9032
8363,0.003495,988.81,278.3,0.2815,96.1556,96.3827,0.2272,3.8444,3.6173
8364,0.003242,964.98,252.06,0.2612,96.4341,96.6448,0.2107,3.5659,3.3552
8365,0.003672,823.59,287.19,0.3487,95.9604,96.1991,0.2387,4.0396,3.8009
8366,0.002894,698.63,160.08,0.2291,96.8167,97.0048,0.1881,3.1833,2.9952
8367,0.004026,860.86,206.41,0.2398,95.5715,95.8332,0.2617,4.4285,4.1668
8368,0.003232,784.56,280.14,0.3571,96.4452,96.6552,0.2101,3.5548,3.3448
8369,0.003098,880.87,163.54,0.1857,96.5917,96.7931,0.2014,3.4083,3.2069
8370,0.003435,931.82,200.94,0.2156,96.2212,96.4445,0.2233,3.7788,3.5555
8371,0.003166,781.74,195.37,0.2499,96.5178,96.7236,0.2058,3.4822,3.2764
8372,0.002979,743.91,240.86,0.3238,96.7226,96.9162,0.1937,3.2774,3.0838
8373,0.003195,685.67,284.58,0.415,96.4857,96.6933,0.2077,3.5143,3.3067
8374,0.004023,736.6,258.3,0.3507,95.5744,95.8359,0.2615,4.4256,4.1641
8375,0.003896,843.49,183.85,0.218,95.714,95.9673,0.2533,4.286,4.0327
8376,0.0033,707.91,287.37,0.4059,96.3697,96.5842,0.2145,3.6303,3.4158
8377,0.003755,936.63,210.94,0.2252,95.8698,96.1138,0.2441,4.1302,3.8862
8378,0.003234,974.8,224.54,0.2303,96.4425,96.6527,0.2102,3.5575,3.3473
8379,0.003223,749.29,295.41,0.3942,96.4542,96.6638,0.2095,3.5458,3.3362
8380,0.004086,705.96,251.15,0.3558,95.5052,95.7708,0.2656,4.4948,4.2292
8381,0.002812,800.82,206.08,0.2573,96.9067,97.0894,0.1828,3.0933,2.9106
8382,0.003175,1001.19,212.76,0.2125,96.508,96.7143,0.2063,3.492,3.2857
8383,0.003246,957.0,202.39,0.2115,96.4298,96.6408,0.211,3.5702,3.3592
8384,0.004131,998.13,266.37,0.2669,95.4557,95.7242,0.2685,4.5443,4.2758
8385,0.003311,737.05,167.84,0.2277,96.3584,96.5736,0.2152,3.6416,3.4264
8386,0.003571,791.48,281.52,0.3557,96.0724,96.3045,0.2321,3.9276,3.6955
8387,0.003929,699.68,236.6,0.3382,95.6776,95.933,0.2554,4.3224,4.067
8388,0.003225,981.31,269.05,0.2742,96.4525,96.6621,0.2096,3.5475,3.3379
8389,0.002906,738.08,299.69,0.406,96.803,96.9919,0.1889,3.197,3.0081
8390,0.004171,792.3,271.15,0.3422,95.412,95.6831,0.2711,4.588,4.3169
8391,0.003975,1010.82,166.59,0.1648,95.6272,95.8856,0.2584,4.3728,4.1144
8392,0.003445,937.69,176.67,0.1884,96.2105,96.4344,0.2239,3.7895,3.5656
8393,0.003553,1000.44,164.57,0.1645,96.0914,96.3224,0.231,3.9086,3.6776
8394,0.003108,861.05,293.19,0.3405,96.5807,96.7827,0.2021,3.4193,3.2173
8395,0.002928,983.12,264.81,0.2694,96.7788,96.9691,0.1903,3.2212,3.0309
8396,0.003825,1017.54,294.08,0.289,95.7922,96.0408,0.2486,4.2078,3.9592
8397,0.002891,767.79,207.78,0.2706,96.8199,97.0078,0.1879,3.1801,2.9922
8398,0.003163,919.22,297.3,0.3234,96.521,96.7265,0.2056,3.479,3.2735
8399,0.003042,991.01,165.42,0.1669,96.6535,96.8513,0.1977,3.3465,3.1487
8400,0.003652,805.79,219.5,0.2724,95.9833,96.2206,0.2374,4.0167,3.7794
8401,0.003978,1012.55,277.05,0.2736,95.6246,95.8831,0.2585,4.3754,4.1169
8402,0.003977,930.07,165.24,0.1777,95.6258,95.8842,0.2585,4.3742,4.1158
8403,0.002889,786.89,220.83,0.2806,96.8225,97.0103,0.1878,3.1775,2.9897
8404,0.00307,710.83,163.07,0.2294,96.6225,96.8221,0.1996,3.3775,3.1779
8405,0.003813,709.96,187.42,0.264,95.8055,96.0533,0.2479,4.1945,3.9467
8406,0.003265,897.98,204.37,0.2276,96.4082,96.6204,0.2122,3.5918,3.3796
8407,0.003989,1003.77,198.11,0.1974,95.6126,95.8718,0.2593,4.3874,4.1282
8408,0.002855,700.02,196.1,0.2801,96.86,97.0455,0.1855,3.14,2.9545
8409,0.002814,829.92,163.19,0.1966,96.9042,97.0871,0.1829,3.0958,2.9129
8410,0.003797,983.86,242.5,0.2465,95.8232,96.07,0.2468,4.1768,3.93
8411,0.004043,818.47,242.09,0.2958,95.5525,95.8153,0.2628,4.4475,4.1847
8412,0.003224,941.14,197.97,0.2103,96.4533,96.6628,0.2096,3.5467,3.3372
8413,0.003369,965.4,214.82,0.2225,96.2936,96.5126,0.219,3.7064,3.4874
8414,0.003849,783.85,298.19,0.3804,95.7661,96.0162,0.2502,4.2339,3.9838
8415,0.003225,946.25,261.3,0.2761,96.4525,96.6621,0.2096,3.5475,3.3379
8416,0.003057,880.94,171.2,0.1943,96.637,96.8357,0.1987,3.363,3.1643
8417,0.004114,971.61,239.69,0.2467,95.4743,95.7417,0.2674,4.5257,4.2583
8418,0.003278,698.73,196.02,0.2805,96.3945,96.6075,0.2131,3.6055,3.3925
8419,0.002915,890.16,260.06,0.2922,96.7937,96.9831,0.1895,3.2063,3.0169
8420,0.002944,822.58,165.7,0.2014,96.7614,96.9528,0.1914,3.2386,3.0472
8421,0.003773,810.03,246.11,0.3038,95.85,96.0953,0.2452,4.15,3.9047
8422,0.003766,711.72,158.83,0.2232,95.8574,96.1022,0.2448,4.1426,3.8978
8423,0.003855,965.67,255.35,0.2644,95.7592,96.0098,0.2506,4.2408,3.9902
8424,0.003537,725.02,249.62,0.3443,96.1093,96.3392,0.2299,3.8907,3.6608
8425,0.002988,931.62,210.67,0.2261,96.7136,96.9078,0.1942,3.2864,3.0922
8426,0.002998,960.24,288.76,0.3007,96.7023,96.8971,0.1949,3.2977,3.1029
8427,0.003013,708.46,271.58,0.3833,96.686,96.8818,0.1958,3.314,3.1182
8428,0.003298,896.93,175.57,0.1958,96.372,96.5864,0.2144,3.628,3.4136
8429,0.003895,964.12,235.27,0.244,95.7155,95.9686,0.2532,4.2845,4.0314
8430,0.003334,729.64,229.36,0.3143,96.3326,96.5493,0.2167,3.6674,3.4507
8431,0.003684,848.83,269.94,0.318,95.9476,96.1871,0.2395,4.0524,3.8129
8432,0.003792,933.56,151.67,0.1625,95.829,96.0755,0.2465,4.171,3.9245
8433,0.003596,727.31,269.95,0.3712,96.0442,96.2779,0.2338,3.9558,3.7221
8434,0.003687,998.57,245.03,0.2454,95.9446,96.1843,0.2396,4.0554,3.8157
8435,0.003489,938.42,232.69,0.248,96.1619,96.3887,0.2268,3.8381,3.6113
8436,0.003438,919.18,173.69,0.189,96.218,96.4415,0.2235,3.782,3.5585
8437,0.002843,1006.46,249.15,0.2476,96.873,97.0578,0.1848,3.127,2.9422
8438,0.004078,770.89,200.94,0.2607,95.5142,95.7793,0.2651,4.4858,4.2207
8439,0.003491,723.8,270.76,0.3741,96.1602,96.3871,0.2269,3.8398,3.6129
8440,0.003579,999.35,171.71,0.1718,96.063,96.2956,0.2326,3.937,3.7044
8441,0.00329,780.38,177.94,0.228,96.3815,96.5954,0.2138,3.6185,3.4046
8442,0.003804,695.2,251.53,0.3618,95.8155,96.0628,0.2473,4.1845,3.9372
8443,0.003516,994.67,246.38,0.2477,96.132,96.3605,0.2286,3.868,3.6395
8444,0.003789,730.12,244.76,0.3352,95.832,96.0783,0.2463,4.168,3.9217
8445,0.003522,685.42,207.02,0.302,96.1253,96.3543,0.229,3.8747,3.6457
8446,0.003203,689.75,268.69,0.3896,96.4764,96.6846,0.2082,3.5236,3.3154
8447,0.003964,769.13,212.78,0.2766,95.6391,95.8968,0.2577,4.3609,4.1032
8448,0.003302,782.15,221.57,0.2833,96.3677,96.5824,0.2146,3.6323,3.4176
8449,0.003432,953.58,253.89,0.2662,96.2252,96.4483,0.2231,3.7748,3.5517
8450,0.00365,795.96,257.7,0.3238,95.9852,96.2225,0.2372,4.0148,3.7775
8451,0.002833,976.01,245.18,0.2512,96.8841,97.0682,0.1841,3.1159,2.9318
8452,0.004161,878.7,199.57,0.2271,95.423,95.6935,0.2705,4.577,4.3065
8453,0.003349,913.86,180.64,0.1977,96.3161,96.5338,0.2177,3.6839,3.4662
8454,0.002931,812.24,244.05,0.3005,96.7756,96.9661,0.1905,3.2244,3.0339
8455,0.003296,953.79,183.08,0.192,96.3742,96.5884,0.2143,3.6258,3.4116
8456,0.003582,860.49,289.01,0.3359,96.0593,96.2922,0.2329,3.9407,3.7078
8457,0.00342,979.22,202.14,0.2064,96.2381,96.4604,0.2223,3.7619,3.5396
8458,0.003776,989.85,242.0,0.2445,95.8462,96.0917,0.2455,4.1538,3.9083
8459,0.003961,705.18,208.4,0.2955,95.6424,95.8999,0.2575,4.3576,4.1001
8460,0.004143,821.67,169.2,0.2059,95.4432,95.7124,0.2693,4.5568,4.2876
8461,0.004098,966.74,153.45,0.1587,95.4917,95.7581,0.2664,4.5083,4.2419
8462,0.002923,713.21,259.04,0.3632,96.7842,96.9742,0.19,3.2158,3.0258
8463,0.003071,809.94,288.32,0.356,96.622,96.8216,0.1996,3.378,3.1784
8464,0.003475,880.3,249.81,0.2838,96.1777,96.4036,0.2259,3.8223,3.5964
8465,0.003426,979.95,263.05,0.2684,96.2313,96.454,0.2227,3.7687,3.546
8466,0.003662,752.87,152.5,0.2026,95.9723,96.2103,0.238,4.0277,3.7897
8467,0.003261,938.38,259.54,0.2766,96.4129,96.6249,0.212,3.5871,3.3751
8468,0.004,857.16,269.65,0.3146,95.6005,95.8604,0.26,4.3995,4.1396
8469,0.003871,928.15,234.02,0.2521,95.7414,95.9931,0.2516,4.2586,4.0069
8470,0.004131,873.64,196.21,0.2246,95.4559,95.7244,0.2685,4.5441,4.2756
8471,0.003625,936.19,188.94,0.2018,96.0128,96.2484,0.2356,3.9872,3.7516
8472,0.003932,928.57,293.55,0.3161,95.6743,95.9299,0.2556,4.3257,4.0701
8473,0.003127,829.77,234.12,0.2821,96.5606,96.7639,0.2032,3.4394,3.2361
8474,0.003624,980.12,293.6,0.2996,96.0137,96.2492,0.2356,3.9863,3.7508
8475,0.003372,753.12,158.44,0.2104,96.2904,96.5096,0.2192,3.7096,3.4904
8476,0.00359,927.76,168.91,0.1821,96.0508,96.2842,0.2334,3.9492,3.7158
8477,0.003822,847.76,271.17,0.3199,95.7956,96.044,0.2484,4.2044,3.956
8478,0.003158,853.58,227.56,0.2666,96.526,96.7313,0.2053,3.474,3.2687
8479,0.003941,859.76,265.53,0.3088,95.6654,95.9215,0.2561,4.3346,4.0785
8480,0.003969,792.79,253.31,0.3195,95.6345,95.8925,0.258,4.3655,4.1075
8481,0.003009,982.91,205.13,0.2087,96.6902,96.8857,0.1956,3.3098,3.1143
8482,0.003729,905.23,249.53,0.2757,95.8982,96.1405,0.2424,4.1018,3.8595
8483,0.004022,734.01,285.93,0.3896,95.5761,95.8375,0.2614,4.4239,4.1625
8484,0.003804,986.36,264.02,0.2677,95.816,96.0632,0.2472,4.184,3.9368
8485,0.002955,754.23,186.82,0.2477,96.7494,96.9415,0.1921,3.2506,3.0585
8486,0.003094,828.51,226.49,0.2734,96.5971,96.7982,0.2011,3.4029,3.2018
8487,0.00328,861.96,194.7,0.2259,96.392,96.6052,0.2132,3.608,3.3948
8488,0.004119,823.62,286.0,0.3472,95.4691,95.7369,0.2677,4.5309,4.2631
8489,0.003695,850.81,241.62,0.284,95.9357,96.1759,0.2402,4.0643,3.8241
8490,0.003359,790.14,232.75,0.2946,96.3052,96.5235,0.2183,3.6948,3.4765
8491,0.003471,771.39,192.11,0.249,96.1814,96.407,0.2256,3.8186,3.593
8492,0.003256,875.45,200.21,0.2287,96.4188,96.6304,0.2116,3.5812,3.3696
8493,0.002911,801.52,180.1,0.2247,96.7978,96.987,0.1892,3.2022,3.013
8494,0.004113,789.61,201.69,0.2554,95.4761,95.7434,0.2673,4.5239,4.2566
8495,0.003902,792.12,244.28,0.3084,95.7076,95.9612,0.2536,4.2924,4.0388
8496,0.004093,918.01,223.28,0.2432,95.4974,95.7635,0.2661,4.5026,4.2365
8497,0.003552,835.5,191.47,0.2292,96.0923,96.3232,0.2309,3.9077,3.6768
8498,0.004154,701.89,245.42,0.3497,95.4309,95.7009,0.27,4.5691,4.2991
8499,0.004159,811.16,283.1,0.349,95.4251,95.6954,0.2703,4.5749,4.3046
8500,0.0041,825.7,198.48,0.2404,95.49,95.7565,0.2665,4.51,4.2435
8501,0.002968,934.39,167.67,0.1794,96.7347,96.9277,0.1929,3.2653,3.0723
8502,0.003664,847.63,188.58,0.2225,95.9697,96.2078,0.2382,4.0303,3.7922
8503,0.003114,888.46,203.34,0.2289,96.575,96.7774,0.2024,3.425,3.2226
8504,0.003246,940.95,266.8,0.2835,96.4298,96.6408,0.211,3.5702,3.3592
8505,0.00341,981.48,241.71,0.2463,96.2488,96.4705,0.2217,3.7512,3.5295
8506,0.003417,883.61,185.64,0.2101,96.2415,96.4636,0.2221,3.7585,3.5364
8507,0.003812,990.6,157.47,0.159,95.8072,96.0549,0.2478,4.1928,3.9451
8508,0.004138,799.33,225.65,0.2823,95.4487,95.7176,0.2689,4.5513,4.2824
8509,0.003057,963.92,209.4,0.2172,96.6371,96.8358,0.1987,3.3629,3.1642
8510,0.003068,692.8,263.79,0.3808,96.6248,96.8243,0.1994,3.3752,3.1757
8511,0.003258,841.64,245.9,0.2922,96.416,96.6278,0.2118,3.584,3.3722
8512,0.003042,775.47,168.94,0.2179,96.6543,96.852,0.1977,3.3457,3.148
8513,0.003193,864.09,261.77,0.3029,96.4876,96.6952,0.2075,3.5124,3.3048
8514,0.003227,905.36,175.11,0.1934,96.4498,96.6596,0.2098,3.5502,3.3404
8515,0.003334,868.12,235.16,0.2709,96.3324,96.5491,0.2167,3.6676,3.4509
8516,0.003528,766.37,248.24,0.3239,96.1194,96.3487,0.2293,3.8806,3.6513
8517,0.002869,708.16,245.07,0.3461,96.8441,97.0305,0.1865,3.1559,2.9695
8518,0.003509,691.42,151.22,0.2187,96.1405,96.3686,0.2281,3.8595,3.6314
8519,0.003086,989.4,233.03,0.2355,96.6059,96.8064,0.2006,3.3941,3.1936
8520,0.002901,970.47,280.57,0.2891,96.8091,96.9977,0.1886,3.1909,3.0023
8521,0.003414,762.28,269.18,0.3531,96.2445,96.4664,0.2219,3.7555,3.5336
8522,0.003538,816.08,262.03,0.3211,96.1084,96.3384,0.23,3.8916,3.6616
8523,0.002946,797.61,189.18,0.2372,96.7593,96.9508,0.1915,3.2407,3.0492
8524,0.003384,685.36,186.76,0.2725,96.2781,96.498,0.2199,3.7219,3.502
8525,0.003016,813.6,242.26,0.2978,96.6825,96.8785,0.196,3.3175,3.1215
8526,0.003412,970.97,289.71,0.2984,96.2464,96.4682,0.2218,3.7536,3.5318
8527,0.003955,816.99,255.08,0.3122,95.65,95.907,0.257,4.35,4.093
8528,0.003494,696.35,199.91,0.2871,96.1565,96.3836,0.2271,3.8435,3.6164
8529,0.003089,994.56,277.88,0.2794,96.6024,96.8032,0.2008,3.3976,3.1968
8530,0.003218,874.95,166.06,0.1898,96.4597,96.6689,0.2092,3.5403,3.3311
8531,0.003767,921.6,273.15,0.2964,95.8561,96.1009,0.2449,4.1439,3.8991
8532,0.003289,831.11,243.98,0.2936,96.3825,96.5963,0.2138,3.6175,3.4037
8533,0.003756,953.03,204.66,0.2148,95.8685,96.1126,0.2441,4.1315,3.8874
8534,0.00286,1013.58,281.92,0.2781,96.8544,97.0403,0.1859,3.1456,2.9597
8535,0.004129,1009.75,258.4,0.2559,95.4582,95.7265,0.2684,4.5418,4.2735
8536,0.00399,900.66,248.45,0.2759,95.6113,95.8707,0.2593,4.3887,4.1293
8537,0.00358,972.7,251.04,0.2581,96.0621,96.2948,0.2327,3.9379,3.7052
8538,0.003436,977.42,232.35,0.2377,96.2209,96.4442,0.2233,3.7791,3.5558
8539,0.002925,733.96,177.36,0.2416,96.7824,96.9725,0.1901,3.2176,3.0275
8540,0.003164,1000.41,205.62,0.2055,96.5199,96.7255,0.2056,3.4801,3.2745
8541,0.003469,854.08,193.29,0.2263,96.1844,96.4098,0.2255,3.8156,3.5902
8542,0.003354,831.58,241.43,0.2903,96.311,96.529,0.218,3.689,3.471
8543,0.003965,962.6,274.52,0.2852,95.6384,95.8961,0.2577,4.3616,4.1039
8544,0.002915,945.63,234.39,0.2479,96.7934,96.9829,0.1895,3.2066,3.0171
8545,0.003597,714.02,225.73,0.3161,96.0429,96.2768,0.2338,3.9571,3.7232
8546,0.003439,807.38,160.28,0.1985,96.2176,96.4411,0.2235,3.7824,3.5589
8547,0.003602,913.92,194.84,0.2132,96.0382,96.2723,0.2341,3.9618,3.7277
8548,0.003911,885.37,174.78,0.1974,95.6981,95.9523,0.2542,4.3019,4.0477
8549,0.003088,714.11,287.65,0.4028,96.6027,96.8035,0.2007,3.3973,3.1965
8550,0.003668,740.47,263.9,0.3564,95.9653,96.2037,0.2384,4.0347,3.7963
8551,0.003864,855.9,246.61,0.2881,95.7497,96.0008,0.2512,4.2503,3.9992
8552,0.003728,841.8,216.0,0.2566,95.899,96.1414,0.2423,4.101,3.8586
8553,0.003408,808.94,197.89,0.2446,96.2511,96.4726,0.2215,3.7489,3.5274
8554,0.004057,843.68,204.25,0.2421,95.5372,95.801,0.2637,4.4628,4.199
8555,0.003224,888.34,247.3,0.2784,96.4534,96.663,0.2096,3.5466,3.337
8556,0.003792,897.14,195.89,0.2183,95.8291,96.0756,0.2465,4.1709,3.9244
8557,0.004178,826.85,220.61,0.2668,95.4047,95.6762,0.2715,4.5953,4.3238
8558,0.00349,794.34,211.58,0.2664,96.1614,96.3882,0.2268,3.8386,3.6118
8559,0.003589,1003.25,258.89,0.258,96.0519,96.2852,0.2333,3.9481,3.7148
8560,0.003962,770.31,241.87,0.314,95.6417,95.8992,0.2575,4.3583,4.1008
8561,0.004057,845.54,291.99,0.3453,95.5377,95.8014,0.2637,4.4623,4.1986
8562,0.003772,781.48,166.88,0.2135,95.8513,96.0965,0.2451,4.1487,3.9035
8563,0.003095,881.87,219.99,0.2495,96.5958,96.797,0.2012,3.4042,3.203
8564,0.004192,905.76,166.47,0.1838,95.3891,95.6615,0.2725,4.6109,4.3385
8565,0.00413,898.77,219.35,0.2441,95.4574,95.7258,0.2684,4.5426,4.2742
8566,0.004002,940.61,242.18,0.2575,95.5974,95.8576,0.2602,4.4026,4.1424
8567,0.003168,905.49,272.8,0.3013,96.5152,96.7212,0.2059,3.4848,3.2788
8568,0.003723,916.04,222.56,0.243,95.9047,96.1467,0.242,4.0953,3.8533
8569,0.003042,1000.48,220.24,0.2201,96.6537,96.8514,0.1977,3.3463,3.1486
8570,0.003501,816.44,165.58,0.2028,96.1493,96.3768,0.2275,3.8507,3.6232
8571,0.00328,900.37,259.68,0.2884,96.3924,96.6056,0.2132,3.6076,3.3944
8572,0.003483,712.38,230.1,0.323,96.1688,96.3952,0.2264,3.8312,3.6048
8573,0.004026,807.19,182.1,0.2256,95.5717,95.8333,0.2617,4.4283,4.1667
8574,0.003731,731.56,279.11,0.3815,95.8956,96.1381,0.2425,4.1044,3.8619
8575,0.003551,1008.69,202.43,0.2007,96.0939,96.3247,0.2308,3.9061,3.6753
8576,0.002825,943.58,262.48,0.2782,96.8928,97.0764,0.1836,3.1072,2.9236
8577,0.0039,964.47,222.9,0.2311,95.7099,95.9634,0.2535,4.2901,4.0366
8578,0.003637,963.17,204.32,0.2121,95.9994,96.2358,0.2364,4.0006,3.7642
8579,0.003502,902.23,210.37,0.2332,96.1476,96.3752,0.2276,3.8524,3.6248
8580,0.003018,985.29,229.64,0.2331,96.6807,96.8768,0.1961,3.3193,3.1232
8581,0.004073,893.54,167.63,0.1876,95.52,95.7847,0.2647,4.48,4.2153
8582,0.003071,737.0,182.01,0.247,96.6221,96.8217,0.1996,3.3779,3.1783
8583,0.00383,947.61,245.71,0.2593,95.7865,96.0354,0.249,4.2135,3.9646
8584,0.003422,782.2,219.75,0.2809,96.2362,96.4586,0.2224,3.7638,3.5414
8585,0.003152,954.33,299.56,0.3139,96.5325,96.7374,0.2049,3.4675,3.2626
8586,0.003422,923.55,188.17,0.2037,96.2353,96.4578,0.2225,3.7647,3.5422
8587,0.004171,907.61,223.37,0.2461,95.4122,95.6833,0.2711,4.5878,4.3167
8588,0.003933,958.98,186.83,0.1948,95.6736,95.9292,0.2557,4.3264,4.0708
8589,0.003207,869.03,257.05,0.2958,96.4721,96.6806,0.2085,3.5279,3.3194
8590,0.003601,1018.2,227.73,0.2237,96.0393,96.2733,0.234,3.9607,3.7267
8591,0.003103,999.2,205.93,0.2061,96.5862,96.7879,0.2017,3.4138,3.2121
8592,0.003873,692.61,219.22,0.3165,95.7395,95.9912,0.2518,4.2605,4.0088
8593,0.003067,960.38,165.12,0.1719,96.6259,96.8253,0.1994,3.3741,3.1747
8594,0.002909,798.3,251.67,0.3153,96.8001,96.9892,0.1891,3.1999,3.0108
8595,0.003723,693.37,165.73,0.239,95.9051,96.147,0.242,4.0949,3.853
8596,0.00385,999.64,219.0,0.2191,95.7655,96.0157,0.2502,4.2345,3.9843
8597,0.003907,771.7,155.02,0.2009,95.7025,95.9565,0.2539,4.2975,4.0435
8598,0.00356,918.25,176.71,0.1924,96.0838,96.3152,0.2314,3.9162,3.6848
8599,0.003541,786.7,164.68,0.2093,96.1053,96.3355,0.2301,3.8947,3.6645
8600,0.004065,733.07,262.39,0.3579,95.528,95.7923,0.2643,4.472,4.2077
8601,0.003311,955.54,185.45,0.1941,96.3576,96.5729,0.2152,3.6424,3.4271
8602,0.00357,949.1,237.81,0.2506,96.0735,96.3055,0.232,3.9265,3.6945
8603,0.003423,910.13,202.94,0.223,96.2344,96.4569,0.2225,3.7656,3.5431
8604,0.003077,825.67,299.98,0.3633,96.6152,96.8152,0.2,3.3848,3.1848
8605,0.003315,909.09,203.41,0.2237,96.3533,96.5687,0.2155,3.6467,3.4313
8606,0.003538,818.56,223.36,0.2729,96.1081,96.3381,0.23,3.8919,3.6619
8607,0.003436,725.17,230.75,0.3182,96.2201,96.4435,0.2234,3.7799,3.5565
8608,0.003178,709.03,182.04,0.2568,96.5041,96.7106,0.2066,3.4959,3.2894
8609,0.003921,958.89,262.99,0.2743,95.6867,95.9416,0.2549,4.3133,4.0584
8610,0.003657,705.3,178.43,0.253,95.9774,96.2151,0.2377,4.0226,3.7849
8611,0.003645,989.66,196.48,0.1985,95.9905,96.2274,0.2369,4.0095,3.7726
8612,0.003489,785.32,242.17,0.3084,96.1616,96.3884,0.2268,3.8384,3.6116
8613,0.003405,969.36,288.43,0.2975,96.2544,96.4757,0.2213,3.7456,3.5243
8614,0.003239,922.17,259.08,0.2809,96.437,96.6475,0.2105,3.563,3.3525
8615,0.00338,941.33,282.67,0.3003,96.2824,96.502,0.2197,3.7176,3.498
8616,0.004131,771.13,294.49,0.3819,95.4559,95.7244,0.2685,4.5441,4.2756
8617,0.003074,941.0,296.01,0.3146,96.6181,96.818,0.1998,3.3819,3.182
8618,0.003735,905.83,287.13,0.317,95.892,96.1347,0.2427,4.108,3.8653
8619,0.003743,757.63,204.63,0.2701,95.8827,96.126,0.2433,4.1173,3.874
8620,0.00368,966.78,234.11,0.2422,95.9515,96.1907,0.2392,4.0485,3.8093
8621,0.003015,960.28,227.05,0.2364,96.6838,96.8798,0.196,3.3162,3.1202
8622,0.004164,796.52,292.29,0.367,95.4196,95.6902,0.2707,4.5804,4.3098
8623,0.003737,760.68,259.42,0.341,95.8891,96.1321,0.2429,4.1109,3.8679
8624,0.003934,1001.63,256.13,0.2557,95.6729,95.9286,0.2557,4.3271,4.0714
8625,0.00392,728.11,225.99,0.3104,95.6881,95.9429,0.2548,4.3119,4.0571
8626,0.003869,812.72,290.85,0.3579,95.7441,95.9956,0.2515,4.2559,4.0044
8627,0.002945,955.48,250.83,0.2625,96.7603,96.9518,0.1914,3.2397,3.0482
8628,0.00414,950.9,174.94,0.184,95.4464,95.7154,0.2691,4.5536,4.2846
8629,0.003169,903.61,198.34,0.2195,96.5137,96.7197,0.206,3.4863,3.2803
8630,0.003023,808.39,288.49,0.3569,96.675,96.8715,0.1965,3.325,3.1285
8631,0.00362,948.5,231.98,0.2446,96.0182,96.2535,0.2353,3.9818,3.7465
8632,0.003928,729.89,199.97,0.274,95.6787,95.9341,0.2553,4.3213,4.0659
8633,0.003666,784.09,296.51,0.3782,95.9672,96.2055,0.2383,4.0328,3.7945
8634,0.003862,833.51,189.62,0.2275,95.7515,96.0025,0.251,4.2485,3.9975
8635,0.003681,808.36,205.85,0.2546,95.9512,96.1904,0.2392,4.0488,3.8096
8636,0.003101,807.43,272.85,0.3379,96.5893,96.7908,0.2015,3.4107,3.2092
8637,0.003192,994.34,166.41,0.1674,96.4885,96.696,0.2075,3.5115,3.304
8638,0.002937,942.64,229.85,0.2438,96.7698,96.9606,0.1909,3.2302,3.0394
8639,0.00399,987.73,201.39,0.2039,95.611,95.8703,0.2594,4.389,4.1297
8640,0.003099,993.26,178.14,0.1793,96.5907,96.7922,0.2015,3.4093,3.2078
8641,0.004153,913.63,171.66,0.1879,95.4318,95.7017,0.2699,4.5682,4.2983
8642,0.003089,960.68,246.52,0.2566,96.6026,96.8034,0.2008,3.3974,3.1966
8643,0.00294,881.66,216.68,0.2458,96.7656,96.9567,0.1911,3.2344,3.0433
8644,0.004132,825.81,195.14,0.2363,95.4551,95.7237,0.2686,4.5449,4.2763
8645,0.00294,944.72,191.92,0.2031,96.7664,96.9575,0.1911,3.2336,3.0425
8646,0.003495,707.29,207.3,0.2931,96.1552,96.3823,0.2272,3.8448,3.6177
8647,0.002988,689.49,161.18,0.2338,96.7127,96.907,0.1942,3.2873,3.093
8648,0.003727,762.9,186.44,0.2444,95.9007,96.1429,0.2422,4.0993,3.8571
8649,0.003174,700.29,164.62,0.2351,96.5089,96.7152,0.2063,3.4911,3.2848
8650,0.003058,737.45,181.06,0.2455,96.6357,96.8345,0.1988,3.3643,3.1655
8651,0.003345,746.5,226.22,0.303,96.3207,96.5381,0.2174,3.6793,3.4619
8652,0.00403,814.26,193.66,0.2378,95.5672,95.8291,0.2619,4.4328,4.1709
8653,0.004071,695.71,235.95,0.3392,95.5218,95.7864,0.2646,4.4782,4.2136
8654,0.004188,904.88,222.48,0.2459,95.3933,95.6655,0.2722,4.6067,4.3345
8655,0.002952,864.78,266.32,0.308,96.7531,96.9449,0.1919,3.2469,3.0551
8656,0.003328,931.76,205.98,0.2211,96.3391,96.5554,0.2163,3.6609,3.4446
8657,0.003476,902.43,253.36,0.2807,96.1759,96.4019,0.226,3.8241,3.5981
8658,0.002892,821.45,293.77,0.3576,96.8189,97.0068,0.188,3.1811,2.9932
8659,0.003499,694.21,231.84,0.334,96.1516,96.379,0.2274,3.8484,3.621
8660,0.003984,814.22,157.4,0.1933,95.6178,95.8768,0.2589,4.3822,4.1232
8661,0.00322,850.34,272.09,0.32,96.4583,96.6676,0.2093,3.5417,3.3324
8662,0.003111,756.9,274.07,0.3621,96.5775,96.7798,0.2022,3.4225,3.2202
8663,0.003027,967.28,248.15,0.2565,96.6708,96.8675,0.1967,3.3292,3.1325
8664,0.003914,767.28,214.41,0.2794,95.6944,95.9488,0.2544,4.3056,4.0512
8665,0.003218,880.2,162.5,0.1846,96.4603,96.6695,0.2092,3.5397,3.3305
8666,0.002852,924.09,252.7,0.2735,96.863,97.0484,0.1854,3.137,2.9516
8667,0.003123,911.79,208.04,0.2282,96.5647,96.7677,0.203,3.4353,3.2323
8668,0.004076,950.67,235.37,0.2476,95.5159,95.7809,0.265,4.4841,4.2191
8669,0.004151,924.57,262.6,0.284,95.4335,95.7033,0.2698,4.5665,4.2967
8670,0.003703,758.02,169.6,0.2237,95.9264,96.1671,0.2407,4.0736,3.8329
8671,0.00394,1019.34,255.78,0.2509,95.6659,95.922,0.2561,4.3341,4.078
8672,0.003635,912.11,168.51,0.1847,96.0019,96.2381,0.2363,3.9981,3.7619
8673,0.002897,973.55,233.8,0.2402,96.8135,97.0018,0.1883,3.1865,2.9982
8674,0.00294,815.02,231.72,0.2843,96.7662,96.9573,0.1911,3.2338,3.0427
8675,0.003611,837.95,151.62,0.1809,96.0275,96.2622,0.2347,3.9725,3.7378
8676,0.003188,720.07,199.82,0.2775,96.493,96.7002,0.2072,3.507,3.2998
8677,0.003145,883.44,245.64,0.2781,96.5402,96.7447,0.2044,3.4598,3.2553
8678,0.003357,727.11,281.19,0.3867,96.3071,96.5253,0.2182,3.6929,3.4747
8679,0.004134,816.52,150.52,0.1843,95.453,95.7217,0.2687,4.547,4.2783
8680,0.003044,823.97,260.25,0.3158,96.6517,96.8495,0.1979,3.3483,3.1505
8681,0.003859,867.14,226.51,0.2612,95.7546,96.0055,0.2509,4.2454,3.9945
8682,0.003314,773.96,151.57,0.1958,96.3551,96.5705,0.2154,3.6449,3.4295
8683,0.004011,995.54,184.79,0.1856,95.5881,95.8488,0.2607,4.4119,4.1512
8684,0.003882,805.14,184.62,0.2293,95.73,95.9824,0.2523,4.27,4.0176
8685,0.003505,781.33,252.37,0.323,96.1446,96.3724,0.2278,3.8554,3.6276
8686,0.00367,708.11,211.24,0.2983,95.9628,96.2014,0.2386,4.0372,3.7986
8687,0.003428,981.03,198.94,0.2028,96.2291,96.4519,0.2228,3.7709,3.5481
8688,0.002918,785.91,287.74,0.3661,96.7899,96.9796,0.1897,3.2101,3.0204
8689,0.003328,754.01,253.54,0.3363,96.3388,96.5552,0.2163,3.6612,3.4448
8690,0.003283,688.84,174.44,0.2532,96.3885,96.6019,0.2134,3.6115,3.3981
8691,0.002914,696.01,271.17,0.3896,96.7945,96.9839,0.1894,3.2055,3.0161
8692,0.002924,989.7,186.68,0.1886,96.7838,96.9739,0.19,3.2162,3.0261
8693,0.002921,792.34,226.98,0.2865,96.7864,96.9763,0.1899,3.2136,3.0237
8694,0.003689,920.22,234.94,0.2553,95.9424,96.1822,0.2398,4.0576,3.8178
8695,0.002817,754.99,271.2,0.3592,96.9016,97.0847,0.1831,3.0984,2.9153
8696,0.004007,834.29,223.92,0.2684,95.592,95.8525,0.2605,4.408,4.1475
8697,0.00349,971.39,254.89,0.2624,96.1609,96.3877,0.2269,3.8391,3.6123
8698,0.003069,797.44,225.05,0.2822,96.6239,96.8234,0.1995,3.3761,3.1766
8699,0.004071,983.71,195.52,0.1988,95.5224,95.787,0.2646,4.4776,4.213
8700,0.002981,989.43,254.8,0.2575,96.7205,96.9143,0.1938,3.2795,3.0857
8701,0.002807,711.7,208.82,0.2934,96.9126,97.095,0.1824,3.0874,2.905
8702,0.003557,758.83,245.19,0.3231,96.0871,96.3183,0.2312,3.9129,3.6817
8703,0.003577,789.06,185.86,0.2355,96.0649,96.2974,0.2325,3.9351,3.7026
8704,0.003339,768.01,263.41,0.343,96.3268,96.5439,0.2171,3.6732,3.4561
8705,0.003435,963.13,218.63,0.227,96.2215,96.4448,0.2233,3.7785,3.5552
8706,0.004012,828.1,159.1,0.1921,95.5869,95.8476,0.2608,4.4131,4.1524
8707,0.003343,756.31,198.69,0.2627,96.3228,96.5401,0.2173,3.6772,3.4599
8708,0.004136,966.55,289.68,0.2997,95.4506,95.7194,0.2688,4.5494,4.2806
8709,0.003919,834.72,245.25,0.2938,95.6895,95.9442,0.2547,4.3105,4.0558
8710,0.003979,966.54,245.86,0.2544,95.6233,95.8819,0.2586,4.3767,4.1181
8711,0.003461,760.35,184.15,0.2422,96.1925,96.4175,0.225,3.8075,3.5825
8712,0.003048,877.25,213.03,0.2428,96.6473,96.8455,0.1981,3.3527,3.1545
8713,0.00396,926.6,200.0,0.2158,95.6438,95.9012,0.2574,4.3562,4.0988
8714,0.003857,849.96,297.0,0.3494,95.7574,96.0081,0.2507,4.2426,3.9919
8715,0.004192,795.7,266.92,0.3355,95.3884,95.6609,0.2725,4.6116,4.3391
8716,0.003223,775.51,230.0,0.2966,96.4546,96.6641,0.2095,3.5454,3.3359
8717,0.00286,783.18,280.99,0.3588,96.8535,97.0394,0.1859,3.1465,2.9606
8718,0.003414,952.68,276.55,0.2903,96.2443,96.4662,0.2219,3.7557,3.5338
8719,0.003558,1016.88,208.05,0.2046,96.0862,96.3175,0.2313,3.9138,3.6825
8720,0.003999,967.34,174.33,0.1802,95.6011,95.861,0.2599,4.3989,4.139
8721,0.002872,882.08,277.31,0.3144,96.8407,97.0274,0.1867,3.1593,2.9726
8722,0.004047,802.36,236.96,0.2953,95.5479,95.8109,0.2631,4.4521,4.1891
8723,0.004046,952.93,212.03,0.2225,95.5498,95.8127,0.263,4.4502,4.1873
8724,0.002964,716.55,222.62,0.3107,96.7393,96.9319,0.1927,3.2607,3.0681
8725,0.004191,840.7,196.0,0.2331,95.3904,95.6628,0.2724,4.6096,4.3372
8726,0.003429,778.58,261.48,0.3358,96.2277,96.4506,0.2229,3.7723,3.5494
8727,0.003386,836.85,226.76,0.271,96.2758,96.4958,0.2201,3.7242,3.5042
8728,0.003906,731.58,208.11,0.2845,95.703,95.9569,0.2539,4.297,4.0431
8729,0.003607,780.65,200.68,0.2571,96.032,96.2665,0.2345,3.968,3.7335
8730,0.004121,911.3,263.73,0.2894,95.4674,95.7352,0.2678,4.5326,4.2648
8731,0.003612,887.01,188.67,0.2127,96.0268,96.2616,0.2348,3.9732,3.7384
8732,0.003759,859.66,202.33,0.2354,95.8647,96.109,0.2444,4.1353,3.891
8733,0.003384,966.57,206.84,0.214,96.278,96.498,0.2199,3.722,3.502
8734,0.003626,883.14,288.33,0.3265,96.0112,96.2469,0.2357,3.9888,3.7531
8735,0.004135,924.06,211.16,0.2285,95.4511,95.7199,0.2688,4.5489,4.2801
8736,0.003106,724.95,211.47,0.2917,96.5835,96.7854,0.2019,3.4165,3.2146
8737,0.003567,691.48,265.13,0.3834,96.0763,96.3081,0.2319,3.9237,3.6919
8738,0.00342,829.84,218.43,0.2632,96.238,96.4603,0.2223,3.762,3.5397
8739,0.003635,839.25,263.53,0.314,96.0019,96.2382,0.2362,3.9981,3.7618
8740,0.003087,872.1,273.81,0.314,96.6041,96.8048,0.2007,3.3959,3.1952
8741,0.003002,755.76,220.27,0.2914,96.6978,96.8929,0.1951,3.3022,3.1071
8742,0.003057,933.45,263.82,0.2826,96.637,96.8358,0.1987,3.363,3.1642
8743,0.003422,907.83,162.81,0.1793,96.2362,96.4586,0.2224,3.7638,3.5414
8744,0.004125,938.16,298.25,0.3179,95.4626,95.7307,0.2681,4.5374,4.2693
8745,0.002972,868.33,212.92,0.2452,96.7303,96.9235,0.1932,3.2697,3.0765
8746,0.003062,949.61,211.03,0.2222,96.6314,96.8304,0.1991,3.3686,3.1696
8747,0.004154,902.07,175.19,0.1942,95.4311,95.7011,0.27,4.5689,4.2989
8748,0.003082,758.82,252.66,0.333,96.6094,96.8097,0.2004,3.3906,3.1903
8749,0.003887,697.64,171.46,0.2458,95.7245,95.9771,0.2526,4.2755,4.0229
8750,0.003663,995.89,187.83,0.1886,95.9702,96.2083,0.2381,4.0298,3.7917
8751,0.003331,947.75,272.16,0.2872,96.3362,96.5527,0.2165,3.6638,3.4473
8752,0.004045,963.74,292.79,0.3038,95.55,95.813,0.263,4.45,4.187
8753,0.003329,1014.87,188.79,0.186,96.3381,96.5545,0.2164,3.6619,3.4455
8754,0.003117,991.82,209.82,0.2116,96.5711,96.7737,0.2026,3.4289,3.2263
8755,0.003281,724.38,201.15,0.2777,96.3906,96.6038,0.2133,3.6094,3.3962
8756,0.003553,813.21,266.78,0.3281,96.092,96.3229,0.2309,3.908,3.6771
8757,0.003638,710.72,225.88,0.3178,95.9979,96.2344,0.2365,4.0021,3.7656
8758,0.003139,923.24,157.28,0.1704,96.5466,96.7507,0.2041,3.4534,3.2493
8759,0.0039,972.91,189.74,0.195,95.7104,95.9639,0.2535,4.2896,4.0361
8760,0.003543,961.53,200.45,0.2085,96.1022,96.3325,0.2303,3.8978,3.6675
8761,0.003544,945.16,201.1,0.2128,96.1012,96.3316,0.2304,3.8988,3.6684
8762,0.002949,1007.03,244.76,0.2431,96.7558,96.9475,0.1917,3.2442,3.0525
8763,0.003871,856.9,151.47,0.1768,95.7424,95.994,0.2516,4.2576,4.006
8764,0.003033,799.02,196.65,0.2461,96.6633,96.8604,0.1972,3.3367,3.1396
8765,0.003,952.73,198.6,0.2084,96.6995,96.8945,0.195,3.3005,3.1055
8766,0.004164,819.47,299.0,0.3649,95.4194,95.6901,0.2707,4.5806,4.3099
8767,0.004159,804.16,270.11,0.3359,95.4252,95.6956,0.2703,4.5748,4.3044
8768,0.003472,972.28,292.68,0.301,96.1813,96.407,0.2257,3.8187,3.593
8769,0.003571,896.76,216.99,0.242,96.072,96.3041,0.2321,3.928,3.6959
8770,0.003356,910.77,156.31,0.1716,96.3088,96.5269,0.2181,3.6912,3.4731
8771,0.003811,1003.32,175.32,0.1747,95.808,96.0557,0.2477,4.192,3.9443
8772,0.003149,705.55,222.08,0.3148,96.5364,96.741,0.2047,3.4636,3.259
8773,0.004063,711.63,295.33,0.415,95.531,95.7951,0.2641,4.469,4.2049
8774,0.004065,870.46,294.67,0.3385,95.5285,95.7927,0.2642,4.4715,4.2073
8775,0.004092,1003.48,266.35,0.2654,95.4993,95.7653,0.2659,4.5007,4.2347
8776,0.003727,863.58,220.8,0.2557,95.9008,96.143,0.2422,4.0992,3.857
8777,0.003534,844.57,287.95,0.3409,96.1123,96.342,0.2297,3.8877,3.658
8778,0.003527,749.01,269.64,0.36,96.1201,96.3494,0.2293,3.8799,3.6506
8779,0.002907,952.49,270.83,0.2843,96.8025,96.9915,0.1889,3.1975,3.0085
8780,0.003594,951.05,176.05,0.1851,96.0462,96.2799,0.2336,3.9538,3.7201
8781,0.003944,841.12,249.98,0.2972,95.6612,95.9175,0.2564,4.3388,4.0825
8782,0.003349,782.14,214.07,0.2737,96.3159,96.5336,0.2177,3.6841,3.4664
8783,0.003128,938.48,231.29,0.2464,96.5589,96.7623,0.2033,3.4411,3.2377
8784,0.003509,840.14,152.91,0.182,96.1399,96.368,0.2281,3.8601,3.632
8785,0.00291,694.05,229.06,0.33,96.799,96.9881,0.1892,3.201,3.0119
8786,0.003237,912.82,172.51,0.189,96.4392,96.6496,0.2104,3.5608,3.3504
8787,0.00283,911.58,259.59,0.2848,96.8873,97.0713,0.1839,3.1127,2.9287
8788,0.003719,681.23,258.47,0.3794,95.9096,96.1513,0.2417,4.0904,3.8487
8789,0.003485,781.17,292.07,0.3739,96.1668,96.3933,0.2265,3.8332,3.6067
8790,0.002894,773.65,224.74,0.2905,96.8171,97.0052,0.1881,3.1829,2.9948
8791,0.002992,974.06,160.22,0.1645,96.7083,96.9028,0.1945,3.2917,3.0972
8792,0.004016,771.48,212.26,0.2751,95.5826,95.8436,0.261,4.4174,4.1564
8793,0.004024,788.64,260.96,0.3309,95.5734,95.8349,0.2616,4.4266,4.1651
8794,0.003892,800.87,210.86,0.2633,95.7189,95.9719,0.253,4.2811,4.0281
8795,0.003753,832.09,191.37,0.23,95.872,96.1159,0.2439,4.128,3.8841
8796,0.003955,758.14,258.2,0.3406,95.6491,95.9062,0.2571,4.3509,4.0938
8797,0.002878,861.75,265.05,0.3076,96.8347,97.0217,0.187,3.1653,2.9783
8798,0.003209,864.57,290.83,0.3364,96.4698,96.6784,0.2086,3.5302,3.3216
8799,0.003064,684.55,295.14,0.4311,96.6295,96.8287,0.1992,3.3705,3.1713
8800,0.003511,847.76,285.31,0.3365,96.1382,96.3664,0.2282,3.8618,3.6336
8801,0.003764,753.5,230.24,0.3056,95.8593,96.1039,0.2447,4.1407,3.8961
8802,0.003702,824.92,269.34,0.3265,95.9278,96.1685,0.2406,4.0722,3.8315
8803,0.00401,794.09,296.67,0.3736,95.5888,95.8494,0.2607,4.4112,4.1506
8804,0.003015,725.76,222.81,0.307,96.6836,96.8795,0.196,3.3164,3.1205
8805,0.003175,905.64,201.34,0.2223,96.5074,96.7138,0.2064,3.4926,3.2862
8806,0.003785,891.13,219.05,0.2458,95.8363,96.0823,0.246,4.1637,3.9177
8807,0.002934,695.06,166.03,0.2389,96.7727,96.9634,0.1907,3.2273,3.0366
8808,0.003405,887.16,277.05,0.3123,96.2543,96.4756,0.2213,3.7457,3.5244
8809,0.003477,724.96,242.61,0.3347,96.1756,96.4016,0.226,3.8244,3.5984
8810,0.003291,874.3,156.93,0.1795,96.3804,96.5943,0.2139,3.6196,3.4057
8811,0.003988,732.61,258.57,0.3529,95.6135,95.8727,0.2592,4.3865,4.1273
8812,0.003294,761.01,255.75,0.3361,96.3766,96.5907,0.2141,3.6234,3.4093
8813,0.004157,832.99,150.56,0.1808,95.4269,95.6971,0.2702,4.5731,4.3029
8814,0.003176,900.13,179.66,0.1996,96.5063,96.7127,0.2064,3.4937,3.2873
8815,0.003467,795.76,174.23,0.2189,96.186,96.4114,0.2254,3.814,3.5886
8816,0.004073,796.85,294.7,0.3698,95.5194,95.7841,0.2648,4.4806,4.2159
8817,0.003684,806.46,198.41,0.246,95.9473,96.1868,0.2395,4.0527,3.8132
8818,0.002975,825.98,181.65,0.2199,96.7277,96.921,0.1934,3.2723,3.079
8819,0.003646,830.83,192.36,0.2315,95.9893,96.2263,0.237,4.0107,3.7737
8820,0.003031,686.6,268.13,0.3905,96.6661,96.8631,0.197,3.3339,3.1369
8821,0.003268,998.35,195.41,0.1957,96.4053,96.6177,0.2124,3.5947,3.3823
8822,0.004003,1018.27,294.48,0.2892,95.5968,95.857,0.2602,4.4032,4.143
8823,0.004081,781.67,271.61,0.3475,95.5113,95.7765,0.2652,4.4887,4.2235
8824,0.003957,878.16,173.77,0.1979,95.6468,95.9041,0.2572,4.3532,4.0959
8825,0.002982,884.44,227.57,0.2573,96.7194,96.9132,0.1939,3.2806,3.0868
8826,0.003564,915.65,176.67,0.1929,96.0801,96.3117,0.2316,3.9199,3.6883
8827,0.003714,1003.84,295.18,0.294,95.9142,96.1556,0.2414,4.0858,3.8444
8828,0.004081,927.39,185.35,0.1999,95.511,95.7763,0.2653,4.489,4.2237
8829,0.004094,827.64,268.41,0.3243,95.497,95.7631,0.2661,4.503,4.2369
8830,0.003472,979.84,188.68,0.1926,96.1808,96.4065,0.2257,3.8192,3.5935
8831,0.003068,783.94,244.45,0.3118,96.6254,96.8249,0.1994,3.3746,3.1751
8832,0.00328,783.46,284.51,0.3631,96.3924,96.6056,0.2132,3.6076,3.3944
8833,0.003526,736.03,296.17,0.4024,96.1209,96.3501,0.2292,3.8791,3.6499
8834,0.003327,842.03,200.63,0.2383,96.3404,96.5566,0.2163,3.6596,3.4434
8835,0.003369,921.74,196.11,0.2128,96.2946,96.5136,0.219,3.7054,3.4864
8836,0.004052,974.63,247.14,0.2536,95.5427,95.8061,0.2634,4.4573,4.1939
8837,0.003969,888.55,235.7,0.2653,95.6342,95.8922,0.258,4.3658,4.1078
8838,0.003868,756.97,289.21,0.3821,95.7451,95.9966,0.2514,4.2549,4.0034
8839,0.003706,897.84,168.8,0.188,95.9232,96.1641,0.2409,4.0768,3.8359
8840,0.003459,973.81,294.15,0.3021,96.1948,96.4197,0.2249,3.8052,3.5803
8841,0.003677,925.14,235.14,0.2542,95.9552,96.1942,0.239,4.0448,3.8058
8842,0.002813,702.38,254.85,0.3628,96.9054,97.0883,0.1829,3.0946,2.9117
8843,0.003476,842.48,169.12,0.2007,96.1763,96.4022,0.2259,3.8237,3.5978
8844,0.004031,817.88,254.18,0.3108,95.5664,95.8284,0.262,4.4336,4.1716
8845,0.004157,963.32,168.88,0.1753,95.4277,95.6979,0.2702,4.5723,4.3021
8846,0.003166,732.29,154.96,0.2116,96.517,96.7228,0.2058,3.483,3.2772
8847,0.003378,883.86,157.96,0.1787,96.2846,96.5042,0.2195,3.7154,3.4958
8848,0.003865,924.06,190.26,0.2059,95.7489,96.0001,0.2512,4.2511,3.9999
8849,0.003962,1011.34,286.86,0.2836,95.6415,95.8991,0.2575,4.3585,4.1009
8850,0.00375,730.42,186.26,0.255,95.8747,96.1185,0.2438,4.1253,3.8815
8851,0.004122,718.64,219.02,0.3048,95.4659,95.7338,0.2679,4.5341,4.2662
8852,0.003947,814.64,286.72,0.352,95.6578,95.9144,0.2566,4.3422,4.0856
8853,0.003162,1006.4,199.24,0.198,96.5217,96.7273,0.2055,3.4783,3.2727
8854,0.0036,947.91,281.82,0.2973,96.0398,96.2738,0.234,3.9602,3.7262
8855,0.003688,857.38,168.88,0.197,95.9434,96.1831,0.2397,4.0566,3.8169
8856,0.003655,755.74,296.83,0.3928,95.98,96.2176,0.2375,4.02,3.7824
8857,0.003655,1014.92,190.93,0.1881,95.9793,96.2169,0.2376,4.0207,3.7831
8858,0.003922,735.62,236.28,0.3212,95.6863,95.9412,0.2549,4.3137,4.0588
8859,0.003692,963.58,294.42,0.3056,95.9384,96.1784,0.24,4.0616,3.8216
8860,0.003706,789.83,212.59,0.2692,95.923,96.1639,0.2409,4.077,3.8361
8861,0.003382,915.8,268.13,0.2928,96.2802,96.5,0.2198,3.7198,3.5
8862,0.003916,708.02,202.94,0.2866,95.6922,95.9468,0.2545,4.3078,4.0532
8863,0.004008,686.76,175.32,0.2553,95.5909,95.8514,0.2605,4.4091,4.1486
8864,0.003404,990.34,261.26,0.2638,96.2558,96.4771,0.2212,3.7442,3.5229
8865,0.003451,944.99,210.4,0.2227,96.2039,96.4283,0.2243,3.7961,3.5717
8866,0.002815,924.7,171.49,0.1855,96.9037,97.0866,0.183,3.0963,2.9134
8867,0.003588,875.38,255.48,0.2918,96.0533,96.2865,0.2332,3.9467,3.7135
8868,0.003691,826.99,276.36,0.3342,95.9403,96.1802,0.2399,4.0597,3.8198
8869,0.003369,973.99,246.74,0.2533,96.2939,96.5129,0.219,3.7061,3.4871
8870,0.003222,833.55,223.33,0.2679,96.4563,96.6657,0.2094,3.5437,3.3343
8871,0.003979,919.93,197.71,0.2149,95.6233,95.8819,0.2586,4.3767,4.1181
8872,0.003722,697.85,288.16,0.4129,95.9057,96.1476,0.2419,4.0943,3.8524
8873,0.003046,764.52,210.08,0.2748,96.6489,96.8469,0.198,3.3511,3.1531
8874,0.00349,728.83,255.8,0.351,96.1612,96.3881,0.2268,3.8388,3.6119
8875,0.002886,827.18,292.55,0.3537,96.8258,97.0134,0.1876,3.1742,2.9866
8876,0.003936,771.0,235.64,0.3056,95.6704,95.9262,0.2558,4.3296,4.0738
8877,0.003671,783.96,184.68,0.2356,95.9622,96.2008,0.2386,4.0378,3.7992
8878,0.003604,879.74,191.58,0.2178,96.0352,96.2695,0.2343,3.9648,3.7305
8879,0.003995,931.38,250.78,0.2693,95.6053,95.865,0.2597,4.3947,4.135
8880,0.004011,949.0,253.33,0.2669,95.5877,95.8484,0.2607,4.4123,4.1516
8881,0.003044,839.4,254.09,0.3027,96.6512,96.8491,0.1979,3.3488,3.1509
8882,0.003268,747.36,274.09,0.3667,96.4051,96.6175,0.2124,3.5949,3.3825
8883,0.003956,713.53,183.2,0.2567,95.648,95.9051,0.2572,4.352,4.0949
8884,0.002828,843.68,191.59,0.2271,96.8897,97.0735,0.1838,3.1103,2.9265
8885,0.003148,985.37,251.88,0.2556,96.5372,96.7418,0.2046,3.4628,3.2582
8886,0.002871,1015.16,213.47,0.2103,96.8423,97.0289,0.1866,3.1577,2.9711
8887,0.002942,740.76,193.97,0.2618,96.7637,96.955,0.1912,3.2363,3.045
8888,0.003466,766.19,245.03,0.3198,96.1875,96.4128,0.2253,3.8125,3.5872
8889,0.003554,744.9,272.84,0.3663,96.0904,96.3214,0.231,3.9096,3.6786
8890,0.00302,762.19,202.03,0.2651,96.6778,96.8741,0.1963,3.3222,3.1259
8891,0.003254,704.69,157.23,0.2231,96.4207,96.6322,0.2115,3.5793,3.3678
8892,0.003148,724.9,164.38,0.2268,96.5373,96.7419,0.2046,3.4627,3.2581
8893,0.00284,920.96,204.85,0.2224,96.8764,97.0609,0.1846,3.1236,2.9391
8894,0.003299,861.67,224.8,0.2609,96.371,96.5854,0.2144,3.629,3.4146
8895,0.003926,1005.05,190.02,0.1891,95.6819,95.937,0.2552,4.3181,4.063
8896,0.004197,697.79,172.78,0.2476,95.3836,95.6564,0.2728,4.6164,4.3436
8897,0.004054,958.06,251.27,0.2623,95.5411,95.8046,0.2635,4.4589,4.1954
8898,0.004125,813.71,160.68,0.1975,95.4627,95.7308,0.2681,4.5373,4.2692
8899,0.003631,733.13,271.95,0.3709,96.0057,96.2417,0.236,3.9943,3.7583
8900,0.003998,724.74,184.89,0.2551,95.602,95.8619,0.2599,4.398,4.1381
8901,0.003921,692.1,222.95,0.3221,95.6868,95.9417,0.2549,4.3132,4.0583
8902,0.003524,879.37,276.67,0.3146,96.124,96.3531,0.229,3.876,3.6469
8903,0.003951,929.14,282.89,0.3045,95.6537,95.9105,0.2568,4.3463,4.0895
8904,0.004065,798.76,261.44,0.3273,95.5287,95.7929,0.2642,4.4713,4.2071
8905,0.003821,785.42,294.15,0.3745,95.797,96.0454,0.2484,4.203,3.9546
8906,0.004104,1011.2,242.47,0.2398,95.4853,95.7521,0.2668,4.5147,4.2479
8907,0.004024,717.43,253.8,0.3538,95.5733,95.8349,0.2616,4.4267,4.1651
8908,0.004002,786.78,224.43,0.2852,95.5982,95.8583,0.2601,4.4018,4.1417
8909,0.00297,996.82,214.84,0.2155,96.7332,96.9263,0.193,3.2668,3.0737
8910,0.003123,1005.99,244.77,0.2433,96.5649,96.7678,0.203,3.4351,3.2322
8911,0.002984,774.41,186.9,0.2414,96.7176,96.9115,0.194,3.2824,3.0885
8912,0.003976,826.4,261.75,0.3167,95.6266,95.885,0.2584,4.3734,4.115
8913,0.002988,969.71,250.7,0.2585,96.7134,96.9076,0.1942,3.2866,3.0924
8914,0.004022,903.43,283.77,0.3141,95.5762,95.8376,0.2614,4.4238,4.1624
8915,0.003803,760.73,169.71,0.2231,95.8172,96.0643,0.2472,4.1828,3.9357
8916,0.004024,680.26,215.37,0.3166,95.574,95.8356,0.2615,4.426,4.1644
8917,0.002902,694.12,173.08,0.2493,96.8073,96.996,0.1887,3.1927,3.004
8918,0.00324,871.21,207.81,0.2385,96.4358,96.6464,0.2106,3.5642,3.3536
8919,0.003932,907.0,213.0,0.2348,95.6746,95.9302,0.2556,4.3254,4.0698
8920,0.003424,978.27,195.91,0.2003,96.2341,96.4566,0.2225,3.7659,3.5434
8921,0.00376,915.53,213.37,0.2331,95.8638,96.1082,0.2444,4.1362,3.8918
8922,0.004078,851.76,261.77,0.3073,95.5141,95.7792,0.2651,4.4859,4.2208
8923,0.00363,717.16,161.8,0.2256,96.007,96.2429,0.236,3.993,3.7571
8924,0.003198,936.47,259.91,0.2775,96.4818,96.6897,0.2079,3.5182,3.3103
8925,0.003989,929.11,239.98,0.2583,95.6116,95.871,0.2593,4.3884,4.129
8926,0.00348,854.57,225.13,0.2634,96.1722,96.3984,0.2262,3.8278,3.6016
8927,0.002937,881.92,155.74,0.1766,96.7688,96.9598,0.1909,3.2312,3.0402
8928,0.003919,984.58,248.47,0.2524,95.6892,95.9439,0.2547,4.3108,4.0561
8929,0.00334,762.64,228.45,0.2996,96.3258,96.5429,0.2171,3.6742,3.4571
8930,0.003371,852.81,256.16,0.3004,96.2922,96.5113,0.2191,3.7078,3.4887
8931,0.003827,710.12,272.6,0.3839,95.7899,96.0386,0.2488,4.2101,3.9614
8932,0.003295,822.96,239.38,0.2909,96.376,96.5902,0.2141,3.624,3.4098
8933,0.00419,893.42,249.13,0.2788,95.3908,95.6631,0.2724,4.6092,4.3369
8934,0.003335,1017.71,263.81,0.2592,96.332,96.5488,0.2167,3.668,3.4512
8935,0.003551,734.51,221.79,0.302,96.0941,96.3249,0.2308,3.9059,3.6751
8936,0.003534,684.09,292.39,0.4274,96.113,96.3427,0.2297,3.887,3.6573
8937,0.0038,733.24,150.27,0.2049,95.8196,96.0666,0.247,4.1804,3.9334
8938,0.003694,868.35,250.98,0.289,95.937,96.1771,0.2401,4.063,3.8229
8939,0.004121,778.73,173.15,0.2223,95.4668,95.7347,0.2679,4.5332,4.2653
8940,0.00307,751.66,213.0,0.2834,96.6225,96.8221,0.1996,3.3775,3.1779
8941,0.002825,855.36,259.07,0.3029,96.8927,97.0763,0.1836,3.1073,2.9237
8942,0.003797,689.78,230.02,0.3335,95.8236,96.0704,0.2468,4.1764,3.9296
8943,0.00287,816.12,216.52,0.2653,96.8434,97.03,0.1865,3.1566,2.97
8944,0.004038,938.48,237.6,0.2532,95.5582,95.8206,0.2625,4.4418,4.1794
8945,0.004184,806.22,246.23,0.3054,95.3975,95.6695,0.272,4.6025,4.3305
8946,0.003285,776.58,232.29,0.2991,96.3861,96.5997,0.2135,3.6139,3.4003
8947,0.003376,983.18,189.03,0.1923,96.286,96.5055,0.2195,3.714,3.4945
8948,0.003473,871.86,291.57,0.3344,96.1796,96.4053,0.2258,3.8204,3.5947
8949,0.00333,855.13,212.68,0.2487,96.3365,96.5529,0.2165,3.6635,3.4471
8950,0.003322,975.26,200.64,0.2057,96.3462,96.5621,0.2159,3.6538,3.4379
8951,0.003488,714.33,213.75,0.2992,96.1632,96.3899,0.2267,3.8368,3.6101
8952,0.003296,695.45,250.33,0.3599,96.3743,96.5886,0.2142,3.6257,3.4114
8953,0.003914,959.15,181.08,0.1888,95.6948,95.9492,0.2544,4.3052,4.0508
8954,0.003225,994.88,163.41,0.1643,96.4523,96.662,0.2096,3.5477,3.338
8955,0.002868,892.78,215.83,0.2418,96.8448,97.0313,0.1864,3.1552,2.9687
8956,0.003624,729.83,257.96,0.3535,96.0136,96.2492,0.2356,3.9864,3.7508
8957,0.002989,859.95,294.2,0.3421,96.7126,96.9068,0.1943,3.2874,3.0932
8958,0.0034,937.86,182.09,0.1942,96.2601,96.4811,0.221,3.7399,3.5189
8959,0.003879,919.19,222.32,0.2419,95.7334,95.9855,0.2521,4.2666,4.0145
8960,0.003139,910.18,164.91,0.1812,96.5474,96.7514,0.204,3.4526,3.2486
8961,0.003493,869.45,166.24,0.1912,96.1575,96.3846,0.2271,3.8425,3.6154
8962,0.003896,965.48,166.16,0.1721,95.7145,95.9678,0.2532,4.2855,4.0322
8963,0.003196,843.37,173.05,0.2052,96.4839,96.6917,0.2078,3.5161,3.3083
8964,0.003993,728.82,249.72,0.3426,95.6077,95.8673,0.2595,4.3923,4.1327
8965,0.002994,807.48,272.71,0.3377,96.7067,96.9013,0.1946,3.2933,3.0987
8966,0.003272,688.08,158.67,0.2306,96.401,96.6137,0.2127,3.599,3.3863
8967,0.003279,880.55,154.7,0.1757,96.3932,96.6063,0.2131,3.6068,3.3937
8968,0.004191,924.77,249.87,0.2702,95.39,95.6624,0.2724,4.61,4.3376
8969,0.003621,867.19,181.32,0.2091,96.0173,96.2527,0.2353,3.9827,3.7473
8970,0.003985,816.5,218.74,0.2679,95.6162,95.8752,0.259,4.3838,4.1248
8971,0.003529,842.63,196.48,0.2332,96.1185,96.3479,0.2294,3.8815,3.6521
8972,0.002936,752.95,180.33,0.2395,96.77,96.9609,0.1909,3.23,3.0391
8973,0.003911,775.91,228.92,0.295,95.6979,95.9521,0.2542,4.3021,4.0479
8974,0.003881,700.21,154.49,0.2206,95.7304,95.9827,0.2523,4.2696,4.0173
8975,0.002911,755.96,173.61,0.2297,96.7976,96.9869,0.1892,3.2024,3.0131
8976,0.00323,998.53,297.89,0.2983,96.4469,96.6568,0.21,3.5531,3.3432
8977,0.003488,1011.04,191.7,0.1896,96.1628,96.3895,0.2267,3.8372,3.6105
8978,0.003413,873.17,294.27,0.337,96.246,96.4678,0.2218,3.754,3.5322
8979,0.003378,1016.73,212.0,0.2085,96.2843,96.5039,0.2196,3.7157,3.4961
8980,0.003342,854.07,224.48,0.2628,96.3233,96.5405,0.2173,3.6767,3.4595
8981,0.003073,713.92,240.85,0.3374,96.6202,96.82,0.1997,3.3798,3.18
8982,0.003329,729.39,173.28,0.2376,96.3385,96.5549,0.2164,3.6615,3.4451
8983,0.003889,894.82,158.35,0.177,95.7219,95.9747,0.2528,4.2781,4.0253
8984,0.003032,764.94,169.45,0.2215,96.6645,96.8616,0.1971,3.3355,3.1384
8985,0.004055,777.57,205.84,0.2647,95.5392,95.8028,0.2636,4.4608,4.1972
8986,0.003841,833.55,277.2,0.3326,95.7749,96.0246,0.2497,4.2251,3.9754
8987,0.004135,742.71,161.82,0.2179,95.4517,95.7204,0.2688,4.5483,4.2796
8988,0.003317,871.71,156.52,0.1796,96.3518,96.5674,0.2156,3.6482,3.4326
8989,0.003167,993.83,277.63,0.2793,96.5159,96.7218,0.2059,3.4841,3.2782
8990,0.003032,973.1,282.38,0.2902,96.6644,96.8615,0.1971,3.3356,3.1385
8991,0.002817,703.61,210.38,0.299,96.9016,97.0847,0.1831,3.0984,2.9153
8992,0.002861,864.37,167.21,0.1935,96.8531,97.039,0.186,3.1469,2.961
8993,0.003052,876.9,223.17,0.2545,96.6433,96.8416,0.1984,3.3567,3.1584
8994,0.003575,942.25,222.89,0.2365,96.0679,96.3002,0.2324,3.9321,3.6998
8995,0.00366,878.46,207.24,0.2359,95.9741,96.212,0.2379,4.0259,3.788
8996,0.003071,708.19,171.08,0.2416,96.6217,96.8213,0.1996,3.3783,3.1787
8997,0.003347,789.81,232.75,0.2947,96.318,96.5356,0.2176,3.682,3.4644
8998,0.003937,971.64,195.41,0.2011,95.6695,95.9254,0.2559,4.3305,4.0746
8999,0.003017,729.21,269.89,0.3701,96.6808,96.877,0.1961,3.3192,3.123
9000,0.003163,868.81,187.66,0.216,96.5203,96.726,0.2056,3.4797,3.274
9001,0.003562,813.58,258.63,0.3179,96.0819,96.3134,0.2315,3.9181,3.6866
9002,0.003142,836.91,219.3,0.262,96.5438,96.748,0.2042,3.4562,3.252
9003,0.00322,694.13,291.45,0.4199,96.4577,96.667,0.2093,3.5423,3.333
9004,0.003973,976.31,287.01,0.294,95.6301,95.8883,0.2582,4.3699,4.1117
9005,0.002844,731.85,251.86,0.3441,96.8714,97.0563,0.1849,3.1286,2.9437
9006,0.003684,956.14,288.01,0.3012,95.9478,96.1872,0.2394,4.0522,3.8128
9007,0.003903,885.46,187.28,0.2115,95.7065,95.9602,0.2537,4.2935,4.0398
9008,0.003603,682.18,162.79,0.2386,96.0364,96.2706,0.2342,3.9636,3.7294
9009,0.003169,996.43,268.19,0.2692,96.5139,96.7199,0.206,3.4861,3.2801
9010,0.004023,873.07,261.65,0.2997,95.575,95.8365,0.2615,4.425,4.1635
9011,0.003963,956.96,270.64,0.2828,95.6405,95.8981,0.2576,4.3595,4.1019
9012,0.003662,929.44,277.05,0.2981,95.9719,96.2099,0.238,4.0281,3.7901
9013,0.00333,903.64,239.89,0.2655,96.3373,96.5537,0.2164,3.6627,3.4463
9014,0.004044,926.94,211.38,0.228,95.5519,95.8147,0.2628,4.4481,4.1853
9015,0.003573,944.2,193.42,0.2049,96.0696,96.3018,0.2323,3.9304,3.6982
9016,0.004156,754.95,161.77,0.2143,95.428,95.6982,0.2702,4.572,4.3018
9017,0.002931,936.91,227.35,0.2427,96.7764,96.9669,0.1905,3.2236,3.0331
9018,0.002955,971.67,278.23,0.2863,96.7493,96.9414,0.1921,3.2507,3.0586
9019,0.003687,786.1,292.32,0.3719,95.9444,96.1841,0.2396,4.0556,3.8159
9020,0.003279,709.21,255.58,0.3604,96.3936,96.6067,0.2131,3.6064,3.3933
9021,0.003019,896.3,216.74,0.2418,96.6789,96.8751,0.1962,3.3211,3.1249
9022,0.003622,680.76,196.77,0.2891,96.0156,96.2511,0.2354,3.9844,3.7489
9023,0.002854,802.79,150.2,0.1871,96.8606,97.0461,0.1855,3.1394,2.9539
9024,0.003843,949.41,271.0,0.2854,95.7729,96.0227,0.2498,4.2271,3.9773
9025,0.004064,834.1,194.39,0.233,95.5298,95.7939,0.2641,4.4702,4.2061
9026,0.003945,835.98,181.9,0.2176,95.661,95.9174,0.2564,4.339,4.0826
9027,0.00283,715.55,271.4,0.3793,96.8865,97.0704,0.184,3.1135,2.9296
9028,0.003295,989.54,190.76,0.1928,96.3753,96.5895,0.2142,3.6247,3.4105
9029,0.003463,1001.76,172.87,0.1726,96.1903,96.4155,0.2251,3.8097,3.5845
9030,0.003259,1012.08,239.95,0.2371,96.4147,96.6266,0.2119,3.5853,3.3734
9031,0.003907,834.7,190.16,0.2278,95.7025,95.9565,0.2539,4.2975,4.0435
9032,0.003111,971.67,290.6,0.2991,96.5774,96.7796,0.2022,3.4226,3.2204
9033,0.003172,890.2,237.09,0.2663,96.5111,96.7173,0.2062,3.4889,3.2827
9034,0.00409,858.59,150.56,0.1754,95.5015,95.7673,0.2658,4.4985,4.2327
9035,0.00412,763.96,165.98,0.2173,95.4684,95.7362,0.2678,4.5316,4.2638
9036,0.00312,934.25,299.83,0.3209,96.5677,96.7705,0.2028,3.4323,3.2295
9037,0.003205,743.18,244.51,0.329,96.475,96.6833,0.2083,3.525,3.3167
9038,0.004149,704.07,275.02,0.3906,95.4363,95.7059,0.2697,4.5637,4.2941
9039,0.002824,737.06,263.86,0.358,96.8939,97.0775,0.1835,3.1061,2.9225
9040,0.003431,759.47,159.81,0.2104,96.2256,96.4486,0.223,3.7744,3.5514
9041,0.003704,695.46,223.34,0.3211,95.9253,96.1661,0.2408,4.0747,3.8339
9042,0.004127,762.09,252.82,0.3317,95.4602,95.7284,0.2683,4.5398,4.2716
9043,0.002851,689.1,230.07,0.3339,96.8642,97.0495,0.1853,3.1358,2.9505
9044,0.003368,792.98,211.05,0.2661,96.2947,96.5136,0.219,3.7053,3.4864
9045,0.002932,789.52,209.42,0.2653,96.7743,96.9649,0.1906,3.2257,3.0351
9046,0.003344,778.13,159.21,0.2046,96.3217,96.5391,0.2174,3.6783,3.4609
9047,0.003417,1003.2,210.0,0.2093,96.2411,96.4633,0.2221,3.7589,3.5367
9048,0.003639,978.12,206.79,0.2114,95.9969,96.2334,0.2365,4.0031,3.7666
9049,0.00369,878.52,227.82,0.2593,95.9412,96.181,0.2398,4.0588,3.819
9050,0.00318,765.79,160.4,0.2095,96.5017,96.7084,0.2067,3.4983,3.2916
9051,0.002817,900.87,210.79,0.234,96.9013,97.0844,0.1831,3.0987,2.9156
9052,0.002949,1016.0,288.2,0.2837,96.756,96.9476,0.1917,3.244,3.0524
9053,0.003438,839.3,263.02,0.3134,96.2178,96.4413,0.2235,3.7822,3.5587
9054,0.003422,1002.89,264.78,0.264,96.2354,96.4579,0.2225,3.7646,3.5421
9055,0.003111,843.36,236.12,0.28,96.5782,96.7804,0.2022,3.4218,3.2196
9056,0.003234,747.07,180.3,0.2413,96.4427,96.6529,0.2102,3.5573,3.3471
9057,0.004186,692.57,229.17,0.3309,95.395,95.6672,0.2721,4.605,4.3328
9058,0.002955,980.89,216.35,0.2206,96.7496,96.9417,0.1921,3.2504,3.0583
9059,0.003603,938.02,274.82,0.293,96.0364,96.2707,0.2342,3.9636,3.7293
9060,0.00419,774.53,153.54,0.1982,95.3912,95.6636,0.2723,4.6088,4.3364
9061,0.004091,771.14,194.06,0.2517,95.5003,95.7661,0.2659,4.4997,4.2339
9062,0.004123,955.45,200.13,0.2095,95.465,95.733,0.268,4.535,4.267
9063,0.003629,832.23,184.12,0.2212,96.0084,96.2443,0.2359,3.9916,3.7557
9064,0.003127,905.07,195.46,0.216,96.5607,96.764,0.2032,3.4393,3.236
9065,0.003591,818.43,255.2,0.3118,96.0504,96.2838,0.2334,3.9496,3.7162
9066,0.003279,999.64,184.32,0.1844,96.3926,96.6058,0.2132,3.6074,3.3942
9067,0.00418,843.22,251.96,0.2988,95.4021,95.6738,0.2717,4.5979,4.3262
9068,0.003946,927.14,204.03,0.2201,95.6594,95.9159,0.2565,4.3406,4.0841
9069,0.00407,977.99,263.57,0.2695,95.5234,95.7879,0.2645,4.4766,4.2121
9070,0.003236,916.21,237.85,0.2596,96.4409,96.6512,0.2103,3.5591,3.3488
9071,0.003052,893.01,296.99,0.3326,96.6426,96.841,0.1984,3.3574,3.159
9072,0.0031,811.21,166.75,0.2056,96.5898,96.7913,0.2015,3.4102,3.2087
9073,0.003836,842.39,274.72,0.3261,95.7809,96.0302,0.2493,4.2191,3.9698
9074,0.00313,1018.11,182.47,0.1792,96.5575,96.761,0.2034,3.4425,3.239
9075,0.003595,783.17,214.14,0.2734,96.0454,96.2791,0.2337,3.9546,3.7209
9076,0.004078,772.84,224.3,0.2902,95.5139,95.779,0.2651,4.4861,4.221
9077,0.003812,995.89,179.41,0.1802,95.8069,96.0547,0.2478,4.1931,3.9453
9078,0.003845,870.45,202.35,0.2325,95.7708,96.0207,0.2499,4.2292,3.9793
9079,0.003536,971.66,295.46,0.3041,96.1099,96.3398,0.2299,3.8901,3.6602
9080,0.003141,891.39,279.86,0.314,96.5449,96.749,0.2042,3.4551,3.251
9081,0.003722,811.93,217.99,0.2685,95.9054,96.1473,0.242,4.0946,3.8527
9082,0.002929,918.44,298.65,0.3252,96.7776,96.968,0.1904,3.2224,3.032
9083,0.004143,772.98,180.11,0.233,95.4432,95.7125,0.2693,4.5568,4.2875
9084,0.002974,940.14,287.61,0.3059,96.7285,96.9218,0.1933,3.2715,3.0782
9085,0.003347,998.66,214.56,0.2149,96.3186,96.5361,0.2175,3.6814,3.4639
9086,0.003311,870.13,165.19,0.1898,96.3575,96.5727,0.2152,3.6425,3.4273
9087,0.004022,960.42,219.38,0.2284,95.576,95.8374,0.2614,4.424,4.1626
9088,0.002975,979.48,168.22,0.1717,96.727,96.9204,0.1934,3.273,3.0796
9089,0.002991,688.33,254.62,0.3699,96.7102,96.9046,0.1944,3.2898,3.0954
9090,0.003622,888.2,290.17,0.3267,96.0153,96.2508,0.2355,3.9847,3.7492
9091,0.003319,769.41,195.34,0.2539,96.3487,96.5644,0.2158,3.6513,3.4356
9092,0.003092,881.46,254.09,0.2883,96.5987,96.7997,0.201,3.4013,3.2003
9093,0.003427,714.55,194.4,0.2721,96.2303,96.4531,0.2228,3.7697,3.5469
9094,0.004168,899.6,204.09,0.2269,95.4151,95.6861,0.2709,4.5849,4.3139
9095,0.002807,977.14,239.89,0.2455,96.9125,97.0949,0.1824,3.0875,2.9051
9096,0.003132,904.88,221.32,0.2446,96.5545,96.7581,0.2036,3.4455,3.2419
9097,0.003976,713.68,231.15,0.3239,95.6265,95.8849,0.2584,4.3735,4.1151
9098,0.003353,1004.28,237.48,0.2365,96.3115,96.5295,0.218,3.6885,3.4705
9099,0.003011,789.53,240.65,0.3048,96.6876,96.8833,0.1957,3.3124,3.1167
9100,0.003993,698.62,153.58,0.2198,95.6075,95.8671,0.2596,4.3925,4.1329
9101,0.004093,812.41,158.04,0.1945,95.4972,95.7632,0.2661,4.5028,4.2368
9102,0.002867,707.27,293.76,0.4153,96.8462,97.0326,0.1864,3.1538,2.9674
9103,0.003947,906.86,262.48,0.2894,95.6587,95.9152,0.2565,4.3413,4.0848
9104,0.002916,791.08,161.07,0.2036,96.7919,96.9815,0.1896,3.2081,3.0185
9105,0.002899,879.04,178.88,0.2035,96.8116,97.0,0.1884,3.1884,3.0
9106,0.003161,765.81,265.7,0.347,96.5228,96.7283,0.2055,3.4772,3.2717
9107,0.003673,854.85,170.9,0.1999,95.9598,96.1986,0.2387,4.0402,3.8014
9108,0.002923,758.54,157.03,0.207,96.7849,96.9749,0.19,3.2151,3.0251
9109,0.003836,854.08,248.27,0.2907,95.7806,96.0299,0.2493,4.2194,3.9701
9110,0.003071,970.26,249.9,0.2576,96.6224,96.822,0.1996,3.3776,3.178
9111,0.003326,874.81,157.69,0.1803,96.3418,96.5579,0.2162,3.6582,3.4421
9112,0.003753,1003.04,286.98,0.2861,95.8722,96.1161,0.2439,4.1278,3.8839
9113,0.003948,969.92,221.71,0.2286,95.6573,95.9139,0.2566,4.3427,4.0861
9114,0.003075,996.94,161.04,0.1615,96.6172,96.8171,0.1999,3.3828,3.1829
9115,0.003169,769.22,168.73,0.2194,96.5139,96.7199,0.206,3.4861,3.2801
9116,0.003747,1000.94,219.93,0.2197,95.8785,96.1221,0.2435,4.1215,3.8779
9117,0.003679,893.56,211.9,0.2371,95.9527,96.1919,0.2392,4.0473,3.8081
9118,0.004061,803.35,197.55,0.2459,95.5324,95.7964,0.264,4.4676,4.2036
9119,0.003387,886.01,168.97,0.1907,96.2748,96.4949,0.2201,3.7252,3.5051
9120,0.002901,1017.05,232.04,0.2282,96.8094,96.9979,0.1885,3.1906,3.0021
9121,0.00403,687.14,182.0,0.2649,95.5667,95.8286,0.262,4.4333,4.1714
9122,0.002914,927.26,209.65,0.2261,96.7943,96.9837,0.1894,3.2057,3.0163
9123,0.003202,843.44,159.47,0.1891,96.4774,96.6855,0.2082,3.5226,3.3145
9124,0.003682,1011.41,183.5,0.1814,95.9503,96.1896,0.2393,4.0497,3.8104
9125,0.002841,744.46,189.27,0.2542,96.8753,97.0599,0.1846,3.1247,2.9401
9126,0.002963,893.45,241.13,0.2699,96.7408,96.9334,0.1926,3.2592,3.0666
9127,0.003393,744.35,286.96,0.3855,96.2677,96.4883,0.2205,3.7323,3.5117
9128,0.003653,702.48,277.14,0.3945,95.9814,96.2189,0.2375,4.0186,3.7811
9129,0.003408,685.08,186.57,0.2723,96.2508,96.4723,0.2215,3.7492,3.5277
9130,0.003115,876.32,160.16,0.1828,96.573,96.7755,0.2025,3.427,3.2245
9131,0.0036,757.56,176.95,0.2336,96.0398,96.2738,0.234,3.9602,3.7262
9132,0.003281,948.05,230.05,0.2427,96.3913,96.6046,0.2132,3.6087,3.3954
9133,0.00404,895.92,210.35,0.2348,95.5563,95.8189,0.2626,4.4437,4.1811
9134,0.003436,714.58,207.08,0.2898,96.2205,96.4438,0.2233,3.7795,3.5562
9135,0.003644,836.77,189.01,0.2259,95.9921,96.229,0.2368,4.0079,3.771
9136,0.003984,873.01,276.85,0.3171,95.6176,95.8766,0.259,4.3824,4.1234
9137,0.003032,743.41,177.75,0.2391,96.6653,96.8623,0.1971,3.3347,3.1377
9138,0.003661,938.95,188.72,0.201,95.9731,96.211,0.238,4.0269,3.789
9139,0.003757,774.66,294.22,0.3798,95.867,96.1112,0.2442,4.133,3.8888
9140,0.003922,933.98,214.38,0.2295,95.6858,95.9407,0.2549,4.3142,4.0593
9141,0.003785,864.32,226.09,0.2616,95.8366,96.0827,0.246,4.1634,3.9173
9142,0.004021,980.49,161.16,0.1644,95.577,95.8383,0.2614,4.423,4.1617
9143,0.003896,755.67,156.95,0.2077,95.7139,95.9672,0.2533,4.2861,4.0328
9144,0.003161,885.7,227.96,0.2574,96.5234,96.7289,0.2054,3.4766,3.2711
9145,0.003249,849.89,162.78,0.1915,96.4265,96.6376,0.2112,3.5735,3.3624
9146,0.003268,918.84,239.07,0.2602,96.4057,96.6181,0.2124,3.5943,3.3819
9147,0.003724,916.05,265.64,0.29,95.9037,96.1458,0.2421,4.0963,3.8542
9148,0.004074,917.52,175.03,0.1908,95.5188,95.7836,0.2648,4.4812,4.2164
9149,0.003474,842.83,241.46,0.2865,96.1785,96.4043,0.2258,3.8215,3.5957
9150,0.00304,801.15,164.7,0.2056,96.6555,96.8532,0.1976,3.3445,3.1468
9151,0.003013,922.5,189.97,0.2059,96.686,96.8818,0.1958,3.314,3.1182
9152,0.003346,760.03,175.24,0.2306,96.3191,96.5366,0.2175,3.6809,3.4634
9153,0.003377,981.35,294.99,0.3006,96.2848,96.5044,0.2195,3.7152,3.4956
9154,0.003353,687.65,171.86,0.2499,96.3113,96.5293,0.218,3.6887,3.4707
9155,0.003254,780.97,230.28,0.2949,96.421,96.6325,0.2115,3.579,3.3675
9156,0.002809,891.65,201.71,0.2262,96.9097,97.0923,0.1826,3.0903,2.9077
9157,0.003667,873.04,223.46,0.256,95.9664,96.2047,0.2383,4.0336,3.7953
9158,0.003877,925.3,295.53,0.3194,95.7349,95.9869,0.252,4.2651,4.0131
9159,0.003915,746.49,274.59,0.3678,95.6932,95.9476,0.2545,4.3068,4.0524
9160,0.004167,969.92,197.38,0.2035,95.4158,95.6867,0.2709,4.5842,4.3133
9161,0.003285,871.87,246.52,0.2828,96.3868,96.6003,0.2135,3.6132,3.3997
9162,0.003004,924.74,190.41,0.2059,96.6951,96.8904,0.1953,3.3049,3.1096
9163,0.002919,701.89,251.31,0.358,96.7886,96.9783,0.1898,3.2114,3.0217
9164,0.004183,1007.48,218.41,0.2168,95.399,95.6709,0.2719,4.601,4.3291
9165,0.003106,859.42,172.26,0.2004,96.5836,96.7855,0.2019,3.4164,3.2145
9166,0.003297,1005.67,219.45,0.2182,96.3731,96.5874,0.2143,3.6269,3.4126
9167,0.003404,715.16,204.72,0.2863,96.2561,96.4774,0.2212,3.7439,3.5226
9168,0.003578,928.3,174.06,0.1875,96.0644,96.2969,0.2326,3.9356,3.7031
9169,0.003091,950.8,231.46,0.2434,96.5997,96.8006,0.2009,3.4003,3.1994
9170,0.003306,1005.12,154.81,0.154,96.3633,96.5782,0.2149,3.6367,3.4218
9171,0.004127,917.8,236.71,0.2579,95.4605,95.7287,0.2682,4.5395,4.2713
9172,0.003033,765.93,245.62,0.3207,96.6642,96.8613,0.1971,3.3358,3.1387
9173,0.002995,838.55,294.23,0.3509,96.7055,96.9001,0.1947,3.2945,3.0999
9174,0.003974,738.24,166.59,0.2257,95.6286,95.8869,0.2583,4.3714,4.1131
9175,0.004043,912.2,228.26,0.2502,95.5525,95.8153,0.2628,4.4475,4.1847
9176,0.003084,738.4,216.21,0.2928,96.6078,96.8083,0.2004,3.3922,3.1917
9177,0.003803,1013.74,264.37,0.2608,95.8169,96.0641,0.2472,4.1831,3.9359
9178,0.003207,798.64,177.58,0.2224,96.4725,96.6809,0.2084,3.5275,3.3191
9179,0.003461,682.24,242.58,0.3556,96.1932,96.4182,0.2249,3.8068,3.5818
9180,0.003983,867.14,170.66,0.1968,95.6188,95.8777,0.2589,4.3812,4.1223
9181,0.003458,962.07,160.4,0.1667,96.1963,96.421,0.2248,3.8037,3.579
9182,0.003755,734.46,241.96,0.3294,95.8699,96.114,0.2441,4.1301,3.886
9183,0.003402,981.93,244.38,0.2489,96.258,96.4791,0.2211,3.742,3.5209
9184,0.003257,733.38,259.71,0.3541,96.4176,96.6293,0.2117,3.5824,3.3707
9185,0.003258,792.89,252.66,0.3187,96.4161,96.6278,0.2118,3.5839,3.3722
9186,0.002827,1005.38,282.75,0.2812,96.89,97.0738,0.1838,3.11,2.9262
9187,0.002845,719.04,195.54,0.2719,96.8702,97.0551,0.1849,3.1298,2.9449
9188,0.003553,767.02,169.33,0.2208,96.0918,96.3228,0.2309,3.9082,3.6772
9189,0.003401,738.79,253.51,0.3431,96.2589,96.48,0.2211,3.7411,3.52
9190,0.002818,822.24,299.4,0.3641,96.9002,97.0834,0.1832,3.0998,2.9166
9191,0.002988,761.81,155.74,0.2044,96.7127,96.9069,0.1943,3.2873,3.0931
9192,0.003844,859.84,150.42,0.1749,95.7714,96.0213,0.2499,4.2286,3.9787
9193,0.004066,907.69,252.42,0.2781,95.5272,95.7915,0.2643,4.4728,4.2085
9194,0.004028,897.51,179.62,0.2001,95.5692,95.831,0.2618,4.4308,4.169
9195,0.00344,954.34,236.15,0.2474,96.2164,96.44,0.2236,3.7836,3.56
9196,0.004173,940.96,171.23,0.182,95.4099,95.6811,0.2712,4.5901,4.3189
9197,0.004139,690.25,240.92,0.349,95.4467,95.7157,0.2691,4.5533,4.2843
9198,0.00402,921.22,183.17,0.1988,95.5784,95.8396,0.2613,4.4216,4.1604
9199,0.003391,985.95,213.94,0.217,96.2701,96.4905,0.2204,3.7299,3.5095
9200,0.00334,869.77,259.03,0.2978,96.3263,96.5434,0.2171,3.6737,3.4566
9201,0.003228,764.57,278.72,0.3645,96.4495,96.6593,0.2098,3.5505,3.3407
9202,0.003156,774.67,187.91,0.2426,96.5285,96.7336,0.2051,3.4715,3.2664
9203,0.00412,812.44,215.38,0.2651,95.468,95.7358,0.2678,4.532,4.2642
9204,0.003169,837.86,154.59,0.1845,96.5136,96.7196,0.206,3.4864,3.2804
9205,0.003565,778.65,260.16,0.3341,96.0782,96.31,0.2317,3.9218,3.69
9206,0.003573,713.95,259.33,0.3632,96.0694,96.3017,0.2323,3.9306,3.6983
9207,0.002933,818.45,171.41,0.2094,96.7737,96.9644,0.1906,3.2263,3.0356
9208,0.004124,962.25,175.49,0.1824,95.4641,95.7322,0.268,4.5359,4.2678
9209,0.002805,724.06,164.38,0.227,96.9145,97.0968,0.1823,3.0855,2.9032
9210,0.003302,788.07,152.72,0.1938,96.3677,96.5823,0.2146,3.6323,3.4177
9211,0.003654,954.06,242.29,0.254,95.9808,96.2183,0.2375,4.0192,3.7817
9212,0.00417,821.34,259.62,0.3161,95.4135,95.6846,0.271,4.5865,4.3154
9213,0.003882,721.54,275.47,0.3818,95.7298,95.9822,0.2523,4.2702,4.0178
9214,0.003792,806.64,254.72,0.3158,95.8291,96.0756,0.2465,4.1709,3.9244
9215,0.003775,725.27,268.98,0.3709,95.8477,96.093,0.2454,4.1523,3.907
9216,0.003574,696.32,225.48,0.3238,96.0689,96.3012,0.2323,3.9311,3.6988
9217,0.003568,1014.6,247.19,0.2436,96.0757,96.3076,0.2319,3.9243,3.6924
9218,0.00369,759.9,288.19,0.3792,95.9406,96.1805,0.2399,4.0594,3.8195
9219,0.003836,1004.58,277.62,0.2764,95.7801,96.0295,0.2494,4.2199,3.9705
9220,0.003228,1018.32,176.15,0.173,96.4487,96.6585,0.2099,3.5513,3.3415
9221,0.003276,975.92,179.77,0.1842,96.3966,96.6095,0.2129,3.6034,3.3905
9222,0.00331,942.34,163.04,0.173,96.3592,96.5744,0.2151,3.6408,3.4256
9223,0.00408,943.94,272.56,0.2887,95.5115,95.7767,0.2652,4.4885,4.2233
9224,0.003247,913.18,275.22,0.3014,96.4282,96.6393,0.2111,3.5718,3.3607
9225,0.003448,919.4,232.82,0.2532,96.207,96.4311,0.2241,3.793,3.5689
9226,0.003048,693.73,162.37,0.2341,96.6472,96.8453,0.1981,3.3528,3.1547
9227,0.003423,860.72,152.8,0.1775,96.2345,96.457,0.2225,3.7655,3.543
9228,0.003133,766.61,294.58,0.3843,96.5535,96.7572,0.2037,3.4465,3.2428
9229,0.003923,861.44,269.63,0.313,95.6844,95.9394,0.255,4.3156,4.0606
9230,0.00281,938.14,220.63,0.2352,96.9092,97.0919,0.1826,3.0908,2.9081
9231,0.003971,826.8,269.89,0.3264,95.6314,95.8895,0.2581,4.3686,4.1105
9232,0.003989,785.23,285.16,0.3632,95.6117,95.871,0.2593,4.3883,4.129
9233,0.003049,1017.16,183.03,0.1799,96.6457,96.8439,0.1982,3.3543,3.1561
9234,0.00414,791.68,253.82,0.3206,95.4458,95.7149,0.2691,4.5542,4.2851
9235,0.003213,928.48,239.44,0.2579,96.4657,96.6745,0.2088,3.5343,3.3255
9236,0.003053,790.83,269.02,0.3402,96.6412,96.8397,0.1985,3.3588,3.1603
9237,0.003589,830.6,216.74,0.2609,96.0522,96.2854,0.2333,3.9478,3.7146
9238,0.003639,1014.07,163.24,0.161,95.9966,96.2332,0.2366,4.0034,3.7668
9239,0.003753,946.99,298.42,0.3151,95.8718,96.1158,0.2439,4.1282,3.8842
9240,0.003916,755.99,256.3,0.339,95.6919,95.9465,0.2546,4.3081,4.0535
9241,0.003862,839.03,295.73,0.3525,95.7518,96.0028,0.251,4.2482,3.9972
9242,0.003419,765.04,265.06,0.3465,96.2391,96.4613,0.2222,3.7609,3.5387
9243,0.003756,709.84,208.36,0.2935,95.8684,96.1126,0.2441,4.1316,3.8874
9244,0.003569,1012.83,277.33,0.2738,96.0738,96.3058,0.232,3.9262,3.6942
9245,0.004155,873.95,286.73,0.3281,95.4293,95.6994,0.2701,4.5707,4.3006
9246,0.002855,937.21,281.73,0.3006,96.86,97.0455,0.1855,3.14,2.9545
9247,0.003723,1007.85,177.23,0.1758,95.9047,96.1467,0.242,4.0953,3.8533
9248,0.003887,748.48,256.4,0.3426,95.7241,95.9767,0.2527,4.2759,4.0233
9249,0.003633,807.83,151.16,0.1871,96.0035,96.2397,0.2362,3.9965,3.7603
9250,0.00352,772.58,214.89,0.2782,96.1284,96.3572,0.2288,3.8716,3.6428
9251,0.003848,724.17,226.14,0.3123,95.7676,96.0177,0.2501,4.2324,3.9823
9252,0.003609,855.51,242.61,0.2836,96.0302,96.2648,0.2346,3.9698,3.7352
9253,0.003118,913.53,288.1,0.3154,96.57,96.7727,0.2027,3.43,3.2273
9254,0.003193,986.85,261.07,0.2645,96.4876,96.6952,0.2075,3.5124,3.3048
9255,0.003847,928.38,235.84,0.254,95.7685,96.0186,0.25,4.2315,3.9814
9256,0.003857,842.92,282.58,0.3352,95.7571,96.0079,0.2507,4.2429,3.9921
9257,0.003984,723.06,165.77,0.2293,95.6177,95.8767,0.259,4.3823,4.1233
9258,0.004069,791.64,209.09,0.2641,95.5242,95.7887,0.2645,4.4758,4.2113
9259,0.002868,946.27,277.34,0.2931,96.8451,97.0315,0.1864,3.1549,2.9685
9260,0.003096,910.1,262.23,0.2881,96.5947,96.7959,0.2012,3.4053,3.2041
9261,0.004035,910.05,282.38,0.3103,95.5618,95.8241,0.2623,4.4382,4.1759
9262,0.003004,804.27,246.41,0.3064,96.6959,96.8911,0.1952,3.3041,3.1089
9263,0.004121,972.67,226.82,0.2332,95.4672,95.735,0.2678,4.5328,4.265
9264,0.003518,715.67,265.95,0.3716,96.1307,96.3593,0.2286,3.8693,3.6407
9265,0.003161,759.85,236.31,0.311,96.5224,96.7279,0.2055,3.4776,3.2721
9266,0.003354,762.52,256.76,0.3367,96.3103,96.5283,0.218,3.6897,3.4717
9267,0.004055,682.91,150.61,0.2205,95.5393,95.8029,0.2636,4.4607,4.1971
9268,0.003132,879.71,242.32,0.2755,96.5547,96.7583,0.2036,3.4453,3.2417
9269,0.004172,968.88,291.4,0.3008,95.4105,95.6817,0.2712,4.5895,4.3183
9270,0.003715,781.04,191.5,0.2452,95.9137,96.1551,0.2415,4.0863,3.8449
9271,0.003448,986.22,248.92,0.2524,96.2077,96.4318,0.2241,3.7923,3.5682
9272,0.004017,785.3,166.55,0.2121,95.5809,95.842,0.2611,4.4191,4.158
9273,0.004148,833.65,237.23,0.2846,95.437,95.7066,0.2696,4.563,4.2934
9274,0.00396,932.9,170.32,0.1826,95.6444,95.9017,0.2574,4.3556,4.0983
9275,0.003696,994.93,192.72,0.1937,95.934,96.1743,0.2403,4.066,3.8257
9276,0.003125,941.32,274.55,0.2917,96.5623,96.7655,0.2031,3.4377,3.2345
9277,0.004191,717.1,208.65,0.291,95.39,95.6624,0.2724,4.61,4.3376
9278,0.004111,929.43,187.42,0.2017,95.4775,95.7447,0.2672,4.5225,4.2553
9279,0.003612,992.67,181.39,0.1827,96.0272,96.262,0.2348,3.9728,3.738
9280,0.003656,791.99,244.0,0.3081,95.9787,96.2163,0.2376,4.0213,3.7837
9281,0.003795,873.02,158.13,0.1811,95.8256,96.0723,0.2467,4.1744,3.9277
9282,0.003937,919.37,235.85,0.2565,95.6689,95.9249,0.2559,4.3311,4.0751
9283,0.003401,852.14,197.13,0.2313,96.259,96.4801,0.2211,3.741,3.5199
9284,0.00351,755.81,250.79,0.3318,96.1386,96.3668,0.2282,3.8614,3.6332
9285,0.003262,906.44,269.61,0.2974,96.412,96.624,0.212,3.588,3.376
9286,0.002901,842.16,196.41,0.2332,96.8091,96.9976,0.1886,3.1909,3.0024
9287,0.003953,1016.93,251.58,0.2474,95.6513,95.9083,0.257,4.3487,4.0917
9288,0.003484,1004.78,181.58,0.1807,96.1672,96.3937,0.2265,3.8328,3.6063
9289,0.004195,901.73,164.68,0.1826,95.386,95.6587,0.2726,4.614,4.3413
9290,0.003761,838.43,293.6,0.3502,95.8625,96.107,0.2445,4.1375,3.893
9291,0.002931,993.21,245.52,0.2472,96.7754,96.9659,0.1905,3.2246,3.0341
9292,0.003071,903.58,246.29,0.2726,96.6223,96.8219,0.1996,3.3777,3.1781
9293,0.002804,852.67,182.69,0.2143,96.916,97.0982,0.1822,3.084,2.9018
9294,0.003617,730.53,179.61,0.2459,96.0208,96.256,0.2351,3.9792,3.744
9295,0.003796,789.33,152.05,0.1926,95.8241,96.0709,0.2468,4.1759,3.9291
9296,0.004066,818.99,238.18,0.2908,95.5275,95.7918,0.2643,4.4725,4.2082
9297,0.003276,1004.34,199.95,0.1991,96.3963,96.6092,0.2129,3.6037,3.3908
9298,0.003872,927.54,183.63,0.198,95.7406,95.9923,0.2517,4.2594,4.0077
9299,0.003871,1007.08,289.45,0.2874,95.7419,95.9935,0.2516,4.2581,4.0065
9300,0.003757,813.48,179.34,0.2205,95.8676,96.1118,0.2442,4.1324,3.8882
9301,0.003442,786.61,250.65,0.3186,96.2138,96.4375,0.2237,3.7862,3.5625
9302,0.003263,720.42,243.46,0.3379,96.4102,96.6224,0.2121,3.5898,3.3776
9303,0.003018,882.04,158.04,0.1792,96.68,96.8761,0.1962,3.32,3.1239
9304,0.002996,723.51,190.18,0.2629,96.7049,96.8996,0.1947,3.2951,3.1004
9305,0.003482,779.29,268.83,0.345,96.1696,96.3959,0.2263,3.8304,3.6041
9306,0.003262,691.35,186.45,0.2697,96.4122,96.6242,0.212,3.5878,3.3758
9307,0.0033,805.17,254.23,0.3157,96.3703,96.5848,0.2145,3.6297,3.4152
9308,0.004181,694.25,297.29,0.4282,95.4005,95.6723,0.2718,4.5995,4.3277
9309,0.002851,819.76,220.54,0.269,96.8634,97.0488,0.1853,3.1366,2.9512
9310,0.002903,822.15,196.38,0.2389,96.8066,96.9953,0.1887,3.1934,3.0047
9311,0.004112,949.61,234.54,0.247,95.477,95.7443,0.2673,4.523,4.2557
9312,0.003919,951.73,166.67,0.1751,95.689,95.9438,0.2547,4.311,4.0562
9313,0.003024,867.34,187.39,0.2161,96.6734,96.87,0.1966,3.3266,3.13
9314,0.003728,711.7,245.23,0.3446,95.8995,96.1418,0.2423,4.1005,3.8582
9315,0.003469,929.02,267.85,0.2883,96.1845,96.4099,0.2255,3.8155,3.5901
9316,0.00398,790.48,215.64,0.2728,95.6222,95.8809,0.2587,4.3778,4.1191
9317,0.003367,988.08,175.33,0.1774,96.296,96.5148,0.2189,3.704,3.4852
9318,0.003009,1012.66,247.37,0.2443,96.6899,96.8855,0.1956,3.3101,3.1145
9319,0.003719,894.99,204.7,0.2287,95.9094,96.1511,0.2417,4.0906,3.8489
9320,0.003214,822.54,254.25,0.3091,96.4641,96.673,0.2089,3.5359,3.327
9321,0.003148,681.49,188.5,0.2766,96.5376,96.7422,0.2046,3.4624,3.2578
9322,0.003318,955.83,201.02,0.2103,96.3506,96.5663,0.2156,3.6494,3.4337
9323,0.003266,722.86,211.18,0.2921,96.4072,96.6195,0.2123,3.5928,3.3805
9324,0.003788,825.76,224.96,0.2724,95.8332,96.0795,0.2462,4.1668,3.9205
9325,0.003482,863.24,270.3,0.3131,96.1696,96.3959,0.2263,3.8304,3.6041
9326,0.003236,949.82,184.81,0.1946,96.4401,96.6505,0.2104,3.5599,3.3495
9327,0.002992,819.38,297.92,0.3636,96.7092,96.9036,0.1945,3.2908,3.0964
9328,0.003607,884.21,189.43,0.2142,96.0321,96.2666,0.2345,3.9679,3.7334
9329,0.003953,692.02,227.93,0.3294,95.6518,95.9088,0.2569,4.3482,4.0912
9330,0.003772,960.44,210.05,0.2187,95.8508,96.096,0.2452,4.1492,3.904
9331,0.003328,904.63,272.94,0.3017,96.3394,96.5557,0.2163,3.6606,3.4443
9332,0.002999,1006.36,283.47,0.2817,96.7011,96.8961,0.1949,3.2989,3.1039
9333,0.003588,742.47,252.85,0.3405,96.0533,96.2865,0.2332,3.9467,3.7135
9334,0.00301,871.84,206.18,0.2365,96.6895,96.8851,0.1956,3.3105,3.1149
9335,0.003272,687.94,165.63,0.2408,96.4008,96.6135,0.2127,3.5992,3.3865
9336,0.003883,692.62,246.5,0.3559,95.7292,95.9815,0.2524,4.2708,4.0185
9337,0.004082,688.08,258.2,0.3752,95.5093,95.7747,0.2654,4.4907,4.2253
9338,0.004139,910.59,175.9,0.1932,95.4475,95.7165,0.269,4.5525,4.2835
9339,0.002878,878.57,181.32,0.2064,96.834,97.0211,0.1871,3.166,2.9789
9340,0.003233,691.28,215.46,0.3117,96.4436,96.6538,0.2101,3.5564,3.3462
9341,0.003466,735.62,167.18,0.2273,96.1875,96.4128,0.2253,3.8125,3.5872
9342,0.003055,705.12,247.36,0.3508,96.6392,96.8378,0.1986,3.3608,3.1622
9343,0.00376,936.67,272.68,0.2911,95.8638,96.1082,0.2444,4.1362,3.8918
9344,0.003623,895.97,275.86,0.3079,96.0142,96.2497,0.2355,3.9858,3.7503
9345,0.003837,733.57,287.98,0.3926,95.7794,96.0288,0.2494,4.2206,3.9712
9346,0.003896,887.2,166.87,0.1881,95.7139,95.9671,0.2533,4.2861,4.0329
9347,0.00399,756.27,222.06,0.2936,95.6108,95.8702,0.2594,4.3892,4.1298
9348,0.003023,992.68,156.32,0.1575,96.6742,96.8707,0.1965,3.3258,3.1293
9349,0.002878,870.14,282.67,0.3249,96.8343,97.0214,0.1871,3.1657,2.9786
9350,0.003515,901.81,216.67,0.2403,96.1332,96.3617,0.2285,3.8668,3.6383
9351,0.003192,834.37,158.12,0.1895,96.4892,96.6967,0.2075,3.5108,3.3033
9352,0.003201,870.28,223.65,0.257,96.4794,96.6875,0.208,3.5206,3.3125
9353,0.003558,982.31,268.39,0.2732,96.0861,96.3174,0.2313,3.9139,3.6826
9354,0.004047,997.4,159.32,0.1597,95.5484,95.8114,0.2631,4.4516,4.1886
9355,0.003071,733.99,249.04,0.3393,96.622,96.8216,0.1996,3.378,3.1784
9356,0.003963,934.08,153.87,0.1647,95.6409,95.8985,0.2576,4.3591,4.1015
9357,0.002911,1018.92,213.21,0.2092,96.7981,96.9873,0.1892,3.2019,3.0127
9358,0.003608,698.03,193.67,0.2775,96.0315,96.266,0.2345,3.9685,3.734
9359,0.003382,822.49,225.49,0.2742,96.2794,96.4993,0.2199,3.7206,3.5007
9360,0.003254,931.82,190.61,0.2046,96.421,96.6325,0.2115,3.579,3.3675
9361,0.003372,967.18,212.54,0.2198,96.2911,96.5103,0.2192,3.7089,3.4897
9362,0.00377,686.61,213.99,0.3117,95.8534,96.0984,0.245,4.1466,3.9016
9363,0.003962,770.19,173.34,0.2251,95.6413,95.8989,0.2576,4.3587,4.1011
9364,0.003679,991.72,299.9,0.3024,95.9535,96.1926,0.2391,4.0465,3.8074
9365,0.003048,836.75,217.96,0.2605,96.6476,96.8457,0.1981,3.3524,3.1543
9366,0.003452,765.21,224.22,0.293,96.2027,96.4271,0.2244,3.7973,3.5729
9367,0.004069,768.7,216.23,0.2813,95.5245,95.789,0.2645,4.4755,4.211
9368,0.003935,917.69,190.89,0.208,95.6719,95.9276,0.2558,4.3281,4.0724
9369,0.003245,839.15,266.32,0.3174,96.4302,96.6411,0.2109,3.5698,3.3589
9370,0.002874,827.55,171.34,0.207,96.8386,97.0254,0.1868,3.1614,2.9746
9371,0.003661,850.04,218.06,0.2565,95.9732,96.2111,0.2379,4.0268,3.7889
9372,0.00409,865.56,173.26,0.2002,95.5012,95.7671,0.2658,4.4988,4.2329
9373,0.003531,950.49,170.45,0.1793,96.1154,96.345,0.2295,3.8846,3.655
9374,0.003915,729.85,210.16,0.2879,95.6932,95.9477,0.2545,4.3068,4.0523
9375,0.003807,920.53,263.38,0.2861,95.8119,96.0594,0.2475,4.1881,3.9406
9376,0.00316,828.77,150.2,0.1812,96.524,96.7294,0.2054,3.476,3.2706
9377,0.003074,847.52,246.82,0.2912,96.6184,96.8182,0.1998,3.3816,3.1818
9378,0.004118,691.31,208.08,0.301,95.4701,95.7378,0.2677,4.5299,4.2622
9379,0.003804,864.53,151.59,0.1753,95.8155,96.0627,0.2473,4.1845,3.9373
9380,0.003082,914.59,294.55,0.3221,96.6101,96.8104,0.2003,3.3899,3.1896
9381,0.003362,783.91,220.79,0.2817,96.3018,96.5203,0.2185,3.6982,3.4797
9382,0.004018,964.96,245.4,0.2543,95.5803,95.8414,0.2612,4.4197,4.1586
9383,0.003002,878.1,178.64,0.2034,96.6977,96.8928,0.1951,3.3023,3.1072
9384,0.002972,739.23,264.26,0.3575,96.7303,96.9235,0.1932,3.2697,3.0765
9385,0.003168,869.26,204.14,0.2348,96.5157,96.7216,0.2059,3.4843,3.2784
9386,0.004176,908.57,190.51,0.2097,95.4062,95.6777,0.2715,4.5938,4.3223
9387,0.003974,949.21,162.71,0.1714,95.6288,95.8871,0.2583,4.3712,4.1129
9388,0.003646,1012.22,233.46,0.2306,95.9899,96.2269,0.237,4.0101,3.7731
9389,0.003166,686.7,216.0,0.3145,96.517,96.7228,0.2058,3.483,3.2772
9390,0.004103,720.29,150.18,0.2085,95.4863,95.753,0.2667,4.5137,4.247
9391,0.00352,926.14,210.06,0.2268,96.1278,96.3566,0.2288,3.8722,3.6434
9392,0.004021,714.94,175.58,0.2456,95.5768,95.8381,0.2614,4.4232,4.1619
9393,0.003471,900.61,258.68,0.2872,96.1815,96.4071,0.2256,3.8185,3.5929
9394,0.002877,961.18,158.73,0.1651,96.8356,97.0226,0.187,3.1644,2.9774
9395,0.003117,824.38,232.2,0.2817,96.5718,96.7744,0.2026,3.4282,3.2256
9396,0.003322,830.5,206.9,0.2491,96.3456,96.5615,0.2159,3.6544,3.4385
9397,0.003779,900.36,194.05,0.2155,95.8429,96.0886,0.2456,4.1571,3.9114
9398,0.002917,698.26,296.17,0.4241,96.7918,96.9814,0.1896,3.2082,3.0186
9399,0.002928,994.97,235.6,0.2368,96.779,96.9693,0.1903,3.221,3.0307
9400,0.002801,909.94,157.65,0.1733,96.9192,97.1013,0.182,3.0808,2.8987
9401,0.002949,868.79,204.32,0.2352,96.7566,96.9482,0.1917,3.2434,3.0518
9402,0.003817,684.02,157.21,0.2298,95.8012,96.0493,0.2481,4.1988,3.9507
9403,0.003287,778.28,221.03,0.284,96.3841,96.5977,0.2137,3.6159,3.4023
9404,0.003761,996.3,184.45,0.1851,95.8634,96.1079,0.2444,4.1366,3.8921
9405,0.003756,739.71,162.29,0.2194,95.8687,96.1128,0.2441,4.1313,3.8872
9406,0.004186,738.53,285.18,0.3861,95.3958,95.6678,0.2721,4.6042,4.3322
9407,0.003459,987.52,268.58,0.272,96.1952,96.42,0.2248,3.8048,3.58
9408,0.003463,900.46,251.17,0.2789,96.191,96.4161,0.2251,3.809,3.5839
9409,0.003716,972.43,200.06,0.2057,95.9129,96.1544,0.2415,4.0871,3.8456
9410,0.003122,883.71,198.19,0.2243,96.5657,96.7686,0.2029,3.4343,3.2314
9411,0.004014,1015.84,262.22,0.2581,95.5847,95.8456,0.2609,4.4153,4.1544
9412,0.003156,938.43,201.98,0.2152,96.5282,96.7334,0.2052,3.4718,3.2666
9413,0.003337,910.59,242.33,0.2661,96.3293,96.5462,0.2169,3.6707,3.4538
9414,0.003839,907.44,174.86,0.1927,95.7773,96.0268,0.2495,4.2227,3.9732
9415,0.003194,817.52,166.95,0.2042,96.4868,96.6944,0.2076,3.5132,3.3056
9416,0.00389,751.8,193.76,0.2577,95.721,95.9739,0.2528,4.279,4.0261
9417,0.004118,947.55,277.62,0.293,95.4706,95.7383,0.2676,4.5294,4.2617
9418,0.00293,985.34,178.15,0.1808,96.7769,96.9674,0.1905,3.2231,3.0326
9419,0.003442,945.53,241.89,0.2558,96.2138,96.4375,0.2237,3.7862,3.5625
9420,0.003122,831.01,213.56,0.257,96.5662,96.7691,0.2029,3.4338,3.2309
9421,0.003852,932.13,265.72,0.2851,95.7625,96.0129,0.2504,4.2375,3.9871
9422,0.003761,832.08,230.04,0.2765,95.8624,96.1069,0.2445,4.1376,3.8931
9423,0.003841,986.17,265.07,0.2688,95.7749,96.0246,0.2497,4.2251,3.9754
9424,0.002807,860.27,201.53,0.2343,96.9126,97.095,0.1824,3.0874,2.905
9425,0.003874,954.83,218.67,0.229,95.7391,95.9909,0.2518,4.2609,4.0091
9426,0.003638,695.79,204.48,0.2939,95.998,96.2345,0.2365,4.002,3.7655
9427,0.003218,926.02,227.43,0.2456,96.4607,96.6698,0.2091,3.5393,3.3302
9428,0.00291,772.78,241.84,0.313,96.7986,96.9878,0.1892,3.2014,3.0122
9429,0.003522,751.89,272.92,0.363,96.1261,96.355,0.2289,3.8739,3.645
9430,0.003272,816.26,192.49,0.2358,96.4004,96.6131,0.2127,3.5996,3.3869
9431,0.002863,800.86,188.32,0.2352,96.8505,97.0366,0.1861,3.1495,2.9634
9432,0.003263,872.08,236.63,0.2713,96.4107,96.6228,0.2121,3.5893,3.3772
9433,0.003411,742.1,206.08,0.2777,96.2474,96.4692,0.2217,3.7526,3.5308
9434,0.003141,729.42,216.21,0.2964,96.545,96.7492,0.2042,3.455,3.2508
9435,0.003628,713.04,167.48,0.2349,96.0096,96.2454,0.2358,3.9904,3.7546
9436,0.003768,699.3,255.17,0.3649,95.8551,96.1001,0.2449,4.1449,3.8999
9437,0.003321,915.61,160.62,0.1754,96.3472,96.5631,0.2158,3.6528,3.4369
9438,0.003548,819.52,213.64,0.2607,96.0973,96.3279,0.2306,3.9027,3.6721
9439,0.003516,868.33,299.32,0.3447,96.132,96.3606,0.2286,3.868,3.6394
9440,0.00325,755.61,174.89,0.2315,96.4249,96.6361,0.2113,3.5751,3.3639
9441,0.00314,961.1,211.81,0.2204,96.5461,96.7502,0.2041,3.4539,3.2498
9442,0.0035,751.28,272.81,0.3631,96.1499,96.3774,0.2275,3.8501,3.6226
9443,0.003436,916.11,247.63,0.2703,96.2209,96.4442,0.2233,3.7791,3.5558
9444,0.00377,969.48,151.25,0.156,95.8525,96.0976,0.2451,4.1475,3.9024
9445,0.003863,980.81,172.17,0.1755,95.7506,96.0017,0.2511,4.2494,3.9983
9446,0.004002,770.0,201.92,0.2622,95.598,95.8581,0.2601,4.402,4.1419
9447,0.004155,848.42,289.86,0.3417,95.4296,95.6996,0.2701,4.5704,4.3004
9448,0.002812,969.53,194.48,0.2006,96.9067,97.0895,0.1828,3.0933,2.9105
9449,0.003957,959.7,227.56,0.2371,95.6476,95.9048,0.2572,4.3524,4.0952
9450,0.004038,844.65,268.75,0.3182,95.5581,95.8205,0.2625,4.4419,4.1795
9451,0.00401,924.21,171.14,0.1852,95.5887,95.8494,0.2607,4.4113,4.1506
9452,0.00289,937.96,192.29,0.205,96.8211,97.0089,0.1878,3.1789,2.9911
9453,0.00416,766.83,259.33,0.3382,95.4235,95.6939,0.2704,4.5765,4.3061
9454,0.003192,783.72,150.74,0.1923,96.4887,96.6962,0.2075,3.5113,3.3038
9455,0.003044,764.29,218.35,0.2857,96.6513,96.8491,0.1979,3.3487,3.1509
9456,0.002945,925.16,287.83,0.3111,96.7603,96.9517,0.1914,3.2397,3.0483
9457,0.003755,1015.47,281.94,0.2776,95.8694,96.1135,0.2441,4.1306,3.8865
9458,0.002913,826.13,218.7,0.2647,96.7959,96.9852,0.1893,3.2041,3.0148
9459,0.003499,862.01,271.3,0.3147,96.1515,96.3789,0.2274,3.8485,3.6211
9460,0.003282,728.98,274.83,0.377,96.39,96.6033,0.2133,3.61,3.3967
9461,0.003053,831.64,291.41,0.3504,96.6414,96.8398,0.1985,3.3586,3.1602
9462,0.003399,992.62,227.77,0.2295,96.2611,96.482,0.2209,3.7389,3.518
9463,0.003666,880.49,231.26,0.2627,95.9673,96.2056,0.2383,4.0327,3.7944
9464,0.003445,840.02,193.98,0.2309,96.21,96.434,0.224,3.79,3.566
9465,0.003261,767.71,217.79,0.2837,96.4127,96.6247,0.212,3.5873,3.3753
9466,0.003213,703.55,191.65,0.2724,96.4658,96.6747,0.2088,3.5342,3.3253
9467,0.002962,887.53,299.27,0.3372,96.7421,96.9346,0.1925,3.2579,3.0654
9468,0.003811,877.62,253.79,0.2892,95.8081,96.0558,0.2477,4.1919,3.9442
9469,0.003098,1018.21,287.54,0.2824,96.5919,96.7933,0.2014,3.4081,3.2067
9470,0.003768,1007.27,215.24,0.2137,95.8555,96.1004,0.2449,4.1445,3.8996
9471,0.003774,793.18,298.66,0.3765,95.8491,96.0944,0.2453,4.1509,3.9056
9472,0.004183,877.69,187.68,0.2138,95.3987,95.6706,0.2719,4.6013,4.3294
9473,0.004054,855.42,154.08,0.1801,95.5404,95.804,0.2635,4.4596,4.196
9474,0.003014,774.79,296.62,0.3828,96.6841,96.88,0.1959,3.3159,3.12
9475,0.003201,780.17,240.61,0.3084,96.479,96.6871,0.2081,3.521,3.3129
9476,0.003391,948.03,202.42,0.2135,96.2702,96.4906,0.2204,3.7298,3.5094
9477,0.002966,981.61,297.18,0.3027,96.737,96.9298,0.1928,3.263,3.0702
9478,0.003373,953.13,170.42,0.1788,96.2892,96.5085,0.2193,3.7108,3.4915
9479,0.002985,993.34,280.17,0.282,96.7162,96.9103,0.194,3.2838,3.0897
9480,0.002887,1000.24,219.8,0.2197,96.8244,97.012,0.1877,3.1756,2.988
9481,0.00372,794.0,187.85,0.2366,95.9079,96.1497,0.2418,4.0921,3.8503
9482,0.002842,787.46,184.81,0.2347,96.8734,97.0582,0.1848,3.1266,2.9418
9483,0.00333,724.65,169.58,0.234,96.3367,96.5532,0.2165,3.6633,3.4468
9484,0.00369,781.83,187.21,0.2395,95.9411,96.1809,0.2398,4.0589,3.8191
9485,0.003098,829.6,251.28,0.3029,96.5917,96.7931,0.2014,3.4083,3.2069
9486,0.003932,990.62,257.32,0.2598,95.675,95.9306,0.2556,4.325,4.0694
9487,0.004072,702.92,212.08,0.3017,95.521,95.7857,0.2647,4.479,4.2143
9488,0.003708,776.65,218.49,0.2813,95.921,96.162,0.241,4.079,3.838
9489,0.004024,822.25,279.24,0.3396,95.5735,95.8351,0.2616,4.4265,4.1649
9490,0.00392,715.75,243.83,0.3407,95.6883,95.9431,0.2548,4.3117,4.0569
9491,0.003094,917.5,223.73,0.2438,96.5971,96.7981,0.2011,3.4029,3.2019
9492,0.003986,869.58,223.24,0.2567,95.6149,95.8741,0.2591,4.3851,4.1259
9493,0.003862,696.15,209.26,0.3006,95.7522,96.0032,0.251,4.2478,3.9968
9494,0.002909,916.96,194.82,0.2125,96.8005,96.9896,0.1891,3.1995,3.0104
9495,0.003672,853.62,227.04,0.266,95.9612,96.1999,0.2387,4.0388,3.8001
9496,0.003327,800.24,198.92,0.2486,96.3399,96.5561,0.2163,3.6601,3.4439
9497,0.003967,707.17,289.51,0.4094,95.6366,95.8944,0.2578,4.3634,4.1056
9498,0.003031,970.53,252.1,0.2598,96.6655,96.8626,0.197,3.3345,3.1374
9499,0.003046,727.43,290.72,0.3997,96.6489,96.8469,0.198,3.3511,3.1531
9500,0.004081,857.93,231.04,0.2693,95.5111,95.7764,0.2653,4.4889,4.2236
9501,0.003406,694.11,288.8,0.4161,96.2535,96.4749,0.2214,3.7465,3.5251
9502,0.003968,888.57,208.52,0.2347,95.6354,95.8933,0.2579,4.3646,4.1067
9503,0.004091,885.95,264.18,0.2982,95.4996,95.7655,0.2659,4.5004,4.2345
9504,0.003046,850.51,173.45,0.2039,96.6496,96.8476,0.198,3.3504,3.1524
9505,0.00377,861.09,192.98,0.2241,95.8533,96.0983,0.245,4.1467,3.9017
9506,0.004037,791.64,156.67,0.1979,95.5595,95.8219,0.2624,4.4405,4.1781
9507,0.002911,754.87,251.18,0.3327,96.798,96.9872,0.1892,3.202,3.0128
9508,0.00394,863.73,280.06,0.3242,95.6657,95.9218,0.2561,4.3343,4.0782
9509,0.003444,949.51,263.2,0.2772,96.2112,96.4351,0.2239,3.7888,3.5649
9510,0.003035,933.57,287.69,0.3082,96.6619,96.8592,0.1973,3.3381,3.1408
9511,0.003091,827.08,207.25,0.2506,96.5997,96.8006,0.2009,3.4003,3.1994
9512,0.003411,779.61,268.15,0.3439,96.2478,96.4695,0.2217,3.7522,3.5305
9513,0.004101,934.65,231.77,0.248,95.4886,95.7552,0.2666,4.5114,4.2448
9514,0.002991,1001.21,255.36,0.2551,96.7103,96.9047,0.1944,3.2897,3.0953
9515,0.003889,743.29,171.6,0.2309,95.7222,95.975,0.2528,4.2778,4.025
9516,0.003448,808.76,154.36,0.1909,96.2073,96.4314,0.2241,3.7927,3.5686
9517,0.00314,682.14,299.09,0.4385,96.5455,96.7496,0.2041,3.4545,3.2504
9518,0.003476,870.75,274.67,0.3154,96.176,96.402,0.226,3.824,3.598
9519,0.003413,707.2,261.51,0.3698,96.246,96.4679,0.2218,3.754,3.5321
9520,0.003369,906.38,184.13,0.2032,96.2937,96.5127,0.219,3.7063,3.4873
9521,0.003111,896.83,202.04,0.2253,96.5783,96.7805,0.2022,3.4217,3.2195
9522,0.004018,937.29,293.39,0.313,95.5801,95.8412,0.2612,4.4199,4.1588
9523,0.003786,843.32,201.32,0.2387,95.8355,96.0816,0.2461,4.1645,3.9184
9524,0.003395,745.58,247.56,0.332,96.2651,96.4858,0.2207,3.7349,3.5142
9525,0.004002,969.47,217.94,0.2248,95.5975,95.8576,0.2601,4.4025,4.1424
9526,0.003702,940.82,158.39,0.1684,95.9278,96.1684,0.2406,4.0722,3.8316
9527,0.003263,795.48,203.47,0.2558,96.4109,96.623,0.2121,3.5891,3.377
9528,0.003618,754.23,291.23,0.3861,96.0206,96.2558,0.2351,3.9794,3.7442
9529,0.003886,755.01,245.4,0.325,95.725,95.9776,0.2526,4.275,4.0224
9530,0.003955,737.87,201.66,0.2733,95.6496,95.9067,0.2571,4.3504,4.0933
9531,0.004094,832.38,286.74,0.3445,95.4963,95.7624,0.2661,4.5037,4.2376
9532,0.003237,735.49,188.19,0.2559,96.4393,96.6497,0.2104,3.5607,3.3503
9533,0.003869,1010.13,199.66,0.1977,95.7445,95.996,0.2515,4.2555,4.004
9534,0.003273,988.8,228.18,0.2308,96.3999,96.6126,0.2127,3.6001,3.3874
9535,0.003817,918.12,183.44,0.1998,95.8013,96.0494,0.2481,4.1987,3.9506
9536,0.00361,832.96,287.33,0.3449,96.0286,96.2633,0.2347,3.9714,3.7367
9537,0.003441,693.15,165.64,0.239,96.2144,96.4381,0.2237,3.7856,3.5619
9538,0.003382,1010.16,230.62,0.2283,96.28,96.4998,0.2198,3.72,3.5002
9539,0.004136,802.29,237.57,0.2961,95.4503,95.7192,0.2688,4.5497,4.2808
9540,0.003693,973.84,209.96,0.2156,95.938,96.1781,0.24,4.062,3.8219
9541,0.003703,759.17,208.65,0.2748,95.9268,96.1675,0.2407,4.0732,3.8325
9542,0.003901,977.08,207.02,0.2119,95.7084,95.962,0.2536,4.2916,4.038
9543,0.002814,1007.73,191.78,0.1903,96.9044,97.0873,0.1829,3.0956,2.9127
9544,0.00374,985.24,261.92,0.2658,95.8863,96.1294,0.2431,4.1137,3.8706
9545,0.003404,933.68,181.08,0.1939,96.2559,96.4771,0.2212,3.7441,3.5229
9546,0.003796,892.02,160.58,0.18,95.824,96.0708,0.2468,4.176,3.9292
9547,0.003766,776.36,240.34,0.3096,95.8577,96.1025,0.2448,4.1423,3.8975
9548,0.003293,838.18,253.42,0.3023,96.3775,96.5916,0.2141,3.6225,3.4084
9549,0.002841,904.14,213.49,0.2361,96.8753,97.06,0.1846,3.1247,2.94
9550,0.003026,910.31,189.27,0.2079,96.671,96.8677,0.1967,3.329,3.1323
9551,0.003238,965.7,251.62,0.2606,96.4383,96.6488,0.2105,3.5617,3.3512
9552,0.003191,734.28,191.19,0.2604,96.4903,96.6977,0.2074,3.5097,3.3023
9553,0.003483,688.17,233.27,0.339,96.1682,96.3946,0.2264,3.8318,3.6054
9554,0.003252,700.11,169.32,0.2418,96.4225,96.6339,0.2114,3.5775,3.3661
9555,0.003806,756.63,293.28,0.3876,95.8136,96.061,0.2474,4.1864,3.939
9556,0.003606,689.84,167.6,0.243,96.0331,96.2675,0.2344,3.9669,3.7325
9557,0.00381,851.55,163.67,0.1922,95.8091,96.0568,0.2476,4.1909,3.9432
9558,0.003863,728.89,183.58,0.2519,95.7508,96.0019,0.2511,4.2492,3.9981
9559,0.003298,866.91,158.0,0.1823,96.372,96.5864,0.2144,3.628,3.4136
9560,0.004048,866.36,299.73,0.346,95.5477,95.8108,0.2631,4.4523,4.1892
9561,0.002853,909.04,292.0,0.3212,96.8612,97.0467,0.1855,3.1388,2.9533
9562,0.003312,754.28,218.56,0.2898,96.3564,96.5717,0.2153,3.6436,3.4283
9563,0.003973,747.23,210.56,0.2818,95.6299,95.8882,0.2582,4.3701,4.1118
9564,0.00283,896.2,217.48,0.2427,96.8874,97.0713,0.1839,3.1126,2.9287
9565,0.003032,940.76,160.63,0.1707,96.6648,96.8619,0.1971,3.3352,3.1381
9566,0.003246,809.53,241.22,0.298,96.4291,96.6401,0.211,3.5709,3.3599
9567,0.003724,805.15,254.53,0.3161,95.9035,96.1456,0.2421,4.0965,3.8544
9568,0.003614,985.31,203.02,0.206,96.0247,96.2596,0.2349,3.9753,3.7404
9569,0.003492,873.24,241.74,0.2768,96.1583,96.3853,0.227,3.8417,3.6147
9570,0.003319,805.07,283.65,0.3523,96.3489,96.5646,0.2157,3.6511,3.4354
9571,0.003254,900.5,253.25,0.2812,96.4207,96.6322,0.2115,3.5793,3.3678
9572,0.003341,871.47,244.73,0.2808,96.3244,96.5416,0.2172,3.6756,3.4584
9573,0.00342,782.12,204.68,0.2617,96.2376,96.4599,0.2223,3.7624,3.5401
9574,0.004046,965.55,284.64,0.2948,95.5493,95.8123,0.263,4.4507,4.1877
9575,0.003583,892.25,291.31,0.3265,96.0589,96.2918,0.2329,3.9411,3.7082
9576,0.003766,724.53,277.99,0.3837,95.8579,96.1027,0.2448,4.1421,3.8973
9577,0.004056,728.76,289.95,0.3979,95.5388,95.8024,0.2636,4.4612,4.1976
9578,0.004119,984.03,266.05,0.2704,95.4687,95.7365,0.2678,4.5313,4.2635
9579,0.003703,850.21,266.23,0.3131,95.9263,96.1671,0.2407,4.0737,3.8329
9580,0.002904,901.04,164.44,0.1825,96.8056,96.9943,0.1888,3.1944,3.0057
9581,0.002894,893.91,177.75,0.1988,96.8167,97.0048,0.1881,3.1833,2.9952
9582,0.003219,988.61,223.71,0.2263,96.459,96.6682,0.2092,3.541,3.3318
9583,0.003795,788.69,159.01,0.2016,95.8258,96.0724,0.2467,4.1742,3.9276
9584,0.003086,948.43,249.72,0.2633,96.6051,96.8057,0.2006,3.3949,3.1943
9585,0.003463,811.14,243.44,0.3001,96.1907,96.4158,0.2251,3.8093,3.5842
9586,0.003167,748.84,226.93,0.303,96.5164,96.7223,0.2058,3.4836,3.2777
9587,0.003884,728.11,292.66,0.4019,95.7271,95.9796,0.2525,4.2729,4.0204
9588,0.003064,927.79,252.48,0.2721,96.6296,96.8288,0.1992,3.3704,3.1712
9589,0.003139,925.99,163.73,0.1768,96.5474,96.7514,0.204,3.4526,3.2486
9590,0.003036,1017.29,281.71,0.2769,96.6605,96.8578,0.1973,3.3395,3.1422
9591,0.0032,930.51,175.93,0.1891,96.48,96.688,0.208,3.52,3.312
9592,0.00308,942.79,185.03,0.1963,96.6116,96.8118,0.2002,3.3884,3.1882
9593,0.003702,950.06,153.31,0.1614,95.9283,96.1689,0.2406,4.0717,3.8311
9594,0.003151,739.85,257.48,0.348,96.5342,96.739,0.2048,3.4658,3.261
9595,0.003952,986.4,204.25,0.2071,95.653,95.9098,0.2569,4.347,4.0902
9596,0.003963,736.02,221.73,0.3013,95.6411,95.8987,0.2576,4.3589,4.1013
9597,0.003244,873.18,256.11,0.2933,96.4318,96.6427,0.2108,3.5682,3.3573
9598,0.003195,957.88,241.17,0.2518,96.4852,96.6929,0.2077,3.5148,3.3071
9599,0.003154,726.34,286.63,0.3946,96.5306,96.7356,0.205,3.4694,3.2644
9600,0.003131,732.31,195.37,0.2668,96.5555,96.7591,0.2035,3.4445,3.2409
9601,0.002811,868.25,239.15,0.2754,96.9074,97.0902,0.1827,3.0926,2.9098
9602,0.004137,945.79,180.59,0.1909,95.4496,95.7185,0.2689,4.5504,4.2815
9603,0.003224,1007.5,296.61,0.2944,96.454,96.6635,0.2095,3.546,3.3365
9604,0.003167,850.8,205.03,0.241,96.5165,96.7224,0.2058,3.4835,3.2776
9605,0.002896,752.88,265.07,0.3521,96.8143,97.0025,0.1882,3.1857,2.9975
9606,0.003673,915.25,283.87,0.3102,95.9599,96.1987,0.2387,4.0401,3.8013
9607,0.003399,821.44,177.85,0.2165,96.2616,96.4825,0.2209,3.7384,3.5175
9608,0.003135,958.59,167.4,0.1746,96.5516,96.7554,0.2038,3.4484,3.2446
9609,0.002963,688.81,174.81,0.2538,96.7406,96.9332,0.1926,3.2594,3.0668
9610,0.002921,916.57,180.57,0.197,96.7871,96.9769,0.1899,3.2129,3.0231
9611,0.002917,756.09,163.84,0.2167,96.7913,96.9809,0.1896,3.2087,3.0191
9612,0.003629,783.81,155.16,0.198,96.0082,96.2441,0.2359,3.9918,3.7559
9613,0.003665,1003.27,157.61,0.1571,95.9682,96.2064,0.2382,4.0318,3.7936
9614,0.003563,859.62,160.54,0.1868,96.0806,96.3122,0.2316,3.9194,3.6878
9615,0.003332,820.14,271.44,0.331,96.335,96.5516,0.2166,3.665,3.4484
9616,0.003021,719.79,235.84,0.3277,96.677,96.8734,0.1964,3.323,3.1266
9617,0.003747,975.41,155.42,0.1593,95.8788,96.1223,0.2435,4.1212,3.8777
9618,0.003016,908.04,178.83,0.1969,96.6827,96.8787,0.196,3.3173,3.1213
9619,0.00335,870.94,272.5,0.3129,96.3155,96.5332,0.2177,3.6845,3.4668
9620,0.00309,830.37,172.74,0.208,96.6014,96.8022,0.2008,3.3986,3.1978
9621,0.003865,979.54,243.91,0.249,95.749,96.0002,0.2512,4.251,3.9998
9622,0.003485,1017.18,296.07,0.2911,96.1669,96.3934,0.2265,3.8331,3.6066
9623,0.003796,916.56,160.38,0.175,95.8243,96.071,0.2467,4.1757,3.929
9624,0.003478,683.86,248.28,0.3631,96.1743,96.4003,0.2261,3.8257,3.5997
9625,0.003767,986.65,163.84,0.1661,95.8562,96.1011,0.2449,4.1438,3.8989
9626,0.002961,852.1,264.41,0.3103,96.7427,96.9351,0.1925,3.2573,3.0649
9627,0.003207,789.16,280.02,0.3548,96.4725,96.681,0.2084,3.5275,3.319
9628,0.002957,925.54,267.26,0.2888,96.7475,96.9397,0.1922,3.2525,3.0603
9629,0.002832,981.7,187.35,0.1908,96.8847,97.0688,0.1841,3.1153,2.9312
9630,0.004134,769.59,205.18,0.2666,95.4529,95.7216,0.2687,4.5471,4.2784
9631,0.002839,847.65,188.42,0.2223,96.8772,97.0617,0.1845,3.1228,2.9383
9632,0.003527,941.78,201.74,0.2142,96.1204,96.3496,0.2293,3.8796,3.6504
9633,0.003957,848.62,202.01,0.238,95.6474,95.9046,0.2572,4.3526,4.0954
9634,0.003785,801.76,278.95,0.3479,95.8368,96.0828,0.246,4.1632,3.9172
9635,0.003443,756.87,273.83,0.3618,96.2128,96.4366,0.2238,3.7872,3.5634
9636,0.003858,751.05,209.16,0.2785,95.7559,96.0067,0.2508,4.2441,3.9933
9637,0.003969,905.13,293.95,0.3248,95.6337,95.8917,0.258,4.3663,4.1083
9638,0.003505,706.12,247.85,0.351,96.1441,96.372,0.2278,3.8559,3.628
9639,0.003994,933.08,265.38,0.2844,95.6067,95.8663,0.2596,4.3933,4.1337
9640,0.003242,982.2,263.26,0.268,96.4342,96.6449,0.2107,3.5658,3.3551
9641,0.004167,1010.16,293.12,0.2902,95.4161,95.687,0.2709,4.5839,4.313
9642,0.003864,874.93,206.87,0.2364,95.7501,96.0012,0.2511,4.2499,3.9988
9643,0.00388,700.55,209.84,0.2995,95.7319,95.9841,0.2522,4.2681,4.0159
9644,0.003446,684.65,239.07,0.3492,96.209,96.4331,0.224,3.791,3.5669
9645,0.003193,990.76,279.4,0.282,96.4874,96.6949,0.2076,3.5126,3.3051
9646,0.004155,815.05,240.69,0.2953,95.4295,95.6996,0.2701,4.5705,4.3004
9647,0.004006,726.55,264.88,0.3646,95.5936,95.854,0.2604,4.4064,4.146
9648,0.003105,836.81,154.39,0.1845,96.584,96.7858,0.2019,3.416,3.2142
9649,0.002951,911.6,228.44,0.2506,96.7535,96.9454,0.1918,3.2465,3.0546
9650,0.002812,688.99,224.32,0.3256,96.9063,97.0891,0.1828,3.0937,2.9109
9651,0.004078,773.28,157.28,0.2034,95.5139,95.779,0.2651,4.4861,4.221
9652,0.003389,764.88,182.43,0.2385,96.2719,96.4922,0.2203,3.7281,3.5078
9653,0.003102,690.41,262.9,0.3808,96.5881,96.7898,0.2016,3.4119,3.2102
9654,0.003273,861.74,223.64,0.2595,96.4,96.6128,0.2127,3.6,3.3872
9655,0.003199,916.59,254.02,0.2771,96.4806,96.6886,0.208,3.5194,3.3114
9656,0.003573,891.84,247.66,0.2777,96.0698,96.3021,0.2322,3.9302,3.6979
9657,0.003141,793.92,259.83,0.3273,96.5452,96.7493,0.2041,3.4548,3.2507
9658,0.003977,847.58,171.32,0.2021,95.6253,95.8838,0.2585,4.3747,4.1162
9659,0.003991,790.51,231.26,0.2925,95.6096,95.869,0.2594,4.3904,4.131
9660,0.003769,913.2,232.56,0.2547,95.8536,96.0986,0.245,4.1464,3.9014
9661,0.003273,773.28,197.45,0.2553,96.4,96.6127,0.2127,3.6,3.3873
9662,0.004018,751.93,265.39,0.3529,95.5798,95.841,0.2612,4.4202,4.159
9663,0.004052,1004.64,267.26,0.266,95.543,95.8064,0.2634,4.457,4.1936
9664,0.004149,992.57,227.91,0.2296,95.4357,95.7054,0.2697,4.5643,4.2946
9665,0.003031,935.34,214.25,0.2291,96.6658,96.8628,0.197,3.3342,3.1372
9666,0.00356,989.02,232.17,0.2347,96.0843,96.3157,0.2314,3.9157,3.6843
9667,0.003485,814.77,234.39,0.2877,96.1669,96.3934,0.2265,3.8331,3.6066
9668,0.003689,729.43,186.08,0.2551,95.9422,96.182,0.2398,4.0578,3.818
9669,0.002824,767.75,185.31,0.2414,96.8938,97.0774,0.1835,3.1062,2.9226
9670,0.003157,803.79,196.68,0.2447,96.5268,96.732,0.2052,3.4732,3.268
9671,0.00339,951.85,227.59,0.2391,96.2715,96.4918,0.2203,3.7285,3.5082
9672,0.003833,1000.87,189.86,0.1897,95.7834,96.0326,0.2492,4.2166,3.9674
9673,0.00335,846.97,163.25,0.1927,96.3149,96.5327,0.2178,3.6851,3.4673
9674,0.002854,757.51,218.61,0.2886,96.8606,97.0461,0.1855,3.1394,2.9539
9675,0.003283,737.34,216.34,0.2934,96.3884,96.6018,0.2134,3.6116,3.3982
9676,0.003359,721.42,203.75,0.2824,96.3046,96.5229,0.2184,3.6954,3.4771
9677,0.003223,854.38,166.64,0.195,96.4551,96.6645,0.2095,3.5449,3.3355
9678,0.003887,766.04,161.92,0.2114,95.7246,95.9772,0.2526,4.2754,4.0228
9679,0.003415,864.98,256.01,0.296,96.2433,96.4653,0.222,3.7567,3.5347
9680,0.003796,919.04,283.74,0.3087,95.8245,96.0713,0.2467,4.1755,3.9287
9681,0.002902,863.27,167.74,0.1943,96.8081,96.9967,0.1886,3.1919,3.0033
9682,0.00323,991.93,278.96,0.2812,96.4473,96.6573,0.2099,3.5527,3.3427
9683,0.004028,705.88,227.46,0.3222,95.5687,95.8306,0.2618,4.4313,4.1694
9684,0.003033,934.5,153.32,0.1641,96.6638,96.8609,0.1971,3.3362,3.1391
9685,0.003266,795.53,244.59,0.3075,96.4074,96.6197,0.2123,3.5926,3.3803
9686,0.003331,799.22,188.73,0.2361,96.3362,96.5527,0.2165,3.6638,3.4473
9687,0.003838,850.26,187.02,0.22,95.7781,96.0275,0.2495,4.2219,3.9725
9688,0.003509,766.87,277.39,0.3617,96.1399,96.368,0.2281,3.8601,3.632
9689,0.00389,967.51,184.72,0.1909,95.7206,95.9734,0.2529,4.2794,4.0266
9690,0.003433,1016.14,271.04,0.2667,96.2238,96.4469,0.2231,3.7762,3.5531
9691,0.003078,978.28,251.5,0.2571,96.6145,96.8145,0.2001,3.3855,3.1855
9692,0.003685,787.02,298.78,0.3796,95.9469,96.1864,0.2395,4.0531,3.8136
9693,0.003987,800.42,211.54,0.2643,95.6147,95.8738,0.2591,4.3853,4.1262
9694,0.003394,683.01,298.87,0.4376,96.2671,96.4876,0.2206,3.7329,3.5124
9695,0.003992,711.52,293.29,0.4122,95.6091,95.8686,0.2595,4.3909,4.1314
9696,0.003701,726.81,224.48,0.3089,95.929,96.1695,0.2406,4.071,3.8305
9697,0.00301,754.99,228.4,0.3025,96.6893,96.8849,0.1956,3.3107,3.1151
9698,0.00392,840.34,190.06,0.2262,95.6882,95.943,0.2548,4.3118,4.057
9699,0.002976,713.65,278.59,0.3904,96.7264,96.9198,0.1934,3.2736,3.0802
9700,0.004152,831.31,280.84,0.3378,95.4325,95.7024,0.2699,4.5675,4.2976
9701,0.003091,951.27,184.76,0.1942,96.6002,96.8011,0.2009,3.3998,3.1989
9702,0.003315,947.28,158.3,0.1671,96.3538,96.5693,0.2155,3.6462,3.4307
9703,0.003613,964.83,244.65,0.2536,96.0254,96.2602,0.2349,3.9746,3.7398
9704,0.00283,948.6,179.05,0.1888,96.8869,97.0709,0.184,3.1131,2.9291
9705,0.002841,923.49,236.04,0.2556,96.8748,97.0594,0.1847,3.1252,2.9406
9706,0.003369,992.37,204.11,0.2057,96.2942,96.5131,0.219,3.7058,3.4869
9707,0.003561,703.68,211.78,0.301,96.0829,96.3143,0.2315,3.9171,3.6857
9708,0.00377,768.27,283.74,0.3693,95.8525,96.0976,0.2451,4.1475,3.9024
9709,0.003883,686.55,191.26,0.2786,95.7286,95.981,0.2524,4.2714,4.019
9710,0.003539,765.64,190.8,0.2492,96.1074,96.3374,0.23,3.8926,3.6626
9711,0.00402,1006.81,271.94,0.2701,95.5777,95.839,0.2613,4.4223,4.161
9712,0.002847,914.95,175.91,0.1923,96.8678,97.0528,0.1851,3.1322,2.9472
9713,0.003482,873.94,256.88,0.2939,96.17,96.3963,0.2263,3.83,3.6037
9714,0.003607,977.93,168.62,0.1724,96.0323,96.2668,0.2345,3.9677,3.7332
9715,0.003936,881.93,203.31,0.2305,95.6706,95.9264,0.2558,4.3294,4.0736
9716,0.003199,934.61,214.16,0.2291,96.481,96.6889,0.2079,3.519,3.3111
9717,0.003261,726.98,162.68,0.2238,96.4129,96.6248,0.212,3.5871,3.3752
9718,0.003839,916.88,276.39,0.3014,95.7775,96.027,0.2495,4.2225,3.973
9719,0.003777,800.27,215.27,0.269,95.8448,96.0904,0.2455,4.1552,3.9096
9720,0.003465,737.31,151.16,0.205,96.189,96.4142,0.2252,3.811,3.5858
9721,0.002817,821.07,289.53,0.3526,96.9015,97.0846,0.1831,3.0985,2.9154
9722,0.004045,981.9,257.77,0.2625,95.5509,95.8138,0.2629,4.4491,4.1862
9723,0.002894,1017.56,180.7,0.1776,96.8171,97.0052,0.1881,3.1829,2.9948
9724,0.003228,877.19,267.47,0.3049,96.4487,96.6586,0.2098,3.5513,3.3414
9725,0.003776,788.43,177.62,0.2253,95.8464,96.0919,0.2454,4.1536,3.9081
9726,0.003238,719.96,211.39,0.2936,96.4379,96.6484,0.2105,3.5621,3.3516
9727,0.003098,757.5,174.35,0.2302,96.5922,96.7936,0.2014,3.4078,3.2064
9728,0.00319,928.98,240.91,0.2593,96.4911,96.6985,0.2073,3.5089,3.3015
9729,0.003806,913.53,252.53,0.2764,95.8136,96.061,0.2474,4.1864,3.939
9730,0.002865,710.77,151.91,0.2137,96.8489,97.0351,0.1862,3.1511,2.9649
9731,0.003579,1001.62,168.82,0.1685,96.0635,96.2961,0.2326,3.9365,3.7039
9732,0.003797,776.52,248.42,0.3199,95.8234,96.0702,0.2468,4.1766,3.9298
9733,0.003428,1003.69,260.65,0.2597,96.2294,96.4522,0.2228,3.7706,3.5478
9734,0.003135,971.19,281.09,0.2894,96.5513,96.7551,0.2038,3.4487,3.2449
9735,0.003889,999.57,195.26,0.1953,95.7216,95.9744,0.2528,4.2784,4.0256
9736,0.003195,917.61,277.98,0.3029,96.486,96.6936,0.2076,3.514,3.3064
9737,0.003043,919.91,245.56,0.2669,96.6525,96.8503,0.1978,3.3475,3.1497
9738,0.004045,763.38,257.04,0.3367,95.5501,95.813,0.2629,4.4499,4.187
9739,0.003883,947.64,283.05,0.2987,95.7282,95.9807,0.2524,4.2718,4.0193
9740,0.004049,748.68,181.99,0.2431,95.5464,95.8096,0.2632,4.4536,4.1904
9741,0.003037,861.86,220.78,0.2562,96.6598,96.8571,0.1974,3.3402,3.1429
9742,0.003303,817.83,223.79,0.2736,96.3668,96.5815,0.2147,3.6332,3.4185
9743,0.004191,722.4,181.22,0.2509,95.3899,95.6624,0.2724,4.6101,4.3376
9744,0.004086,820.95,198.86,0.2422,95.5058,95.7714,0.2656,4.4942,4.2286
9745,0.003183,835.16,256.65,0.3073,96.4982,96.7051,0.2069,3.5018,3.2949
9746,0.002934,708.15,227.65,0.3215,96.7724,96.9631,0.1907,3.2276,3.0369
9747,0.002982,927.78,297.69,0.3209,96.72,96.9138,0.1938,3.28,3.0862
9748,0.00397,974.2,294.02,0.3018,95.6329,95.8909,0.2581,4.3671,4.1091
9749,0.004144,909.55,228.26,0.251,95.4419,95.7113,0.2693,4.5581,4.2887
9750,0.003632,704.81,258.23,0.3664,96.0044,96.2405,0.2361,3.9956,3.7595
9751,0.002803,927.43,168.12,0.1813,96.9169,97.0991,0.1822,3.0831,2.9009
9752,0.004184,720.55,195.1,0.2708,95.3972,95.6692,0.272,4.6028,4.3308
9753,0.003362,766.56,256.88,0.3351,96.302,96.5205,0.2185,3.698,3.4795
9754,0.002914,715.04,237.38,0.332,96.7941,96.9836,0.1894,3.2059,3.0164
9755,0.003507,700.52,236.48,0.3376,96.1426,96.3705,0.2279,3.8574,3.6295
9756,0.003309,783.17,259.72,0.3316,96.3606,96.5757,0.2151,3.6394,3.4243
9757,0.003223,992.23,181.93,0.1834,96.455,96.6644,0.2095,3.545,3.3356
9758,0.003824,941.67,227.43,0.2415,95.7932,96.0418,0.2486,4.2068,3.9582
9759,0.003565,901.52,200.47,0.2224,96.0782,96.3099,0.2317,3.9218,3.6901
9760,0.003795,762.0,300.0,0.3937,95.8259,96.0726,0.2467,4.1741,3.9274
9761,0.003737,1009.97,233.94,0.2316,95.8896,96.1325,0.2429,4.1104,3.8675
9762,0.003974,927.52,218.77,0.2359,95.6283,95.8866,0.2583,4.3717,4.1134
9763,0.002879,870.51,283.1,0.3252,96.833,97.0201,0.1871,3.167,2.9799
9764,0.003686,795.82,175.89,0.221,95.9459,96.1855,0.2396,4.0541,3.8145
9765,0.004104,733.32,262.64,0.3582,95.4856,95.7524,0.2668,4.5144,4.2476
9766,0.003818,868.68,154.62,0.178,95.8003,96.0485,0.2482,4.1997,3.9515
9767,0.004156,936.68,210.93,0.2252,95.4279,95.698,0.2702,4.5721,4.302
9768,0.0036,879.09,242.18,0.2755,96.0395,96.2735,0.234,3.9605,3.7265
9769,0.003732,820.06,152.93,0.1865,95.8946,96.1372,0.2426,4.1054,3.8628
9770,0.003558,802.6,257.84,0.3213,96.0866,96.3179,0.2312,3.9134,3.6821
9771,0.003085,1017.54,274.34,0.2696,96.607,96.8075,0.2005,3.393,3.1925
9772,0.003705,802.74,159.48,0.1987,95.9243,96.1651,0.2408,4.0757,3.8349
9773,0.00323,937.71,250.3,0.2669,96.4465,96.6565,0.21,3.5535,3.3435
9774,0.002987,716.86,257.59,0.3593,96.7143,96.9084,0.1942,3.2857,3.0916
9775,0.003961,744.23,298.95,0.4017,95.6432,95.9006,0.2574,4.3568,4.0994
9776,0.003461,962.87,262.39,0.2725,96.1925,96.4175,0.225,3.8075,3.5825
9777,0.00398,687.2,157.0,0.2285,95.6221,95.8808,0.2587,4.3779,4.1192
9778,0.003144,856.86,159.12,0.1857,96.5412,96.7456,0.2044,3.4588,3.2544
9779,0.003684,935.62,212.54,0.2272,95.9475,96.1869,0.2395,4.0525,3.8131
9780,0.003799,939.66,262.72,0.2796,95.8211,96.068,0.2469,4.1789,3.932
9781,0.004115,756.43,155.49,0.2056,95.4736,95.7411,0.2675,4.5264,4.2589
9782,0.003921,950.12,255.95,0.2694,95.6872,95.942,0.2548,4.3128,4.058
9783,0.003599,982.36,227.23,0.2313,96.0412,96.2751,0.2339,3.9588,3.7249
9784,0.003182,772.25,173.18,0.2243,96.4996,96.7065,0.2068,3.5004,3.2935
9785,0.003773,827.97,258.38,0.3121,95.8493,96.0946,0.2453,4.1507,3.9054
9786,0.003557,974.18,290.08,0.2978,96.0871,96.3183,0.2312,3.9129,3.6817
9787,0.003046,819.35,158.89,0.1939,96.649,96.847,0.198,3.351,3.153
9788,0.003465,777.38,279.52,0.3596,96.1889,96.4141,0.2252,3.8111,3.5859
9789,0.003937,814.29,216.25,0.2656,95.6694,95.9253,0.2559,4.3306,4.0747
9790,0.003398,814.36,251.55,0.3089,96.2623,96.4832,0.2209,3.7377,3.5168
9791,0.002926,883.35,174.02,0.197,96.7817,96.9719,0.1902,3.2183,3.0281
9792,0.002944,1019.3,190.72,0.1871,96.7614,96.9528,0.1914,3.2386,3.0472
9793,0.003467,799.01,278.87,0.349,96.186,96.4114,0.2254,3.814,3.5886
9794,0.003929,745.9,200.08,0.2682,95.678,95.9334,0.2554,4.322,4.0666
9795,0.002985,730.72,177.89,0.2434,96.7161,96.9102,0.194,3.2839,3.0898
9796,0.004165,815.05,298.75,0.3665,95.4185,95.6893,0.2707,4.5815,4.3107
9797,0.003116,753.68,276.77,0.3672,96.5723,96.7749,0.2025,3.4277,3.2251
9798,0.003345,1003.69,188.35,0.1877,96.321,96.5384,0.2174,3.679,3.4616
9799,0.003041,994.98,292.87,0.2943,96.6554,96.853,0.1976,3.3446,3.147
9800,0.003112,683.44,286.58,0.4193,96.5771,96.7793,0.2023,3.4229,3.2207
9801,0.003863,1019.69,219.22,0.215,95.7512,96.0023,0.2511,4.2488,3.9977
9802,0.003885,767.69,264.09,0.344,95.7261,95.9786,0.2526,4.2739,4.0214
9803,0.003825,757.21,162.98,0.2152,95.792,96.0407,0.2487,4.208,3.9593
9804,0.003521,729.86,172.27,0.236,96.127,96.3559,0.2289,3.873,3.6441
9805,0.003451,933.17,205.21,0.2199,96.2039,96.4282,0.2243,3.7961,3.5718
9806,0.002975,920.75,180.02,0.1955,96.7273,96.9207,0.1934,3.2727,3.0793
9807,0.003864,875.42,297.52,0.3399,95.7495,96.0007,0.2512,4.2505,3.9993
9808,0.002887,951.51,276.08,0.2902,96.8248,97.0124,0.1876,3.1752,2.9876
9809,0.004032,815.81,288.62,0.3538,95.5652,95.8273,0.2621,4.4348,4.1727
9810,0.003371,996.44,179.12,0.1798,96.2914,96.5105,0.2191,3.7086,3.4895
9811,0.00349,758.39,298.94,0.3942,96.1614,96.3883,0.2268,3.8386,3.6117
9812,0.002981,861.15,203.24,0.236,96.7205,96.9143,0.1938,3.2795,3.0857
9813,0.00336,942.93,265.62,0.2817,96.3036,96.522,0.2184,3.6964,3.478
9814,0.003123,727.54,267.98,0.3683,96.5644,96.7675,0.203,3.4356,3.2325
9815,0.003997,754.5,251.13,0.3328,95.6035,95.8633,0.2598,4.3965,4.1367
9816,0.003061,935.31,181.18,0.1937,96.6332,96.8321,0.1989,3.3668,3.1679
9817,0.002849,955.37,257.62,0.2697,96.8656,97.0508,0.1852,3.1344,2.9492
9818,0.003954,929.34,257.16,0.2767,95.6502,95.9072,0.257,4.3498,4.0928
9819,0.002874,864.69,237.61,0.2748,96.8381,97.0249,0.1868,3.1619,2.9751
9820,0.003,750.59,290.34,0.3868,96.7004,96.8954,0.195,3.2996,3.1046
9821,0.002848,932.64,151.67,0.1626,96.8676,97.0527,0.1851,3.1324,2.9473
9822,0.003077,759.3,264.25,0.348,96.6158,96.8158,0.2,3.3842,3.1842
9823,0.003756,894.97,230.61,0.2577,95.8685,96.1126,0.2441,4.1315,3.8874
9824,0.003935,751.58,192.14,0.2556,95.6715,95.9273,0.2558,4.3285,4.0727
9825,0.003358,940.45,162.37,0.1727,96.3061,96.5244,0.2183,3.6939,3.4756
9826,0.003304,845.53,232.11,0.2745,96.3655,96.5803,0.2148,3.6345,3.4197
9827,0.004091,771.59,182.87,0.237,95.5002,95.7661,0.2659,4.4998,4.2339
9828,0.002941,858.08,256.63,0.2991,96.7644,96.9556,0.1912,3.2356,3.0444
9829,0.003677,935.93,253.06,0.2704,95.9555,96.1945,0.239,4.0445,3.8055
9830,0.002959,1002.82,235.71,0.235,96.7449,96.9373,0.1923,3.2551,3.0627
9831,0.00334,685.63,296.59,0.4326,96.3261,96.5432,0.2171,3.6739,3.4568
9832,0.003679,780.57,276.62,0.3544,95.9531,96.1923,0.2391,4.0469,3.8077
9833,0.003299,782.83,274.8,0.351,96.3709,96.5854,0.2144,3.6291,3.4146
9834,0.003002,805.0,249.85,0.3104,96.6981,96.8932,0.1951,3.3019,3.1068
9835,0.003555,755.64,243.11,0.3217,96.0894,96.3204,0.2311,3.9106,3.6796
9836,0.00302,778.38,198.48,0.255,96.6777,96.874,0.1963,3.3223,3.126
9837,0.003799,893.94,217.55,0.2434,95.8215,96.0684,0.2469,4.1785,3.9316
9838,0.003707,1016.88,240.38,0.2364,95.9226,96.1635,0.2409,4.0774,3.8365
9839,0.003531,803.3,180.63,0.2249,96.1155,96.3451,0.2295,3.8845,3.6549
9840,0.003816,725.15,298.81,0.4121,95.8022,96.0503,0.2481,4.1978,3.9497
9841,0.003099,952.95,155.7,0.1634,96.5914,96.7928,0.2014,3.4086,3.2072
9842,0.003645,888.63,241.08,0.2713,95.991,96.2279,0.2369,4.009,3.7721
9843,0.004079,910.16,227.68,0.2502,95.5129,95.778,0.2651,4.4871,4.222
9844,0.003105,751.82,254.01,0.3379,96.5848,96.7866,0.2018,3.4152,3.2134
9845,0.002832,736.09,239.08,0.3248,96.8848,97.0689,0.1841,3.1152,2.9311
9846,0.003324,877.76,251.13,0.2861,96.3438,96.5599,0.216,3.6562,3.4401
9847,0.00415,951.28,266.91,0.2806,95.4355,95.7052,0.2697,4.5645,4.2948
9848,0.003753,927.34,169.17,0.1824,95.8714,96.1153,0.244,4.1286,3.8847
9849,0.002816,828.21,281.54,0.3399,96.902,97.0851,0.1831,3.098,2.9149
9850,0.003831,858.16,245.68,0.2863,95.7859,96.0349,0.249,4.2141,3.9651
9851,0.003874,817.11,218.66,0.2676,95.7382,95.99,0.2518,4.2618,4.01
9852,0.004187,848.03,220.65,0.2602,95.3947,95.6668,0.2721,4.6053,4.3332
9853,0.004019,961.8,236.55,0.2459,95.5789,95.8402,0.2612,4.4211,4.1598
9854,0.003545,763.85,233.93,0.3062,96.1009,96.3313,0.2304,3.8991,3.6687
9855,0.003302,889.32,283.59,0.3189,96.3681,96.5827,0.2146,3.6319,3.4173
9856,0.002801,859.43,177.78,0.2069,96.9185,97.1006,0.1821,3.0815,2.8994
9857,0.003005,839.7,175.33,0.2088,96.6942,96.8895,0.1953,3.3058,3.1105
9858,0.002944,799.84,263.91,0.3299,96.7611,96.9525,0.1914,3.2389,3.0475
9859,0.003139,910.18,194.24,0.2134,96.5473,96.7513,0.204,3.4527,3.2487
9860,0.003602,1015.17,184.18,0.1814,96.0379,96.2721,0.2341,3.9621,3.7279
9861,0.003645,889.13,287.54,0.3234,95.9903,96.2272,0.2369,4.0097,3.7728
9862,0.003205,748.36,234.43,0.3133,96.4749,96.6832,0.2083,3.5251,3.3168
9863,0.003249,932.99,212.21,0.2275,96.4266,96.6378,0.2112,3.5734,3.3622
9864,0.00341,905.26,205.2,0.2267,96.2494,96.471,0.2216,3.7506,3.529
9865,0.002904,699.79,223.59,0.3195,96.8053,96.9941,0.1888,3.1947,3.0059
9866,0.002844,730.87,277.83,0.3801,96.8718,97.0566,0.1848,3.1282,2.9434
9867,0.002822,729.8,271.0,0.3713,96.8958,97.0793,0.1834,3.1042,2.9207
9868,0.003455,749.37,250.72,0.3346,96.1997,96.4242,0.2246,3.8003,3.5758
9869,0.00311,932.59,175.16,0.1878,96.579,96.7811,0.2022,3.421,3.2189
9870,0.00383,903.32,219.18,0.2426,95.7868,96.0358,0.249,4.2132,3.9642
9871,0.003808,961.12,175.5,0.1826,95.8115,96.059,0.2475,4.1885,3.941
9872,0.003822,776.93,225.75,0.2906,95.7962,96.0446,0.2484,4.2038,3.9554
9873,0.003175,752.7,296.95,0.3945,96.5074,96.7138,0.2064,3.4926,3.2862
9874,0.003397,813.09,269.54,0.3315,96.2638,96.4846,0.2208,3.7362,3.5154
9875,0.003612,691.35,151.56,0.2192,96.0264,96.2612,0.2348,3.9736,3.7388
9876,0.003568,826.47,258.0,0.3122,96.075,96.3069,0.2319,3.925,3.6931
9877,0.003818,934.25,181.18,0.1939,95.8,96.0482,0.2482,4.2,3.9518
9878,0.004002,732.45,196.43,0.2682,95.5974,95.8575,0.2602,4.4026,4.1425
9879,0.004094,832.07,265.32,0.3189,95.4971,95.7632,0.2661,4.5029,4.2368
9880,0.004041,893.5,179.66,0.2011,95.5547,95.8174,0.2627,4.4453,4.1826
9881,0.003457,801.52,204.46,0.2551,96.1977,96.4224,0.2247,3.8023,3.5776
9882,0.004115,711.06,298.76,0.4202,95.4733,95.7407,0.2675,4.5267,4.2593
9883,0.003913,947.54,242.45,0.2559,95.6958,95.9501,0.2543,4.3042,4.0499
9884,0.002832,747.26,164.51,0.2201,96.8843,97.0684,0.1841,3.1157,2.9316
9885,0.003381,991.2,265.67,0.268,96.2812,96.5009,0.2197,3.7188,3.4991
9886,0.00372,804.35,292.44,0.3636,95.9083,96.1501,0.2418,4.0917,3.8499
9887,0.00295,777.09,262.68,0.338,96.7545,96.9463,0.1918,3.2455,3.0537
9888,0.00394,923.36,212.77,0.2304,95.6655,95.9216,0.2561,4.3345,4.0784
9889,0.004146,964.03,188.24,0.1953,95.4395,95.709,0.2695,4.5605,4.291
9890,0.003491,752.56,294.06,0.3907,96.1596,96.3865,0.2269,3.8404,3.6135
9891,0.003127,829.76,232.37,0.28,96.5599,96.7632,0.2033,3.4401,3.2368
9892,0.00288,942.14,283.78,0.3012,96.8323,97.0195,0.1872,3.1677,2.9805
9893,0.003796,724.46,291.51,0.4024,95.8242,96.071,0.2468,4.1758,3.929
9894,0.002842,792.8,215.51,0.2718,96.8738,97.0585,0.1847,3.1262,2.9415
9895,0.004086,709.88,178.71,0.2517,95.5057,95.7713,0.2656,4.4943,4.2287
9896,0.003559,983.94,261.02,0.2653,96.0848,96.3162,0.2314,3.9152,3.6838
9897,0.00342,881.76,288.35,0.327,96.2385,96.4608,0.2223,3.7615,3.5392
9898,0.003556,760.37,216.76,0.2851,96.0888,96.3199,0.2311,3.9112,3.6801
9899,0.003144,769.77,156.51,0.2033,96.5419,96.7463,0.2043,3.4581,3.2537
9900,0.003947,852.76,242.85,0.2848,95.6581,95.9147,0.2566,4.3419,4.0853
9901,0.003505,814.32,262.04,0.3218,96.1448,96.3726,0.2278,3.8552,3.6274
9902,0.002881,761.51,226.73,0.2977,96.8311,97.0183,0.1873,3.1689,2.9817
9903,0.003599,881.18,250.96,0.2848,96.0412,96.2751,0.2339,3.9588,3.7249
9904,0.003193,952.75,292.85,0.3074,96.4882,96.6957,0.2075,3.5118,3.3043
9905,0.003032,996.32,194.73,0.1954,96.6653,96.8623,0.1971,3.3347,3.1377
9906,0.004025,801.83,229.26,0.2859,95.5727,95.8343,0.2616,4.4273,4.1657
9907,0.003633,740.11,166.81,0.2254,96.0039,96.24,0.2361,3.9961,3.76
9908,0.003948,913.25,208.33,0.2281,95.6568,95.9135,0.2566,4.3432,4.0865
9909,0.003952,851.5,159.52,0.1873,95.6533,95.9101,0.2569,4.3467,4.0899
9910,0.00353,695.3,199.52,0.287,96.1175,96.3469,0.2294,3.8825,3.6531
9911,0.003234,891.45,207.26,0.2325,96.4421,96.6523,0.2102,3.5579,3.3477
9912,0.002801,781.88,270.36,0.3458,96.9189,97.101,0.1821,3.0811,2.899
9913,0.003097,816.8,216.19,0.2647,96.5936,96.7949,0.2013,3.4064,3.2051
9914,0.003443,929.78,237.43,0.2554,96.2123,96.4361,0.2238,3.7877,3.5639
9915,0.00372,979.66,213.9,0.2183,95.9081,96.1499,0.2418,4.0919,3.8501
9916,0.003061,719.37,200.7,0.279,96.6332,96.8321,0.1989,3.3668,3.1679
9917,0.004179,760.83,236.18,0.3104,95.4031,95.6747,0.2716,4.5969,4.3253
9918,0.003753,917.58,296.86,0.3235,95.8719,96.1158,0.2439,4.1281,3.8842
9919,0.003572,818.98,225.41,0.2752,96.0711,96.3032,0.2322,3.9289,3.6968
9920,0.004097,703.84,234.45,0.3331,95.4937,95.7599,0.2663,4.5063,4.2401
9921,0.003694,694.42,274.28,0.395,95.9362,96.1763,0.2401,4.0638,3.8237
9922,0.002972,857.19,183.24,0.2138,96.7312,96.9243,0.1932,3.2688,3.0757
9923,0.003103,724.55,231.57,0.3196,96.5863,96.788,0.2017,3.4137,3.212
9924,0.003801,904.91,150.19,0.166,95.8194,96.0665,0.247,4.1806,3.9335
9925,0.003941,855.31,197.35,0.2307,95.665,95.9212,0.2562,4.335,4.0788
9926,0.0028,973.29,175.1,0.1799,96.9195,97.1015,0.182,3.0805,2.8985
9927,0.003274,970.56,178.95,0.1844,96.3983,96.6112,0.2128,3.6017,3.3888
9928,0.003526,716.02,281.4,0.393,96.1213,96.3505,0.2292,3.8787,3.6495
9929,0.002844,742.68,194.15,0.2614,96.872,97.0568,0.1848,3.128,2.9432
9930,0.003295,838.34,294.47,0.3513,96.3751,96.5893,0.2142,3.6249,3.4107
9931,0.00293,807.43,158.22,0.196,96.7773,96.9678,0.1904,3.2227,3.0322
9932,0.003847,902.39,163.59,0.1813,95.7686,96.0186,0.25,4.2314,3.9814
9933,0.003213,873.19,236.76,0.2711,96.4654,96.6742,0.2089,3.5346,3.3258
9934,0.003066,816.4,267.66,0.3279,96.6279,96.8271,0.1993,3.3721,3.1729
9935,0.003323,978.21,200.41,0.2049,96.3445,96.5605,0.216,3.6555,3.4395
9936,0.003606,908.43,260.95,0.2873,96.0336,96.268,0.2344,3.9664,3.732
9937,0.00363,963.33,236.46,0.2455,96.0066,96.2426,0.236,3.9934,3.7574
9938,0.003545,707.7,214.96,0.3037,96.1003,96.3308,0.2304,3.8997,3.6692
9939,0.003724,706.11,151.17,0.2141,95.9032,96.1453,0.2421,4.0968,3.8547
9940,0.002816,785.8,292.19,0.3718,96.9023,97.0854,0.183,3.0977,2.9146
9941,0.003636,749.36,174.44,0.2328,95.9999,96.2363,0.2364,4.0001,3.7637
9942,0.00397,1005.81,233.77,0.2324,95.6332,95.8912,0.258,4.3668,4.1088
9943,0.003802,945.68,290.36,0.307,95.8183,96.0654,0.2471,4.1817,3.9346
9944,0.003312,846.73,286.77,0.3387,96.3569,96.5722,0.2153,3.6431,3.4278
9945,0.002942,823.67,173.05,0.2101,96.7638,96.9551,0.1912,3.2362,3.0449
9946,0.003627,750.56,171.07,0.2279,96.0099,96.2457,0.2358,3.9901,3.7543
9947,0.003867,775.01,202.95,0.2619,95.7459,95.9973,0.2514,4.2541,4.0027
9948,0.004146,694.31,280.73,0.4043,95.439,95.7085,0.2695,4.561,4.2915
9949,0.004003,954.85,156.2,0.1636,95.5962,95.8564,0.2602,4.4038,4.1436
9950,0.002873,1017.29,181.98,0.1789,96.8397,97.0264,0.1867,3.1603,2.9736
9951,0.004022,704.83,289.34,0.4105,95.5759,95.8373,0.2614,4.4241,4.1627
9952,0.003494,857.53,202.31,0.2359,96.1561,96.3833,0.2271,3.8439,3.6167
9953,0.003016,832.65,231.14,0.2776,96.6821,96.8781,0.1961,3.3179,3.1219
9954,0.003344,716.11,253.58,0.3541,96.3215,96.5388,0.2174,3.6785,3.4612
9955,0.004055,1013.76,285.77,0.2819,95.5397,95.8033,0.2636,4.4603,4.1967
9956,0.003905,931.82,258.12,0.277,95.705,95.9587,0.2538,4.295,4.0413
9957,0.00371,991.73,299.2,0.3017,95.9195,96.1606,0.2411,4.0805,3.8394
9958,0.003629,962.26,291.48,0.3029,96.0085,96.2443,0.2359,3.9915,3.7557
9959,0.003401,846.73,164.0,0.1937,96.2588,96.4799,0.2211,3.7412,3.5201
9960,0.002954,868.48,157.21,0.181,96.7503,96.9424,0.192,3.2497,3.0576
9961,0.003701,864.29,284.88,0.3296,95.9294,96.17,0.2405,4.0706,3.83
9962,0.003734,724.8,250.23,0.3452,95.8925,96.1352,0.2427,4.1075,3.8648
9963,0.003703,758.21,251.93,0.3323,95.9266,96.1673,0.2407,4.0734,3.8327
9964,0.003981,994.9,179.35,0.1803,95.6206,95.8794,0.2588,4.3794,4.1206
9965,0.003055,801.44,281.22,0.3509,96.6396,96.8381,0.1986,3.3604,3.1619
9966,0.003511,848.41,258.1,0.3042,96.1377,96.366,0.2282,3.8623,3.634
9967,0.00299,825.92,172.6,0.209,96.7111,96.9054,0.1943,3.2889,3.0946
9968,0.002961,776.73,249.41,0.3211,96.7429,96.9353,0.1925,3.2571,3.0647
9969,0.00364,868.69,253.13,0.2914,95.9959,96.2326,0.2366,4.0041,3.7674
9970,0.003782,1018.79,272.32,0.2673,95.8403,96.0861,0.2458,4.1597,3.9139
9971,0.003984,979.7,255.58,0.2609,95.6174,95.8764,0.259,4.3826,4.1236
9972,0.003687,874.04,210.68,0.241,95.9448,96.1844,0.2396,4.0552,3.8156
9973,0.003567,1008.74,203.9,0.2021,96.0767,96.3086,0.2318,3.9233,3.6914
9974,0.003281,710.28,171.15,0.241,96.3906,96.6039,0.2133,3.6094,3.3961
9975,0.002869,753.83,213.33,0.283,96.8446,97.0311,0.1865,3.1554,2.9689
9976,0.003526,817.68,191.11,0.2337,96.1209,96.3502,0.2292,3.8791,3.6498
9977,0.002945,914.27,233.52,0.2554,96.761,96.9524,0.1914,3.239,3.0476
9978,0.002819,766.74,269.44,0.3514,96.8995,97.0827,0.1832,3.1005,2.9173
9979,0.00337,694.45,231.17,0.3329,96.2931,96.5122,0.219,3.7069,3.4878
9980,0.002906,887.8,286.06,0.3222,96.8039,96.9928,0.1889,3.1961,3.0072
9981,0.003159,953.51,232.77,0.2441,96.5248,96.7301,0.2054,3.4752,3.2699
9982,0.003131,824.45,198.85,0.2412,96.5564,96.7599,0.2035,3.4436,3.2401
9983,0.003193,977.6,154.48,0.158,96.488,96.6956,0.2075,3.512,3.3044
9984,0.003366,880.81,271.73,0.3085,96.2979,96.5167,0.2188,3.7021,3.4833
9985,0.003836,961.74,286.76,0.2982,95.7801,96.0294,0.2494,4.2199,3.9706
9986,0.002849,961.42,253.85,0.264,96.8665,97.0517,0.1852,3.1335,2.9483
9987,0.003439,795.76,214.83,0.27,96.2166,96.4402,0.2236,3.7834,3.5598
9988,0.003581,912.65,245.65,0.2692,96.0614,96.2942,0.2327,3.9386,3.7058
9989,0.00408,798.45,248.08,0.3107,95.5116,95.7768,0.2652,4.4884,4.2232
9990,0.003482,728.16,297.42,0.4085,96.1698,96.3962,0.2263,3.8302,3.6038
9991,0.002909,728.65,242.8,0.3332,96.7996,96.9887,0.1891,3.2004,3.0113
9992,0.002823,890.9,218.15,0.2449,96.8952,97.0787,0.1835,3.1048,2.9213
9993,0.004003,901.18,286.16,0.3175,95.5965,95.8567,0.2602,4.4035,4.1433
9994,0.003051,968.31,251.17,0.2594,96.6441,96.8424,0.1983,3.3559,3.1576
9995,0.003678,777.8,210.94,0.2712,95.9543,96.1933,0.2391,4.0457,3.8067
9996,0.003347,709.1,240.09,0.3386,96.3186,96.5361,0.2175,3.6814,3.4639
9997,0.003284,695.26,208.61,0.3,96.3881,96.6015,0.2134,3.6119,3.3985
9998,0.003999,777.13,170.85,0.2198,95.6007,95.8607,0.26,4.3993,4.1393
9999,0.004173,816.29,220.41,0.27,95.4102,95.6814,0.2712,4.5898,4.3186
10000,0.003211,922.15,283.52,0.3075,96.468,96.6767,0.2087,3.532,3.3233
