iter,usage_pct,power_avg,cost_rel,mejora_rel
0,4.582839511037559,169.6669190006249,45.96622889305816,0.07277926594649002
1,4.21474576983141,160.74747934844217,45.96622889305816,0.06341491340448345
2,5.956712702004571,212.4064721747775,45.96622889305816,0.1184268693620823
3,4.642474238411616,206.32628776960388,45.96622889305816,0.08965611492341286
4,5.238147899862793,174.63431676888007,45.96622889305816,0.08562157153307624
5,4.577736363107115,203.7822203163026,45.96622889305816,0.08731581581704587
6,5.679588998815514,170.36709321457138,45.96622889305816,0.0905687704005231
7,5.716671490472355,208.7188886970389,45.96622889305816,0.11168139720230393
8,4.979318688373997,171.51523199079463,45.96622889305816,0.07993711439930412
9,5.099807713964973,188.29052862104007,45.96622889305816,0.08987897789471229
10,4.377934331375301,230.39787570407125,45.96622889305816,0.09441120966458622
11,4.921145301525503,166.3804825781543,45.96622889305816,0.0766380448178308
12,4.604277384304194,174.52039041145997,45.96622889305816,0.07521137083244527
13,5.878490331002256,179.4449576970291,45.96622889305816,0.09873540600478727
14,5.012793415123449,219.64179928962483,45.96622889305816,0.10305537513943441
15,4.317021752612457,194.9990076485118,45.96622889305816,0.07879388004600545
16,5.3065628054863065,230.55629794942257,45.96622889305816,0.11451599408518072
17,5.3082063443448995,166.40670784804618,45.96622889305816,0.0826788589230752
18,4.643122926224397,188.07457614919724,45.96622889305816,0.08173651602713444
19,4.776546898459557,235.32948313802643,45.96622889305816,0.10521223247798928
20,4.071406704319447,184.17388915078132,45.96622889305816,0.07018566113979366
21,4.984911842666969,166.9116819395543,45.96622889305816,0.07787894587012302
22,4.9670759214615225,168.5703133768441,45.96622889305816,0.07837142457899154
23,5.6755644293981415,181.6067513494581,45.96622889305816,0.09647546857392951
24,5.046022365010446,209.46542834964785,45.96622889305816,0.0989321333035292
25,4.611451234114231,188.10517598262635,45.96622889305816,0.08119218237889421
26,5.021032107828856,224.43477590761535,45.96622889305816,0.10547729861249981
27,4.905383754031656,199.27167394683798,45.96622889305816,0.09149437739683916
28,5.191729873017519,194.01691518636403,45.96622889305816,0.09428172759193522
29,5.452156712552652,160.39260858352984,45.96622889305816,0.08185185567304408
30,4.966039469026501,233.84129440620325,45.96622889305816,0.10869441312688463
31,5.231807536307995,198.91197939559387,45.96622889305816,0.09740663645205251
32,5.544049670942933,191.44005940255136,45.96622889305816,0.09934265936425056
33,4.934491229446897,175.6127777125986,45.96622889305816,0.08110998898719213
34,4.24840830181589,162.0418179337084,45.96622889305816,0.06443609370596477
35,5.463017807710866,197.45520913431352,45.96622889305816,0.10096644390075622
36,5.878706499193957,174.14528397527732,45.96622889305816,0.09582290758960357
37,4.48796685936802,211.09807572277006,45.96622889305816,0.0886767493173263
38,4.109195371261376,200.2730603215317,45.96622889305816,0.07702916199840469
39,4.247163034822953,172.91179634051903,45.96622889305816,0.0687383975961341
40,5.024199746685685,205.52566474499338,45.96622889305816,0.09665154652132538
41,4.424069489836047,181.69908926944888,45.96622889305816,0.07524030357492154
42,4.5682151752675955,171.34478623979425,45.96622889305816,0.07326445021305794
43,5.931441704349409,215.37599446870553,45.96622889305816,0.11957307857421338
44,4.221683662854369,188.57281455374545,45.96622889305816,0.07451447051505729
45,4.345205591200013,178.75089066599347,45.96622889305816,0.07269999699024102
46,5.878955552260095,170.94023626362758,45.96622889305816,0.09406332478171567
47,5.759623459366783,227.34680278816896,45.96622889305816,0.1225628332110722
48,5.487336503809568,199.7377619136708,45.96622889305816,0.1025882500161271
49,4.5167353095413585,226.4783892554271,45.96622889305816,0.09574745895917654
50,5.6681499312786325,202.02527962768997,45.96622889305816,0.107182256204859
51,4.095226772832337,175.43689444290652,45.96622889305816,0.06724728195729816
52,4.112166919012035,174.38704143817046,45.96622889305816,0.06712136710404143
53,5.016842561548821,228.33387648865303,45.96622889305816,0.1072202142783757
54,5.306473664942451,208.0722375618689,45.96622889305816,0.10334655386899334
55,5.495907084190191,211.1929179646814,45.96622889305816,0.10864120681186254
56,4.886854528909135,225.22907562104825,45.96622889305816,0.10302193776333304
57,4.620368940906854,234.2491925825543,45.96622889305816,0.10130493614351219
58,4.2323811650345995,211.0143914291432,45.96622889305816,0.08359353623424437
59,5.001032706080273,194.06093253413323,45.96622889305816,0.09083927460587969
60,4.8594327595898275,163.3766019231238,45.96622889305816,0.07431068843974098
61,5.503027609725624,188.1877664129652,45.96622889305816,0.09693239160226229
62,4.953272713946754,227.80752695764198,45.96622889305816,0.1056175667643075
63,5.154217002160734,228.1149276125733,45.96622889305816,0.11005055926931573
64,4.2741587891255195,182.54540397556042,45.96622889305816,0.07302934480763469
65,4.455864828862258,230.90674245794034,45.96622889305816,0.09630403215877004
66,5.5631143902943005,226.72806855207185,45.96622889305816,0.11805900732715412
67,5.137367120240221,177.65991294231094,45.96622889305816,0.08542911268331559
68,4.753996748674184,204.02406985448812,45.96622889305816,0.09078542597961825
69,4.037957154410041,211.17138141935757,45.96622889305816,0.0798128127022774
70,5.709738993808433,186.0508260330821,45.96622889305816,0.09943143502325512
71,5.359579084155834,198.6850631132114,45.96622889305816,0.0996716736845622
72,4.00795498393498,182.7193754332729,45.96622889305816,0.06854618454177994
73,5.055720507651733,217.9926782699681,45.96622889305816,0.10315750105883703
74,4.804067534748197,174.8996316414423,45.96622889305816,0.07864549451067548
75,4.122099441632661,217.17536800804967,45.96622889305816,0.0837924481557399
76,4.730082680826415,211.76833631168853,45.96622889305816,0.09375741085794798
77,4.443503677181577,220.37484297233996,45.96622889305816,0.09165652938991274
78,4.6887723313996945,164.18949441148726,45.96622889305816,0.07205769403588887
79,5.020466999429699,218.5157317820723,45.96622889305816,0.10268397549709654
80,5.86499431589174,237.66862247451837,45.96622889305816,0.13047139122066223
81,4.91283921433151,208.94986856603484,45.96622889305816,0.09608387332009105
82,5.114441854875497,202.68332704308557,45.96622889305816,0.09702689172832427
83,4.229078230414138,213.6692036202065,45.96622889305816,0.0845791855777572
84,5.930540496713104,170.144231088129,45.96622889305816,0.0944468228574245
85,4.623709015833899,166.16399324442887,45.96622889305816,0.07191231406362703
86,4.805565794868963,198.53376928355968,45.96622889305816,0.08930067969845701
87,4.716036182338574,198.12657153432093,45.96622889305816,0.08745722669160821
88,5.605933733300431,177.11388746125397,45.96622889305816,0.09293438385082986
89,5.515943390341889,223.46303980218124,45.96622889305816,0.11537224708300649
90,5.162266262140763,185.22569500415327,45.96622889305816,0.08949885574046183
91,5.873001664705199,189.11228448728815,45.96622889305816,0.10395747288670036
92,4.099842369830721,170.8870281586974,45.96622889305816,0.06557708462755163
93,5.783180011288829,171.9981184958718,45.96622889305816,0.09310355316892781
94,4.894788283201523,215.35772486571722,45.96622889305816,0.09866661183939925
95,5.147289401847343,212.26973601718245,45.96622889305816,0.10226864817319892
96,4.6976293290523525,212.9788910750916,45.96622889305816,0.09364641485316592
97,4.018171150034906,181.0600189170874,45.96622889305816,0.06809682151934204
98,4.247199687012301,196.42103818025296,45.96622889305816,0.07808480520813664
99,4.291646164721182,203.7896857337277,45.96622889305816,0.08186192569047988
100,4.361330082518585,193.14117399230142,45.96622889305816,0.07884418579180232
101,4.148443027985861,195.19842165300173,45.96622889305816,0.07579442813719041
102,5.6159665584801335,185.3521007241875,45.96622889305816,0.09743116024615694
103,5.4126334726098175,194.07888745933639,45.96622889305816,0.09832472981035639
104,4.468423663269294,184.27828797614492,45.96622889305816,0.07707337210117204
105,4.605156533068795,219.3903126409067,45.96622889305816,0.09456658207310592
106,4.401871922190973,238.22172239996559,45.96622889305816,0.09815097343787245
107,5.374968524360196,192.09235461161535,45.96622889305816,0.09664109767799789
108,5.99600801959085,177.29372385081504,45.96622889305816,0.09950190962705253
109,5.5258224293861264,181.67495180667723,45.96622889305816,0.09396536980437178
110,5.08712890262568,164.3537094860647,45.96622889305816,0.07825788414103647
111,5.692918272604755,189.29215216835075,45.96622889305816,0.1008656767815731
112,5.168972781721552,234.18270653609707,45.96622889305816,0.1133013057728733
113,4.060493450768305,237.44139494682943,45.96622889305816,0.0902424958459026
114,5.050358697804028,222.45972591424962,45.96622889305816,0.10515973213344745
115,4.946089531211698,225.27262221335818,45.96622889305816,0.10429085706606205
116,5.76111765522957,190.53392446985896,45.96622889305816,0.10274363013877388
117,5.44526446124493,239.8894406351527,45.96622889305816,0.12226607131925374
118,5.514263351188878,236.55038620356504,45.96622889305816,0.12209194533293725
119,5.473234460068756,186.3909549969149,45.96622889305816,0.09548710684664478
120,5.654303349717078,213.3072611775644,45.96622889305816,0.11289133078659806
121,4.0661359469024445,173.79472360892515,45.96622889305816,0.06614459027731391
122,4.522546015720272,219.48510457375465,45.96622889305816,0.09291030701471827
123,5.59426531859307,226.15083493683866,45.96622889305816,0.11841783152079087
124,4.134429475071847,165.77253451776875,45.96622889305816,0.06415108622841
125,4.5988864355769135,214.49947182175268,45.96622889305816,0.09233253538699046
126,5.684369817773381,229.55005336833585,45.96622889305816,0.12213371617529822
127,4.415030629572278,221.39322249467318,45.96622889305816,0.09149005555500961
128,5.281549865499259,234.13840153355613,45.96622889305816,0.11574703699675883
129,5.545722087712885,202.28970273384007,45.96622889305816,0.10500445543235828
130,5.566388565650832,184.6622155746831,45.96622889305816,0.09621159399845744
131,5.572290478805073,222.49347798099728,45.96622889305816,0.11604511984569543
132,5.710417180801726,179.39168429672478,45.96622889305816,0.0958839669310514
133,5.698001679743796,173.52401747954974,45.96622889305816,0.09254607739176068
134,5.543799217313724,234.3933991330303,45.96622889305816,0.12162664263271362
135,4.071596229227928,210.0810117660531,45.96622889305816,0.08006216917973506
136,5.319183445112327,225.21143220557457,45.96622889305816,0.1121272702840302
137,4.2056467981390675,232.75445435829772,45.96622889305816,0.09162345120782073
138,5.98757423951846,213.7684218261081,45.96622889305816,0.11980372208206151
139,4.859865966339941,210.80123153285345,45.96622889305816,0.09588999240185607
140,4.109412232727414,220.24273329778418,45.96622889305816,0.08471438187107087
141,4.139933181638688,185.80727987778153,45.96622889305816,0.07199990210612668
142,4.2787974457221285,218.0833003725276,45.96622889305816,0.08734136753989509
143,5.188856520196658,215.93630485240885,45.96622889305816,0.10487529031642367
144,4.129132261514334,189.6325069417752,45.96622889305816,0.0732904569301437
145,4.812339332433002,208.19188243484814,45.96622889305816,0.09377690255242802
146,4.204661401428275,211.77895834046922,45.96622889305816,0.08334694478156508
147,4.789397148870339,232.47359708252966,45.96622889305816,0.10421502465391987
148,4.899618279677882,168.16572589154458,45.96622889305816,0.0771215201259527
149,4.206804042354585,180.34364584545744,45.96622889305816,0.07101154741408734
150,4.479623258860488,223.73489630769637,45.96622889305816,0.09381041704182998
151,5.444777099434389,166.13381757700537,45.96622889305816,0.08466696626402563
152,5.702868099913172,167.6904035814748,45.96622889305816,0.08951120130385913
153,5.571255626921495,168.92936768817194,45.96622889305816,0.08809151741067768
154,4.752716688034313,220.07444978662312,45.96622889305816,0.09790106134637586
155,4.50726998163447,169.06639532539697,45.96622889305816,0.07132581036858962
156,5.574390533000327,215.27804573813344,45.96622889305816,0.11232410905174328
157,5.782535865649735,211.32420235040473,45.96622889305816,0.11437824334912909
158,4.147901439892869,211.09077336190342,45.96622889305816,0.08195463645182784
159,5.645014143661007,166.6942836042693,45.96622889305816,0.08807681269422728
160,4.271386605070754,214.2053805589108,45.96622889305816,0.08563969376851963
161,5.582660955450018,188.2520863498963,45.96622889305816,0.0983686927623727
162,5.470523202373531,173.38945860349278,45.96622889305816,0.0887825068731799
163,4.888010628179451,219.8379247054287,45.96622889305816,0.10057976252410782
164,4.397972307511514,187.91170764058998,45.96622889305816,0.07735389353270415
165,5.258131664001347,187.67961666298382,45.96622889305816,0.09236861104192208
166,5.748316542429524,236.5380892151432,45.96622889305816,0.12726752792364734
167,5.28457902303322,222.59201913543455,45.96622889305816,0.1101021587656592
168,5.813392996171699,216.14874700797796,45.96622889305816,0.117613792482027
169,5.546628354867322,166.4175361009225,45.96622889305816,0.08639806261175229
170,5.64752537051809,181.96516874935676,45.96622889305816,0.09618831210105915
171,4.141609048274808,207.15772174412166,45.96622889305816,0.08030564519285406
172,4.4535739393769305,166.38774886336685,45.96622889305816,0.06935948530706372
173,5.219122870855323,167.88418600855252,45.96622889305816,0.08201308703816271
174,5.774455059280117,237.5417986514866,45.96622889305816,0.12838872767887072
175,5.476384660703282,183.0130593438429,45.96622889305816,0.09381059166014646
176,5.125082105461468,162.5108549722639,45.96622889305816,0.07795770603768515
177,5.24279903380718,181.10726097574002,45.96622889305816,0.08887403985960939
178,4.910048563799213,174.30944555689746,45.96622889305816,0.08010923008732315
179,5.973103330236776,176.59396471165212,45.96622889305816,0.09873059028008763
180,4.833870216765872,180.3680583877262,45.96622889305816,0.08160757352245532
181,5.083175218283385,232.4273733812128,45.96622889305816,0.1105855044299067
182,4.3267769278168915,171.2650304764869,45.96622889305816,0.0693599945133439
183,4.148130274146783,207.14810458701058,45.96622889305816,0.08042835751418545
184,5.204153959780751,225.7112301055496,45.96622889305816,0.10994592884378501
185,5.671922662168036,168.15539618700205,45.96622889305816,0.08927234806453718
186,5.8210507010897565,226.35064851862188,45.96622889305816,0.12332722907713524
187,5.294494145834004,187.76480880962984,45.96622889305816,0.09304960214499076
188,5.49117203564287,209.65389751714807,45.96622889305816,0.10775658995802787
189,4.706092894987209,161.06045719037274,45.96622889305816,0.07094556829591964
190,5.184921953265418,206.11928035896364,45.96622889305816,0.10003147892940947
191,4.309155953339637,232.50609251191628,45.96622889305816,0.09377830919203911
192,4.318552810888114,182.96769187094196,45.96622889305816,0.0739585679068985
193,4.743976089047136,214.6372524170266,45.96622889305816,0.09530670177148994
194,4.163280251717813,216.18995499594766,45.96622889305816,0.08424555705581105
195,4.828955528656629,174.63570041981478,45.96622889305816,0.07893363170563297
196,4.224160934374674,192.98688020501223,45.96622889305816,0.07630343512354909
197,4.891965550054143,170.98412266964905,45.96622889305816,0.07829157376929609
198,4.964931651905317,200.19508824800036,45.96622889305816,0.09303418146657728
199,5.962021035578811,217.064344252009,45.96622889305816,0.12113170865683039
200,4.0243378883056335,198.14945598229906,45.96622889305816,0.07463854600082857
201,4.04317966359302,200.8970379390499,45.96622889305816,0.07602779979018827
202,4.675874208127217,232.280542964768,45.96622889305816,0.10166032655052246
203,4.986577990810489,227.99234096123033,45.96622889305816,0.10641398877819516
204,5.167744849042447,191.72105483189418,45.96622889305816,0.09273565019726333
205,4.459413939608356,174.65256767987017,45.96622889305816,0.07290018168264047
206,5.589092592403042,230.63892456649796,45.96622889305816,0.12065623173062949
207,4.648170140055218,199.569001939057,45.96622889305816,0.08682623124493467
208,4.575003219034285,196.42355209340417,45.96622889305816,0.08411255266016984
209,5.738982746223105,171.0379644001265,45.96622889305816,0.0918762555336395
210,4.5829720536567145,215.62172563595618,45.96622889305816,0.092494428881477
211,4.621251561169321,166.49249379421363,45.96622889305816,0.07201618602698363
212,4.748810562368054,214.11136002087883,45.96622889305816,0.09517007335587696
213,5.968009869202677,231.37143959813534,45.96622889305816,0.12924541047350116
214,5.1237556712267205,222.1866506807064,45.96622889305816,0.10655705843603867
215,5.142776350885642,199.51176688027564,45.96622889305816,0.09603775550634322
216,4.34126520728432,183.373561396772,45.96622889305816,0.07451245732578536
217,4.9042137810961615,238.8482916776363,45.96622889305816,0.10963958462839885
218,5.217124773796988,235.59029848784735,45.96622889305816,0.11504413278139163
219,4.517365844774488,165.51770058564904,45.96622889305816,0.06998509508620232
220,5.956750153224161,186.36994313457885,45.96622889305816,0.10391089993345907
221,5.070612238279292,165.69143557457542,45.96622889305816,0.07863869716583465
222,5.7207830870192415,160.05440714357405,45.96622889305816,0.08570358064848996
223,5.812023787339247,173.22966912618597,45.96622889305816,0.09423788003457048
224,4.36695655727771,226.0639561245557,45.96622889305816,0.09240299411262838
225,4.772460846118405,180.4814260396241,45.96622889305816,0.08062147447152748
226,5.192882072138194,180.35291826198196,45.96622889305816,0.08766121440028225
227,4.573094808473336,163.64402671687913,45.96622889305816,0.07004646314795676
228,5.07882255931875,170.35352845684568,45.96622889305816,0.08098228414094612
229,5.674242755868467,220.0816108145652,45.96622889305816,0.11688735107690879
230,4.57091854939852,202.70228618787058,45.96622889305816,0.08672373589853613
231,5.154753783027156,213.3161356067019,45.96622889305816,0.10292182589514204
232,4.837841524836799,212.2025737180612,45.96622889305816,0.09608998677506078
233,4.338779329972517,197.68149852525235,45.96622889305816,0.08028038301373185
234,4.1880125343112935,235.28558437324233,45.96622889305816,0.09223147220020309
235,4.8028187365728945,209.39532001311954,45.96622889305816,0.09413237492658678
236,4.97963268430858,162.14540514735077,45.96622889305816,0.07557493873009437
237,4.125426995751138,181.16449980625848,45.96622889305816,0.06995485394094511
238,5.349870118724054,211.31477386205998,45.96622889305816,0.10581541722924734
239,4.375889982484457,199.08905704625937,45.96622889305816,0.08154355344885389
240,4.73412243412537,205.48354189244247,45.96622889305816,0.0910526053803493
241,4.669372642563179,231.69584806751286,45.96622889305816,0.10126343020827568
242,4.944837184744092,194.12622696054555,45.96622889305816,0.08984875401296277
243,5.406652588335606,222.45501923348377,45.96622889305816,0.11257618371732364
244,4.875105420384915,168.71681576626355,45.96622889305816,0.07698714782168542
245,4.170178029471394,186.1499430055092,45.96622889305816,0.07265965847483553
246,5.465164552235992,212.2911027067473,45.96622889305816,0.10859526374748531
247,4.575470708764706,160.35147005054466,45.96622889305816,0.06867277132469159
248,5.285345199581187,205.15202751971472,45.96622889305816,0.1014904129670189
249,5.544978382970584,214.89326649069477,45.96622889305816,0.11153174922272817
250,4.493800547869669,218.6319496027186,45.96622889305816,0.09196091189124941
251,4.972762174279943,205.98214016171195,45.96622889305816,0.09587449826822936
252,4.713986375134663,223.247146734492,45.96622889305816,0.09850314314824628
253,4.392175212335391,176.36315072913123,45.96622889305816,0.07250423160257415
254,4.474852171336618,223.16417498807434,45.96622889305816,0.0934714584657294
255,5.456207757123768,181.56700938896267,45.96622889305816,0.09272646162616097
256,4.287769224585541,162.25517593358813,45.96622889305816,0.06511871339042956
257,5.367649046050007,203.10984692149697,45.96622889305816,0.10204481440029578
258,5.404628713245882,216.66040796248095,45.96622889305816,0.10960270419361456
259,5.689552074071,193.277306316113,45.96622889305816,0.1029282975884308
260,5.654548320483095,194.86139936509775,45.96622889305816,0.10313345938024576
261,5.4156428222479205,204.09135597576125,45.96622889305816,0.10345475903003062
262,5.842849407793134,189.61027628609085,45.96622889305816,0.10369609759170592
263,5.379654258163249,207.8475975244258,45.96622889305816,0.10465867274347165
264,5.997365337594007,166.1809419503459,45.96622889305816,0.09328623604763359
265,5.196217729754221,178.5954513940276,45.96622889305816,0.08686275165239297
266,5.76837187620069,223.55992054411183,45.96622889305816,0.12070438457803273
267,5.323678724638799,198.4278886868596,45.96622889305816,0.09887588842970875
268,5.362583396820393,204.3470105120622,45.96622889305816,0.10256949010731078
269,4.574598130611027,225.55377236517708,45.96622889305816,0.09657815220275077
270,5.025152130877421,180.56952926454915,45.96622889305816,0.08493164360509439
271,5.328701274182126,161.4913422263333,45.96622889305816,0.08054646173410299
272,5.440178769919969,197.62679951229552,45.96622889305816,0.1006317111453283
273,5.268628431541509,172.57741110972992,45.96622889305816,0.08510544945064193
274,5.436504132869251,217.86208678139366,45.96622889305816,0.11086060145308818
275,5.483181127614467,197.37598884161548,45.96622889305816,0.10129844060487117
276,5.281012784845259,203.94041741638543,45.96622889305816,0.10080831868123633
277,4.4661596923847355,161.84182945798,45.96622889305816,0.06765515221299447
278,4.827153676447877,225.19336398046806,45.96622889305816,0.10174722244595825
279,4.644474878431741,219.9201469330566,45.96622889305816,0.09560431274393365
280,5.2793310149661865,188.26112032449112,45.96622889305816,0.09302836340691195
281,4.001151128729737,194.48049527022923,45.96622889305816,0.07283445185637467
282,4.785700407016042,171.09941108360482,45.96622889305816,0.07664253679021799
283,5.637455282149623,236.4386120576408,45.96622889305816,0.12476057278917707
284,4.242485922636207,178.47529356809494,45.96622889305816,0.07087194695889429
285,5.264993698232445,236.06896100280593,45.96622889305816,0.11633558901382589
286,5.867998608242998,234.50753730796862,45.96622889305816,0.1288020148782731
287,4.880289959297061,238.87222364102976,45.96622889305816,0.10911567088565015
288,4.729326576399207,166.9359491137401,45.96622889305816,0.07389669649752345
289,5.408878333454906,204.49475519942118,45.96622889305816,0.1035297666658302
290,5.598892932388145,209.68862528141602,45.96622889305816,0.10988866157165264
291,5.641293789575415,187.5113065029574,45.96622889305816,0.09901067612438862
292,4.575873877646375,220.57970478639933,45.96622889305816,0.09447468348904876
293,4.995437452455833,174.35162908635675,45.96622889305816,0.08152210477332551
294,4.7500383906055355,224.05260922772484,45.96622889305816,0.0996145951644823
295,5.8478443628445484,220.82578171810022,45.96622889305816,0.12087080954123135
296,5.436250510661013,224.93183598771256,45.96622889305816,0.11445275165239858
297,4.4010605547488435,206.36649284256018,45.96622889305816,0.08501046198570912
298,5.188371469528513,235.67463452662886,45.96622889305816,0.11445104266778715
299,4.030609090604986,237.64184048932853,45.96622889305816,0.08965395153789867
300,5.452147856581101,161.79507393424643,45.96622889305816,0.08256743029603998
301,5.037625105215482,165.58274380135293,45.96622889305816,0.07807585847856527
302,5.206789520064706,196.1285766465862,45.96622889305816,0.09558434035506586
303,5.544852529887965,206.3543105887775,45.96622889305816,0.10709751509696958
304,5.572760716324163,189.502888142318,45.96622889305816,0.0988466778626635
305,5.7137740355950575,229.30449662401386,45.96622889305816,0.12263416579959341
306,5.310877451720847,181.09738697648058,45.96622889305816,0.09002317231991822
307,5.98286169276268,225.41869029662143,45.96622889305816,0.1262335320799854
308,5.703303425720866,160.92409922805874,45.96622889305816,0.08590598325582922
309,5.652289064186197,177.4208459219258,45.96622889305816,0.09386525371047229
310,5.016512478069152,216.34284425627115,45.96622889305816,0.10158282367763918
311,4.82058448770988,179.48987025782552,45.96622889305816,0.08098703348729128
312,5.0003637778275225,183.98129736489733,45.96622889305816,0.08610951165721134
313,5.230641363674454,168.77654953376114,45.96622889305816,0.08263097867321309
314,4.8166349835202,207.32820904098537,45.96622889305816,0.09347123492342056
315,5.981042911506197,199.63662160726238,45.96622889305816,0.11176169477065274
316,4.851771892883527,239.13700513930613,45.96622889305816,0.10859829552779024
317,5.850769979099381,213.83734054566963,45.96622889305816,0.11710418545566514
318,5.089546600716788,181.67162700870765,45.96622889305816,0.08654501341407694
319,5.247705562997565,226.71787360316483,45.96622889305816,0.11136047331598556
320,5.963173293863471,173.67766474549788,45.96622889305816,0.09693871313732669
321,4.548113118021415,230.75406895904868,45.96622889305816,0.09823278891530214
322,5.7219302075568725,217.3327061225084,45.96622889305816,0.11639745713723038
323,4.207462578623896,216.5004286103332,45.96622889305816,0.08526187347294345
324,4.93811819217874,189.7000927963488,45.96622889305816,0.08768087446207239
325,4.501372811055685,185.43845248155847,45.96622889305816,0.07813050412047462
326,5.07158591838485,172.9559869023277,45.96622889305816,0.08210228342230509
327,5.018610916988328,163.85626456034544,45.96622889305816,0.07697016644985508
328,4.821273976511078,236.80211699087658,45.96622889305816,0.10686198596400708
329,5.4779502765600485,165.4881660313243,45.96622889305816,0.0848517644406471
330,5.375672470002837,175.68905321441756,45.96622889305816,0.0884002211020289
331,4.9483287461551235,183.53348090028175,45.96622889305816,0.0850060223457847
332,5.868322050191308,164.35521320172066,45.96622889305816,0.09027620051070358
333,5.761916078328586,216.11029349080093,45.96622889305816,0.11655159747725104
334,4.725578337756779,230.37140390725511,45.96622889305816,0.10189652765224066
335,4.81260573268682,215.86960332239457,45.96622889305816,0.0972405991872606
336,5.575730934324373,182.91127573825236,45.96622889305816,0.09545927586347962
337,4.144511525016201,229.45006799302203,45.96622889305816,0.08900971103352094
338,4.462574504162073,234.5445600402368,45.96622889305816,0.09796855290070414
339,4.630079371670909,193.191667369462,45.96622889305816,0.08372452176186265
340,4.860620382389559,197.43113562555365,45.96622889305816,0.0898220982615731
341,5.92552491475203,179.60694632077195,45.96622889305816,0.09961524474279437
342,5.216547995015115,183.53049238643143,45.96622889305816,0.0896122302269291
343,4.261860358386327,183.10176527484495,45.96622889305816,0.0730411489056993
344,5.104808216308884,208.55919691662015,45.96622889305816,0.09965168010783133
345,4.527442662136729,238.98515570361124,45.96622889305816,0.10127441278187235
346,4.725485035684019,226.56303463286594,45.96622889305816,0.10021005350897749
347,4.0700677625190975,215.61744597866647,45.96622889305816,0.0821412648495947
348,4.606925146307068,202.95113458622183,45.96622889305816,0.08751419215314193
349,5.673206869178618,217.98756206228268,45.96622889305816,0.11575404682800591
350,4.719267155018653,218.5983570872033,45.96622889305816,0.09656001077511463
351,4.827994992751723,165.07891092934724,45.96622889305816,0.0745992145431745
352,5.331169839562653,234.9452958484754,45.96622889305816,0.11723711455633477
353,4.167304526303605,215.01002413507933,45.96622889305816,0.08386674629849226
354,5.679467998994301,207.73060781392783,45.96622889305816,0.11042921817634252
355,4.97080449719031,178.97695463096284,45.96622889305816,0.0832721246110743
356,4.387703064333609,191.70372470480012,45.96622889305816,0.07873061230302074
357,5.282575983120172,185.17376846583943,45.96622889305816,0.0915590053873403
358,4.976811798397704,207.99914585623665,45.96622889305816,0.09689215565521098
359,4.4199592546061535,219.31162086332705,45.96622889305816,0.09073101288677761
360,5.257297549581859,207.34671400732844,45.96622889305816,0.10203180356908453
361,4.956222514971212,189.18445855863223,45.96622889305816,0.08776312955195117
362,5.097627054132347,221.2585249198809,45.96622889305816,0.1055708262263305
363,5.412020724803446,219.0169183439036,45.96622889305816,0.11094633586855639
364,4.41883497739918,222.37477068327811,45.96622889305816,0.0919748620240062
365,4.670824444510675,178.64655509851363,45.96622889305816,0.0781023387906928
366,4.243102246362736,226.42619188711723,45.96622889305816,0.08992615164919655
367,5.246394678926119,227.30447433300478,45.96622889305816,0.11162071296200213
368,5.122831609896146,228.82243550235586,45.96622889305816,0.10971968020836177
369,5.1131424611975245,211.66756572314048,45.96622889305816,0.10130200872080396
370,4.11272110796154,213.57269356579502,45.96622889305816,0.08221495697178631
371,5.195423291914162,179.36609634485168,45.96622889305816,0.08722422958670573
372,4.225467644681578,187.77478451049046,45.96622889305816,0.07426563547442205
373,4.120365417445066,208.0663403933241,45.96622889305816,0.08024415548675816
374,5.091885843341988,233.42524488265798,45.96622889305816,0.11125059191032578
375,5.035123217616399,218.37845107261504,45.96622889305816,0.10291904150325697
376,5.327970151579003,215.97311065352804,45.96622889305816,0.10770535967309039
377,4.627304343184777,193.22800717928342,45.96622889305816,0.08369008098475168
378,4.239539298476339,212.03777731105103,45.96622889305816,0.0841410170332782
379,4.604875665405006,203.90340086128228,45.96622889305816,0.08788570209613966
380,5.843047465825916,214.63313192210674,45.96622889305816,0.11738484365959216
381,4.5353323455820975,201.17177407655737,45.96622889305816,0.0853988479332342
382,5.2043537763294845,228.0122780460599,45.96622889305816,0.11107105404393962
383,5.587522408106052,185.21885427328073,45.96622889305816,0.09686799707417217
384,5.839283240028679,171.79103859797397,45.96622889305816,0.09389357943940439
385,4.5521764666933775,162.70915248417634,45.96622889305816,0.06932772052634299
386,4.622527120337339,193.12388043614058,45.96622889305816,0.08355862709071916
387,4.482616523329431,161.00897282038315,45.96622889305816,0.06755500271229362
388,4.021028542021825,233.9172818520903,45.96622889305816,0.08803904305242562
389,5.46961265150029,215.87162243373464,45.96622889305816,0.1105167171104988
390,5.571467799494351,215.5351541889292,45.96622889305816,0.1123992952264418
391,4.1229148700099225,234.05847470879274,45.96622889305816,0.09032429632156848
392,4.85762134264231,196.27414466659962,45.96622889305816,0.0892406243796293
393,5.773139058784902,176.36023633045818,45.96622889305816,0.09529904299742466
394,4.625639120245046,228.40094352438433,45.96622889305816,0.09888843177413664
395,5.03932298299569,193.61198638959456,45.96622889305816,0.09132302394975546
396,5.909124425144677,231.0973834385991,45.96622889305816,0.12781858687079517
397,5.77477898035887,176.9761747015012,45.96622889305816,0.09565904028943534
398,5.687793864370897,212.53554731858705,45.96622889305816,0.11314914455514101
399,5.383055039160914,163.8264576621735,45.96622889305816,0.08254460808044055
400,5.111469064138821,177.48490813826785,45.96622889305816,0.08491472657930589
401,5.854231664541416,204.9306170425902,45.96622889305816,0.11229297836559586
402,5.234779760914768,179.4627955211738,45.96622889305816,0.0879323524402215
403,4.842752234796888,202.35212540585735,45.96622889305816,0.09172249702435083
404,5.62408035837723,208.92693857904518,45.96622889305816,0.10998204905360032
405,4.226073437629548,196.06249368534068,45.96622889305816,0.07755457288915715
406,4.591045449266187,203.11326603859717,45.96622889305816,0.08728220926452399
407,4.93967020851821,161.78624852951367,45.96622889305816,0.07480237864405755
408,4.415033839801861,212.80631239193593,45.96622889305816,0.08794160580196773
409,5.08865837110833,164.2625066335718,45.96622889305816,0.07823797295559924
410,5.195334604422341,200.26049003558595,45.96622889305816,0.0973833357538506
411,4.3004031157992,160.15674132577362,45.96622889305816,0.0644659282251133
412,4.67083249933281,222.3754611480246,45.96622889305816,0.0972203105001318
413,4.26606030769814,235.55453422417324,45.96622889305816,0.09405768984319364
414,5.084906994053819,220.67159247394397,45.96622889305816,0.10502804744263279
415,5.9537082528226515,181.01212000975613,45.96622889305816,0.10087209781861767
416,5.165714675059801,187.2525706017019,45.96622889305816,0.09053865773782907
417,4.169091703918036,223.480135786284,45.96622889305816,0.08720797925708602
418,4.024172938735919,229.50679691591608,45.96622889305816,0.08644662387550706
419,5.589105044395452,211.07204822565987,45.96622889305816,0.1104202803102905
420,5.18227982816176,227.6528406821574,45.96622889305816,0.11042560377490518
421,4.111410010387937,218.91122612398974,45.96622889305816,0.08424316428582307
422,4.360838773635015,161.62833329029795,45.96622889305816,0.06597256561555931
423,4.624580224384797,186.17351787383663,45.96622889305816,0.08058720094434307
424,4.385235755495679,216.8669364145121,45.96622889305816,0.08901478345497439
425,5.117821908498209,233.6048857048422,45.96622889305816,0.11190331170649438
426,5.523384478424969,226.09039323362433,45.96622889305816,0.11688619819103119
427,5.805008632560627,224.5087088381685,45.96622889305816,0.12198653933456094
428,4.2362717568706785,174.83832748764786,45.96622889305816,0.06932602579541457
429,4.803623108996123,186.56536606720505,45.96622889305816,0.08388335627369076
430,5.770851206868362,201.93599751827978,45.96622889305816,0.10907606689092653
431,5.75187254442673,190.97291753394197,45.96622889305816,0.10281509607026275
432,5.813016698591205,165.7382053514634,45.96622889305816,0.09017788621632289
433,4.891095317869168,232.09018790273137,45.96622889305816,0.10625240165664615
434,4.899252219776148,218.61535437120443,45.96622889305816,0.1002504447528735
435,4.7217533437971175,226.33681373115246,45.96622889305816,0.10003093842076494
436,5.26282743313961,224.9486858187573,45.96622889305816,0.11080986834300169
437,5.072974134577183,211.00915393670792,45.96622889305816,0.10019355653548186
438,5.057309928296751,205.38496113754508,45.96622889305816,0.09722188972863889
439,5.378333687153053,169.66780556462797,45.96622889305816,0.08541281495387841
440,5.537154391426076,188.41660827203415,45.96622889305816,0.09765211715167904
441,4.025157899165419,211.4939885483117,45.96622889305816,0.07968137099188381
442,5.227279830879138,218.0656999378181,45.96622889305816,0.1066937447245643
443,5.996638252553741,196.91592055874852,45.96622889305816,0.1105260195086822
444,5.946644681480912,206.22250058124277,45.96622889305816,0.11478466923610206
445,4.715754055722881,214.2231863923216,45.96622889305816,0.09455695330156633
446,4.392909638006922,237.30336896892769,45.96622889305816,0.09757353122479079
447,4.882115302097194,160.8505161839389,45.96622889305816,0.07350321573614828
448,5.310651011859851,169.62642307901243,45.96622889305816,0.08431738242995102
449,4.177831746774375,161.8843569067068,45.96622889305816,0.06330407668331696
450,5.765935482453258,162.69423351825372,45.96622889305816,0.08780470487880952
451,5.074404540811808,199.1549139428203,45.96622889305816,0.09459146732597006
452,5.822075910404572,232.89141159280553,45.96622889305816,0.12691331426354152
453,5.841763684834164,192.00022805614813,45.96622889305816,0.10498362823150337
454,4.94700326319791,226.05349095615415,45.96622889305816,0.10467169665426619
455,4.24031624305008,169.15346363927765,45.96622889305816,0.06713592719537903
456,5.843455992493002,162.35471103496445,45.96622889305816,0.08879950021239019
457,4.765747639294834,175.59569787458557,45.96622889305816,0.07832867165287025
458,4.167973045574703,237.90944802393258,45.96622889305816,0.09281377559856231
459,4.331904563322154,194.55798847151664,45.96622889305816,0.07888670132527471
460,4.5123450087373635,199.2935677199281,45.96622889305816,0.08417273300977127
461,5.533788407912478,212.77735567396317,45.96622889305816,0.11021071129799773
462,5.143499538382573,200.85450085678463,45.96622889305816,0.0966976950362842
463,4.263704091014899,192.20029275716297,45.96622889305816,0.07670381233535065
464,5.810531904337575,225.6418436475768,45.96622889305816,0.12271887870538567
465,4.12947949694423,227.2354736902249,45.96622889305816,0.08783089188889334
466,5.656077283698137,224.1568652665125,45.96622889305816,0.11867062461872954
467,5.629625251077461,238.64272147816322,45.96622889305816,0.1257487069006877
468,4.110411050713753,190.7043780321578,45.96622889305816,0.07337054863783707
469,5.936875288027729,204.21351495015296,45.96622889305816,0.11347971994839583
470,5.364594304614423,188.94841731064895,45.96622889305816,0.09487591807548972
471,4.42379852044636,238.2740793895848,45.96622889305816,0.09866156225930445
472,4.723304365623737,204.8693699609771,45.96622889305816,0.09057301245900345
473,4.487629540468538,237.3560991206598,45.96622889305816,0.09969956025346993
474,4.516827595964466,233.11562620752704,45.96622889305816,0.09855547355203949
475,4.5836196194209045,235.7540475259996,45.96622889305816,0.10114480374317843
476,4.734663830769151,229.76483526387122,45.96622889305816,0.10182362627796686
477,5.199649688187213,169.10591358716067,45.96622889305816,0.08230168541594318
478,4.591242577455955,220.87100801601238,45.96622889305816,0.0949171744056493
479,5.335075378316605,188.48783827415977,45.96622889305816,0.09412386282829222
480,4.390690876509396,226.3066164975715,45.96622889305816,0.09300492829832235
481,5.244768019055227,214.55717937940778,45.96622889305816,0.10532832641770734
482,4.958133615443648,188.0272688589721,45.96622889305816,0.08725994057193474
483,4.764499035152083,162.48893838252081,45.96622889305816,0.07246309731770366
484,5.887526075492025,189.3237012732748,45.96622889305816,0.10433107413659437
485,4.965938185423433,188.57248615394315,45.96622889305816,0.08765071938905236
486,4.7103720938236116,214.84915494659535,45.96622889305816,0.0947250218156138
487,5.340712100088972,224.81800134129318,45.96622889305816,0.11238441739960625
488,4.143583198829374,229.92469510759355,45.96622889305816,0.08917385290105884
489,5.91336440306846,239.12849319754105,45.96622889305816,0.13235544685899783
490,4.257583984545303,198.93578924594235,45.96622889305816,0.07927787371106343
491,5.878085813651948,220.71492001132432,45.96622889305816,0.1214348840808377
492,4.120402502799831,229.62435330640383,45.96622889305816,0.08855914954231789
493,5.677091173816093,222.41344244795124,45.96622889305816,0.11818510620315212
494,4.823674051150821,210.58357411764158,45.96622889305816,0.09507761846573921
495,5.431846000375263,191.73197675544787,45.96622889305816,0.09748052225338025
496,5.568000453409865,181.86301515454767,45.96622889305816,0.09478060963853102
497,4.367268314350679,228.71194872886136,45.96622889305816,0.09349202742019483
498,4.678642304019117,164.54174056916443,45.96622889305816,0.07205627035187862
499,5.665394625804948,223.92125022355373,45.96622889305816,0.11874117037723633
500,5.604780917603852,187.2706895149679,45.96622889305816,0.09824360710507272
501,5.2064981796546155,161.1132418585522,45.96622889305816,0.07851503092256981
502,4.004570614230794,180.74130807778596,45.96622889305816,0.06774686859151566
503,5.050615456389845,208.0252328224447,45.96622889305816,0.09834135070145586
504,4.266800753836006,229.41304190371423,45.96622889305816,0.0916212716765966
505,5.919104358062758,169.536972321804,45.96622889305816,0.09392825816924989
506,5.647715683172121,209.13903168490262,45.96622889305816,0.11055636907007993
507,5.004796631743076,199.12508068423978,45.96622889305816,0.09327993789853924
508,5.499670321442162,176.71321507403403,45.96622889305816,0.09096651011909361
509,5.217917620628349,180.90828304799484,45.96622889305816,0.08835507886923928
510,4.17032392235378,204.23037756948483,45.96622889305816,0.07971975921774078
511,4.5372156534753465,219.4123077358324,45.96622889305816,0.09318076159618216
512,5.300825616640197,177.94579343584053,45.96622889305816,0.0882891004524112
513,5.723124909652269,187.75988711684934,45.96622889305816,0.10058005966244547
514,5.418106503870561,181.38587423235052,45.96622889305816,0.09198708338556792
515,4.3931992885993,228.8218398599513,45.96622889305816,0.09409233076670431
516,5.837330641709107,188.1640657164823,45.96622889305816,0.10280798110209637
517,4.629940687010166,216.20524068193515,45.96622889305816,0.09369523243811173
518,4.454728215424863,229.1364887456131,45.96622889305816,0.09554133715761626
519,4.017029755289709,171.36987052140537,45.96622889305816,0.06443404054257738
520,4.241405305915091,185.42588937540273,45.96622889305816,0.0736132504583603
521,5.7322822678479906,211.20075953748926,45.96622889305816,0.11331799772461995
522,4.214945186961492,166.31337995197825,45.96622889305816,0.06561376664131117
523,4.5768649884429795,209.58659433648313,45.96622889305816,0.08978575747430496
524,5.187516759476436,169.13782763734287,45.96622889305816,0.08212513753362231
525,5.5215982120856335,210.58120503496477,45.96622889305816,0.10883291376858263
526,5.966112438561393,204.2076183312358,45.96622889305816,0.11403527726213845
527,4.654647587752275,169.54811679309051,45.96622889305816,0.07386787819372101
528,5.838200998363261,163.01357590979234,45.96622889305816,0.08907968362394228
529,4.697455952601864,202.45910871609695,45.96622889305816,0.08901760096914961
530,5.139582768191982,206.5858883922674,45.96622889305816,0.09938122947160477
531,5.434240736727406,170.2657560315768,45.96622889305816,0.08660481406167099
532,5.438692660472638,231.16138597449486,45.96622889305816,0.11767539263539811
533,4.060893724538948,162.86460945091176,45.96622889305816,0.061904781475869766
534,5.982760125628124,184.95540113007704,45.96622889305816,0.10357249957709425
535,4.910126045312675,184.80500662554144,45.96622889305816,0.08493412602507325
536,5.1129732905813965,216.91852426849567,45.96622889305816,0.10381163090848532
537,5.51989974281683,188.43110498700645,45.96622889305816,0.09735530762472541
538,4.521153790741109,203.73055983866797,45.96622889305816,0.08621469725585205
539,4.768510085219174,209.76892606054892,45.96622889305816,0.09362669841582621
540,5.2231078475411445,231.55624434787973,45.96622889305816,0.1132038869832529
541,4.0077130119089865,168.14785555199757,45.96622889305816,0.06307594943086321
542,5.57349740163552,206.6847962745831,45.96622889305816,0.10782319157943428
543,4.125012063538503,235.40457341976256,45.96622889305816,0.09088997160378619
544,5.300808762460072,198.87964273221877,45.96622889305816,0.0986752683886202
545,5.559172007561472,207.681208190635,45.96622889305816,0.10806452832894493
546,4.7465937377998815,183.73079934528386,45.96622889305816,0.08162813520700403
547,4.906859709285024,198.01970093654472,45.96622889305816,0.09094689790713086
548,5.424063828107147,197.84022605570047,45.96622889305816,0.10044197410040971
549,4.036684325152584,214.77207941658963,45.96622889305816,0.08114811929278454
550,4.13921616507934,227.70646400612816,45.96622889305816,0.08822045949979605
551,5.416552046653498,207.82721388789315,45.96622889305816,0.10536616778077372
552,4.908318192235081,173.76884421950294,45.96622889305816,0.079832636144937
553,5.309992166636261,168.75952930938394,45.96622889305816,0.08387606248426557
554,5.209091557178383,174.66707670256915,45.96622889305816,0.08516259597160054
555,5.193741013121002,172.09274710531798,45.96622889305816,0.08366016285446513
556,4.1889644528907315,197.66965638978454,45.96622889305816,0.0775037169533889
557,5.419507551062243,179.07632469167163,45.96622889305816,0.09083931422744772
558,4.995411841791355,223.91048361730225,45.96622889305816,0.10469394761558623
559,5.098872070933153,207.77035561588906,45.96622889305816,0.09915932177589726
560,4.440318572031775,169.959927713979,45.96622889305816,0.07063769452236673
561,4.2980848952391115,237.82432879302968,45.96622889305816,0.09567690493661361
562,4.173236526956358,172.12055755446204,45.96622889305816,0.06723286107654872
563,4.411388049326166,223.03564869101987,45.96622889305816,0.09209274003158809
564,4.795907109898143,223.27170015399506,45.96622889305816,0.10022597528183053
565,4.837855620241199,223.57877365843672,45.96622889305816,0.10124167498006566
566,5.790944588274172,195.78364882312857,45.96622889305816,0.10612108368808759
567,5.972734509648241,234.63289744120752,45.96622889305816,0.13117104034125224
568,4.030716370789867,205.13134671637712,45.96622889305816,0.07739093956200735
569,5.314244448713914,227.45314471444766,45.96622889305816,0.11313821484962344
570,5.346720004653652,215.06008776771196,45.96622889305816,0.10762746447681032
571,4.579290439225893,225.6433703154368,45.96622889305816,0.09671561905451356
572,4.1265772675728885,212.59163218453833,45.96622889305816,0.08211301456634013
573,4.404047903035838,221.24607861936357,45.96622889305816,0.09120181155682057
574,5.580482722970495,173.98279839519492,45.96622889305816,0.09087698885039837
575,5.587105948576019,226.9996432346016,45.96622889305816,0.11871017093900732
576,4.106063514619242,194.40053621749647,45.96622889305816,0.07471348082500337
577,4.385390405134223,170.11246286601897,45.96622889305816,0.06982649504498226
578,5.607110120534164,183.45430088004076,45.96622889305816,0.09628149652243163
579,5.287992764054119,160.2945158509409,45.96622889305816,0.07933875205813444
580,4.158908209902108,208.81927609713372,45.96622889305816,0.08128787488344287
581,4.740545203061367,230.3764088711257,45.96622889305816,0.10222147540542778
582,4.1644786485254714,209.90061192838363,45.96622889305816,0.08181825132201406
583,5.405764003052415,208.89756774276083,45.96622889305816,0.10569788910991626
584,5.361418581352391,179.94643217350864,45.96622889305816,0.09030229838165174
585,5.534352939748347,204.37266923211504,45.96622889305816,0.10586819718717583
586,5.576086742160798,169.74118140046008,45.96622889305816,0.08859160919286442
587,4.254058092248836,191.64157972033735,45.96622889305816,0.07630781305873298
588,4.779725327056638,170.27738163468968,45.96622889305816,0.07617908503522652
589,4.162409098005466,166.4620306962742,45.96622889305816,0.06485385544959084
590,4.104757673500842,162.65169902141648,45.96622889305816,0.06249164778474777
591,5.61551523361894,234.79868280845002,45.96622889305816,0.12341305830152638
592,4.851350364562422,174.9392358205934,45.96622889305816,0.07943752678441388
593,4.65673732529989,225.4812883013796,45.96622889305816,0.09828066749807966
594,5.858502925158018,179.09488036570156,45.96622889305816,0.09820772961510775
595,4.061218258461722,184.68950509744303,45.96622889305816,0.07020602692721233
596,4.770729710078777,160.24063473732065,45.96622889305816,0.07155390124614112
597,5.362850426103456,169.96019531461192,45.96622889305816,0.08531369550883233
598,4.163682382794029,217.5308265218527,45.96622889305816,0.0847762596817028
599,5.541564928914185,174.7222523183363,45.96622889305816,0.09062676845803036
600,5.5369804583795315,183.7991066746321,45.96622889305816,0.09525597699618495
601,4.616243345655235,169.7945880190934,45.96622889305816,0.07336490962988416
602,4.453027991068648,163.10151795173593,45.96622889305816,0.06798127048360744
603,5.343925032900118,228.10960856608418,45.96622889305816,0.11409846060238184
604,4.096687797302484,180.43260745411104,45.96622889305816,0.06918687932763914
605,4.692414299564832,191.4036871495939,45.96622889305816,0.08406640930616958
606,5.648413288150986,163.43016863897876,45.96622889305816,0.08640413835067537
607,5.228226754836693,202.58139696128526,45.96622889305816,0.09913564249291724
608,5.676948449526398,184.46910153388208,45.96622889305816,0.09801993988222484
609,4.20363989542947,170.44624052456325,45.96622889305816,0.067063896122654
610,5.2611560994067865,203.66050846078636,45.96622889305816,0.10029143838137615
611,5.184566827712348,170.96731056348403,45.96622889305816,0.08296623943645136
612,4.084979963754238,205.31946888312214,45.96622889305816,0.0785047457896618
613,4.162123565889838,234.37123675600327,45.96622889305816,0.09130511966180978
614,5.606635321295466,174.39622859761613,45.96622889305816,0.09151983876261219
615,5.195689188496896,170.56196430077105,45.96622889305816,0.08294709888375859
616,5.872341884286486,207.15613987364944,45.96622889305816,0.11386362094540445
617,4.635510271016073,214.43203029942467,45.96622889305816,0.09303857586389927
618,4.005076881662189,183.0286219126803,45.96622889305816,0.06861289053574478
619,4.468338386903316,187.69416218232115,45.96622889305816,0.07850054439647994
620,4.17061267315401,237.43917302443646,45.96622889305816,0.09268897473753114
621,4.935775210370063,228.51265176546397,45.96622889305816,0.10557023086021501
622,4.119026680389052,227.58592555850834,45.96622889305816,0.08774368194913146
623,5.306069483503021,214.30185617887543,45.96622889305816,0.1064326104811742
624,5.612685432167128,202.08584803573072,45.96622889305816,0.10616526604169796
625,5.268022741145502,231.98277133537852,45.96622889305816,0.1143876721992012
626,4.250209231396841,164.45328348952233,45.96622889305816,0.06542273683489655
627,5.965384731487338,230.51981550195794,45.96622889305816,0.12871304668878158
628,5.027971945957624,222.4616521955049,45.96622889305816,0.10469449657277967
629,5.763841740269733,197.34850985419973,45.96622889305816,0.10646865014550987
630,4.195917715870371,198.45157076143926,45.96622889305816,0.0779394527964211
631,4.702745776221741,161.8513668103995,45.96622889305816,0.07124324984181493
632,5.9180942584333085,217.26274101667485,45.96622889305816,0.12034913718506016
633,5.571636938308031,207.74080750959513,45.96622889305816,0.10833791498846772
634,4.538341974826205,206.7761832527805,45.96622889305816,0.08783620858120203
635,5.360542825756072,207.78720458888432,45.96622889305816,0.10425656674769104
636,4.254288571775769,225.08415795933962,45.96622889305816,0.08962882913969625
637,4.595104735087213,191.7385341925654,45.96622889305816,0.08246708929994546
638,5.101426430991767,238.21085507283922,45.96622889305816,0.11374413824757963
639,4.625049046393616,163.35006741515392,45.96622889305816,0.0707149940821076
640,5.944912120549655,236.5983378147701,45.96622889305816,0.13165367213016055
641,4.39655987528015,226.3235091204376,45.96622889305816,0.09313619880534998
642,5.839234270147083,161.0393704587761,45.96622889305816,0.08801644277329461
643,5.509499554404606,174.39085816541615,45.96622889305816,0.08993147486119027
644,5.654361308894192,161.67569486563798,45.96622889305816,0.08556657348440885
645,5.3824829394386375,225.34203496391135,45.96622889305816,0.11352740805728131
646,4.0712775592494115,220.565051934467,45.96622889305816,0.0840510727332566
647,4.237527258263501,166.32686141516317,45.96622889305816,0.06597064740503668
648,5.841329648252156,233.84242269633714,45.96622889305816,0.12785298334054526
649,5.482281040993545,231.21642847749214,45.96622889305816,0.11864674619070578
650,4.03341493998921,200.93428102134632,45.96622889305816,0.07585824458417294
651,5.74327648830325,231.42204548579127,45.96622889305816,0.12440570619799206
652,4.7340536432945335,185.9687772359058,45.96622889305816,0.08240414526982585
653,5.399956693785573,164.81349992046856,45.96622889305816,0.08330266733459696
654,5.561040231905067,179.9745787503304,45.96622889305816,0.09367917372691059
655,5.04314499463998,175.4040494072707,45.96622889305816,0.08279744183641578
656,5.4687158156499915,236.51755393743744,45.96622889305816,0.12106666614711377
657,5.08166725439647,236.0573431908604,45.96622889305816,0.11227927193054438
658,4.804138576806826,182.91212155936972,45.96622889305816,0.08224961278706151
659,5.677220788488242,163.03454600314623,45.96622889305816,0.08663457945269129
660,4.562350759220472,215.2391808997961,45.96622889305816,0.09191488554070779
661,4.377823412511462,231.23625013946855,45.96622889305816,0.09475235356222791
662,4.96435560623985,179.67225806531027,45.96622889305816,0.08348717347891092
663,4.742509879014207,182.69978601265896,45.96622889305816,0.08110023854950525
664,5.401838268820739,168.79238373919614,45.96622889305816,0.08534346518579217
665,5.707346510648392,171.90557887333745,45.96622889305816,0.09183327245761355
666,4.564934373669474,210.13638413337006,45.96622889305816,0.08978662396913355
667,4.708413235209111,200.80427704063845,45.96622889305816,0.08849594666996358
668,5.138208622957243,180.7217469691602,45.96622889305816,0.08691565321603344
669,5.069203570956861,235.1491197488517,45.96622889305816,0.1115729557055794
670,4.0049517579656095,207.6982730979953,45.96622889305816,0.07785849838761423
671,4.640412146248588,228.96442357395293,45.96622889305816,0.09944899775098494
672,4.193184057508326,164.84995766822888,45.96622889305816,0.0647006456655318
673,4.809792552791316,213.89937903316022,45.96622889305816,0.09629676953398766
674,4.012904139924234,224.898705128921,45.96622889305816,0.08447371404034179
675,4.673027216760156,233.6202673381302,45.96622889305816,0.10218441801277628
676,5.811531212186974,221.10472310796277,45.96622889305816,0.12027197515356355
677,5.474011299475157,208.06497557307932,45.96622889305816,0.1066057225564087
678,5.588975143603355,174.24664612483937,45.96622889305816,0.09115331229089065
679,5.634216666815652,205.21663782006402,45.96622889305816,0.10822359610424005
680,5.563951540350616,199.50388858925143,45.96622889305816,0.10389880502558885
681,5.261917403876794,187.32773891539546,45.96622889305816,0.09226180918916278
682,4.848823168129292,189.1818581377303,45.96622889305816,0.08586015766173855
683,5.481182565114832,176.0439141002035,45.96622889305816,0.09031733873703297
684,5.8610424451296685,226.3427590930629,45.96622889305816,0.12417018290279001
685,5.723469582728574,233.11846851645151,45.96622889305816,0.12488546900477036
686,4.872038863095743,231.35319700927752,45.96622889305816,0.10550234138470846
687,4.888209895150094,168.12844008037194,45.96622889305816,0.07692488897717743
688,4.099170692181918,165.0866699796633,45.96622889305816,0.06334084591385095
689,4.376013231966593,188.78440481353476,45.96622889305816,0.07732511780319762
690,5.95850474267308,179.29597881643232,45.96622889305816,0.0999962439952249
691,5.825983624969394,224.83467625967833,45.96622889305816,0.12260506211124733
692,5.722245648405399,222.7809513573793,45.96622889305816,0.11932196603674265
693,5.946187149166214,169.58511268176727,45.96622889305816,0.09438481893842622
694,4.957956085660528,187.4268459244378,45.96622889305816,0.08697818107997221
695,4.568474970199887,195.745929730028,45.96622889305816,0.083702771613877
696,4.961859232114291,238.87569367831398,45.96622889305816,0.11094104417810988
697,4.52936335721259,232.93449770214187,45.96622889305816,0.09875220998973423
698,4.333947219367588,213.2037041904997,45.96622889305816,0.08648767304754276
699,4.610832451051341,236.83038450833186,45.96622889305816,0.10220981680596805
700,5.269226026256265,165.13724198425598,45.96622889305816,0.08144561443520927
701,5.847079833325049,183.50539357235255,45.96622889305816,0.10043005621552287
702,5.854796688400373,161.07882372213248,45.96622889305816,0.08827264028229835
703,4.43738177217757,182.2718627190035,45.96622889305816,0.07570460113727084
704,5.375972035637357,223.83605989525793,45.96622889305816,0.11263228690560491
705,5.260180417865661,164.96183871765393,45.96622889305816,0.0812194375559783
706,4.8672766318739065,199.51871317122658,45.96622889305816,0.09089615529445123
707,4.717444299754318,193.56366638208667,45.96622889305816,0.0854685762478443
708,4.96523152496937,204.32014450412686,45.96622889305816,0.0949569026026784
709,5.261901437839338,176.80978868117816,45.96622889305816,0.08708129176832852
710,5.803373034615218,226.2306232968777,45.96622889305816,0.12288750541191945
711,5.573227091426042,224.46833576471698,45.96622889305816,0.11709481774079587
712,5.05091535428578,236.24456506677342,45.96622889305816,0.11168832177943425
713,4.7318993607482565,193.59862071054536,45.96622889305816,0.08574594814487274
714,5.632557436474309,229.52031065592982,45.96622889305816,0.12100480073201061
715,4.897974691368178,227.84094014362898,45.96622889305816,0.10445377723382412
716,5.266469417480235,191.04167218962618,45.96622889305816,0.09417237561116898
717,5.810993327738887,200.2545264532501,45.96622889305816,0.10892023431769086
718,5.6982871182697075,224.99342621148247,45.96622889305816,0.12000242051705762
719,4.193263788733268,229.69008584225264,45.96622889305816,0.09015094479393793
720,4.324844960603271,225.1088171358291,45.96622889305816,0.09112528464411096
721,5.511137237844677,218.97406308891706,45.96622889305816,0.11295611619659457
722,5.841753152999023,208.044748866151,45.96622889305816,0.1137563919323889
723,4.677208730232009,207.4553962934881,45.96622889305816,0.09082122104742746
724,5.39225784663311,189.16958115202226,45.96622889305816,0.09547678841793683
725,4.508592033915105,199.17527419136573,45.96622889305816,0.08405280510794373
726,5.796613783194108,210.43717687170246,45.96622889305816,0.1141754365394105
727,5.794511248624968,198.0092530663882,45.96622889305816,0.10739353661946133
728,5.893981272515008,223.32466093078102,45.96622889305816,0.12320300015869129
729,4.709166553402032,195.85756782935783,45.96622889305816,0.08632970495629104
730,5.995537939715829,236.29602711843472,45.96622889305816,0.13260516006747633
731,4.8204813491608896,226.68474767880787,45.96622889305816,0.10227949040321396
732,5.819458555493705,180.13983314750823,45.96622889305816,0.0981224050430965
733,5.035212141722735,220.5668275014814,45.96622889305816,0.1039522318751333
734,4.153723203574705,224.45473074573613,45.96622889305816,0.08726541625626337
735,4.422092326330665,198.31789033008542,45.96622889305816,0.08208532996585809
736,4.750407697762888,219.21353957456256,45.96622889305816,0.09747070499545252
737,4.466329138819475,197.30863283147139,45.96622889305816,0.08248455972018602
738,4.531158158996235,164.3841777351914,45.96622889305816,0.06971802628327989
739,5.687023865296741,177.96159884540074,45.96622889305816,0.0947299260716789
740,4.464834313190273,163.7407083625985,45.96622889305816,0.06842863246409528
741,5.005393549091602,181.51711976204422,45.96622889305816,0.08504164846069999
742,5.13100288843587,217.882342983257,45.96622889305816,0.10464058155903458
743,4.091859269376822,176.039180727353,45.96622889305816,0.06742265900130269
744,4.781782721014355,230.38108438540016,45.96622889305816,0.10311278220946464
745,4.219450426528232,219.50640978711328,45.96622889305816,0.08669198438801935
746,5.907164775054172,166.21335908863938,45.96622889305816,0.09190113191549229
747,4.66601871917474,221.5654296032021,45.96622889305816,0.09676634217593001
748,5.870363494391909,179.73830541509085,45.96622889305816,0.09876009187068457
749,5.28376046596679,218.5250870145402,45.96622889305816,0.10807376257916598
750,4.808047706712254,213.56224639315252,45.96622889305816,0.09611011509942158
751,5.098254793665873,234.97414925492376,45.96622889305816,0.11212887655255811
752,5.077442208579919,201.32911635878853,45.96622889305816,0.09568137882103733
753,5.338590808614904,172.18380273722317,45.96622889305816,0.08603888592174422
754,5.061916614811393,164.0549232709413,45.96622889305816,0.07772846719685918
755,5.254047945557634,202.77309377327742,45.96622889305816,0.09971952651216072
756,5.678800295996108,223.81625293377354,45.96622889305816,0.11896633039908736
757,4.865090152252459,212.7194697325762,45.96622889305816,0.0968665835955469
758,4.606629938353305,191.02702243732543,45.96622889305816,0.08236713893562385
759,4.156049034880346,168.05630146991234,45.96622889305816,0.06537494148396959
760,5.63749039895223,237.7555076010337,45.96622889305816,0.12545623503493156
761,4.978442694261462,170.23713635096547,45.96622889305816,0.0793274814781915
762,4.176676755728826,163.6325373331276,45.96622889305816,0.06397000413899505
763,5.757559910989579,195.37589304535686,45.96622889305816,0.10528955511719437
764,5.760736974331276,189.02622877506124,45.96622889305816,0.10192388405686323
765,5.176122828602984,213.90707975853434,45.96622889305816,0.10363479223387201
766,4.100067899938425,214.52755797321785,45.96622889305816,0.08232845906358871
767,5.5994318872962845,161.76638082592777,45.96622889305816,0.08478286418995046
768,4.117643635758077,201.7670781427432,45.96622889305816,0.07776334100058911
769,5.942765691895223,237.85959390981623,45.96622889305816,0.13230770287881613
770,4.21915731260138,220.87043312362903,45.96622889305816,0.087224632845573
771,5.586637850692943,230.1564229177876,45.96622889305816,0.12035093464860384
772,4.08703629987505,237.7946850564685,45.96622889305816,0.09096754771195807
773,5.643417218106945,208.61489897072198,45.96622889305816,0.11019536543854923
774,4.13365631798972,179.21266075785408,45.96622889305816,0.06933921203715028
775,4.693262823263403,228.59099781799586,45.96622889305816,0.10041760233572052
776,5.522240778056725,235.2576478822594,45.96622889305816,0.12160038163900751
777,4.845074905993047,233.34385480325483,45.96622889305816,0.10582120742309395
778,5.791416815763027,161.47892526692235,45.96622889305816,0.08753394903385346
779,4.4785082627125155,223.99063850922252,45.96622889305816,0.09389427141124418
780,5.330183835792377,177.83103664482852,45.96622889305816,0.0887208301536773
781,5.562939708474767,185.32447101560737,45.96622889305816,0.0964968131803856
782,5.204289923921877,234.7726195283517,45.96622889305816,0.11436279924178
783,4.47923636315219,164.4293995818827,45.96622889305816,0.06893809844486298
784,5.320277587673525,218.27371183816896,45.96622889305816,0.10869550258983805
785,4.6251576355862225,197.47287626877184,45.96622889305816,0.08548892178799597
786,5.002180296456608,225.27577233686551,45.96622889305816,0.10547503477547525
787,5.386158312798431,181.83871244734266,45.96622889305816,0.09167297187080618
788,4.5460243037933195,185.99720650557373,45.96622889305816,0.0791432760654435
789,4.291905654887112,170.7422804051956,45.96622889305816,0.06859099342362199
790,5.634823072392104,226.5364179219343,45.96622889305816,0.11947971058391864
791,4.520159847755333,228.03174271865538,45.96622889305816,0.0964772572093706
792,5.141469878545778,216.97262369464792,45.96622889305816,0.1044162483806595
793,5.760888400349485,184.66753581049062,45.96622889305816,0.09957627248135846
794,5.324452111705921,184.68266460629502,45.96622889305816,0.09204006273307222
795,5.8058297984581255,183.9668628758217,45.96622889305816,0.09997231555708541
796,5.250667935733351,175.2821242625988,45.96622889305816,0.08614459428801938
797,4.739559128194386,188.11189688833377,45.96622889305816,0.08345071407058434
798,5.500649388727922,182.92762049943858,45.96622889305816,0.09418225788332621
799,4.654817319783907,160.75317888801894,45.96622889305816,0.0700386973695182
800,4.631673885700033,181.77179751297908,45.96622889305816,0.07880255956849717
801,5.089214787026792,192.1424369635741,45.96622889305816,0.09152714670001202
802,5.96094266366781,203.69057898607724,45.96622889305816,0.11364798392675263
803,4.145497345608059,224.75882182664373,45.96622889305816,0.0872105924930148
804,4.1065297041522255,226.97837284092745,45.96622889305816,0.08724394507340374
805,4.810942371252358,164.93415333222208,45.96622889305816,0.07427054295017328
806,5.954731130395824,199.63404289329935,45.96622889305816,0.11126859587096806
807,5.709626098262347,193.64463915537385,45.96622889305816,0.10348776224374699
808,4.923214914852114,188.9891284043336,45.96622889305816,0.08708863135799891
809,4.737843966502337,223.4764187804269,45.96622889305816,0.09910334326224339
810,4.061568930619479,199.18911788045506,45.96622889305816,0.07572430312207087
811,4.5311142535291395,204.53750197175978,45.96622889305816,0.08674686919692944
812,4.43042339573346,187.90005190380626,45.96622889305816,0.07791982717092487
813,5.066516119011793,219.34467887018857,45.96622889305816,0.10401892966438984
814,5.8919375902630735,179.45035746608445,45.96622889305816,0.09896424471091723
815,4.965827198073084,187.8917937765825,45.96622889305816,0.08733237363213409
816,5.212073717456568,189.31842894834662,45.96622889305816,0.09235901448557281
817,4.193938234538034,209.15174355646892,45.96622889305816,0.08210306464979755
818,4.071126300031278,163.44339631403827,45.96622889305816,0.06228131919052834
819,5.768441889985533,229.62245911989373,45.96622889305816,0.12397917280962897
820,5.125428344379371,161.44022438548524,45.96622889305816,0.07744934826610787
821,4.686211138659973,187.70141040408515,45.96622889305816,0.0823313500006431
822,5.4417806728186395,224.9526957405309,45.96622889305816,0.11457980651325995
823,4.708479165913124,193.7391560846487,45.96622889305816,0.0853834906123205
824,4.449319529041321,218.2334699462326,45.96622889305816,0.09088470515800025
825,4.6983056538967585,216.4384282115879,45.96622889305816,0.09518126819638613
826,5.4138003416857305,172.49709524721771,45.96622889305816,0.08740974838650756
827,5.770957520272211,225.96182479816616,45.96622889305816,0.12205590622181506
828,5.166023108426609,166.90598486533395,45.96622889305816,0.080705680356508
829,4.334509863385538,167.37428132211207,45.96622889305816,0.0679054402978624
830,4.927229899902351,181.24101356198648,45.96622889305816,0.08358631080801088
831,5.661593351363109,194.87651190674654,45.96622889305816,0.10326996240425937
832,4.904195947981785,233.75403915216748,45.96622889305816,0.10730075724898314
833,5.155543028285046,190.98770204952226,45.96622889305816,0.0921628015579062
834,5.966914943408933,196.9948625689984,45.96622889305816,0.11002226875265299
835,5.159360478566771,190.56007646135828,45.96622889305816,0.09202453671410007
836,5.338414930423718,222.06461944094963,45.96622889305816,0.11096028028261111
837,5.257284455114659,179.87367179805128,45.96622889305816,0.08851256468760804
838,5.88459419212538,200.9374229013909,45.96622889305816,0.11067593395118522
839,5.65204558191566,160.70597786303344,45.96622889305816,0.08501851913894298
840,5.035527727014068,234.84636492465478,45.96622889305816,0.1106890557707903
841,5.3764202285183815,169.13460325417464,45.96622889305816,0.08511410253323726
842,5.41994600079127,161.20165383797794,45.96622889305816,0.08177871864615216
843,4.737361610695974,178.93625066268197,45.96622889305816,0.07934338382735807
844,4.503774739124168,163.31845851753556,45.96622889305816,0.06884743768381206
845,5.234264542003916,219.3523028591293,45.96622889305816,0.10746665102744483
846,4.583668033405648,206.9480467944915,45.96622889305816,0.08878719532809175
847,4.994787532193038,239.45186682833696,45.96622889305816,0.11194664822588755
848,5.624664184353061,235.68303905583622,45.96622889305816,0.12407971199240875
849,5.648659261761669,212.6137328021108,45.96622889305816,0.11241196489882604
850,4.14233215095266,228.6315437154707,45.96622889305816,0.08864554554222429
851,5.522038515120689,182.57291005725943,45.96622889305816,0.09436514641200056
852,4.538767883874935,201.94007847202715,45.96622889305816,0.08578993575073157
853,4.5660027306655815,237.65003363242138,45.96622889305816,0.10156636175478655
854,4.387138383884085,172.27027131964968,45.96622889305816,0.07074040144472128
855,4.087047932500146,204.2072813962762,45.96622889305816,0.078119023060927
856,5.480657523449128,206.90732962816395,45.96622889305816,0.10614129671652299
857,4.4165522936642425,233.8742420937331,45.96622889305816,0.09668110798457874
858,4.758593935076016,171.26410726808987,45.96622889305816,0.0762817856245044
859,4.38211121659421,195.05690403739496,45.96622889305816,0.0800056340044799
860,5.088751791391199,208.11590182676017,45.96622889305816,0.09912709574706938
861,4.146474402037149,229.39956570096652,45.96622889305816,0.08903226636883768
862,4.672860752733494,180.75174783885612,45.96622889305816,0.0790571572562465
863,5.375135820501022,209.08486913754328,45.96622889305816,0.10519325571699148
864,5.985641323476757,192.82825954313532,45.96622889305816,0.10803319475415406
865,4.366496039308389,237.8211689035097,45.96622889305816,0.09719846997876909
866,4.964033533436793,212.92210458743503,45.96622889305816,0.0989307509282318
867,4.0846302428039385,186.8708775649003,45.96622889305816,0.07144473379688458
868,5.9744496676737615,237.15022959821556,45.96622889305816,0.1326164215345459
869,5.968302816578992,225.9144765555288,45.96622889305816,0.12620331423014622
870,5.001017304156128,205.7615442177032,45.96622889305816,0.09631599524002124
871,4.1497055707507355,223.46197700981935,45.96622889305816,0.08679541205543084
872,5.4981421734764835,216.66378342439225,45.96622889305816,0.1115008394863546
873,4.765132257614268,181.26791770129807,45.96622889305816,0.08084846033868463
874,5.619837268602921,237.96300107975222,45.96622889305816,0.1251725288127527
875,4.846967898318047,164.44119677846766,45.96622889305816,0.07460305650216749
876,5.801453882700052,215.1554874188747,45.96622889305816,0.11683289010467442
877,5.342844085745169,235.54063214830583,45.96622889305816,0.11779156335269743
878,5.340992821567476,209.40075935367634,45.96622889305816,0.10468298435762831
879,5.420221817360351,198.7155263369869,45.96622889305816,0.10081489684967827
880,4.573972268749552,180.1430156411062,45.96622889305816,0.0771235131842451
881,5.452490295358438,179.40872646644914,45.96622889305816,0.0915617982203431
882,5.862311268466472,192.2399127924803,45.96622889305816,0.10548441137635779
883,5.267137638152613,163.42395164308604,45.96622889305816,0.08056867540877355
884,4.897879259830414,191.96488308930776,45.96622889305816,0.08800466870509616
885,5.509316013256078,164.43359128072714,45.96622889305816,0.08479379540362679
886,4.804704815892966,228.65068974971226,45.96622889305816,0.10282887297050386
887,5.336997461594322,222.19399614480383,45.96622889305816,0.11099544706283124
888,5.526534713043631,212.95567315148213,45.96622889305816,0.11015848771305199
889,4.782593707670896,191.95146132696084,45.96622889305816,0.08592721966488408
890,4.102364202864159,175.5999387912859,45.96622889305816,0.06742709091354682
891,5.116175167913043,231.60635294572606,45.96622889305816,0.11091025966848304
892,5.22445716787181,190.96383072305676,45.96622889305816,0.09338306835549116
893,5.6638684846182885,195.90159327974143,45.96622889305816,0.10385489652067648
894,4.519762784282193,166.40582728354644,45.96622889305816,0.07039795138682564
895,5.657101379497116,209.27819945755246,45.96622889305816,0.11081378794355932
896,5.16164089237176,217.65361219984914,45.96622889305816,0.10515489988565636
897,5.210080725854444,188.04213418290828,45.96622889305816,0.09170129582217916
898,5.235162807935445,171.20336422122446,45.96622889305816,0.08389157259266597
899,4.5923492890726445,202.9850807113031,45.96622889305816,0.08725189740667044
900,4.13829801348975,225.74268499454996,45.96622889305816,0.087440231256093
901,4.089278076114117,189.78931018809084,45.96622889305816,0.07264307842580707
902,4.908789994969146,214.4565464033204,45.96622889305816,0.09853479317824793
903,4.309738799633146,225.70944251907136,45.96622889305816,0.09104928223884565
904,4.852222036346926,180.09199805150422,45.96622889305816,0.081792019437828
905,4.1966716014550025,234.02505452003206,45.96622889305816,0.09192702171118539
906,4.806768231047771,190.50674651697847,45.96622889305816,0.08571155832327654
907,4.360487626189489,200.5070638593181,45.96622889305816,0.08183528223831252
908,4.639767456759425,173.2738529846304,45.96622889305816,0.07524975595975392
909,5.505740386476972,231.8612572902492,45.96622889305816,0.11948675434696289
910,4.70458846914523,182.91961110147153,45.96622889305816,0.08054855576057281
911,4.746770403021261,233.9867845182262,45.96622889305816,0.10395979246684789
912,5.167212277790933,173.2729436790496,45.96622889305816,0.08380364447401709
913,5.2649705145536645,192.10057698178733,45.96622889305816,0.0946674025725034
914,4.0348178678711335,237.594405538159,45.96622889305816,0.08972965429942029
915,4.229792194788253,193.0797279069425,45.96622889305816,0.07644191500039771
916,5.31527708496846,206.88186885654994,45.96622889305816,0.10292578515916351
917,4.008436498822585,208.630837200811,45.96622889305816,0.07827613210082422
918,5.454542879796871,227.94578628242235,45.96622889305816,0.11637663013515111
919,4.367885917364458,162.94045834422573,45.96622889305816,0.06661561920349318
920,5.888759858962942,214.43432059927054,45.96622889305816,0.11819360774791203
921,4.909926485999057,218.0040631659777,45.96622889305816,0.10018793526712265
922,4.314160481445476,236.6718474276587,45.96622889305816,0.095569375004354
923,5.308488611064069,230.15618299989774,45.96622889305816,0.1143587461742795
924,5.113416737697488,224.0643785455978,45.96622889305816,0.10724075327879276
925,4.65534974260278,170.64608440362184,45.96622889305816,0.07435745039778806
926,4.707641344987958,231.753969327539,45.96622889305816,0.10211896355276245
927,5.396183054655676,196.49932617708401,45.96622889305816,0.09924841687812848
928,4.470423672259427,207.84357298898604,45.96622889305816,0.0869683303772659
929,5.185806432832436,202.47362164062724,45.96622889305816,0.09827897129695431
930,5.475607488381561,179.4250628321937,45.96622889305816,0.09195836997178654
931,5.0219783913856,184.67249205660573,45.96622889305816,0.08680663036577402
932,4.411201099239784,186.62251463842614,45.96622889305816,0.0770542757446099
933,5.605895583850954,169.1110128326704,45.96622889305816,0.08873454844979985
934,4.550962514136894,202.642005791787,45.96622889305816,0.08631943371304664
935,4.801936604511766,226.21404074729662,45.96622889305816,0.10167444918249462
936,5.558483146297089,214.23351332640826,45.96622889305816,0.11146013173122543
937,4.564995689274733,161.69750738862697,45.96622889305816,0.06909069250470362
938,4.6278102188955845,208.0765337555408,45.96622889305816,0.09013106318357832
939,4.202895022401378,225.88657963552845,45.96622889305816,0.08886174159820792
940,5.973193151681469,219.00485534400866,45.96622889305816,0.12244361707897705
941,4.829225098442813,223.77747084200652,45.96622889305816,0.10115087848222713
942,4.545193180200488,236.32880418125916,45.96622889305816,0.10054138246304216
943,4.733218397206803,215.19148684229182,45.96622889305816,0.09533612129597914
944,4.037832306249605,210.45750617186374,45.96622889305816,0.07954054219926146
945,4.592056754273929,168.170038271381,45.96622889305816,0.07228225930635218
946,4.8670846250094,168.46834557813997,45.96622889305816,0.07674729141120307
947,4.370125036067246,231.61089784540607,45.96622889305816,0.09473897939690082
948,4.126901662322704,209.99965827879095,45.96622889305816,0.0811182470752314
949,4.120575653310517,217.4439875765645,45.96622889305816,0.08386507594920746
950,5.955780965687797,194.36238875317667,45.96622889305816,0.10834947071973475
951,5.936302159837677,211.31902646101702,45.96622889305816,0.11741685632308294
952,5.190936566310999,173.6934264832104,45.96622889305816,0.0843927139092537
953,5.904717636977115,228.92393779231105,45.96622889305816,0.1265220415375966
954,4.263513365594106,162.29103981006722,45.96622889305816,0.06476464962362179
955,4.718105633622273,172.75435343731047,45.96622889305816,0.07629085977414855
956,4.672305931106573,236.67699269773647,45.96622889305816,0.10350543684668628
957,5.723805498890688,195.20967584215828,45.96622889305816,0.10458323141966054
958,4.551661732409993,206.22459282445425,45.96622889305816,0.08785900538446834
959,5.874994453012084,223.25218319551735,45.96622889305816,0.1227662596271126
960,5.7355063074908985,220.88891750875894,45.96622889305816,0.11858275537302389
961,5.007308207678463,171.32060622441665,45.96622889305816,0.08029523527196851
962,5.63721993512063,212.07757462693957,45.96622889305816,0.11190141438643599
963,5.545354032546637,218.72078238276939,45.96622889305816,0.11352595855424105
964,4.492224926910464,182.85347537723925,45.96622889305816,0.07688481278978851
965,5.712754397439845,192.5819994147748,45.96622889305816,0.10297625495269437
966,4.355448292860317,211.41680697935885,45.96622889305816,0.0861882812893653
967,4.596634366489702,211.4142545653861,45.96622889305816,0.09095992103025885
968,5.180127045377024,213.05099299155813,45.96622889305816,0.1032998813346241
969,5.986867571915838,182.18474674396487,45.96622889305816,0.10209101314268777
970,5.951272880477248,221.0770011450928,45.96622889305816,0.12314854294816586
971,5.7107987979714645,224.19973768445297,45.96622889305816,0.11984165785555627
972,4.045924505638422,200.2951242549001,45.96622889305816,0.07585146986814942
973,4.211531099111565,213.87831615877332,45.96622889305816,0.08431068484128788
974,4.119288215653028,162.65587919030736,45.96622889305816,0.06271447537885755
975,5.8134609276258224,233.36460968028607,45.96622889305816,0.12698300536899063
976,5.247541314999807,196.79415671716083,45.96622889305816,0.09665935979767219
977,5.6569882826730336,237.13766397343608,45.96622889305816,0.12556299473435795
978,4.108582920161472,168.2821752114653,45.96622889305816,0.06471515895075938
979,5.810176026200202,167.95172428501846,45.96622889305816,0.09133760207518134
980,5.4283387804664995,204.28082643277423,45.96622889305816,0.10379355781680048
981,5.043272606220558,167.8113669005223,45.96622889305816,0.07921540876409142
982,5.457415677910031,208.16083602963334,45.96622889305816,0.10633149166301818
983,5.857684025769993,198.4794226766712,45.96622889305816,0.10882214400631274
984,5.824832313232262,174.71148253719343,45.96622889305816,0.09525345232809355
985,4.407781674529394,235.9182775673221,45.96622889305816,0.09733241798727232
986,4.198762066951129,178.9231549984278,45.96622889305816,0.07031753877157926
987,4.282706201111786,216.77845068446368,45.96622889305816,0.08689809164528778
988,5.560481035003114,232.1180322614103,45.96622889305816,0.12080838896304169
989,4.293611792555845,185.73906714390577,45.96622889305816,0.07464519962896424
990,4.6343907523378105,237.87777503320672,45.96622889305816,0.10318637729093498
991,5.165815731047231,186.99985003535758,45.96622889305816,0.09041823339270914
992,4.597472517585363,185.5211971968134,45.96622889305816,0.07983411747872035
993,5.424362280574605,203.94263459914254,45.96622889305816,0.10354581755112799
994,5.24722099899898,197.64040430560297,45.96622889305816,0.09706908554207358
995,4.052511936735797,214.96863221199675,45.96622889305816,0.08154085193868599
996,5.448253443236715,174.41989795599966,45.96622889305816,0.08894656457928742
997,5.298746395960379,230.20377222631058,45.96622889305816,0.11417247582817261
998,5.205537136806456,213.48327434662605,45.96622889305816,0.1040172225485705
999,5.401424683796073,185.94681283781742,45.96622889305816,0.09400975316323301
1000,4.308590516466447,197.81211245908264,45.96622889305816,0.07977447427092603
1001,4.463592201039807,214.9594734512903,45.96622889305816,0.08980839777656476
1002,5.4298477219532915,160.654585017249,45.96622889305816,0.08165008167987163
1003,5.9084024564815865,234.00013484898832,45.96622889305816,0.1294082685379023
1004,4.263877820463477,198.22356333450983,45.96622889305816,0.07911081876627574
1005,4.4180459610085006,237.11342872015996,45.96622889305816,0.09805330323902689
1006,5.132065329336664,216.01275328607912,45.96622889305816,0.10376417018766626
1007,5.955770937209459,213.8400943914639,45.96622889305816,0.11920733317460522
1008,5.74155012265904,179.2441622542182,45.96622889305816,0.09632744239029195
1009,4.45878285031987,195.29572606502228,45.96622889305816,0.08150512351358413
1010,5.762953696628506,163.12961721046196,45.96622889305816,0.08799414909785369
1011,4.882767501798802,225.99263360003025,45.96622889305816,0.103284743982091
1012,4.35490518639523,209.2580352377447,45.96622889305816,0.08529757731628196
1013,4.139924155547417,160.82972724007854,45.96622889305816,0.06232102088765002
1014,4.637804548510415,224.45147625775692,45.96622889305816,0.09743405045475839
1015,4.082672194346051,189.18393966872716,45.96622889305816,0.07229439454558026
1016,5.457261268438953,189.5306860461532,45.96622889305816,0.09681220899233535
1017,4.957613195443068,200.0279462491191,45.96622889305816,0.0928194869891961
1018,5.815930866792773,230.07133357955829,45.96622889305816,0.12524419164156397
1019,4.12725055247474,215.3768298680506,45.96622889305816,0.0832023635099127
1020,5.085838896182862,188.36160186705422,45.96622889305816,0.08966662485981174
1021,4.985096203614321,230.38443499029705,45.96622889305816,0.1074985303618475
1022,5.546116093367854,205.44580755793925,45.96622889305816,0.10665030164368715
1023,4.351207452371531,209.4925323975226,45.96622889305816,0.08532065582204905
1024,4.996048181838537,195.750595692663,45.96622889305816,0.09153887256110747
1025,5.887659684666664,239.4104329138031,45.96622889305816,0.1319354856102059
1026,5.902718693507358,219.1100301149449,45.96622889305816,0.12105707989700011
1027,5.197735012622126,185.5546649842036,45.96622889305816,0.09027382842913631
1028,5.894361514832471,196.44962065122223,45.96622889305816,0.10838365982215224
1029,4.403260126866783,168.8592315740662,45.96622889305816,0.06959451296710693
1030,5.671568893418308,186.2531763933383,45.96622889305816,0.09887414673547107
1031,5.5324440056740585,210.19133722159086,45.96622889305816,0.10884480082222077
1032,4.567045367911734,228.0535481629375,45.96622889305816,0.09748729231238831
1033,5.689749580304499,173.74585925837712,45.96622889305816,0.0925301922288116
1034,4.2434928400516565,208.0408237397501,45.96622889305816,0.08263192822354812
1035,4.466816414461706,186.57502790346774,45.96622889305816,0.07800590277491176
1036,5.87343227290351,174.04437542500665,45.96622889305816,0.09568146290401001
1037,4.9409856828709104,183.59232984914325,45.96622889305816,0.08490709405802806
1038,4.69586130486247,189.607364738454,45.96622889305816,0.0833386214411947
1039,4.519993474461286,221.07932164717297,45.96622889305816,0.09353233573478022
1040,5.623742244469171,203.1613817489601,45.96622889305816,0.10694055013072284
1041,5.7986068775549455,170.93206825344205,45.96622889305816,0.09277331231086781
1042,5.0131925352770255,226.27436954631972,45.96622889305816,0.10617581335927412
1043,5.24182689539113,238.80026233119892,45.96622889305816,0.11716376609004316
1044,5.191488154433084,236.80229331433793,45.96622889305816,0.11506774974401998
1045,4.197412489732664,163.40998766677538,45.96622889305816,0.06420015792960904
1046,4.713028086594167,227.30666900950695,45.96622889305816,0.10027393415320042
1047,4.101018835375286,180.18366614173735,45.96622889305816,0.0691644665719086
1048,5.970036872402873,211.27720906818698,45.96622889305816,0.11806074338155781
1049,4.786219086966989,166.22893582135293,45.96622889305816,0.07446891866865703
1050,5.510484171401177,234.0244835869922,45.96622889305816,0.1207054566924762
1051,5.4830871675788,169.3129097170053,45.96622889305816,0.08689425662499563
1052,5.0637245283913845,192.22168258796316,45.96622889305816,0.09110627594727351
1053,5.808087721538117,220.9844651997699,45.96622889305816,0.12013533408028938
1054,5.603942825469884,193.09907972805033,45.96622889305816,0.10128607654902466
1055,4.049749348080966,220.75188686328903,45.96622889305816,0.08367744620778642
1056,5.266639512591816,171.31860759595102,45.96622889305816,0.0844527853734597
1057,5.513549292470573,171.94404432944887,45.96622889305816,0.08873485582639036
1058,5.4793692310162845,217.0891249041432,45.96622889305816,0.11133827372191804
1059,4.015034692594574,221.98211037125822,45.96622889305816,0.08342248583222985
1060,4.815318713299472,200.5266504545952,45.96622889305816,0.09038013495725207
1061,5.929384122608603,233.58794214246265,45.96622889305816,0.12963905467085057
1062,4.765336164773945,216.76586384054656,45.96622889305816,0.09668526287919607
1063,5.026171464615834,225.7759533299101,45.96622889305816,0.10621621801657438
1064,4.639314020267915,197.67500316766504,45.96622889305816,0.08583835231785088
1065,4.224819304759335,234.13445186817685,45.96622889305816,0.09258685040235562
1066,5.801437830024958,182.0849905143807,45.96622889305816,0.09887480481058726
1067,5.165946578681291,190.26897509985895,45.96622889305816,0.09200125218457483
1068,4.3115905310179485,163.60184215958026,45.96622889305816,0.06602395676875496
1069,5.645664489681117,183.1310655144805,45.96622889305816,0.09677271741064844
1070,5.030883716931354,232.21463519596082,45.96622889305816,0.1093477158109921
1071,4.039771193228909,203.79162298778576,45.96622889305816,0.07705821501775083
1072,5.910986131134491,224.7427580756301,45.96622889305816,0.12434304411902539
1073,4.438622417079903,176.07007108787926,45.96622889305816,0.07314920163790321
1074,5.524973031948708,166.37844507894874,45.96622889305816,0.0860405291140591
1075,5.1987247072721745,178.728197215813,45.96622889305816,0.08696925382879289
1076,5.678514407568909,190.35329048462333,45.96622889305816,0.10117447727821978
1077,4.829944860834678,223.55322924414392,45.96622889305816,0.1010645785385262
1078,4.176175360423094,208.0769049400932,45.96622889305816,0.08133518423009449
1079,5.925239585264856,212.03005932074927,45.96622889305816,0.1175923851105144
1080,4.163584041519908,232.68261815860845,45.96622889305816,0.09067908430191801
1081,4.2578940137313115,189.50773752725897,45.96622889305816,0.07552620140580034
1082,4.363357181958077,217.74822023429817,45.96622889305816,0.08893060119383675
1083,4.5297834155414805,180.88872680067126,45.96622889305816,0.07669460024180084
1084,4.827118927489923,182.88756930644806,45.96622889305816,0.08263195643680665
1085,5.569115035274319,202.13465845226165,45.96622889305816,0.1053665650942192
1086,5.111841578529374,172.93009594285772,45.96622889305816,0.08274158143241085
1087,5.826979092315336,187.9108469830153,45.96622889305816,0.10248756116875814
1088,4.75476009198255,179.39114064260147,45.96622889305816,0.07983722788541794
1089,5.92037516767959,208.56421913303933,45.96622889305816,0.11557526046971399
1090,4.121912394550108,175.4089508880469,45.96622889305816,0.06767470277385215
1091,4.960892793918377,175.0281818160743,45.96622889305816,0.08127250989661425
1092,5.210071176734942,184.631777654369,45.96622889305816,0.09003802420701154
1093,4.699228634173881,222.9325396589394,45.96622889305816,0.09805638715277111
1094,5.048745476544785,169.0422708907078,45.96622889305816,0.07988305108720428
1095,4.743789349160409,231.70735768523122,45.96622889305816,0.1028823958196706
1096,5.692317687034442,220.78737482413803,45.96622889305816,0.11763571985430818
1097,5.687054198303273,167.32071521278104,45.96622889305816,0.089066200945546
1098,4.244348282759865,161.49095594079833,45.96622889305816,0.06415567343907476
1099,4.250054708561148,225.88379801568828,45.96622889305816,0.08985773153862191
1100,4.07585772736798,197.21432277705472,45.96622889305816,0.07523732000664374
1101,4.4942326431654385,226.59990902013175,45.96622889305816,0.09532155747409726
1102,5.605730695111665,221.27957799079977,45.96622889305816,0.11610459643015415
1103,4.7565127887995455,234.0472625256739,45.96622889305816,0.10420008743541313
1104,5.79171686627587,212.06519253388248,45.96622889305816,0.1149615372998221
1105,5.22518476379406,186.955651941065,45.96622889305816,0.09143576432898695
1106,5.471777258010255,235.07916013680074,45.96622889305816,0.12039775509235005
1107,4.632430305091495,182.87436747504518,45.96622889305816,0.07929349851532241
1108,4.5271654572659425,238.65256312695823,45.96622889305816,0.10112727831114589
1109,5.080635277486296,237.40550046806294,45.96622889305816,0.11289758320595011
1110,5.234758903451014,183.47689398421716,45.96622889305816,0.08989880368822876
1111,5.172791810847492,172.43571252430888,45.96622889305816,0.08348877029782202
1112,4.896200614226024,195.43004914420928,45.96622889305816,0.08956253841519812
1113,5.1530775261088415,190.9793436310594,45.96622889305816,0.09211469563447912
1114,4.910273023710624,230.0924155730262,45.96622889305816,0.10575083199551313
1115,4.360782512912415,233.81192454365376,45.96622889305816,0.09543483629412992
1116,5.077083154366068,210.30986228882557,45.96622889305816,0.09994239768461308
1117,4.20853011256499,171.62063346411296,45.96622889305816,0.06760452852234415
1118,5.465141352826654,232.05282710250196,45.96622889305816,0.11870366053461712
1119,5.037710871437981,173.4021011448289,45.96622889305816,0.08176424724631733
1120,5.593830665008262,233.40250000595134,45.96622889305816,0.12220547618662174
1121,5.340355575237787,174.62907226994056,45.96622889305816,0.08728961339548753
1122,4.824940172771619,235.18687516501348,45.96622889305816,0.10621377955583904
1123,4.383160771283852,173.6602638410377,45.96622889305816,0.07124652812149143
1124,5.403581034726165,203.44844240221803,45.96622889305816,0.1028991735635015
1125,4.409466735564101,209.32153502462148,45.96622889305816,0.08639245796016742
1126,5.873349424145367,228.41573710423378,45.96622889305816,0.12557052499557303
1127,4.013063969465693,230.1424073973898,45.96622889305816,0.08644673259823162
1128,5.253804044794403,181.37005697373877,45.96622889305816,0.0891898243641494
1129,4.186839547078833,237.6965099047202,45.96622889305816,0.09315045304079093
1130,4.05807535363138,174.76955139425726,45.96622889305816,0.06638374164972402
1131,5.342495152033255,220.63589831019516,45.96622889305816,0.11033064591931702
1132,4.533326978338085,218.96563975896467,45.96622889305816,0.0929113700157277
1133,5.530346140517848,224.21815160180392,45.96622889305816,0.1160643734026997
1134,5.507843731719932,162.61300479395965,45.96622889305816,0.08383256099249184
1135,5.784615494441718,205.02236405557852,45.96622889305816,0.11100731090183003
1136,4.862095599419474,161.95468420497198,45.96622889305816,0.07370430513061495
1137,5.181601160047611,173.02076888626306,45.96622889305816,0.08391470412998933
1138,5.095348866408775,175.13716328587608,45.96622889305816,0.08352723098441943
1139,5.37583138732962,167.10765331227157,45.96622889305816,0.08408486434038032
1140,5.200763864963564,211.50410735277097,45.96622889305816,0.10295840120077193
1141,4.790490391093051,233.37242853447836,45.96622889305816,0.10464184003482785
1142,5.0530991734435915,220.04144583936812,45.96622889305816,0.10407302082162125
1143,4.88903022245971,223.33714746018956,45.96622889305816,0.1022020331652036
1144,5.7948001299522245,193.0391026902376,45.96622889305816,0.10470311442445138
1145,5.934722147441748,172.2502989013257,45.96622889305816,0.09568331733103966
1146,5.692337804759012,202.0667835718246,45.96622889305816,0.1076617518174389
1147,4.27682451786182,210.02658738337786,45.96622889305816,0.08407590593913375
1148,4.2626306307453135,230.99881301876204,45.96622889305816,0.09216442086130511
1149,5.631974999213601,212.34518615373483,45.96622889305816,0.11193837217254367
1150,4.465970736480118,237.024248007938,45.96622889305816,0.09907965806915191
1151,5.706327471048296,217.21688441251277,45.96622889305816,0.11601819915179311
1152,4.730736646850024,198.73337422430725,45.96622889305816,0.08799853199858046
1153,4.676126117760991,227.95090919115992,45.96622889305816,0.09977078592338334
1154,4.617765826006509,179.06489720752248,45.96622889305816,0.07739594581326807
1155,4.428692325300868,192.09300922047078,45.96622889305816,0.07962747021952143
1156,5.245936519132062,226.53190717391465,45.96622889305816,0.11123161962983677
1157,5.849415162834207,166.40698572349905,45.96622889305816,0.09110869985810462
1158,4.09437760333444,189.01880060868882,45.96622889305816,0.07243838258167871
1159,5.620206666805053,232.59223580872253,45.96622889305816,0.12235545825415621
1160,4.336901755090987,182.860777645514,45.96622889305816,0.07422940769476118
1161,5.803923542085415,206.06530842224035,45.96622889305816,0.11194441078943612
1162,4.815392632195104,179.48278880373687,45.96622889305816,0.08089661724874184
1163,4.225790321218965,168.67595000733573,45.96622889305816,0.0667170688357755
1164,5.3481485147270025,217.6331441759678,45.96622889305816,0.10894425766661453
1165,4.731369031860842,208.4800211696318,45.96622889305816,0.09232665773045728
1166,4.3120692111729895,161.6762862852135,45.96622889305816,0.06525411387461544
1167,4.199651684692288,168.46883525717269,45.96622889305816,0.06622297604263531
1168,5.969541214500302,178.88109131008912,45.96622889305816,0.09994964120578652
1169,4.268249223853318,223.63095308150412,45.96622889305816,0.08934238328368466
1170,4.733320242259821,176.50087040395633,45.96622889305816,0.07819672935293144
1171,4.440746695917289,171.12306354146543,45.96622889305816,0.07112796715599183
1172,4.159810744411874,214.4108881634782,45.96622889305816,0.08348265584580442
1173,4.879966664338347,171.87517313792117,45.96622889305816,0.0785065427958649
1174,5.584890744126153,161.53000716980688,45.96622889305816,0.08443912856570433
1175,4.861275732469776,170.18444193879972,45.96622889305816,0.07743654337919749
1176,4.055542453656044,204.05298375284593,45.96622889305816,0.07745826239469432
1177,4.3108660328637685,165.48139383353924,45.96622889305816,0.06677125600840872
1178,4.95754408183256,227.49088936923988,45.96622889305816,0.10556171610784497
1179,4.971257699555544,166.3723419807284,45.96622889305816,0.07741466797566379
1180,4.608713547864826,195.68740037990702,45.96622889305816,0.08441476741875771
1181,4.562311511019787,187.0029157393958,45.96622889305816,0.07985629595474938
1182,5.000336541328246,235.39759978687079,45.96622889305816,0.1101734917878116
1183,5.609699828645927,176.35011432356654,45.96622889305816,0.09259578489120344
1184,5.570516647570218,191.56356338311426,45.96622889305816,0.0998813105684326
1185,5.631432389565768,209.36857054925113,45.96622889305816,0.11035860727770576
1186,5.3579686270634586,188.96817712734543,45.96622889305816,0.09476864884297394
1187,5.426383213559567,205.25522840316373,45.96622889305816,0.10425107402445176
1188,5.237143862925441,203.76360619830797,45.96622889305816,0.09988424032289275
1189,4.111581365403636,197.93981462964894,45.96622889305816,0.07617595314913408
1190,4.10251132332498,173.48010471936243,45.96622889305816,0.06661550319678894
1191,4.95118461533774,192.49395180668483,45.96622889305816,0.08920764147960498
1192,4.095873860610118,170.97798718893256,45.96622889305816,0.06554847952850001
1193,4.930587661407153,237.41276403194195,45.96622889305816,0.10956670405166875
1194,4.97279174162561,221.8042807666115,45.96622889305816,0.10323953599315953
1195,4.886116367106711,175.33798516339357,45.96622889305816,0.08018916039410993
1196,4.042364224751398,190.03944339470883,45.96622889305816,0.07190432938451312
1197,5.838982403926431,185.9859685657806,45.96622889305816,0.10164667947715074
1198,4.73705476067684,215.41756304482354,45.96622889305816,0.0955136325831372
1199,5.473825675341496,208.6707616002081,45.96622889305816,0.10691248206977051
1200,4.676454829372427,235.62047045670687,45.96622889305816,0.10313489038004287
1201,4.705020783030248,183.36078470001476,45.96622889305816,0.08075024594267008
1202,5.686319307662933,234.81777215163166,45.96622889305816,0.12497929063478527
1203,5.91312653275645,202.65745871978407,45.96622889305816,0.11216454876590654
1204,5.738982781861156,174.6968143667643,45.96622889305816,0.09384167610762564
1205,5.777998188866505,220.65534476146044,45.96622889305816,0.11933496267221251
1206,4.798374458663213,179.61475612793706,45.96622889305816,0.08066998912783029
1207,5.519299585446548,194.4467995767165,45.96622889305816,0.10045246913162878
1208,5.9572309180728755,228.3680220347952,45.96622889305816,0.12733728149046805
1209,5.580862005072968,186.70337341631367,45.96622889305816,0.09752799540912997
1210,5.423303460612539,220.4739884968613,45.96622889305816,0.1119172714723512
1211,4.818896272577479,167.56671862539795,45.96622889305816,0.07558074911012834
1212,5.470567508221989,183.55727326983683,45.96622889305816,0.09398960579247352
1213,4.26552397222714,163.4146304987808,45.96622889305816,0.06524378862816577
1214,4.654515922950921,200.79545471639454,45.96622889305816,0.08747908801946769
1215,4.07679254901793,205.0721157734797,45.96622889305816,0.0782530139286478
1216,5.790773681651684,207.83390079055275,45.96622889305816,0.11264938615503518
1217,5.049174323252088,178.5812309603402,45.96622889305816,0.08439797489569999
1218,4.878497851740423,208.04529205181228,45.96622889305816,0.09499918056777486
1219,5.7302012096162365,230.54710186289213,45.96622889305816,0.12365320799222933
1220,4.9038571333593035,174.69314008653737,45.96622889305816,0.08018433082879152
1221,5.414746117881251,236.0455867837699,45.96622889305816,0.1196326801500873
1222,5.915806241772222,239.6522136922905,45.96622889305816,0.1327000953671998
1223,4.504468132729707,226.95389211465096,45.96622889305816,0.09568789538531383
1224,4.103408165487907,161.20303011399196,45.96622889305816,0.06191469929465941
1225,5.347533611383999,169.59053475500494,45.96622889305816,0.08488500553493768
1226,4.7767197051574115,160.99619655032856,45.96622889305816,0.07198155474282399
1227,4.173582703992437,176.69250492257473,45.96622889305816,0.06902445723918793
1228,5.10893412944957,186.55526194303204,45.96622889305816,0.08921002379039346
1229,5.127713617439925,211.91785294499468,45.96622889305816,0.10171082004639012
1230,4.006731039958184,227.8159251637842,45.96622889305816,0.08543781218704911
1231,4.11549113052494,229.84436872114946,45.96622889305816,0.08853834233771228
1232,5.952119987654954,232.28162183430246,45.96622889305816,0.129408372670343
1233,5.084348476585665,221.57323996492727,45.96622889305816,0.1054456008903487
1234,4.345364274985597,234.96739764182132,45.96622889305816,0.09556737236271627
1235,4.046658121001342,204.11833359713603,45.96622889305816,0.07731332971091605
1236,4.922377916468249,223.75164495356378,45.96622889305816,0.1030901185915723
1237,5.490066308300944,186.41431743410624,45.96622889305816,0.09579276378639902
1238,4.327057089122669,223.54187679496155,45.96622889305816,0.09053726410885336
1239,5.954955054687307,167.82959077235273,45.96622889305816,0.0935454939022585
1240,5.465774165712936,201.2549639446362,45.96622889305816,0.1029613274960476
1241,4.623972369079271,161.1557783625182,45.96622889305816,0.06974883548247393
1242,5.448134224796336,170.56242319358793,45.96622889305816,0.08697751688482112
1243,5.7016314605827265,181.16725683202398,45.96622889305816,0.09668401995853589
1244,5.184688221401682,182.7393057494347,45.96622889305816,0.08868097612354171
1245,5.404519435398258,169.37203658430366,45.96622889305816,0.08567904978667513
1246,4.686037017812691,200.71674106201692,45.96622889305816,0.08803698496738104
1247,5.170914131458215,206.36622684489714,45.96622889305816,0.0998807508174519
1248,4.158791823722918,162.70210517881145,45.96622889305816,0.06333389568980578
1249,4.474383173735176,163.01650629547592,45.96622889305816,0.06827168207897594
1250,4.441206652255357,164.7407024103725,45.96622889305816,0.06848220632218678
1251,5.054691859765928,168.36393306623222,45.96622889305816,0.07965620226233837
1252,4.83048490514656,221.56495263051116,45.96622889305816,0.10017691250029602
1253,5.544788546400409,204.97487079513715,45.96622889305816,0.10638036076681542
1254,4.061562105589679,202.93576192880636,45.96622889305816,0.07714850836857917
1255,4.505320124007153,205.47251979225965,45.96622889305816,0.08664734317360918
1256,5.816822303179685,207.90947341238964,45.96622889305816,0.11319726244203301
1257,5.8811694760607764,176.6889756638282,45.96622889305816,0.09726329905629966
1258,4.5366455947027475,171.8992082306544,45.96622889305816,0.07299356554643294
1259,4.156664793567153,160.8400718117805,45.96622889305816,0.06257705350055708
1260,5.855868523423011,196.1386156447201,45.96622889305816,0.10750539810644529
1261,5.877713841280524,229.12015927653738,45.96622889305816,0.12605137566803515
1262,5.487822913327157,233.42750696858343,45.96622889305816,0.11990242567770734
1263,4.528019780514041,228.510132251247,45.96622889305816,0.09684777013531083
1264,5.359959713738275,207.96330117204144,45.96622889305816,0.10433357215801994
1265,5.237330727994578,232.49262113546422,45.96622889305816,0.11397117407876632
1266,5.85783413978535,174.15708105074478,45.96622889305816,0.09548915641802944
1267,4.161530423701971,181.81139381054615,45.96622889305816,0.07081903733282802
1268,5.620362148246704,167.76494824624024,45.96622889305816,0.08825541799704889
1269,5.323521626588494,191.93699460979192,45.96622889305816,0.09563867742757785
1270,5.8246539628402765,225.60155767116515,45.96622889305816,0.12299517424699045
1271,5.015588810682205,190.45335477376605,45.96622889305816,0.08941006293899373
1272,5.669222218706542,179.54770157630603,45.96622889305816,0.09527504866720643
1273,5.0867084915988725,234.53311619771165,45.96622889305816,0.11166494917257058
1274,5.207397776212122,234.40689433506492,45.96622889305816,0.11425283441106977
1275,4.884018592275898,210.3437621554401,45.96622889305816,0.09615741830476975
1276,5.880791671826744,218.98220194510287,45.96622889305816,0.12053702320705124
1277,5.811193885727101,226.5633417968615,45.96622889305816,0.12323408821587122
1278,4.155605127123064,180.6774023305261,45.96622889305816,0.07027712073532899
1279,5.482965365382617,231.2032365178318,45.96622889305816,0.11865478605473723
1280,5.604619080301777,185.05271013455405,45.96622889305816,0.09707723532764484
1281,5.242089202256224,212.9112161488834,45.96622889305816,0.10446692136316514
1282,4.874626048430001,207.01586329183118,45.96622889305816,0.09445409247835868
1283,5.971992644753657,203.57483040246848,45.96622889305816,0.11379395568720022
1284,4.3887187727456745,200.3284058565511,45.96622889305816,0.08229171932250613
1285,4.35150237993974,215.05664835033076,45.96622889305816,0.08759270680227553
1286,5.803804287352519,214.0693615841478,45.96622889305816,0.11629020111255084
1287,5.7552639532500605,218.2152111107167,45.96622889305816,0.1175509425688753
1288,4.874913514395392,203.0556712615978,45.96622889305816,0.09265265905032925
1289,5.065119745501638,191.3995075993353,45.96622889305816,0.09074158940065605
1290,4.18584360646573,216.14525247794023,45.96622889305816,0.08468462088709339
1291,4.094323334353847,176.32381639937302,45.96622889305816,0.0675723406069555
1292,4.907751817358876,238.9668152638719,45.96622889305816,0.10977312732981473
1293,4.613729769486104,223.57638626390556,45.96622889305816,0.09655036832000713
1294,4.838940917546095,177.72444237216777,45.96622889305816,0.080495819936321
1295,4.053163774138163,167.0758157570359,45.96622889305816,0.06338457627474961
1296,4.833468958652965,192.01476517252127,45.96622889305816,0.08686991730122973
1297,5.252713224090764,164.97750728049843,45.96622889305816,0.0811118443982937
1298,4.567866178234656,161.8739254813505,45.96622889305816,0.06920956498663004
1299,5.74382408340451,191.80354016826135,45.96622889305816,0.10311779025294586
1300,5.168571603911834,216.8445965112586,45.96622889305816,0.10490471072544624
1301,4.53593843789292,170.79591720682416,45.96622889305816,0.07251377008764195
1302,5.160542362830909,232.26863399676034,45.96622889305816,0.11219196692781316
1303,5.785159270980602,184.65917138558763,45.96622889305816,0.09999126234049005
1304,4.532320332448291,188.28457127359246,45.96622889305816,0.07987505672667573
1305,4.490493924768774,237.1610830014428,45.96622889305816,0.099681229665535
1306,4.069334180892151,175.30607862115048,45.96622889305816,0.06677227607087367
1307,4.056597680171771,228.318447550007,45.96622889305816,0.08669195352527849
1308,4.943014344678217,178.24416386705587,45.96622889305816,0.082467539748363
1309,4.790787887814702,168.48672278908035,45.96622889305816,0.07555243651446061
1310,4.215338991821932,235.75082783367284,45.96622889305816,0.09301683988785991
1311,5.392152333339437,211.0953781281072,45.96622889305816,0.10654098958438828
1312,4.945514009698428,199.18552386861813,45.96622889305816,0.09220300116968037
1313,5.544089326315278,164.19129573535426,45.96622889305816,0.08520325727099966
1314,5.334883262994954,204.04021243866904,45.96622889305816,0.10188647486007028
1315,4.613399561703199,177.25372789515202,45.96622889305816,0.07654067652645204
1316,5.723510611334372,234.52459268419545,45.96622889305816,0.1256396539176665
1317,4.191643090813385,173.58634882451912,45.96622889305816,0.06810448504483893
1318,5.334218803196322,221.92107476700568,45.96622889305816,0.1108013933377446
1319,4.982679522732224,234.15139813184885,45.96622889305816,0.109203248858248
1320,5.746063389901996,170.1003221021238,45.96622889305816,0.09148531705012919
1321,4.284893023833608,166.8716819554554,45.96622889305816,0.06692655583095873
1322,5.750841961526752,204.61042233358802,45.96622889305816,0.11013745415603192
1323,5.882784886788602,218.33871278171904,45.96622889305816,0.12022355402489711
1324,5.464000401669581,170.01199116234895,45.96622889305816,0.08694930703677377
1325,4.21904205697119,234.47655137013834,45.96622889305816,0.0925953379981512
1326,4.965202519605353,239.51417548367866,45.96622889305816,0.11131252587868233
1327,4.646069010466198,209.71330820001018,45.96622889305816,0.09119845821625476
1328,5.145616258207316,165.44623471702374,45.96622889305816,0.07968381737650787
1329,5.037710945723959,233.95058728237493,45.96622889305816,0.11031466065150666
1330,4.90773992048186,197.81033220799426,45.96622889305816,0.09086703575610512
1331,5.4016950838756035,222.45670815594636,45.96622889305816,0.11247381351845732
1332,5.65592154504743,196.1573687795306,45.96622889305816,0.10384458442487636
1333,4.888027707697068,197.86850074166807,45.96622889305816,0.09052867644029833
1334,5.93797611387219,234.33462646144358,45.96622889305816,0.1302419116048016
1335,5.2454977715917535,182.7463594908121,45.96622889305816,0.08972455017011247
1336,5.800831830892187,173.67436995859293,45.96622889305816,0.09429786414041308
1337,4.213501104855917,193.16522297108148,45.96622889305816,0.07618121600622543
1338,5.370607088521238,164.20716495182202,45.96622889305816,0.08254510655753527
1339,4.625778865370062,222.731813788582,45.96622889305816,0.09643683973891622
1340,5.318438738783947,166.75736532834597,45.96622889305816,0.08301279465084738
1341,4.403623059313717,218.01363383882952,45.96622889305816,0.08986066738435304
1342,4.23328948166346,160.77635243251243,45.96622889305816,0.06370536197869948
1343,5.9853619016792425,209.11470569876406,45.96622889305816,0.11715230522457538
1344,4.857906321234598,207.76624595985703,45.96622889305816,0.09447131861739672
1345,5.340367011881366,199.640114340753,45.96622889305816,0.09979177860976718
1346,5.316136080315303,216.68559475796917,45.96622889305816,0.10782065814412656
1347,4.3589134829999425,193.89673937318497,45.96622889305816,0.07910876484234376
1348,4.609218655108534,223.7879068298656,45.96622889305816,0.0965472201671241
1349,5.539812917266229,224.84845541303963,45.96622889305816,0.11658988015501474
1350,4.874958555287966,206.02640585561178,45.96622889305816,0.09400904976912186
1351,5.411218193893108,185.76896347427646,45.96622889305816,0.09409012657318583
1352,5.955372174258677,190.28990436388108,45.96622889305816,0.1060719380595578
1353,5.074030559192292,226.14345073385257,45.96622889305816,0.10740214178785396
1354,5.494174437195118,200.12616381106594,45.96622889305816,0.10291582580055018
1355,4.816653365999232,210.96603777034028,45.96622889305816,0.09511166582779969
1356,4.871425346459999,207.36067141229725,45.96622889305816,0.09454929406199111
1357,5.599960001297653,169.74255286721584,45.96622889305816,0.08897162101537892
1358,5.394698050092462,164.3066820416174,45.96622889305816,0.08296563012445425
1359,5.468020596549147,176.73235407094344,45.96622889305816,0.09045280783997971
1360,4.986749793851861,181.3593811381696,45.96622889305816,0.08465126496876209
1361,4.643817551883281,210.2979330315903,45.96622889305816,0.09140837776545138
1362,4.862348333376968,199.00558557576082,45.96622889305816,0.09057058708061598
1363,5.99788185020223,169.72907739523524,45.96622889305816,0.09528619957837822
1364,4.768540288421637,202.41677597126778,45.96622889305816,0.09034576679900369
1365,5.62741256993996,182.59139189827383,45.96622889305816,0.09617559999195842
1366,4.787693881778168,225.70094187919497,45.96622889305816,0.10114294493596097
1367,5.060742052617078,228.4852584091403,45.96622889305816,0.10823014384736265
1368,4.1286958801030975,182.96637351094617,45.96622889305816,0.07070661117112768
1369,5.115506520398645,169.75889235592558,45.96622889305816,0.08128249466148761
1370,4.963574264653786,161.41087646778738,45.96622889305816,0.07498996806325949
1371,5.009323879484243,233.6252491501801,45.96622889305816,0.10954050488956721
1372,5.896636213277554,185.52899164114612,45.96622889305816,0.10239811645977115
1373,4.006912728635174,232.9719039366088,45.96622889305816,0.08737542097108988
1374,5.134379816338697,206.44973657623837,45.96622889305816,0.09921519134892885
1375,5.6301360786556565,191.46814747294604,45.96622889305816,0.10090002546007446
1376,4.840233770977203,228.11895736292507,45.96622889305816,0.10334835400295375
1377,4.98307750705242,218.8646589662687,45.96622889305816,0.10208199073957677
1378,5.810069742139277,191.48735389770468,45.96622889305816,0.1041351368506834
1379,5.777865277660416,186.19190419656414,45.96622889305816,0.10069410669915195
1380,5.8591539833591435,184.42961744949508,45.96622889305816,0.10114430299539807
1381,4.468450124211159,217.66571300960553,45.96622889305816,0.09103801658648882
1382,5.843997086632706,221.4518273344261,45.96622889305816,0.12113373484104752
1383,5.480243767826762,237.8420310807027,45.96622889305816,0.12200126408096139
1384,5.1148860935763665,231.0095393975968,45.96622889305816,0.11059658817931617
1385,4.074189140508576,170.57253804214906,45.96622889305816,0.06504683161020498
1386,4.542983378877479,235.6899948809863,45.96622889305816,0.10022086426360684
1387,4.39385917448028,190.64662230009847,45.96622889305816,0.07840632482064386
1388,4.071056739355974,166.25509567292823,45.96622889305816,0.06335165563192878
1389,5.165296411386816,167.8190283888942,45.96622889305816,0.08113575834932045
1390,5.798407032354016,230.86405393788985,45.96622889305816,0.12529705536234595
1391,5.244429430621457,191.70296320452044,45.96622889305816,0.09410288117884331
1392,5.775643754277265,199.0253881103756,45.96622889305816,0.10759317564362325
1393,4.381229290351159,187.65269441308328,45.96622889305816,0.07695319143806573
1394,4.7262864815645935,206.38472255794525,45.96622889305816,0.09130055914765431
1395,4.80241272519496,225.46236229062626,45.96622889305816,0.10134664653831309
1396,5.253022269735704,180.16995614286265,45.96622889305816,0.08858648372705936
1397,4.8041618003763,217.85975978563172,45.96622889305816,0.0979648989510006
1398,4.484492497208367,167.33070719015038,45.96622889305816,0.07023681296862044
1399,5.422290448827594,192.53260866093885,45.96622889305816,0.09771537906281451
1400,4.248557340483108,198.35755495599614,45.96622889305816,0.078879850559507
1401,5.120627797463534,162.06058735150208,45.96622889305816,0.07767414237635852
1402,5.582240235116429,199.32088193752202,45.96622889305816,0.10414469958520929
1403,4.051098864540011,228.94290045635276,45.96622889305816,0.08681122233419009
1404,5.170513465120877,237.06019398890908,45.96622889305816,0.11472766578597368
1405,4.562436480213736,193.00873925170458,45.96622889305816,0.08242323457324674
1406,5.325875741509545,233.11852250173763,45.96622889305816,0.11621004257196842
1407,5.582331299828913,211.4415365774268,45.96622889305816,0.1104795158426004
1408,5.591034749739202,167.58737194482478,45.96622889305816,0.0877019663670681
1409,5.448358478084906,206.2902500742289,45.96622889305816,0.10520108660301368
1410,4.548505235372888,179.08393351161368,45.96622889305816,0.07624320997632252
1411,4.57654008336735,169.8298189360492,45.96622889305816,0.07274900633942903
1412,4.546509796443316,165.70023426267315,45.96622889305816,0.07051428430939113
1413,5.345477847216906,200.98360146818047,45.96622889305816,0.10055947723867001
1414,4.255362016915665,215.77563299896224,45.96622889305816,0.08594384131379763
1415,4.356023324768812,199.59085874816486,45.96622889305816,0.08137794002061144
1416,5.840211662020437,220.8735273900022,45.96622889305816,0.12073914688630216
1417,5.168276955303236,206.79354110305871,45.96622889305816,0.10003652502372275
1418,4.128385063154219,194.16083164186094,45.96622889305816,0.07502701538590688
1419,4.614243522974301,197.9708594158419,45.96622889305816,0.08550226674261835
1420,5.902848327705201,222.92134740412135,45.96622889305816,0.12316551649592188
1421,5.2199534801566365,216.37517465906885,45.96622889305816,0.10571823718383155
1422,5.4611992551996575,196.5098495783066,45.96622889305816,0.10044959597304323
1423,5.732714579569466,209.38447577217056,45.96622889305816,0.11235195850269755
1424,5.476067726339678,160.88389849587253,45.96622889305816,0.0824626412289535
1425,5.075834959248462,189.13476164768986,45.96622889305816,0.08985757577289195
1426,4.110806615021468,211.6906715638974,45.96622889305816,0.08145253705710014
1427,5.857520519971563,218.62045841307162,45.96622889305816,0.11986170966807867
1428,4.159782431498722,164.5352566547888,45.96622889305816,0.06406272943150614
1429,4.690064299211135,179.08382307424696,45.96622889305816,0.07861601078760959
1430,4.055144226818302,163.20576263099713,45.96622889305816,0.061946624012510595
1431,4.6902929570853,170.68310398497064,45.96622889305816,0.07493183198412591
1432,4.3893327096653145,229.56149514847414,45.96622889305816,0.09431339856446411
1433,5.987355825436554,224.36633851727845,45.96622889305816,0.12573859933002857
1434,4.465533695412014,174.06734918046075,45.96622889305816,0.07275561818020669
1435,5.1569513350800715,222.71298162959408,45.96622889305816,0.10750147274453171
1436,5.314886000736027,224.3001416536887,45.96622889305816,0.11158333831366471
1437,4.973994282709731,239.02144067280565,45.96622889305816,0.11128022374730777
1438,5.573736183586282,164.07531156411403,45.96622889305816,0.08559837008406171
1439,4.728109697669791,204.76967330276273,45.96622889305816,0.09062103755310534
1440,4.448395396482549,192.268073185716,45.96622889305816,0.08005462093043146
1441,5.259221400469154,204.1734371812145,45.96622889305816,0.10050705383760174
1442,5.722899728273857,181.00090392448965,45.96622889305816,0.09695556223580303
1443,5.842286524823062,185.77154784267657,45.96622889305816,0.10158694515747577
1444,5.840791503781276,179.86297337241498,45.96622889305816,0.09833074306084594
1445,5.0150861145061345,234.5792020518045,45.96622889305816,0.11011430654283696
1446,4.554997259449443,227.9001852119715,45.96622889305816,0.09716472970481634
1447,5.0024618045155655,193.58362113670935,45.96622889305816,0.0906417411790364
1448,5.327378023914123,175.8840888194683,45.96622889305816,0.08770329636428832
1449,5.317659999382047,174.1301088925033,45.96622889305816,0.08667029730019798
1450,5.4217329042660145,208.85197729984588,45.96622889305816,0.10598699006509474
1451,4.279719334282666,168.05472536261664,45.96622889305816,0.06731965256814289
1452,5.214706474207005,169.71886651858264,45.96622889305816,0.08283918914196377
1453,5.250187808040057,239.92173418276627,45.96622889305816,0.11790175772140149
1454,4.245951778715362,197.90487064729007,45.96622889305816,0.0786515687138652
1455,5.848806857009848,234.96817754269205,45.96622889305816,0.1286329344759393
1456,4.059822138407553,224.6406205075055,45.96622889305816,0.08536329026053736
1457,4.477091630141486,219.7254715904304,45.96622889305816,0.0920772281320077
1458,4.710006285825282,177.991117631223,45.96622889305816,0.07846855687608233
1459,4.941443471372769,174.0734947544255,45.96622889305816,0.08051231768049268
1460,4.848390885622793,191.58552561368361,45.96622889305816,0.08694330991656672
1461,5.925724202182513,203.36987790549531,45.96622889305816,0.11279865238195289
1462,5.3941402804577185,173.99512487811157,45.96622889305816,0.0878486648558962
1463,5.994604301428868,199.81445333424966,45.96622889305816,0.11211488322326614
1464,4.150461650300547,208.74286628368256,45.96622889305816,0.08109309885620482
1465,4.636292608242677,183.51459398502658,45.96622889305816,0.0796374404839199
1466,4.634037133543929,196.03333592139788,45.96622889305816,0.08502865095556247
1467,4.57425083936462,222.2942114534987,45.96622889305816,0.09517523963941306
1468,4.357918464403357,171.3551421467208,45.96622889305816,0.06989596267040306
1469,4.208944308986605,192.8288548100301,45.96622889305816,0.07596631327531714
1470,4.225750723009193,162.00468132620978,45.96622889305816,0.0640777549693418
1471,4.588810786844885,238.40238407792137,45.96622889305816,0.10239684920396594
1472,4.0218342174388395,165.10948814279266,45.96622889305816,0.06215442377381603
1473,5.1662704947346105,199.83031357859556,45.96622889305816,0.09663052960030051
1474,4.208623428673864,231.57798818219098,45.96622889305816,0.09122485756444897
1475,5.348863234073458,199.574773052084,45.96622889305816,0.09991782834011281
1476,5.087463872087765,223.69379345965635,45.96622889305816,0.10651999107075431
1477,4.196160323352413,234.65335507639696,45.96622889305816,0.09216259400210638
1478,4.225269152324123,196.6838394093191,45.96622889305816,0.07778554612141882
1479,4.495164254037096,213.21699346259786,45.96622889305816,0.08971049012948858
1480,5.679659986547301,209.33372650156988,45.96622889305816,0.11128519492700711
1481,4.4479556895152585,222.35031070231312,45.96622889305816,0.09257080524623935
1482,5.885323512320093,172.8790269042807,45.96622889305816,0.0952332265709867
1483,4.507021357630594,202.36783631470908,45.96622889305816,0.08537032861043414
1484,5.479544900206871,170.15890837631574,45.96622889305816,0.08727202023866434
1485,4.101301657067713,205.35670272571824,45.96622889305816,0.07883270789274972
1486,5.594452930307996,183.81032052182232,45.96622889305816,0.09625058223432545
1487,5.165969310238692,224.27613067770463,45.96622889305816,0.1084452977181698
1488,4.057644294720597,186.89312405257863,45.96622889305816,0.07098116861482492
1489,4.606394318384279,217.8446208089122,45.96622889305816,0.09392556172753266
1490,5.332438023624804,226.1445840648365,45.96622889305816,0.11287242522542842
1491,5.097288456405006,178.23120071100067,45.96622889305816,0.08503521080702427
1492,4.866207481538884,191.68403236025117,45.96622889305816,0.08730767189317641
1493,5.335496226766584,236.31384575062708,45.96622889305816,0.11801571278657204
1494,4.915406202428372,211.10749657073592,45.96622889305816,0.09712676357494546
1495,4.35538984285864,205.95158171491858,45.96622889305816,0.08395914637860306
1496,5.456826229113214,221.09963819957522,45.96622889305816,0.11292861574564916
1497,5.947250969482553,239.00506659622383,45.96622889305816,0.13304520347279936
1498,5.030923355267242,228.84778996525807,45.96622889305816,0.10776314870919083
1499,5.474254763782036,201.96791173873848,45.96622889305816,0.10348638795770176
1500,4.060136873020542,238.16133711000975,45.96622889305816,0.09050816984304198
1501,5.930453005067859,201.45140433937087,45.96622889305816,0.11182374087202304
1502,4.688873136777243,168.94277950444993,45.96622889305816,0.07414535798007592
1503,4.110265850956344,224.27247379145686,45.96622889305816,0.08628230429531171
1504,4.818879462763938,205.0264678750227,45.96622889305816,0.09247659739025546
1505,4.602953623647233,209.11964597184004,45.96622889305816,0.09009636781409855
1506,5.5175382942699,231.4314045423277,45.96622889305816,0.11952080122871883
1507,4.992168650815511,184.01479308348306,45.96622889305816,0.08598403769133364
1508,4.153611843506709,228.32106179685212,45.96622889305816,0.08876622141517404
1509,5.707135445295542,188.2707158427523,45.96622889305816,0.10057193412527071
1510,4.414520746066362,213.87121845546756,45.96622889305816,0.08837140392832309
1511,5.513319060223809,217.74575792816907,45.96622889305816,0.1123669719870286
1512,4.142565069133232,238.73830374942065,45.96622889305816,0.09256936644787754
1513,5.089040576913787,208.66765509221773,45.96622889305816,0.09939554013671072
1514,4.090648230970839,160.9442715405866,45.96622889305816,0.061623095008399784
1515,4.252666833114949,191.27833070042078,45.96622889305816,0.0761382660040023
1516,5.889548444135326,218.24172791600463,45.96622889305816,0.12030831344311516
1517,5.998457399685066,214.3899621396492,45.96622889305816,0.1203704475306634
1518,4.199518540213084,215.55970661829477,45.96622889305816,0.08473111774605707
1519,5.2826601947720535,230.9047199754297,45.96622889305816,0.11417245379272419
1520,5.088488197450442,179.6458755457908,45.96622889305816,0.08556218587195415
1521,5.465434180051292,220.2723066448315,45.96622889305816,0.11268352308614558
1522,5.028411697651607,167.58611144925595,45.96622889305816,0.078875967753216
1523,4.827551036567841,227.19383752350842,45.96622889305816,0.1026595295704779
1524,4.60726074348492,218.53225879031513,45.96622889305816,0.0942397650894685
1525,4.507018924815173,186.2966880793045,45.96622889305816,0.07859055660803706
1526,4.67409367919309,170.8427886329613,45.96622889305816,0.07474289457820027
1527,4.702328945375167,217.88929818386572,45.96622889305816,0.09590135758982744
1528,4.8026205274413565,183.97887533235766,45.96622889305816,0.08270315569964028
1529,5.401419572152147,201.23830283209494,45.96622889305816,0.1017406267098585
1530,4.871730368034393,223.6924765474659,45.96622889305816,0.10200241875068956
1531,4.763889786195126,203.54782466127278,45.96622889305816,0.09076199211200847
1532,4.063549687517168,187.1532928475812,45.96622889305816,0.07118342755698073
1533,4.473806669172568,230.85998046492483,45.96622889305816,0.09667222533530917
1534,4.042105326938564,216.00363128619554,45.96622889305816,0.08172304252257641
1535,5.5123977498511225,186.60010072818466,45.96622889305816,0.09627826809519716
1536,4.514196244688023,173.18677534741104,45.96622889305816,0.0731763949085125
1537,4.55420822619171,233.11521648195477,45.96622889305816,0.09937093014132145
1538,4.086673994560173,196.53722869995053,45.96622889305816,0.07517798322755882
1539,4.528762214814747,215.66967518180314,45.96622889305816,0.09142068085906578
1540,4.667805082489723,187.67690410559206,45.96622889305816,0.0819972697611618
1541,4.116589163631532,232.83972213038112,45.96622889305816,0.089716112645787
1542,5.0431746436496105,165.5189380950587,45.96622889305816,0.0781317493299542
1543,5.503447525051425,222.4026908286299,45.96622889305816,0.11456467199476418
1544,4.922279709123167,238.33026112306993,45.96622889305816,0.10980480030587617
1545,4.452000164454283,227.53711961817692,45.96622889305816,0.09481635951461645
1546,5.69286250544917,201.69811941022343,45.96622889305816,0.10747523230798259
1547,5.08021576488409,168.9823078755655,45.96622889305816,0.08035247230507643
1548,4.266425687852569,193.8227368952686,45.96622889305816,0.07740067641507524
1549,5.836204575369626,177.1620088027952,45.96622889305816,0.09677806878697283
1550,4.950006422367003,165.13952053386026,45.96622889305816,0.0765125419246546
1551,4.598467112082042,189.7604180701221,45.96622889305816,0.08167601910034901
1552,5.925760786230203,175.4431510469955,45.96622889305816,0.09730975594269836
1553,4.201436519430976,164.3002261775215,45.96622889305816,0.06461179643065756
1554,5.044086980738285,201.55616573405007,45.96622889305816,0.09516001542527845
1555,4.391699502681387,179.8014408722418,45.96622889305816,0.07390973289585799
1556,4.637701504738697,160.75599768540243,45.96622889305816,0.06978238790902343
1557,5.634111509062232,221.82176089548315,45.96622889305816,0.11697833497163039
1558,4.640507898541509,205.94385734913584,45.96622889305816,0.08945203144969453
1559,4.656359791914998,162.14334064063172,45.96622889305816,0.07066778770451224
1560,5.1795778528671645,217.7295964684113,45.96622889305816,0.10555715624514728
1561,4.667699512324283,179.30974954374196,45.96622889305816,0.07833983325482936
1562,4.528457892131726,187.92769040384047,45.96622889305816,0.07965571842627601
1563,4.93511889417074,220.39351277409992,45.96622889305816,0.10180574249452973
1564,4.398017733871553,216.50780200552236,45.96622889305816,0.08912640229663606
1565,5.9290952529967935,174.4219166424884,45.96622889305816,0.09679776518726314
1566,5.01519842409883,188.90210484174995,45.96622889305816,0.08867491200465734
1567,5.200910143663237,230.46772085879564,45.96622889305816,0.11219288251405644
1568,5.772685362526947,195.4440132122223,45.96622889305816,0.10560296394308409
1569,5.514700149511626,200.9043749772908,45.96622889305816,0.10370200339744177
1570,5.544014122374942,230.74889527920752,45.96622889305816,0.11974015255647212
1571,5.423614028291944,164.86053545676737,45.96622889305816,0.08369149583948819
1572,4.490588623765084,222.86232098886387,45.96622889305816,0.09367328910873723
1573,4.039288919040479,201.43511976897724,45.96622889305816,0.07615807497683624
1574,5.220839187374829,225.5996876454383,45.96622889305816,0.11024392297640205
1575,5.613233358701646,165.85442088486252,45.96622889305816,0.0871396875647114
1576,5.359390590238943,223.22403834698358,45.96622889305816,0.11197787427515153
1577,4.210879629447916,198.83307802120024,45.96622889305816,0.0783677379794307
1578,5.29871651431883,187.39190134418783,45.96622889305816,0.09293886223147216
1579,4.741064585802918,168.2301815129301,45.96622889305816,0.0746544385860764
1580,5.548731115255827,178.96951904976964,45.96622889305816,0.09294982997356625
1581,4.869843324694136,201.31052695296972,45.96622889305816,0.09176082794167334
1582,4.174499709192888,194.490520916427,45.96622889305816,0.07599389831339885
1583,4.304728055509118,178.60184752287424,45.96622889305816,0.07196271112344398
1584,4.712573421757419,199.17843787248114,45.96622889305816,0.0878569859704695
1585,4.868409903444748,165.72635888647284,45.96622889305816,0.07551871206653994
1586,4.700738877648891,163.1376562338986,45.96622889305816,0.07177880015909059
1587,4.501573899413349,166.8087949774035,45.96622889305816,0.07028443821324484
1588,4.33477511512958,200.19924025936064,45.96622889305816,0.08122782889205006
1589,5.854620787000917,175.58117770859621,45.96622889305816,0.09621716951984428
1590,5.4616129946486,163.49614528023022,45.96622889305816,0.08358037006526631
1591,4.67169839457576,192.1107980256044,45.96622889305816,0.08400447494870034
1592,4.216703538547375,210.94186176019906,45.96622889305816,0.08325526200376342
1593,4.291346634119064,224.0542227075127,45.96622889305816,0.08999586970695808
1594,5.18305067489352,219.3034417632428,45.96622889305816,0.10639145573198507
1595,4.328466256165784,185.36799979994683,45.96622889305816,0.07510081476521668
1596,5.410950012680725,196.26761331166776,45.96622889305816,0.09940266130743787
1597,5.264683025450587,193.07667378594823,45.96622889305816,0.09514322879174963
1598,5.344423432997479,211.32221785702967,45.96622889305816,0.10571141065943085
1599,4.5990113600233,230.53441914445898,45.96622889305816,0.09923756661203485
1600,5.464776946562447,165.45767744760943,45.96622889305816,0.08463211860612238
1601,4.075407966506561,217.28983310051103,45.96622889305816,0.08288698549797467
1602,5.264063391345769,233.95648270349673,45.96622889305816,0.1152741803398377
1603,5.350937893227747,176.65539010736265,45.96622889305816,0.0884774611626438
1604,4.084082439293885,202.59254480676302,45.96622889305816,0.07744507566842222
1605,4.992593429226973,234.99034007329382,45.96622889305816,0.10981257092037074
1606,5.4167421396798225,232.00411421132,45.96622889305816,0.11762772484577844
1607,5.51313332541034,212.8496646748858,45.96622889305816,0.1098366590525751
1608,5.126264154563404,206.4028385503844,45.96622889305816,0.09903586424106707
1609,5.014913830058234,227.11756569303566,45.96622889305816,0.10660806198836013
1610,4.469263903379636,233.2152636853983,45.96622889305816,0.09755933238851101
1611,5.118985874954316,194.9945785155035,45.96622889305816,0.09342913255542665
1612,4.4220531991946,182.08504756885108,45.96622889305816,0.07536576220311891
1613,5.168309145832093,172.13794541163725,45.96622889305816,0.08327237420883049
1614,4.006620664293983,180.7380634106219,45.96622889305816,0.06778033326656037
1615,4.608208591324809,235.30519154296653,45.96622889305816,0.10149379393155243
1616,5.16364840154615,192.46120889372392,45.96622889305816,0.09301986847892393
1617,5.966000032261287,189.39235533778776,45.96622889305816,0.1057600250979745
1618,5.916277890817484,235.31725707688662,45.96622889305816,0.13031013391080035
1619,5.379793062649608,202.01877117852965,45.96622889305816,0.10172627559537323
1620,5.643489877043441,185.91282212625848,45.96622889305816,0.09820485133824619
1621,4.735717061175762,176.55076170312591,45.96622889305816,0.07825844092819616
1622,4.510802505808221,170.91660142189872,45.96622889305816,0.07216288878035255
1623,5.7013619644661855,160.099850889923,45.96622889305816,0.08543688195561618
1624,4.848951647182736,189.1374021611031,45.96622889305816,0.0858422558216756
1625,4.775348835589649,227.50094247067287,45.96622889305816,0.10168669936366113
1626,5.642123928294521,213.07176071135137,45.96622889305816,0.11252379336619449
1627,5.37821876674819,224.2826481964703,45.96622889305816,0.11290417141407193
1628,4.7700899472640845,196.04281218064952,45.96622889305816,0.08752927693688543
1629,4.489463790251266,179.04424709529246,45.96622889305816,0.07523686536791406
1630,5.869235667675846,220.8519180113791,45.96622889305816,0.12132731093811193
1631,4.905976966318979,163.11950825740274,45.96622889305816,0.0749043875050938
1632,5.4856018063183365,235.88126495174316,45.96622889305816,0.12111378487377966
1633,5.853477549358457,217.1329991198612,45.96622889305816,0.11896402148963067
1634,5.295476350814842,169.6672010686128,45.96622889305816,0.08409666571186476
1635,4.171326105250374,181.21623789197338,45.96622889305816,0.07075336542899514
1636,5.127486015760252,233.05711258665588,45.96622889305816,0.1118517272179202
1637,5.742193415807193,184.4850162560731,45.96622889305816,0.09915503323384207
1638,4.7324841546680485,184.82752031160132,45.96622889305816,0.08187129393030808
1639,5.060342567666251,224.7140094745889,45.96622889305816,0.10643535561627253
1640,5.566235459209972,230.90452119560047,45.96622889305816,0.12030117218223171
1641,5.043439898364397,212.6524085887925,45.96622889305816,0.10038596648745637
1642,5.907810560022728,214.04422143040307,45.96622889305816,0.11836026181309624
1643,4.334120762529588,186.1482951955019,45.96622889305816,0.07551546828848678
1644,4.151388949161736,168.83971319638468,45.96622889305816,0.06560604830923493
1645,4.983669801591296,219.08558455956913,45.96622889305816,0.10219717981825571
1646,4.377885212415355,185.60123152039102,45.96622889305816,0.07605382701189299
1647,4.67310243298024,227.2098137108586,45.96622889305816,0.09938211503212517
1648,4.368071275255244,162.72304004453665,45.96622889305816,0.06652955434701413
1649,5.247682843552142,202.14812445014294,45.96622889305816,0.099291745288313
1650,4.0054191212801875,221.1753727353727,45.96622889305816,0.08292024628154601
1651,4.847726263516851,203.82573579588214,45.96622889305816,0.09248535247520506
1652,5.3416265390361595,164.10762865854838,45.96622889305816,0.08204991579727422
1653,4.345087928411358,197.0513521968933,45.96622889305816,0.0801408302798553
1654,4.343801053924502,169.32660918584486,45.96622889305816,0.06884477528188433
1655,4.649928436285377,194.1329135085488,45.96622889305816,0.08449310890260217
1656,5.69974195816898,207.59502839399468,45.96622889305816,0.11075108556512823
1657,5.858793930390604,196.57572461927987,45.96622889305816,0.10779880758768311
1658,4.944835574798578,184.91594339919476,45.96622889305816,0.08558586834106409
1659,4.163122450366139,173.76064090014174,45.96622889305816,0.067709006831362
1660,4.135415974807259,216.27593092800166,45.96622889305816,0.08371499195835073
1661,4.698001429339139,162.52137299732036,45.96622889305816,0.07146600015106377
1662,5.504398358955347,180.38733267013515,45.96622889305816,0.09293766186985714
1663,5.787042796938633,225.8466794464375,45.96622889305816,0.12233373979348215
1664,4.607518752035947,178.8573288867709,45.96622889305816,0.07713468329906267
1665,5.986160190879865,225.5716924057738,45.96622889305816,0.12638885550116352
1666,5.853249429420225,161.36296842765302,45.96622889305816,0.08840498498944761
1667,5.196660373575581,181.33137327403279,45.96622889305816,0.0882009238012539
1668,4.749460540631742,167.28603293561056,45.96622889305816,0.0743669234031208
1669,5.49673121230393,202.05152383387914,45.96622889305816,0.10395430508279745
1670,5.584046017262086,169.3188984025379,45.96622889305816,0.08849735109744943
1671,5.994546263506413,187.884495111342,45.96622889305816,0.10542002310594933
1672,5.902886931251854,214.11649676918526,45.96622889305816,0.11830155204294215
1673,4.217667935654531,222.5591283941841,45.96622889305816,0.08786049476399867
1674,5.121326856606573,175.09624754698044,45.96622889305816,0.08393347076899672
1675,4.374473475649751,236.25237906467825,45.96622889305816,0.09673370607678199
1676,5.997125958920558,206.08925764371625,45.96622889305816,0.11568428697101307
1677,4.37430674539018,187.22070183761775,45.96622889305816,0.07665472890737765
1678,4.423916416898031,208.59928620565498,45.96622889305816,0.08637649551633099
1679,4.8005558189165365,190.24544707623033,45.96622889305816,0.08548337191531884
1680,5.602836118439611,237.08546370610736,45.96622889305816,0.12433365352601684
1681,4.394051622346453,193.15390284825267,45.96622889305816,0.07944096140818473
1682,5.073059824830191,179.66980746779373,45.96622889305816,0.08531412383518501
1683,4.803800118028614,164.46374000101656,45.96622889305816,0.07394876738760989
1684,4.0824428635504635,222.9088447295509,45.96622889305816,0.08517718145555736
1685,4.678187204024451,216.59397107919523,45.96622889305816,0.09484180467573548
1686,4.165827956414697,213.65335001232805,45.96622889305816,0.0833080340161378
1687,5.306740090854037,225.71639217246337,45.96622889305816,0.11211578609442532
1688,4.409214962967605,204.08938119783681,45.96622889305816,0.0842282020345242
1689,5.802365884997423,177.59065029852434,45.96622889305816,0.09644973912163184
1690,4.249729388910755,187.5812082778596,45.96622889305816,0.07461505337137575
1691,5.930692135375501,172.59125466174373,45.96622889305816,0.09580761184709462
1692,4.238669102793592,239.8197757052709,45.96622889305816,0.09514596064154889
1693,4.786312722095157,171.9399041055937,45.96622889305816,0.07702888288272133
1694,5.117239040809566,161.1085974564137,45.96622889305816,0.07716676076123347
1695,4.851149925959121,162.89749887992238,45.96622889305816,0.07396648174939248
1696,5.1306771435244585,209.9816048607146,45.96622889305816,0.10083975600998077
1697,4.007055382166424,201.01641612219683,45.96622889305816,0.07539329417501742
1698,5.889907929943888,191.84713397347957,45.96622889305816,0.1057644390560851
1699,5.909005677690752,237.077688970697,45.96622889305816,0.1311236231930025
1700,4.480499718248138,206.1903085711485,45.96622889305816,0.0864710139813182
1701,5.660624854194141,216.73258413005553,45.96622889305816,0.11483239738841344
1702,5.5202582503939865,180.87430576118203,45.96622889305816,0.09345706144280527
1703,5.836427068910517,178.8515314714396,45.96622889305816,0.09770472687418666
1704,5.289615237961729,230.77693571590189,45.96622889305816,0.11425950392060402
1705,4.718988351479776,204.1706663549208,45.96622889305816,0.09018163404832
1706,5.381025174115265,234.2790152892605,45.96622889305816,0.11799789571799851
1707,4.896073262941947,208.2563036557462,45.96622889305816,0.0954381280477265
1708,4.283588206824606,165.21782316685213,45.96622889305816,0.06624307112667761
1709,4.042869077155892,198.1267133021845,45.96622889305816,0.0749736339363585
1710,5.091438215611433,166.9085814287005,45.96622889305816,0.07954172272796053
1711,4.362193332932212,181.304076514529,45.96622889305816,0.07402668940415828
1712,5.782549418336984,167.94082468210382,45.96622889305816,0.0908974046523379
1713,4.979381135902868,223.12538610547637,45.96622889305816,0.1039920652849715
1714,5.74034662039224,215.45083499258496,45.96622889305816,0.11576096742697077
1715,4.531103864395283,169.71347581729282,45.96622889305816,0.07197740654042868
1716,4.315796406907923,221.6220145416271,45.96622889305816,0.08952610624312209
1717,4.593066426495501,187.02976089865228,45.96622889305816,0.08040615481445795
1718,4.351047679726304,194.77161596947946,45.96622889305816,0.07932231101251515
1719,4.669084014551776,188.5613489276971,45.96622889305816,0.08240626181180298
1720,4.067580472504872,197.0055494694866,45.96622889305816,0.07500504267333571
1721,4.223782420726135,202.85415387191875,45.96622889305816,0.08019758533133738
1722,5.338367333615748,203.68852296666483,45.96622889305816,0.10177728511744728
1723,4.29294038565371,209.31961778103414,45.96622889305816,0.08410864556781647
1724,4.825596701745472,188.75144349286867,45.96622889305816,0.08525446892060755
1725,4.297552791815295,239.54646826631483,45.96622889305816,0.09635779234854819
1726,4.785344603841813,196.5096478703903,45.96622889305816,0.08801829345249036
1727,4.188764735098702,214.03784906168903,45.96622889305816,0.08391747257019187
1728,4.565317094874296,219.21320855277543,45.96622889305816,0.09367280286888233
1729,4.134254229809278,183.74698717737118,45.96622889305816,0.07110387263797814
1730,5.49130944284869,191.6805893792996,45.96622889305816,0.09852124749193121
1731,4.06857120952867,223.16338915217045,45.96622889305816,0.08498469471573401
1732,5.931194976340018,190.12111418023943,45.96622889305816,0.1055476091893395
1733,5.243189969911488,189.81208202960664,45.96622889305816,0.09315266731670485
1734,5.109965029681216,219.08508624397186,45.96622889305816,0.10478680329605804
1735,5.265825061674798,185.1768501220703,45.96622889305816,0.09127019287290489
1736,4.390377098815549,203.54673747177844,45.96622889305816,0.08364535309116951
1737,5.318995813054139,205.95970220098226,45.96622889305816,0.10253868708703484
1738,4.256281606836168,188.40370062807955,45.96622889305816,0.07505776564820006
1739,5.4892973299252406,171.73988795599357,45.96622889305816,0.08823965046609918
1740,5.766763015688802,197.32261718020578,45.96622889305816,0.1065086353575252
1741,5.58232487326902,187.26444988954708,45.96622889305816,0.09784672527216212
1742,4.718431201228321,237.36227091222287,45.96622889305816,0.1048298982182377
1743,5.134700140199966,168.15254060249543,45.96622889305816,0.08081544498829905
1744,5.915331679152949,189.9880490862036,45.96622889305816,0.10519164165932002
1745,5.420447531087086,170.28493442553096,45.96622889305816,0.08639472370353511
1746,5.7106454634020976,236.7258212251543,45.96622889305816,0.12653383738783913
1747,4.76569669325907,171.5773448365508,45.96622889305816,0.07653537074904751
1748,5.11529337429,172.9429759501769,45.96622889305816,0.0828036199231427
1749,4.884279247317582,209.8125925760836,45.96622889305816,0.09591971610735671
1750,4.278597575814537,235.84149376469247,45.96622889305816,0.09444903095142144
1751,5.41117801828588,188.90242134348958,45.96622889305816,0.09567648136564766
1752,4.831375517168912,227.8494537543946,45.96622889305816,0.10303733910312578
1753,4.952008449479262,238.96645034228402,45.96622889305816,0.11076285928378851
1754,4.124348548774609,181.70695335981932,45.96622889305816,0.07014597495907496
1755,5.036894090575594,170.86758745702122,45.96622889305816,0.08055608572750553
1756,4.71245582892518,201.5982078423059,45.96622889305816,0.08892212000699144
1757,4.521982104499714,173.16858472709714,45.96622889305816,0.07329490657608376
1758,4.536691047073494,166.60574347883988,45.96622889305816,0.07074651026022616
1759,4.391869637511347,164.88121697841694,45.96622889305816,0.06777920547622503
1760,5.905062439289368,172.88112818108368,45.96622889305816,0.09555379296691062
1761,4.002536240883406,236.59064612014552,45.96622889305816,0.08863570266875097
1762,5.517163979537348,181.36168327854466,45.96622889305816,0.09365636088924782
1763,5.757836067731963,229.73000147284117,45.96622889305816,0.12380918362679338
1764,5.481988237700926,207.37784296827257,45.96622889305816,0.1064084950573501
1765,5.169431857937676,237.51220188486025,45.96622889305816,0.114922374191588
1766,4.930295691724243,224.68506090097375,45.96622889305816,0.10368669053385587
1767,4.224982345611716,216.06621864100552,45.96622889305816,0.08544518978498844
1768,5.979130284042909,160.79824538846626,45.96622889305816,0.08999019044712606
1769,4.515803647413715,222.7956751709791,45.96622889305816,0.09417110251209417
1770,5.4676229453976015,218.7356604225516,45.96622889305816,0.11194224124852464
1771,5.964927511135651,167.66841772103245,45.96622889305816,0.09361216403255535
1772,5.350187797763112,211.29494158317632,45.96622889305816,0.10581176906233875
1773,4.411523250062125,177.03402222766195,45.96622889305816,0.07310063639823478
1774,5.3004244207530276,212.36155751199988,45.96622889305816,0.10535675767959443
1775,5.200142585421541,196.95141955000537,45.96622889305816,0.09586282343612904
1776,5.3744021296356275,185.75116261080595,45.96622889305816,0.09344101515070694
1777,4.471605218747323,207.6337929020498,45.96622889305816,0.0869035145405644
1778,5.234561538162566,224.9807302065343,45.96622889305816,0.1102304246628175
1779,4.832149281294046,221.129808678206,45.96622889305816,0.10001461823281498
1780,5.835423210188633,194.05297283670757,45.96622889305816,0.10599088235087922
1781,5.08515833563333,232.8209745189541,45.96622889305816,0.11081599020510732
1782,4.600500234085197,217.81253878063217,45.96622889305816,0.09379156509655819
1783,5.154440955220061,193.11992537059825,45.96622889305816,0.09317180364329011
1784,5.728394734996001,172.53825598843122,45.96622889305816,0.09251117340093924
1785,4.070801230133834,176.5713894016472,45.96622889305816,0.06727846593149749
1786,5.752538373563508,187.4880158815444,45.96622889305816,0.1009505957561589
1787,5.367937042126117,178.4671548608125,45.96622889305816,0.089668842249188
1788,4.9817866875292705,201.828525992772,45.96622889305816,0.09411167974613624
1789,4.490749631121512,190.9922566832003,45.96622889305816,0.08028057082473294
1790,4.523543034450212,168.05400444277637,45.96622889305816,0.07115467518512365
1791,4.863305837703028,205.09017398524966,45.96622889305816,0.09335816010125228
1792,4.180117494568723,188.6314501564315,45.96622889305816,0.07380375208359824
1793,4.925397522559483,234.60209677148126,45.96622889305816,0.10815560367070809
1794,5.220644221230754,235.3812473294078,45.96622889305816,0.11501958767423527
1795,5.04876586063,224.26063513529058,45.96622889305816,0.10597761144867834
1796,4.192503557645006,205.15343400245584,45.96622889305816,0.08050596857956092
1797,4.705870425480956,218.2744149319012,45.96622889305816,0.09614321625796923
1798,5.755190268318717,216.98072821649617,45.96622889305816,0.11688443914158526
1799,4.17656706474485,209.68440831898937,45.96622889305816,0.08197122901739635
1800,5.4882040582495275,162.38731884640373,45.96622889305816,0.0834176998793823
1801,4.339456071530625,214.42295472568853,45.96622889305816,0.08709283372232902
1802,4.629830473943012,164.97470586554778,45.96622889305816,0.07149214057247479
1803,5.778839716388133,236.1740260608779,45.96622889305816,0.12774638839059746
1804,4.746945108776463,239.43012778420126,45.96622889305816,0.10638217268442854
1805,5.71315850715302,204.4686072850544,45.96622889305816,0.10933992231143329
1806,5.49447272565335,234.89940005361248,45.96622889305816,0.12080468526674268
1807,5.454641013141126,186.99870370983876,45.96622889305816,0.0954730107545678
1808,4.386047715489147,194.54018644633135,45.96622889305816,0.07986537377524032
1809,4.373333473071144,161.72188178981017,45.96622889305816,0.0661998840946028
1810,4.911890279803521,186.34043755234325,45.96622889305816,0.08567056217750377
1811,4.19056078700395,229.71688244143985,45.96622889305816,0.09010334358528929
1812,4.245892810088697,210.43185916887245,45.96622889305816,0.08362889663157551
1813,5.138631521419186,238.31925295799098,45.96622889305816,0.11462581965847006
1814,4.507677930056597,178.8401780047845,45.96622889305816,0.07545600723019885
1815,5.254398713307975,204.66041389674245,45.96622889305816,0.1006543900855697
1816,5.623617715185506,173.84526341792522,45.96622889305816,0.09150703876624143
1817,4.6012355102235825,160.40025602713808,45.96622889305816,0.06908048352326365
1818,5.443165279952871,186.03732533874086,45.96622889305816,0.09478234678153463
1819,4.472178352281328,208.3945576052887,45.96622889305816,0.08723310609832569
1820,4.503407961993762,164.53999817412216,45.96622889305816,0.06935673306217788
1821,4.472509854124192,227.97766079406506,45.96622889305816,0.09543758650186539
1822,5.190730854069159,197.69307348724888,45.96622889305816,0.09604965578701187
1823,4.982822936589503,239.75707871957948,45.96622889305816,0.11182083785061846
1824,4.06298184297663,172.89725084352193,45.96622889305816,0.06575197738616259
1825,5.731013965734764,202.78656837236943,45.96622889305816,0.10877936054595264
1826,5.990123903215085,214.71384547318783,45.96622889305816,0.12038481356804814
1827,5.446850362911276,206.3813365557066,45.96622889305816,0.10521840494099044
1828,4.034702180983383,232.64080037396474,45.96622889305816,0.08785636185966639
1829,5.046006586865624,160.72424981681596,45.96622889305816,0.07591106233570293
1830,4.419787284835125,188.0303947694041,45.96622889305816,0.07778668696946235
1831,4.57237467971853,162.22100761805015,45.96622889305816,0.06942641731751224
1832,4.560473400269003,231.70449445186208,45.96622889305816,0.0989054523915582
1833,5.177674648090319,186.1573737409401,45.96622889305816,0.09021751264408334
1834,4.1762213773419825,220.10357062930152,45.96622889305816,0.08603723577303411
1835,5.436712595939221,160.18943886843675,45.96622889305816,0.0815166087870388
1836,5.986821209858921,181.25247224845376,45.96622889305816,0.10156780719038384
1837,4.524802129524537,184.08266619089497,45.96622889305816,0.07796296310298127
1838,5.923434169658333,227.28857490174912,45.96622889305816,0.12601638606454263
1839,5.274577267446752,199.54111228681856,45.96622889305816,0.0985135333842591
1840,4.654046982892454,186.80525592443584,45.96622889305816,0.08137588097092648
1841,4.651325539340626,229.00797529330487,45.96622889305816,0.09970184429659923
1842,5.362627282212266,192.54441421019934,45.96622889305816,0.09664611172455977
1843,5.987099898293428,174.19865770369972,45.96622889305816,0.09761963008081492
1844,4.153355065651788,189.4513601023092,45.96622889305816,0.07364998051403121
1845,5.963688501952041,161.9215094405097,45.96622889305816,0.09038478796486651
1846,4.162002024020296,187.31598378982363,45.96622889305816,0.07297144954300647
1847,5.974850926527776,187.47592652813546,45.96622889305816,0.10484517076659135
1848,5.356156834340556,229.12241100338804,45.96622889305816,0.11486737712702146
1849,5.341116353989171,167.18546031689016,45.96622889305816,0.08358077484878935
1850,4.297068609555352,180.70788705710257,45.96622889305816,0.07268172808779318
1851,5.591943561533566,224.1511501067997,45.96622889305816,0.11732203834884584
1852,4.340501174354298,190.3285624794833,45.96622889305816,0.07732495826222195
1853,4.279613337085062,197.84725170219087,45.96622889305816,0.07925203139165407
1854,4.728581038043902,239.36807619583905,45.96622889305816,0.10594315800550802
1855,4.777419340897678,164.0024124053395,45.96622889305816,0.07333637659724809
1856,5.040976196335301,232.57458552197835,45.96622889305816,0.10973691607215556
1857,4.738976738927132,225.4797502302335,45.96622889305816,0.1000156520788005
1858,4.83346385064202,205.4689528657426,45.96622889305816,0.09295666437150625
1859,5.00468560197444,229.93314529983735,45.96622889305816,0.10770955431900703
1860,5.1360963587007005,190.32556166774654,45.96622889305816,0.09149684770974184
1861,5.533990540551847,164.0271204667002,45.96622889305816,0.08496301629410499
1862,4.545048861917881,182.9146036044891,45.96622889305816,0.07781490390405359
1863,5.137863785840416,226.73377703628614,45.96622889305816,0.10903719172896108
1864,5.107632543099966,196.66646088691266,45.96622889305816,0.09402120147535052
1865,4.1306204572147385,237.60417183704945,45.96622889305816,0.09186396831234629
1866,4.591084048322494,170.3733322404454,45.96622889305816,0.07321375974825031
1867,5.665737088878529,231.22760818847797,45.96622889305816,0.122623004620222
1868,4.597185293360239,203.8863317076028,45.96622889305816,0.08773158379221842
1869,5.566907955826403,161.73615627169477,45.96622889305816,0.08427465962076847
1870,5.973845188936862,185.91617570646014,45.96622889305816,0.10395538468750441
1871,4.959535127582365,164.04545028728387,45.96622889305816,0.07615194661337805
1872,4.093876719317619,168.9322993064626,45.96622889305816,0.06473263748061456
1873,4.642241683811248,233.7224962485655,45.96622889305816,0.10155565503996199
1874,5.030869302831744,186.05955991452868,45.96622889305816,0.08761346834501532
1875,4.90228441814258,181.2038504147403,45.96622889305816,0.08314607924023007
1876,5.248038535666384,200.57388587203334,45.96622889305816,0.09852518354372763
1877,4.757095171039566,214.88992708169326,45.96622889305816,0.09568277170221441
1878,4.783367940055082,224.52362941254833,45.96622889305816,0.10052444663509173
1879,5.196831245488803,176.17174131106225,45.96622889305816,0.08569405819891791
1880,4.326379891570137,180.47650265187318,45.96622889305816,0.07308380776076345
1881,5.836480617385527,225.87304129189712,45.96622889305816,0.12339321953307132
1882,5.944433790402927,219.5458397341267,45.96622889305816,0.1221550862929421
1883,5.828882507907367,188.42827618859727,45.96622889305816,0.10280334009543184
1884,5.239776644396719,191.32030901608695,45.96622889305816,0.0938317242827255
1885,5.72973456709509,239.7579015791263,45.96622889305816,0.12858291916817277
1886,5.491040214174749,222.52288296501993,45.96622889305816,0.11436816446031836
1887,5.761888357044635,167.62636601287406,45.96622889305816,0.09040303646368314
1888,4.9635915663852,218.59976364189637,45.96622889305816,0.10155973868602053
1889,5.210077633916249,203.22608942016907,45.96622889305816,0.09910589861168442
1890,4.771630807503615,177.63600959485248,45.96622889305816,0.07933661947268983
1891,5.844809798970289,218.7302228693432,45.96622889305816,0.11966166107603998
1892,5.227069007127314,166.82966804339227,45.96622889305816,0.08162202553118209
1893,4.223343713542231,194.58784948700557,45.96622889305816,0.07692154431274377
1894,4.2514545865372595,171.91340346621266,45.96622889305816,0.06841055778838259
1895,4.162637248397284,183.52438653400606,45.96622889305816,0.0715052938743669
1896,4.02222339041037,218.5815080127325,45.96622889305816,0.08229159003686254
1897,5.1986845333169915,200.61240482814245,45.96622889305816,0.09761736873766091
1898,5.973772316183078,198.55113270745017,45.96622889305816,0.11101889072800267
1899,5.739310375562223,175.14968737553923,45.96622889305816,0.09409031592769337
1900,4.52961309982989,186.2823189979406,45.96622889305816,0.07897844751261772
1901,5.9806821584164185,232.60884658634265,45.96622889305816,0.13021253656339607
1902,4.897193924473537,227.55646855461714,45.96622889305816,0.10430673133423837
1903,4.466404241220644,207.40874824237724,45.96622889305816,0.08670835487957933
1904,4.323717106516447,206.01658212926958,45.96622889305816,0.08337489454741576
1905,4.444515520222719,206.86041203551594,45.96622889305816,0.08605530758555802
1906,4.8573482292490135,204.7015383128256,45.96622889305816,0.09306710287508581
1907,4.322387571379286,200.51901786991553,45.96622889305816,0.0811250772383473
1908,4.632737457657066,171.51530505816504,45.96622889305816,0.07437319140929555
1909,5.000788251184555,171.07433429508814,45.96622889305816,0.08007541036766816
1910,4.85460943493248,185.8514703983086,45.96622889305816,0.08444931783834346
1911,5.086030211133372,198.70415043836735,45.96622889305816,0.09459359322258706
1912,4.269154658659741,182.3211310742177,45.96622889305816,0.07285422513073628
1913,5.113481622436294,226.71357227484398,45.96622889305816,0.10851007615197023
1914,4.118435909126572,167.26925581632315,45.96622889305816,0.06447988962294274
1915,5.593852135685479,187.18634534377406,45.96622889305816,0.09800788024613945
1916,4.51371742568403,178.37033847661272,45.96622889305816,0.07535860534865946
1917,5.941415355635065,200.85963859195758,45.96622889305816,0.11170135464298818
1918,4.321788674046253,192.48060291611262,45.96622889305816,0.07786214183184367
1919,4.521291003799047,173.4954758416683,45.96622889305816,0.07342204279389127
1920,5.957167030546693,195.60793969815714,45.96622889305816,0.10906919424489138
1921,5.38249269751405,231.8850423347276,45.96622889305816,0.11682398960195256
1922,4.411245520811357,170.2414411395735,45.96622889305816,0.07029142798236755
1923,4.520514979251514,217.00519372361526,45.96622889305816,0.09181928141595885
1924,4.763971665478247,199.1270875311656,45.96622889305816,0.08879231114467083
1925,4.040512106780024,160.34011336803434,45.96622889305816,0.06063933744329986
1926,4.8141543027303815,172.02900674661848,45.96622889305816,0.07751710353101525
1927,5.58220038980241,236.10280818183318,45.96622889305816,0.12336229038426441
1928,5.851399135349616,197.24382402145457,45.96622889305816,0.1080286591486931
1929,4.573711202811525,198.70469957525393,45.96622889305816,0.08506535642267246
1930,4.208063479148526,235.51446312476543,45.96622889305816,0.09276319831770555
1931,5.342603799743099,182.92386803380947,45.96622889305816,0.09147432082661829
1932,5.518504757125706,179.60029828638048,45.96622889305816,0.0927693094044213
1933,5.502912402646197,192.14576903470345,45.96622889305816,0.09896902100626893
1934,5.72785232534214,239.18320590072585,45.96622889305816,0.128232569284678
1935,4.640410746901535,204.09390961563565,45.96622889305816,0.08864664789778634
1936,4.475863571456927,224.02909801696129,45.96622889305816,0.09385493633198
1937,4.983897450008995,238.7036328556208,45.96622889305816,0.11135352637628032
1938,5.77378794524818,181.81539039787893,45.96622889305816,0.09825786447421134
1939,4.238997598390457,209.58832182000555,45.96622889305816,0.08315839517035654
1940,4.63610029546662,180.29616535036556,45.96622889305816,0.07823753547033793
1941,5.0902387519560905,203.05618688042046,45.96622889305816,0.09674537851210321
1942,5.0752025995203445,183.53908512160822,45.96622889305816,0.08718821672397145
1943,4.310736117571724,174.69299790487042,45.96622889305816,0.07048598689598605
1944,5.440287155855961,197.44374900841476,45.96622889305816,0.10054050474635173
1945,4.938736381936755,238.13980284545386,45.96622889305816,0.11008386869688831
1946,5.835894542061483,165.1963414917906,45.96622889305816,0.0902368048308916
1947,5.595336030467605,179.83357194156343,45.96622889305816,0.09418305916396896
1948,5.44459853707221,173.867599941761,45.96622889305816,0.08860543663487892
1949,4.29074406412182,235.1361855733084,45.96622889305816,0.0944339004188349
1950,5.116609803414564,187.9713107543311,45.96622889305816,0.09002221968788532
1951,5.782237656366881,183.18647518793014,45.96622889305816,0.09914371599307656
1952,4.127786370104397,191.58415702177933,45.96622889305816,0.0740206089869165
1953,5.414564993418098,212.96331305004892,45.96622889305816,0.10793050629408542
1954,4.947418837164464,200.81333967676795,45.96622889305816,0.09299232067046202
1955,5.058936660301803,189.96153012623265,45.96622889305816,0.08994991344792559
1956,4.1659286938925035,172.62501068074002,45.96622889305816,0.06731183022205775
1957,5.44854552409557,224.804360194379,45.96622889305816,0.11464659559400597
1958,4.791028330440764,186.34177715259818,45.96622889305816,0.08356315345398796
1959,5.215374823582152,161.74176965028667,45.96622889305816,0.07895571403409625
1960,5.139053013697924,197.52295723149663,45.96622889305816,0.09501157679224059
1961,4.883857997249108,160.11544061280813,45.96622889305816,0.07319342863122524
1962,5.885733812421963,173.87097865218948,45.96622889305816,0.09578633669767554
1963,4.225989960125242,190.86673623827065,45.96622889305816,0.07549784527566569
1964,5.557541708773677,221.19999298098315,45.96622889305816,0.11506511830060341
1965,5.023618838275789,203.93542301985272,45.96622889305816,0.09589262275703204
1966,4.910418709399214,162.02358630596302,45.96622889305816,0.07446850159888706
1967,4.555719122473441,191.1157573697382,45.96622889305816,0.08149468489861708
1968,5.108903847698127,212.72189167256323,45.96622889305816,0.10172220466408252
1969,5.975274267952231,200.5895732272053,45.96622889305816,0.11218687415433012
1970,5.343811410609777,236.85148949571834,45.96622889305816,0.11846855518871646
1971,4.557376360374192,196.2986200291456,45.96622889305816,0.08373518623032301
1972,5.441956749008995,205.21339438211098,45.96622889305816,0.10452896218859078
1973,5.7863372400091455,205.2863821045222,45.96622889305816,0.11118334384293026
1974,5.844720637708417,171.88470618009399,45.96622889305816,0.09403225317881395
1975,5.607055001781652,177.06155076323063,45.96622889305816,0.09292550471850562
1976,4.098240776988979,168.93206027202464,45.96622889305816,0.06480155054389268
1977,5.161409840344175,183.26713620341127,45.96622889305816,0.08853781249984162
1978,4.287916967388916,210.32723232016997,45.96622889305816,0.08441463028467522
1979,4.975915580737064,190.44288610718846,45.96622889305816,0.08869795498711304
1980,5.071420539694204,228.9132413114217,45.96622889305816,0.10866167337118579
1981,5.449381399041016,199.61481046773315,45.96622889305816,0.10181594920872612
1982,5.645172039459501,229.00426637700465,45.96622889305816,0.12100312986544247
1983,4.752569550797874,171.98289587776895,45.96622889305816,0.07650495910574955
1984,4.230088763130543,211.10841988706198,45.96622889305816,0.0835854884061449
1985,5.872589961430982,163.08370729369562,45.96622889305816,0.08964294228170476
1986,4.99451181907525,175.53981645884556,45.96622889305816,0.0820624603988596
1987,5.063026468515351,228.53293719616224,45.96622889305816,0.10830159381148154
1988,5.573876199955197,237.70318369751112,45.96622889305816,0.12401327186961668
1989,4.9690590941516035,213.07186618449134,45.96622889305816,0.09910056259320986
1990,5.797023569945178,215.8094041719294,45.96622889305816,0.11709848616340679
1991,5.928394231438536,179.64393433594594,45.96622889305816,0.09968400599322158
1992,4.269941937543425,171.93003926090097,45.96622889305816,0.06871468827259378
1993,5.704821612389841,164.22706341627423,45.96622889305816,0.08769253902706238
1994,5.619836829490477,197.1284318483298,45.96622889305816,0.10369285256687265
1995,5.382463301421882,219.64412723440657,45.96622889305816,0.11065639611424619
1996,4.848795673899952,171.6867051055163,45.96622889305816,0.07791954327909313
1997,5.233959733238766,236.52195741604655,45.96622889305816,0.11587178314692881
1998,4.051093952572449,178.15697884178573,45.96622889305816,0.06755398973804856
1999,5.748813088794459,165.58168824030614,45.96622889305816,0.08909766933168399
2000,4.0202657218794995,230.22428640018165,45.96622889305816,0.08663267873134547
2001,5.536231971931518,180.31038304870177,45.96622889305816,0.09343527406250933
2002,5.932919038260861,216.99387972464442,45.96622889305816,0.12050130645113467
2003,4.238202835792899,196.84182539506904,45.96622889305816,0.07808632253061425
2004,5.730127752902351,213.4190906861896,45.96622889305816,0.1144651860649551
2005,5.171607929454158,193.3599861925987,45.96622889305816,0.09359831874114914
2006,4.4960883192028165,209.0878790228121,45.96622889305816,0.08799126060454301
2007,4.307679089657265,224.79309114485235,45.96622889305816,0.09063629623377578
2008,4.419150833582047,169.64511612287566,45.96622889305816,0.07017073655225672
2009,4.144058461048695,225.19283416382544,45.96622889305816,0.08734866845179516
2010,4.935598083941156,191.8929512596908,45.96622889305816,0.08864916676753584
2011,5.042377710622159,206.98494154435303,45.96622889305816,0.09768996953143051
2012,5.761444218378137,187.50379394715162,45.96622889305816,0.1011153919988892
2013,4.374202912290468,229.52434872812924,45.96622889305816,0.0939730965870674
2014,4.961156303641154,206.36021828314992,45.96622889305816,0.09582630386998162
2015,4.316316082934627,228.97113494438338,45.96622889305816,0.09250598375817898
2016,5.876742411385061,195.80623187278533,45.96622889305816,0.10770578088756362
2017,4.040298031375544,162.16447079434408,45.96622889305816,0.06132604534144409
2018,4.604601772360361,199.34606571863242,45.96622889305816,0.08591630556797308
2019,4.86561756218794,205.51003319598357,45.96622889305816,0.09359375002138552
2020,4.514772064157272,176.7794074247765,45.96622889305816,0.07470391314294396
2021,5.948257640747181,182.4472484658562,45.96622889305816,0.10157876723782278
2022,5.893050177800134,205.72123310806015,45.96622889305816,0.1134736714186655
2023,4.139980861737322,207.60090665935715,45.96622889305816,0.08044580985003154
2024,5.971091934702382,227.17399367087992,45.96622889305816,0.12696622860938525
2025,4.607090094433655,167.64048879711203,45.96622889305816,0.07229054058999466
2026,4.920879138957673,167.89569561785186,45.96622889305816,0.07733179828171273
2027,4.595342182182853,233.4490218863923,45.96622889305816,0.1004120336853379
2028,5.307107089044338,222.6749885103443,45.96622889305816,0.11061273694312433
2029,5.081169944652078,173.45016854007264,45.96622889305816,0.08249246771506925
2030,4.300792186896681,221.26099512612197,45.96622889305816,0.08906953153207915
2031,4.85861824925611,199.9999418050834,45.96622889305816,0.09095330716096607
2032,4.357826454041926,188.9337960923506,45.96622889305816,0.07706468902146847
2033,4.2644572404956556,176.3619343319306,45.96622889305816,0.07039543004298052
2034,5.777772923842553,217.33502962329183,45.96622889305816,0.11753468527881362
2035,5.7038696340967014,229.93387503411742,45.96622889305816,0.12275760254072214
2036,5.179192687040094,184.33660827750595,45.96622889305816,0.08936130654777767
2037,4.9850972403599245,161.5087930454378,45.96622889305816,0.07536082680403751
2038,5.634683324253718,224.21053728518245,45.96622889305816,0.11825006315267657
2039,5.016661614215452,190.20384248320818,45.96622889305816,0.08931202632722379
2040,4.345202830452521,166.0467524532573,45.96622889305816,0.06753303823475129
2041,4.6499401005523815,234.9979664940639,45.96622889305816,0.10227919740002757
2042,4.1375111304496155,235.9311261901188,45.96622889305816,0.09136929303507373
2043,5.057359289147914,195.2702830657666,45.96622889305816,0.09243486532399368
2044,4.245916617449713,165.71009148022654,45.96622889305816,0.06585613923049256
2045,5.0889234846563,207.88907232252,45.96622889305816,0.09902239610753732
2046,4.8681930508552425,182.98641942715767,45.96622889305816,0.08338011696669767
2047,4.026464978999727,181.33415838275306,45.96622889305816,0.06834069573781741
2048,5.429644381097159,208.48117684767513,45.96622889305816,0.10595320168076304
2049,4.316190950763243,223.47505796835785,45.96622889305816,0.0902829117457161
2050,4.2969761405348885,223.63698641016123,45.96622889305816,0.08994611758818702
2051,5.025243450915252,217.35493733221273,45.96622889305816,0.10223567409302181
2052,4.166041461312181,219.27901834510112,45.96622889305816,0.0855059851172148
2053,5.442917163349873,174.0202644947086,45.96622889305816,0.08865584997880423
2054,4.275079284434874,219.89568224410584,45.96622889305816,0.08799069014409495
2055,4.832313130822389,211.81489471620142,45.96622889305816,0.09580483196302468
2056,4.018101858828005,174.69190910331486,45.96622889305816,0.06570063720700668
2057,5.4918488235730845,175.90928351302156,45.96622889305816,0.09042388914467112
2058,4.160564019607394,174.00793908998037,45.96622889305816,0.06776370155915637
2059,5.664803101714249,187.72244773350621,45.96622889305816,0.09953524191144991
2060,5.060151065426998,206.19967204717366,45.96622889305816,0.09766237948273905
2061,4.745277369071384,167.49583985636346,45.96622889305816,0.07439461083138299
2062,4.513608606254936,172.62491327233462,45.96622889305816,0.072929497137122
2063,5.819040181161294,219.20700795707023,45.96622889305816,0.11939376265074977
2064,5.646104137379493,224.97992100433288,45.96622889305816,0.11889634187900432
2065,4.004349537570029,219.92058967945968,45.96622889305816,0.08242780212436279
2066,4.964111450591095,221.9708611954398,45.96622889305816,0.10313672557573468
2067,5.919686645579719,188.61732833353256,45.96622889305816,0.1045095928962638
2068,5.209570886146219,184.3682056111203,45.96622889305816,0.08990085651606188
2069,5.787613666960811,180.32183725800826,45.96622889305816,0.09768406094609122
2070,4.702501762670768,231.03564481629198,45.96622889305816,0.10169130132611337
2071,4.201700530676484,199.5212233312615,45.96622889305816,0.0784675410435243
2072,5.1625711161670464,206.32145313174348,45.96622889305816,0.09969796274102048
2073,4.240147561488392,163.15925210595614,45.96622889305816,0.0647542869434454
2074,4.833283976339228,196.3087236301988,45.96622889305816,0.08880915966038491
2075,5.885328348918431,220.45307940551731,45.96622889305816,0.12144026773304312
2076,5.197271151483282,176.80908847094227,45.96622889305816,0.08601135892409582
2077,5.80289746344058,175.48223162169478,45.96622889305816,0.09531338513640138
2078,5.894750446148336,235.67483427545847,45.96622889305816,0.13003326970837575
2079,5.955784316817286,182.64149739522682,45.96622889305816,0.10181558703761799
2080,4.2749711915424555,210.30221956222297,45.96622889305816,0.0841497630616599
2081,4.845666503884452,191.07995107499568,45.96622889305816,0.08666514965047553
2082,5.112616813915874,215.15713247273337,45.96622889305816,0.10296149508347244
2083,4.664249046660018,186.80919709592663,45.96622889305816,0.08155598438164313
2084,5.220719727496958,165.70480435064383,45.96622889305816,0.08097320471895064
2085,5.399893043528517,223.9209232427432,45.96622889305816,0.11317634974329577
2086,5.7595044407185245,220.30663430851104,45.96622889305816,0.11876501881479655
2087,5.01348707170899,229.90514995000012,45.96622889305816,0.1078858401186049
2088,4.981975668373655,222.9668655769525,45.96622889305816,0.10397233072118102
2089,4.127223421858095,216.72291280166408,45.96622889305816,0.0837218193335164
2090,4.168201842723683,162.21626270852823,45.96622889305816,0.06328765171323845
2091,5.004484885969748,169.55581956284325,45.96622889305816,0.07942330060053131
2092,4.650236005686856,221.9393515267817,45.96622889305816,0.096601786028152
2093,5.100567056480098,218.67024503772905,45.96622889305816,0.10439603441952719
2094,5.567105354993918,198.42035683433826,45.96622889305816,0.10339309010836245
2095,5.9712826364805895,176.16764689053545,45.96622889305816,0.09846222150839241
2096,4.169818127048193,185.47880903404808,45.96622889305816,0.0723914474487501
2097,5.525019675859643,167.69920721404694,45.96622889305816,0.08672427686367178
2098,4.933481953207104,205.7074416006052,45.96622889305816,0.09499032979272626
2099,5.615926692971071,227.6715403645869,45.96622889305816,0.11967571331944714
2100,4.477868986157107,181.92758771474928,45.96622889305816,0.07625104369779806
2101,5.367928609861497,228.7823212389691,45.96622889305816,0.11494895888821982
2102,4.3367170137808735,217.81115986245246,45.96622889305816,0.08841318995497652
2103,4.475342629216505,174.45333773744966,45.96622889305816,0.073077119779764
2104,4.675109448329157,223.57248157144892,45.96622889305816,0.09783313684382881
2105,5.485102299767746,198.29604647079563,45.96622889305816,0.10180629580977768
2106,5.428374709454071,192.46762527560398,45.96622889305816,0.09779200605109464
2107,4.421018701016425,227.4411394766164,45.96622889305816,0.09411681530221833
2108,4.107580607571039,232.08171188553993,45.96622889305816,0.08922835014097054
2109,5.5777530025893585,217.88645237768077,45.96622889305816,0.11375365378788706
2110,5.138247449791277,224.80107757307707,45.96622889305816,0.1081158215482982
2111,4.056439660332091,207.28105165407524,45.96622889305816,0.07870104017239797
2112,4.522080516724607,211.14148956051088,45.96622889305816,0.08936916919761152
2113,5.349448290797845,177.1793179895828,45.96622889305816,0.08871516573979192
2114,4.309612992576889,206.99659435823153,45.96622889305816,0.08349823988676168
2115,5.8811535541370725,213.0756166334023,45.96622889305816,0.11729300731794193
2116,4.9683181296569945,234.83914296248787,45.96622889305816,0.10920832149554868
2117,5.6378326316600935,218.6239278046839,45.96622889305816,0.11536809469276547
2118,4.8747844620841665,199.3115177498209,45.96622889305816,0.09094182456914
2119,4.529239627304927,225.3506378799062,45.96622889305816,0.09553443486201706
2120,4.569328598641444,216.3000448606651,45.96622889305816,0.09250918380936315
2121,5.749920182088871,204.1732135519136,45.96622889305816,0.10988449816444675
2122,4.313017878568286,161.99039190011476,45.96622889305816,0.06539527392105036
2123,5.346478079644177,177.97078916780134,45.96622889305816,0.08906198400240573
2124,4.0781340170072875,187.4625854941715,45.96622889305816,0.07155697038234429
2125,5.164245391399214,204.12260964873332,45.96622889305816,0.09866743344046852
2126,4.334821132937221,208.31886720715985,45.96622889305816,0.08452314261697544
2127,4.821546700517429,198.2103299356585,45.96622889305816,0.08945168191219216
2128,5.748851407750995,166.28237379339254,45.96622889305816,0.08947529685116772
2129,5.0557419611724645,173.8899284284081,45.96622889305816,0.08228774808828095
2130,4.365546128798717,208.8370655494145,45.96622889305816,0.08533398211031587
2131,5.339418140432607,208.49801717726044,45.96622889305816,0.10420095770702223
2132,5.84698749947563,223.57294859684868,45.96622889305816,0.12235656285840144
2133,4.397220367419352,210.86912080813966,45.96622889305816,0.08678947613332122
2134,5.2406802219539115,211.72198507335924,45.96622889305816,0.10385549176642614
2135,4.858160509716724,235.8096607681654,45.96622889305816,0.10722827061213679
2136,4.927461545383761,223.14832777571985,45.96622889305816,0.10291832965735315
2137,4.962616611535286,222.99410890444582,45.96622889305816,0.1035809675899794
2138,4.791281627218404,160.06522803881478,45.96622889305816,0.07178348607383281
2139,4.999718502062446,203.8398237316716,45.96622889305816,0.09539166669256095
2140,4.231227447924916,213.2147388905536,45.96622889305816,0.08444218119441199
2141,5.707470258790448,229.46724294674672,45.96622889305816,0.12258581067581464
2142,4.753791468434844,192.80073879548885,45.96622889305816,0.08578762987335184
2143,5.716770890551064,239.86631979193498,45.96622889305816,0.12835001037550972
2144,4.105211607662966,164.94243305290132,45.96622889305816,0.06337876809559859
2145,4.108518590687194,196.99849813798676,45.96622889305816,0.07575721844533832
2146,5.569101155167855,167.4945529120305,45.96622889305816,0.0873095285187883
2147,5.3778950800754455,173.69285924275343,45.96622889305816,0.08743194468832267
2148,4.065923084334758,207.6468600369779,45.96622889305816,0.07902424872706824
2149,5.187720079745143,182.66358497463688,45.96622889305816,0.08869606645640428
2150,4.644473244808318,188.31912353098107,45.96622889305816,0.0818665970358969
2151,5.858462771175809,229.30557607481597,45.96622889305816,0.12574019770952624
2152,5.055017169593095,237.07654916703888,45.96622889305816,0.11217267608482383
2153,5.163439953822831,168.1225798202101,45.96622889305816,0.08125330316533005
2154,4.974322303661582,231.56163534962323,45.96622889305816,0.10781430261188946
2155,5.325314739284931,236.21332500166358,45.96622889305816,0.1177404041967062
2156,5.061767313541086,232.94778150305868,45.96622889305816,0.11036633083389513
2157,5.53317621315131,225.8172451595522,45.96622889305816,0.11695194664322758
2158,5.982910891877568,184.17936193950993,45.96622889305816,0.10314052731281098
2159,5.256114151741963,180.5162160229616,45.96622889305816,0.08880897520471373
2160,5.707795630456284,206.87002925886003,45.96622889305816,0.11052024507352154
2161,4.35166996587373,193.69964915832546,45.96622889305816,0.07889702611214396
2162,4.363486049792502,196.63610924267857,45.96622889305816,0.08031057087136846
2163,4.1551736124375305,237.22247234511045,45.96622889305816,0.0922615721694197
2164,5.193234757976076,239.25297004315968,45.96622889305816,0.11629770422186084
2165,4.347533652445915,190.75324001770227,45.96622889305816,0.077623053795149
2166,5.862478248376943,215.35718552002638,45.96622889305816,0.11817250995352915
2167,4.140075665336026,230.65479655407398,45.96622889305816,0.08938128984469343
2168,4.3776704832926665,180.9448769989655,45.96622889305816,0.07414215561243441
2169,5.463509512520888,216.85530066060696,45.96622889305816,0.11089643741278157
2170,5.3211893919618625,160.43248981557085,45.96622889305816,0.07990553965049559
2171,4.498762864608522,187.59168462263517,45.96622889305816,0.0789918952202326
2172,4.800667694630438,165.91478777006503,45.96622889305816,0.07455256489598268
2173,5.350756175566551,231.29998420763198,45.96622889305816,0.11584215104973568
2174,5.9793442998033015,223.83843162334264,45.96622889305816,0.12527489989908921
2175,4.405199723387369,200.90286293230582,45.96622889305816,0.08283761330992283
2176,5.831470322093766,165.32766808712077,45.96622889305816,0.09024007729192685
2177,4.456658903287517,181.17881728399846,45.96622889305816,0.07557752490311405
2178,5.219151192810678,236.12159156174712,45.96622889305816,0.11534836119279859
2179,4.9651797660918096,205.11179476818225,45.96622889305816,0.09532382494468901
2180,5.279723818581727,228.12268378718917,45.96622889305816,0.11273415820524095
2181,4.572661069997078,210.0999175026244,45.96622889305816,0.08992299079051222
2182,5.850600472603721,235.11473474398437,45.96622889305816,0.1287526386003861
2183,4.765285498376767,168.94353877467506,45.96622889305816,0.07535400868638978
2184,5.848783232220195,233.6772363924168,45.96622889305816,0.12792569418378566
2185,4.194487932665834,166.5074704837612,45.96622889305816,0.06537151068017066
2186,4.370276653784632,211.747913071079,45.96622889305816,0.08661715554792966
2187,4.605242579336979,179.21595282364095,45.96622889305816,0.07725116288821263
2188,5.5992604528244465,179.51100433981895,45.96622889305816,0.09408006199301541
2189,5.920834464394586,195.07505418550468,45.96622889305816,0.1081086649311406
2190,4.845187960203112,235.49080591212385,45.96622889305816,0.10679733956211375
2191,4.240259946821653,169.19542134343374,45.96622889305816,0.06715168839364526
2192,4.867145850405544,206.9653479615643,45.96622889305816,0.09428613803002998
2193,5.016130467386755,236.3930237946527,45.96622889305816,0.11098884410022611
2194,5.9863256544834,163.26917406030134,45.96622889305816,0.09148299687666336
2195,4.330962172680648,204.29037545376386,45.96622889305816,0.0828148359479668
2196,5.900259730765598,182.39265861848105,45.96622889305816,0.10072895590685313
2197,4.734147337444731,178.48479174623176,45.96622889305816,0.07908950103161333
2198,5.934850340573419,172.3085302039263,45.96622889305816,0.09571773174579508
2199,5.1291267069374635,161.83632620425783,45.96622889305816,0.07769539654221407
2200,5.20334550774466,191.39622599323553,45.96622889305816,0.09321630483870282
2201,5.131301163475763,166.42029949755755,45.96622889305816,0.07992997051457829
2202,4.182139718222859,167.37938292631745,45.96622889305816,0.06552037115655271
2203,5.670370634468746,217.9341610142467,45.96622889305816,0.1156678348983551
2204,4.256748822881989,185.28371032338652,45.96622889305816,0.07382290180059131
2205,4.872864617203405,167.89085322367063,45.96622889305816,0.07657503967392691
2206,5.679947676651181,189.03490667378645,45.96622889305816,0.10049910427138106
2207,5.340981259398745,211.3580487452026,45.96622889305816,0.10566123772194559
2208,5.828602651834866,219.3547987377362,45.96622889305816,0.11967059160720823
2209,4.068858835207924,172.4055514832901,45.96622889305816,0.06565982449026121
2210,4.889763181578541,167.44158975923773,45.96622889305816,0.07663497385468385
2211,4.783660136378995,238.19328990071193,45.96622889305816,0.1066511857929337
2212,4.410936120993829,216.37844847155483,45.96622889305816,0.0893347897261045
2213,4.519877808334153,162.73293331103957,45.96622889305816,0.06884588636243973
2214,4.196815791372336,168.31159288070745,45.96622889305816,0.06611648948169264
2215,4.5980282568197355,236.8440356793102,45.96622889305816,0.10193185721278777
2216,5.24132175466017,169.83974691313767,45.96622889305816,0.08332129356424903
2217,4.140512426113045,237.66197746820242,45.96622889305816,0.09210636591827023
2218,4.342723838635823,181.636698486189,45.96622889305816,0.07383149471759073
2219,5.683370925615669,204.39152763706215,45.96622889305816,0.10872883622153129
2220,4.453346357610109,213.156624786496,45.96622889305816,0.08885076207634286
2221,4.7430577373928475,206.52559027299554,45.96622889305816,0.09168707797834635
2222,4.193546305318815,230.41596899107964,45.96622889305816,0.09044193931802609
2223,5.1909526879265435,160.34680212770297,45.96622889305816,0.0779082093040891
2224,5.118152644444153,188.96578507646726,45.96622889305816,0.09052577657122769
2225,5.811048960701984,171.08398233795242,45.96622889305816,0.09305500443012212
2226,4.667427613008939,221.16338599030948,45.96622889305816,0.09661991926932303
2227,4.450467129586717,185.05238930344908,45.96622889305816,0.07708611229923097
2228,5.542483642571029,216.98649624417982,45.96622889305816,0.11256748833022678
2229,4.71936503722721,197.39314745195455,45.96622889305816,0.08719498182779181
2230,5.104702786998612,231.0366433081292,45.96622889305816,0.11038934995862074
2231,5.323012012514424,207.39990729740262,45.96622889305816,0.10333366972703908
2232,5.6218761365717755,184.34618072364492,45.96622889305816,0.09700436250445892
2233,4.887948534899713,214.93232345637364,45.96622889305816,0.09833411348665376
2234,4.807753983066995,198.32637823249314,45.96622889305816,0.08924801510612711
2235,4.320767593624246,208.80178487077342,45.96622889305816,0.08444442104846646
2236,5.280469529792706,228.49485308972456,45.96622889305816,0.11293402624496471
2237,4.17082151399219,231.96635963377136,45.96622889305816,0.09055709051528721
2238,4.171857973819154,219.62385570984014,45.96622889305816,0.08576002035282278
2239,5.178032862595596,192.4850712857677,45.96622889305816,0.09329056070974483
2240,5.846954511697831,196.52552630715812,45.96622889305816,0.10755349606922815
2241,4.049494705257966,201.64708381854575,45.96622889305816,0.07643083951656601
2242,5.064916629334791,219.54996319456316,45.96622889305816,0.10408341149425293
2243,4.716497476715972,165.91487714241407,45.96622889305816,0.0732454725030759
2244,4.698934087538724,208.2089012282681,45.96622889305816,0.0915744869498621
2245,5.089505461753896,227.75943626733942,45.96622889305816,0.10849951895783015
2246,4.540404806062347,205.54106271422157,45.96622889305816,0.08735122927354019
2247,5.951177398333407,185.0930665748142,45.96622889305816,0.10310242872274067
2248,4.872200214425322,239.5379420343781,45.96622889305816,0.1092383896540152
2249,4.2888156909180255,205.88709686031152,45.96622889305816,0.08264990556314514
2250,4.7406981743979015,163.69139108600686,45.96622889305816,0.07263467442373762
2251,5.52156566749655,175.9065432146858,45.96622889305816,0.09091176398012661
2252,5.784111528997444,193.42789672658787,45.96622889305816,0.1047204781726881
2253,4.289250660675992,179.68117496256727,45.96622889305816,0.07213729521203996
2254,5.6657442774063185,189.91035700654734,45.96622889305816,0.10071205732505141
2255,4.512534221564155,179.91569746967633,45.96622889305816,0.07599156943514741
2256,5.16637995657986,180.54594922752548,45.96622889305816,0.08730717590376032
2257,5.8706659982316385,163.94940398831406,45.96622889305816,0.09008926911733675
2258,4.31170983181183,194.31654643259932,45.96622889305816,0.07842150236579802
2259,4.416552542555172,222.2897445636199,45.96622889305816,0.09189220589980658
2260,5.833084917864731,208.01482373702066,45.96622889305816,0.11357125706466126
2261,5.70803857677657,224.04690745439356,45.96622889305816,0.11970208137487096
2262,4.317253734463147,166.25188429792289,45.96622889305816,0.06718154679725513
2263,5.258065493061086,238.6019094170609,45.96622889305816,0.11742910606293375
2264,5.663815329257652,209.30398992658175,45.96622889305816,0.11095897612372214
2265,4.221886677044248,222.37700186553755,45.96622889305816,0.08787640693638989
2266,5.365938612860447,234.7104540544262,45.96622889305816,0.11788376074044836
2267,5.4188140232745985,168.28228781351783,45.96622889305816,0.08535294341239748
2268,5.218391256360536,192.3009617005337,45.96622889305816,0.0939277551071609
2269,4.8427647974486145,210.63627361574132,45.96622889305816,0.09547779673524143
2270,5.799337798832449,220.7824613702521,45.96622889305816,0.11984469808369669
2271,4.04460655014044,171.75991601877288,45.96622889305816,0.065024039937271
2272,4.726375820570411,214.77517620057097,45.96622889305816,0.0950141274875328
2273,5.268389369214759,200.2949752056653,45.96622889305816,0.09876970753234988
2274,4.860266072356581,223.16511241029917,45.96622889305816,0.10152247476210091
2275,4.191393967919037,207.60312736782484,45.96622889305816,0.08144571200413084
2276,5.6169861288617895,181.7925159035197,45.96622889305816,0.09557739735906552
2277,4.40450270335338,213.8767753936317,45.96622889305816,0.08817315019397863
2278,4.351261581886004,199.0577817808678,45.96622889305816,0.08107187198184715
2279,5.845654242068335,164.8549860731499,45.96622889305816,0.09020093927500888
2280,5.818299950015228,175.22910485668868,45.96622889305816,0.09542852205390362
2281,4.964694337592909,170.57836154498122,45.96622889305816,0.07926697824348367
2282,5.419737573729305,239.82189207235058,45.96622889305816,0.12165863294214607
2283,4.604198282791638,233.97555331339083,45.96622889305816,0.10083245709707703
2284,5.4599289219771485,237.23385508879184,45.96622889305816,0.12123820675244588
2285,5.34359072152739,214.56045372059282,45.96622889305816,0.10731457617267502
2286,5.887487386279301,218.19316399992763,45.96622889305816,0.12023944927693404
2287,5.694904259962081,182.76580554777163,45.96622889305816,0.09742204036556842
2288,4.337763123049658,211.2044385417118,45.96622889305816,0.08575209161350841
2289,4.505215016959238,194.38715013026288,45.96622889305816,0.0819707529767041
2290,5.711161401751433,210.4864136126721,45.96622889305816,0.11251860806326423
2291,5.887755100055295,188.3770729365706,45.96622889305816,0.10381345153131719
2292,4.561243970055365,177.0971064700619,45.96622889305816,0.07560849900247703
2293,5.952737556153778,194.37102923650954,45.96622889305816,0.10829891831283109
2294,5.840157166096147,187.59278105620007,45.96622889305816,0.1025454759819303
2295,4.575454020103952,221.66678065325763,45.96622889305816,0.0949315688252988
2296,5.236126574252038,201.9730351413926,45.96622889305816,0.09898727684846707
2297,4.880440697410136,197.3147374710402,45.96622889305816,0.09013519709555036
2298,5.668898202919006,172.24905319611094,45.96622889305816,0.09139687578383858
2299,4.102083475049426,160.47591975087678,45.96622889305816,0.06161553389660098
2300,4.990005702664881,225.44031403551406,45.96622889305816,0.10529517516783189
2301,5.341940066388679,239.23591788148036,45.96622889305816,0.11961929632071291
2302,5.219930862017586,200.72741111138072,45.96622889305816,0.09807250827939439
2303,5.1632461150103595,230.5738346070878,45.96622889305816,0.11143168505895698
2304,4.029277395094422,197.32000504174385,45.96622889305816,0.07441733856160805
2305,4.822340091792986,236.26541209284113,45.96622889305816,0.10664336302207841
2306,4.374518665689705,162.0437180885849,45.96622889305816,0.06634960201923537
2307,5.263363233315538,210.00151502437444,45.96622889305816,0.10345741409201824
2308,4.638676545599968,203.18001604776023,45.96622889305816,0.08821672469769468
2309,5.193350356348417,188.243142223386,45.96622889305816,0.09150453840022256
2310,4.841023535191901,171.34379803736581,45.96622889305816,0.07763926799379404
2311,5.542049999610113,191.13452144602718,45.96622889305816,0.09914833417370866
2312,5.291000784224716,194.13038601267928,45.96622889305816,0.09614068070582973
2313,4.32451139765147,216.0511769817635,45.96622889305816,0.08745195675842975
2314,4.8346732785937485,174.8284013987891,45.96622889305816,0.07911429557447405
2315,5.8669944912659195,231.4655590799585,45.96622889305816,0.1271094701797349
2316,5.454316492846208,206.08492948643283,45.96622889305816,0.10521130743161049
2317,5.25037842535064,188.81656556245127,45.96622889305816,0.09279114831585134
2318,4.5259001101770195,207.36512116045483,45.96622889305816,0.08784489399257271
2319,5.480015784891199,199.61144755679095,45.96622889305816,0.10238659549149998
2320,5.791095110340263,191.07250826130633,45.96622889305816,0.10357018479405003
2321,4.752944268549173,194.04168033165138,45.96622889305816,0.08632440576788869
2322,5.40839719811922,162.1964953313494,45.96622889305816,0.08210807943575583
2323,4.707618957366976,219.43351475803547,45.96622889305816,0.09668967740233719
2324,5.109530932024936,184.790299080996,45.96622889305816,0.08837634771505691
2325,5.313437521721956,232.0905375781267,45.96622889305816,0.11542738622727668
2326,5.010252892687535,219.13882059511707,45.96622889305816,0.10276726915604635
2327,4.396831215357565,197.83958542943836,45.96622889305816,0.08141957598991831
2328,4.582586207992919,239.42313159540203,45.96622889305816,0.10269578037172551
2329,4.437466959520047,235.7928566954069,45.96622889305816,0.09793583381806038
2330,4.817441585510599,199.86789238469672,45.96622889305816,0.09012293750139218
2331,5.047783680150068,179.34473697354264,45.96622889305816,0.08473546564852402
2332,4.477873373654941,190.08270311163506,45.96622889305816,0.07966916334523672
2333,5.4904017063970505,216.06173513910298,45.96622889305816,0.11103447132599688
2334,5.995210945495299,167.0701875435522,45.96622889305816,0.0937517271937325
2335,5.518592755155231,175.5947336746633,45.96622889305816,0.09070175322939829
2336,5.022040660187293,175.710546924076,45.96622889305816,0.08259502783675637
2337,5.872200391348397,200.5754886515209,45.96622889305816,0.11024390173252784
2338,4.939016588186496,184.59209809015854,45.96622889305816,0.08533544147064537
2339,4.8979070500146635,168.85582343094617,45.96622889305816,0.07741095598252809
2340,5.368378814725575,205.65339048088288,45.96622889305816,0.10333676851374783
2341,4.199126748599151,168.19015856375296,45.96622889305816,0.06610516788809115
2342,4.585924480841345,197.8485824807844,45.96622889305816,0.08492502637928903
2343,4.445334831920995,170.50671899846387,45.96622889305816,0.07094500517898487
2344,4.19268315086477,184.40859020698994,45.96622889305816,0.0723684114537296
2345,5.259224047742675,214.26922463223104,45.96622889305816,0.10547689079088783
2346,4.56573499583563,195.24649651426182,45.96622889305816,0.0834391361184699
2347,5.256919758410285,188.80355735217086,45.96622889305816,0.09290035414321987
2348,5.957217645110018,215.41829653807235,45.96622889305816,0.12011628818743136
2349,5.15684308896319,199.83237156439912,45.96622889305816,0.09645519164608042
2350,4.983893326122912,183.33825746780724,45.96622889305816,0.08552590654765328
2351,4.154482364284593,227.0331152557131,45.96622889305816,0.08828399487383908
2352,5.810821677957704,237.96076512010572,45.96622889305816,0.129425172782566
2353,4.807948212764524,235.7125119339747,45.96622889305816,0.1060762763248522
2354,5.4047240009524895,193.76976322522788,45.96622889305816,0.09802466762046849
2355,5.837054303045663,237.48225883862793,45.96622889305816,0.1297480243036552
2356,5.067863605839465,222.3716181010507,45.96622889305816,0.10548242924038066
2357,5.553197427511745,208.70672926180677,45.96622889305816,0.10848143330304283
2358,4.845551482712382,170.74743374235916,45.96622889305816,0.07744140899722868
2359,5.9959051339848575,165.73318396096232,45.96622889305816,0.09301223398738666
2360,4.269719588476532,189.98301348577405,45.96622889305816,0.07592590457318978
2361,4.797099518783625,181.37230606816982,45.96622889305816,0.08143770980220351
2362,4.15615829575869,231.95313649746785,45.96622889305816,0.0902335779522402
2363,5.026517050645585,237.58738338101858,45.96622889305816,0.11178058634336498
2364,5.755931908287679,199.52106078114363,45.96622889305816,0.10749301431575524
2365,4.776444360720476,180.40386230764182,45.96622889305816,0.08065409140821511
2366,5.986098213749831,208.40459193692325,45.96622889305816,0.11676884127769027
2367,5.681435874333989,238.77359963689037,45.96622889305816,0.12697559735523534
2368,4.4478922694307395,233.98727406518017,45.96622889305816,0.09741421754622666
2369,5.58895559520613,196.3717947248616,45.96622889305816,0.10272723934526211
2370,5.897585098240632,207.1916229130534,45.96622889305816,0.11437266931948878
2371,4.7873710745715545,172.79242687198703,45.96622889305816,0.07742792924680052
2372,5.455792290455419,221.922456850156,45.96622889305816,0.11332740080956381
2373,4.413823069857428,189.7473246116957,45.96622889305816,0.07839104072106795
2374,4.110084037089042,204.5803394532104,45.96622889305816,0.0787028474689608
2375,5.200130598007673,227.860430542379,45.96622889305816,0.1109070141134555
2376,4.052300018874806,169.5717790454803,45.96622889305816,0.06431777571273296
2377,4.063135625711172,235.55588758009117,45.96622889305816,0.08958414054776323
2378,5.0257746317715215,179.6799929602791,45.96622889305816,0.08452371568274301
2379,4.038203910598613,167.7215884589101,45.96622889305816,0.06339471600445608
2380,5.440315692209585,198.42267459842554,45.96622889305816,0.1010395142928298
2381,5.4688483600119335,181.21528428738375,45.96622889305816,0.0927612420025969
2382,4.879099018467733,209.90900075959598,45.96622889305816,0.09586201244009714
2383,4.424635016281937,183.00183566702404,45.96622889305816,0.07578944850074713
2384,4.283214949147597,216.94364361091652,45.96622889305816,0.08697464169608694
2385,5.164582760459601,195.5737987871638,45.96622889305816,0.0945413417158499
2386,5.134673837516812,173.58310172396787,45.96622889305816,0.08342498839494243
2387,5.625772136038395,220.43745059793838,45.96622889305816,0.1160762491805176
2388,4.364006766532174,230.85694917578516,45.96622889305816,0.09429837658526381
2389,4.787951422067685,197.09097129198918,45.96622889305816,0.08832676285126337
2390,5.062520454326787,223.43175577502853,45.96622889305816,0.10587356523967667
2391,4.3280189985794335,181.20147682448425,45.96622889305816,0.07340518544739295
2392,5.872833008192931,235.0240142584184,45.96622889305816,0.12919203541809354
2393,5.617943378446051,173.47467032193734,45.96622889305816,0.09121983394335924
2394,5.189954240888964,195.67764492973566,45.96622889305816,0.0950562309668631
2395,4.161485247064026,166.04380858776747,45.96622889305816,0.06467655727768412
2396,5.713673582912791,167.23994398559628,45.96622889305816,0.0894398965160984
2397,4.542780073286849,172.05796897245304,45.96622889305816,0.07315977360727777
2398,5.150207678398024,220.80173814582486,45.96622889305816,0.10643956195413125
2399,4.530365486913092,222.56372008601573,45.96622889305816,0.09437641163652048
2400,4.3499360215466645,188.53888100834274,45.96622889305816,0.07676436174828319
2401,4.485762503867345,196.34728578202626,45.96622889305816,0.08243981855901227
2402,5.9620171418594134,218.9437779559703,45.96622889305816,0.12218043776112307
2403,4.411521604964026,237.31473758157625,45.96622889305816,0.09799162701283726
2404,5.3626800371641705,196.3339546482739,45.96622889305816,0.09854921037403673
2405,5.832505388222623,221.02645795990804,45.96622889305816,0.12066331745435055
2406,5.458386794421162,176.0745939557499,45.96622889305816,0.08995739112183408
2407,4.255928848449872,229.2495016790972,45.96622889305816,0.09132267153567422
2408,5.3603108274226186,225.37937939880757,45.96622889305816,0.11307849018983886
2409,5.531508191767492,232.24859932115208,45.96622889305816,0.12024651877725041
2410,4.751041832287559,188.01564691438384,45.96622889305816,0.08361009105834949
2411,4.473725133848122,168.4343469852992,45.96622889305816,0.07053031173346973
2412,4.9657932082012985,199.85770024076538,45.96622889305816,0.0928935081792735
2413,4.228921311972702,208.28198933756994,45.96622889305816,0.08244364224186984
2414,4.726733731637538,196.49930945731583,45.96622889305816,0.08693567197430338
2415,5.020049488206432,184.84312098797585,45.96622889305816,0.08685346315596609
2416,5.370110526991547,200.78806573672657,45.96622889305816,0.10092458427546137
2417,4.882863395500837,192.7675555982626,45.96622889305816,0.08810171520423891
2418,4.047426161163571,221.69835639172013,45.96622889305816,0.08398800329838169
2419,5.93297976611587,170.4778240581045,45.96622889305816,0.09467092259428708
2420,4.578884721761859,227.75350980112466,45.96622889305816,0.09761142141092247
2421,5.417372853367262,184.99172251054728,45.96622889305816,0.09380303109462057
2422,5.29906714925575,233.37917750854743,45.96622889305816,0.11575436491530941
2423,4.439346906616037,214.37094349949712,45.96622889305816,0.0890760297859711
2424,5.62395135976555,167.6243701851015,45.96622889305816,0.08823777811358754
2425,5.869016349171927,236.74644971884712,45.96622889305816,0.13005427818317905
2426,5.4661347846130175,201.24846723602136,45.96622889305816,0.10296479672939016
2427,5.20791727780466,211.87490306532996,45.96622889305816,0.10328076424290639
2428,4.30826352204842,183.59076998396756,45.96622889305816,0.074033614259908
2429,4.201756884606487,189.63693628801332,45.96622889305816,0.07458125712559159
2430,5.490208524524988,230.84099532242396,45.96622889305816,0.11862538275079486
2431,4.742553725039745,209.28862775624248,45.96622889305816,0.09290385572586994
2432,5.189673536387253,197.8032300986134,45.96622889305816,0.09608360005807921
2433,5.388417356894115,172.0648010288685,45.96622889305816,0.086781891491052
2434,4.149695397510049,187.84273714599863,45.96622889305816,0.07296027727158524
2435,5.9386272167870615,236.24945138703563,45.96622889305816,0.13132055869527456
2436,5.266148227548364,206.29660919004445,45.96622889305816,0.10168596573739253
2437,5.266428390503324,194.35007252423657,45.96622889305816,0.09580247723011862
2438,4.576775357428371,160.44436024004864,45.96622889305816,0.0687321455357174
2439,4.038412110288331,237.7732231125865,45.96622889305816,0.08987717828420684
2440,5.4891600184281355,215.2122543925139,45.96622889305816,0.1105729094140793
2441,5.688873104800532,208.5546548522325,45.96622889305816,0.11105087449901545
2442,5.335278386665525,223.20895521039702,45.96622889305816,0.11146654719197942
2443,4.250326645467702,175.01077009256974,45.96622889305816,0.06962463512487019
2444,5.111931144750429,167.75076642030072,45.96622889305816,0.08026484239048297
2445,5.318847029542292,226.57607736218424,45.96622889305816,0.11279955922964338
2446,5.6751831785181945,185.86509707832704,45.96622889305816,0.09873100901781683
2447,4.405375230963434,236.6975626625587,45.96622889305816,0.09760061186769363
2448,5.824776025903038,185.08076403568307,45.96622889305816,0.10090585413893688
2449,5.7883171686324095,230.48076755898262,45.96622889305816,0.12487136537315557
2450,4.67606523452092,189.05512447870709,45.96622889305816,0.08274559129040013
2451,5.863792298498052,219.34989373264148,45.96622889305816,0.12039039956228961
2452,5.23505608680277,236.23171949274297,45.96622889305816,0.11575383777606812
2453,5.729790428420135,165.98023528358127,45.96622889305816,0.08901659177749596
2454,4.997587637692636,231.65707877520276,45.96622889305816,0.1083632053674402
2455,4.222326085913314,165.77810351977033,45.96622889305816,0.06551711814630191
2456,5.718112717007971,222.19061281189136,45.96622889305816,0.1189198266721424
2457,4.3344095648937815,174.48774641972344,45.96622889305816,0.07078980701879517
2458,5.665215902607108,176.73278134771823,45.96622889305816,0.09371506841452813
2459,4.287963090583472,232.60460223750022,45.96622889305816,0.09335663523522185
2460,5.610104514845114,192.30283968653842,45.96622889305816,0.10097933312778343
2461,5.25208175508276,194.43175688030584,45.96622889305816,0.09558165080128779
2462,4.548926716959677,238.94418121752295,45.96622889305816,0.10173754373350884
2463,5.091279310712861,211.00513021030892,45.96622889305816,0.10055317464448019
2464,4.816537201616987,200.05928627008527,45.96622889305816,0.09019230431784847
2465,4.575436848777498,194.3424542075053,45.96622889305816,0.08322927221820493
2466,5.25562127987483,224.9699092509227,45.96622889305816,0.11066858172776567
2467,5.604663105875212,160.91355014257573,45.96622889305816,0.08441467985054475
2468,5.069791940528416,189.86531890627546,45.96622889305816,0.09009726931079719
2469,5.214087947090365,230.53387773711958,45.96622889305816,0.11250943828535918
2470,5.550075541981044,186.45858331773715,45.96622889305816,0.09686282326008984
2471,5.478323804014678,168.11028903154659,45.96622889305816,0.08620209918228254
2472,4.256313894100148,178.04454271069247,45.96622889305816,0.07093133994101011
2473,4.799492491829311,200.8543798498665,45.96622889305816,0.09023031464058767
2474,4.79569344921926,210.22379135203786,45.96622889305816,0.09436460520773561
2475,4.248352573424699,201.71839918489874,45.96622889305816,0.08021247439460817
2476,4.544810698270302,189.17189244473096,45.96622889305816,0.08047264123967815
2477,5.017769022956166,170.61252669433642,45.96622889305816,0.08013042192871155
2478,4.776466889524692,220.85877683981235,45.96622889305816,0.09874094582067645
2479,4.555138793520461,221.16542473255635,45.96622889305816,0.09429630968016765
2480,4.461816290375315,220.33381386874024,45.96622889305816,0.09201713040375034
2481,4.38880003983764,236.09714758121214,45.96622889305816,0.09698674477845386
2482,4.30753132541028,239.9875524117263,45.96622889305816,0.0967593650139841
2483,4.457979863928121,216.8162621660626,45.96622889305816,0.09047025289303257
2484,4.610217372163306,166.57490949520022,45.96622889305816,0.07187979628639392
2485,4.04978437638266,171.78292240744054,45.96622889305816,0.06511600323961268
2486,4.816150365336458,206.41703354390066,45.96622889305816,0.09305108013372211
2487,4.957036971262622,210.43669272173798,45.96622889305816,0.09763813481122463
2488,4.191650819972952,214.11412983706333,45.96622889305816,0.0840052201153765
2489,5.570367223345051,178.45222857267063,45.96622889305816,0.09304256004957424
2490,5.583829934432593,180.0004398819528,45.96622889305816,0.09407659663807538
2491,4.888150809620555,224.4646253414614,45.96622889305816,0.10269950559280208
2492,5.374441444488564,200.29855661126206,45.96622889305816,0.10075973206317465
2493,4.739332235542594,205.0930602351224,45.96622889305816,0.09097958859522574
2494,5.039544948306256,237.71535351622796,45.96622889305816,0.11213066675748998
2495,5.652303781464188,169.3144557292974,45.96622889305816,0.08957676671192423
2496,4.824764407802713,206.98458429742962,45.96622889305816,0.09347381365440258
2497,5.410724829228935,174.18894490062567,45.96622889305816,0.0882169188405342
2498,5.661524867629721,210.39958134393663,45.96622889305816,0.11149467843548543
2499,4.13487401430405,164.72783525812517,45.96622889305816,0.0637536599333132
2500,5.372356497299777,220.44397192231617,45.96622889305816,0.11085081741371897
2501,4.620829654404252,172.9564190703709,45.96622889305816,0.07480532125497029
2502,4.439671663815342,191.37801964116406,45.96622889305816,0.07952776143417818
2503,5.263750605516285,175.0176166945207,45.96622889305816,0.08622891443572853
2504,5.582635338907232,179.9098729818914,45.96622889305816,0.09400914569844893
2505,5.6191307518315305,233.92283390762668,45.96622889305816,0.12303186382337054
2506,4.328320430233314,233.41848149456038,45.96622889305816,0.09456501433831382
2507,5.410738556261754,230.9752011592435,45.96622889305816,0.11697626551596652
2508,4.693624814596382,229.09287805894502,45.96622889305816,0.1006458352197262
2509,4.953563012567011,175.17323954720416,45.96622889305816,0.08121968526789668
2510,5.9931638354443235,235.8461619210905,45.96622889305816,0.1323002948299181
2511,4.2496344467063825,196.49565724129465,45.96622889305816,0.07815924919678038
2512,5.972392089074311,203.87606080897243,45.96622889305816,0.1139699595272603
2513,4.994176379528927,175.62868923426421,45.96622889305816,0.08209849296555399
2514,4.83904502192469,199.85552439031684,45.96622889305816,0.0905214848059184
2515,5.428100647685813,196.00271586430628,45.96622889305816,0.09958314309196213
2516,5.269977363070752,168.12130659893097,45.96622889305816,0.08292917693045641
2517,5.527570290420679,160.2620373930911,45.96622889305816,0.08291646572754528
2518,5.284310315390572,226.1050921060229,45.96622889305816,0.11183416644611881
2519,5.533585911408201,171.78539466552388,45.96622889305816,0.08897515283656028
2520,5.688494918558506,166.33566569325623,45.96622889305816,0.08856428153705818
2521,4.132714158480924,225.80852981216825,45.96622889305816,0.08734771733318371
2522,4.365040793981045,195.76471696642975,45.96622889305816,0.07998316331434596
2523,5.873266406812086,176.71709600532387,45.96622889305816,0.09714805621348979
2524,5.561167490358428,206.75518532486117,45.96622889305816,0.10762130013257842
2525,4.811391519883365,196.7384600262211,45.96622889305816,0.0886004269679948
2526,4.82062114210956,226.18424413441787,45.96622889305816,0.10205662421321127
2527,5.6279710743678795,189.87358056098125,45.96622889305816,0.10002124259560945
2528,5.394497257233152,202.54936529867945,45.96622889305816,0.10227222678423276
2529,5.496437162553233,164.00371223067017,45.96622889305816,0.0843744188384456
2530,4.672068559851588,186.86450639720522,45.96622889305816,0.08171689830319721
2531,5.193624496808938,176.6109073969635,45.96622889305816,0.08585466880166509
2532,5.063387709325097,238.38876208078008,45.96622889305816,0.11298032253715395
2533,4.087011862692696,200.2755054872609,45.96622889305816,0.07661425512622862
2534,4.276576695219431,206.59209963256825,45.96622889305816,0.0826962513347966
2535,4.481725666796123,232.20070575134463,45.96622889305816,0.09740576315938808
2536,4.635981956423693,236.66502315118217,45.96622889305816,0.10269555913145656
2537,4.008269499652298,226.56917775480773,45.96622889305816,0.08500287039715182
2538,4.523367338397636,176.12979805011085,45.96622889305816,0.07457109901660627
2539,5.768291280828032,184.3499163695977,45.96622889305816,0.09953274382422954
2540,5.167756840703045,218.94236324956125,45.96622889305816,0.10590286780968439
2541,4.838403445517933,168.1070378126527,45.96622889305816,0.07613140120265649
2542,5.844674085124304,211.80007179968175,45.96622889305816,0.11586766378590624
2543,5.784794854339172,221.41813511436825,45.96622889305816,0.11988835453922866
2544,5.547963427427974,207.1905987936809,45.96622889305816,0.10759187692789328
2545,4.012387804222367,230.61266639547654,45.96622889305816,0.0866087773335169
2546,5.66184844593995,218.1607119507177,45.96622889305816,0.11561405430962314
2547,5.756318785842812,174.73664506542204,45.96622889305816,0.09414660832810615
2548,4.563717595712494,172.56971710357533,45.96622889305816,0.07371556493490203
2549,5.293237620680531,195.07135260661227,45.96622889305816,0.09664752449049585
2550,4.205288252149664,206.05096174848777,45.96622889305816,0.08110474527028118
2551,4.677971512564263,199.24063017703338,45.96622889305816,0.0872391304618249
2552,4.522763742722025,172.89189898337645,45.96622889305816,0.07319044625559018
2553,4.9016288415339595,178.09186961320776,45.96622889305816,0.08170720688883211
2554,4.810027187719122,190.5820253697239,45.96622889305816,0.08580356212137348
2555,5.880850208351149,174.9475668456015,45.96622889305816,0.09629946470986754
2556,4.572884702769818,223.34914444238976,45.96622889305816,0.09559834932935013
2557,4.5917247746750744,198.42104186276978,45.96622889305816,0.08527847456588805
2558,5.523894244539894,160.3510112259209,45.96622889305816,0.08290732582239274
2559,5.913118036568226,197.02664363037204,45.96622889305816,0.10904791249265969
2560,5.518899517022657,233.66458083625133,45.96622889305816,0.120703877641385
2561,5.753608399811124,177.63031798330456,45.96622889305816,0.09566063110748309
2562,5.110374522447142,192.852383924488,45.96622889305816,0.09224728431992407
2563,5.064725228457992,222.37045783188623,45.96622889305816,0.10541655707028341
2564,4.708958284788523,198.17677658818448,45.96622889305816,0.08734809788336881
2565,5.215958377263555,181.64507136068258,45.96622889305816,0.0886816131226636
2566,5.21320943921412,171.91298659453966,45.96622889305816,0.08388604265541034
2567,5.243292665445697,171.4585337453854,45.96622889305816,0.08414708069806767
2568,5.551319911678768,175.52169239587064,45.96622889305816,0.09120169337093124
2569,5.292236660801682,206.4958261408375,45.96622889305816,0.10228839953951459
2570,4.850662879350875,211.63674595923902,45.96622889305816,0.0960877483049102
2571,5.693032053177012,169.61353162915924,45.96622889305816,0.09038158947954458
2572,5.352857964622259,192.80992836562615,45.96622889305816,0.0966030774424737
2573,5.347849465782583,230.00302208427829,45.96622889305816,0.11513001602997527
2574,5.305675124167319,172.78620479436574,45.96622889305816,0.08580756305878345
2575,4.832268283215951,203.9558922359401,45.96622889305816,0.09224931355162323
2576,4.2537538618286925,211.48888836006682,45.96622889305816,0.084204588835738
2577,5.426483809328089,221.00122676972484,45.96622889305816,0.11225069658574735
2578,4.239804388401963,216.41151643091462,45.96622889305816,0.08588197772523863
2579,4.732367708729523,176.89825003187076,45.96622889305816,0.0783570121945965
2580,5.048692152772859,205.8175157959639,45.96622889305816,0.09726062831805406
2581,4.913528034586832,227.26760959899147,45.96622889305816,0.10452178817666165
2582,4.311593674983236,192.5722796530271,45.96622889305816,0.07771546438616325
2583,4.534032556160683,163.90401327425727,45.96622889305816,0.06955847798055392
2584,4.678128046895944,217.4460536291588,45.96622889305816,0.09521370913105656
2585,5.046498038159437,193.49972298239604,45.96622889305816,0.09140002301804927
2586,4.949409559620387,185.0001532989208,45.96622889305816,0.0857040469523705
2587,4.244327036013415,207.2343812832745,45.96622889305816,0.0823277976086699
2588,5.630785025027399,223.12425962618855,45.96622889305816,0.11759573964747658
2589,4.4666835869424215,194.74301325662174,45.96622889305816,0.08141846740420187
2590,5.104244559116342,224.19617509306323,45.96622889305816,0.1071113572052281
2591,4.393014665566746,170.57854314895386,45.96622889305816,0.0701395383016565
2592,5.863247142364995,171.6575856275987,45.96622889305816,0.09420567140989299
2593,5.978219254651161,207.91788390738182,45.96622889305816,0.11634280603559027
2594,4.997996646157777,175.11517715675043,45.96622889305816,0.08192106637610345
2595,5.721013038392465,173.77320716344101,45.96622889305816,0.09305326217353806
2596,4.802535853648988,163.84275826959572,45.96622889305816,0.07365016348096469
2597,4.0450958329027005,218.36611384892782,45.96622889305816,0.08267798983180974
2598,4.415485592255191,208.06327428450663,45.96622889305816,0.08599035649283156
2599,5.446808918047701,199.34293190265967,45.96622889305816,0.10162927562460027
2600,5.3128626552359535,179.29188037798244,45.96622889305816,0.08915897349657931
2601,5.635724027760322,176.49871654559493,45.96622889305816,0.0931037382011756
2602,5.18122726220499,226.86906318445003,45.96622889305816,0.11002307239143594
2603,5.586401189128796,164.10158133214532,45.96622889305816,0.08580660838699364
2604,4.734364934818167,228.206289182205,45.96622889305816,0.10112654947910167
2605,5.701880426946591,210.91274595581825,45.96622889305816,0.11256329054496603
2606,4.217062378831171,192.34138242576054,45.96622889305816,0.07592042088259704
2607,5.922304060183035,168.5230958568784,45.96622889305816,0.09341701338788262
2608,5.602806744937378,193.42566542839654,45.96622889305816,0.10143681190402225
2609,5.489481755824724,164.34490241447676,45.96622889305816,0.08444295694851726
2610,4.020628944336248,184.05027405269675,45.96622889305816,0.06926379960888568
2611,5.740359463467536,214.38398731753168,45.96622889305816,0.11518801167875951
2612,5.223647524775828,239.8143575552678,45.96622889305816,0.11725325120333262
2613,4.694591662322128,228.02018152595343,45.96622889305816,0.10019520978788124
2614,4.219330850537089,173.65813028078315,45.96622889305816,0.06858269557217184
2615,4.956193404699706,236.75834777144976,45.96622889305816,0.10983212713815813
2616,5.40680559837077,169.00241793216492,45.96622889305816,0.0855282373371341
2617,5.909814626309206,221.25747472004437,45.96622889305816,0.12239048580227893
2618,5.473214697405241,204.11912992539243,45.96622889305816,0.10456878013257573
2619,4.787065737371635,168.79181117409712,45.96622889305816,0.07563043762751158
2620,5.239585784479246,170.21524029611896,45.96622889305816,0.08347784827423989
2621,5.179891044479145,203.171898575832,45.96622889305816,0.09850541668557197
2622,5.193048737189593,226.14274485048057,45.96622889305816,0.10992105966538726
2623,4.82235550247077,194.92783721742703,45.96622889305816,0.08798506033732137
2624,4.119959689396156,183.0191849279871,45.96622889305816,0.07057736377749227
2625,4.162044274320967,171.34065914229112,45.96622889305816,0.06674872551436938
2626,4.853593435880962,192.57550647004928,45.96622889305816,0.0874863488411156
2627,5.871715071450689,169.54559946915538,45.96622889305816,0.09318099507923058
2628,4.298605265378643,220.06930469012468,45.96622889305816,0.08854476432882788
2629,4.044797202425542,212.07571010270686,45.96622889305816,0.08029038316345853
2630,5.495122252182267,210.31895823257054,45.96622889305816,0.10817617706434576
2631,4.575609927182215,168.28695844015385,45.96622889305816,0.07207344870842085
2632,5.988348478642735,228.74834015298848,45.96622889305816,0.12821559891633785
2633,5.461272971390098,174.96322726337547,45.96622889305816,0.08943685396220535
2634,4.861819988685092,216.7855830609253,45.96622889305816,0.09865182422013596
2635,4.20286463945005,236.58623791561774,45.96622889305816,0.09307021777710382
2636,5.910465780724488,172.0396139815831,45.96622889305816,0.09517568592796964
2637,4.394113609200271,189.12611082367727,45.96622889305816,0.07778549539102109
2638,4.901368674562067,195.25885494114345,45.96622889305816,0.0895785354396859
2639,5.376408317215485,197.61697848589898,45.96622889305816,0.09944715144822876
2640,4.36850749358694,180.88178699424844,45.96622889305816,0.07396117016537537
2641,4.822390742622336,201.5438609801278,45.96622889305816,0.09097201614598638
2642,5.846033138904647,167.6970364230924,45.96622889305816,0.09176192365630659
2643,5.6086750265737955,184.8685308781513,45.96622889305816,0.09705079915461905
2644,5.454055886334101,180.6605991938518,45.96622889305816,0.09222716921763133
2645,4.770288749638495,195.46054398394213,45.96622889305816,0.08727294269910711
2646,5.501549197881585,173.30036389371392,45.96622889305816,0.08924015673818375
2647,4.693104641055568,202.28410758369978,45.96622889305816,0.08885826931296231
2648,5.31518524439648,166.08555060392186,45.96622889305816,0.08262778379332747
2649,4.189452488028333,217.47842176384546,45.96622889305816,0.08528041221813525
2650,4.732297701084676,173.2492438189237,45.96622889305816,0.07673955103516582
2651,4.526402592726944,207.85717071032747,45.96622889305816,0.0880631141289226
2652,5.906592912480879,218.5529233005334,45.96622889305816,0.12082853463116977
2653,5.594113824949923,208.67588505017002,45.96622889305816,0.10926458276692769
2654,4.742362980050255,236.97664910712146,45.96622889305816,0.10519042134388057
2655,4.1625475346608045,224.68964619336927,45.96622889305816,0.08754233275251525
2656,4.516542090735901,208.62866758868307,45.96622889305816,0.08819742283545362
2657,5.964772764943562,227.38333289267567,45.96622889305816,0.12694873569209464
2658,5.700281236539223,225.8454345584501,45.96622889305816,0.1204990013421399
2659,4.907587482457013,191.44417855737788,45.96622889305816,0.08793991948036961
2660,5.037099040459203,182.80901946391245,45.96622889305816,0.08618941997911077
2661,4.956288542971215,170.14368705173425,45.96622889305816,0.07893112095586134
2662,5.78506861895736,218.85365651905911,45.96622889305816,0.11850540815622432
2663,4.1240612149573055,212.79591899747513,45.96622889305816,0.08214180588794079
2664,5.51739581156649,228.92895342050505,45.96622889305816,0.11822537832286847
2665,4.658250108038926,210.45879686415265,45.96622889305816,0.09176260515834499
2666,4.552172976631209,227.9104543867322,45.96622889305816,0.09710885916117566
2667,5.750319846070454,166.12423664390732,45.96622889305816,0.08941303752140119
2668,4.570143529669578,168.22486292052724,45.96622889305816,0.07196078156022283
2669,4.797521768690338,160.4119299120202,45.96622889305816,0.07203266232650711
2670,5.565645817961882,194.51614355856213,45.96622889305816,0.10133210514237262
2671,5.068583752935233,219.40943775233455,45.96622889305816,0.10409210243004804
2672,5.424647735624201,185.17297761417527,45.96622889305816,0.0940210290595861
2673,5.565534720219792,211.26060331824698,45.96622889305816,0.11005284165242181
2674,4.4363423982441645,162.34015954206285,45.96622889305816,0.06741039546204682
2675,5.512326448921787,173.2517949951794,45.96622889305816,0.0893899142955096
2676,4.225229308304673,193.63284203373635,45.96622889305816,0.07657819970217504
2677,5.843435876789729,217.4524217263801,45.96622889305816,0.11893464485236527
2678,5.596123258813438,181.59140143730474,45.96622889305816,0.09511705618120637
2679,5.670103857044282,193.23044058655984,45.96622889305816,0.10255159198142529
2680,5.958795966092134,205.58033542777542,45.96622889305816,0.11466105519537825
2681,5.212468209533238,233.2106151053332,45.96622889305816,0.11378043306510578
2682,5.896803850425,161.4117050621773,45.96622889305816,0.08908971214237958
2683,4.464915386568865,209.13960285346005,45.96622889305816,0.08740280303551516
2684,4.007228815606323,185.40242138073657,45.96622889305816,0.06954011302119087
2685,4.392627836879528,201.87816794096966,45.96622889305816,0.08300220179057763
2686,5.194626217578555,175.12115628877777,45.96622889305816,0.08514688569288938
2687,5.072773447789683,191.7380614949497,45.96622889305816,0.09103945474561828
2688,5.981923684351942,165.20822107968542,45.96622889305816,0.09250141404125438
2689,5.681370412307163,239.9584782620801,45.96622889305816,0.12760422466712856
2690,5.083183438534662,214.44580543242057,45.96622889305816,0.10203030551725191
2691,4.255894531511841,188.06576961645104,45.96622889305816,0.07491632433248056
2692,4.362979343246458,206.6656639645231,45.96622889305816,0.08439706293740545
2693,5.884178514361167,162.36748895565506,45.96622889305816,0.08942537353872466
2694,4.988892296110108,217.88457863643137,45.96622889305816,0.10174345232692582
2695,4.861240331987406,203.10957677150898,45.96622889305816,0.09241731405640206
2696,4.905947927723735,207.79920572898348,45.96622889305816,0.09542071494341048
2697,4.137155565615818,203.7435805749352,45.96622889305816,0.07889720794807065
2698,5.0235604432454455,174.54840203535383,45.96622889305816,0.08207357632311298
2699,5.0695013278537475,197.05194119121913,45.96622889305816,0.09350219525634414
2700,5.186353432675494,205.10602866005692,45.96622889305816,0.09956722050320989
2701,4.809176859895251,222.49077050916216,45.96622889305816,0.100151762730826
2702,4.714911938492535,197.96297988899926,45.96622889305816,0.08736418241536753
2703,4.852820298354142,198.86977482617166,45.96622889305816,0.09033142060852073
2704,5.600365822815356,216.77292078044755,45.96622889305816,0.11363111668122358
2705,4.0844758219393125,199.5662687045435,45.96622889305816,0.07629556890368575
2706,4.249507565718175,218.34743094075986,45.96622889305816,0.08684854399146609
2707,5.973388609431289,209.50416249236685,45.96622889305816,0.1171356992077284
2708,4.7597229138978046,165.78514174239507,45.96622889305816,0.07385894923072286
2709,4.665138505416224,202.0233261467541,45.96622889305816,0.08821489227403159
2710,5.7617169455489305,201.039479508895,45.96622889305816,0.10841992909588505
2711,5.96886303255185,189.5333188661368,45.96622889305816,0.10588953215102616
2712,4.00098278455484,210.2900223265618,45.96622889305816,0.07875192865103244
2713,4.438278198397094,179.5027710092582,45.96622889305816,0.07456955080744321
2714,4.034845394560295,202.51778125592668,45.96622889305816,0.0764831749047954
2715,4.49501554854848,239.54321936384758,45.96622889305816,0.10078384638721037
2716,5.671314104711167,217.6952051454962,45.96622889305816,0.11556023426715864
2717,4.707783117441869,165.7277708958852,45.96622889305816,0.07302769361923672
2718,5.337885702618315,161.7841200099265,45.96622889305816,0.08083156920805254
2719,4.883201833471715,164.2216268046288,45.96622889305816,0.07506039987651547
2720,5.119415567739918,204.76334911523196,45.96622889305816,0.09811794818246451
2721,5.061231229317674,217.166967458216,45.96622889305816,0.10287877744644908
2722,4.456310602455737,179.37347171318584,45.96622889305816,0.07481858939518995
2723,4.832326591887496,216.2216481022642,45.96622889305816,0.09779829881948676
2724,4.233504952129842,230.87102551409632,45.96622889305816,0.09148404375089196
2725,4.504424181049618,170.2309541319022,45.96622889305816,0.07177177108809758
2726,5.197948434106729,182.0465672939439,45.96622889305816,0.0885707474558457
2727,4.817525613972396,164.8891658688272,45.96622889305816,0.07435188821170825
2728,4.929928138449855,184.295624509234,45.96622889305816,0.08504160772173405
2729,4.339644255638017,190.90518501195493,45.96622889305816,0.07754391117800899
2730,5.540134356624707,221.09201256425018,45.96622889305816,0.11464871696764235
2731,4.720971968484543,237.9388723001938,45.96622889305816,0.10514113705761476
2732,4.2517723221849115,228.38006645152106,45.96622889305816,0.09088747625667791
2733,5.957904071222715,205.8367846569068,45.96622889305816,0.11478690450066324
2734,4.120267504687927,233.68313124254092,45.96622889305816,0.09012154432810142
2735,4.873921967287057,173.7510829487737,45.96622889305816,0.07926508699424113
2736,5.782845997197706,194.15035340140363,45.96622889305816,0.10508861320044299
2737,4.998774336035211,205.68164389120986,45.96622889305816,0.0962354131012791
2738,5.813201754435096,200.29996502077498,45.96622889305816,0.10898635251554457
2739,5.776409141562206,173.61839937826852,45.96622889305816,0.09387058911160585
2740,5.233409992934057,202.040304139615,45.96622889305816,0.09896887228734766
2741,4.650076657928507,177.00232538668828,45.96622889305816,0.07703976212522044
2742,4.13987992689733,180.9387911708294,45.96622889305816,0.07011247179130127
2743,5.361177446873958,182.2567053026761,45.96622889305816,0.09145754635776038
2744,5.4562168313506625,230.0122037632003,45.96622889305816,0.11746766843031461
2745,5.388610603522908,224.40553443355822,45.96622889305816,0.11318430636282714
2746,5.146412373407149,235.72841033098987,45.96622889305816,0.11355136487987798
2747,5.525883265360846,185.81407174493472,45.96622889305816,0.09610725098743651
2748,5.446698802434977,213.7486669349448,45.96622889305816,0.10897142332907718
2749,5.5028382000312375,185.5489882286705,45.96622889305816,0.09556991125361544
2750,5.019163443280788,230.43082635589985,45.96622889305816,0.10825495011400826
2751,5.951428510719019,188.79500257235617,45.96622889305816,0.10516895634870062
2752,4.973407429308389,186.46597994505956,45.96622889305816,0.08680195274138185
2753,5.435878343556213,163.10309868042933,45.96622889305816,0.08298656513632909
2754,5.907625164561969,203.94943889093838,45.96622889305816,0.11277459998910155
2755,4.5418966625589245,162.98323349661678,45.96622889305816,0.06928768119979796
2756,5.121485498972963,206.89414145746107,45.96622889305816,0.09917906031978498
2757,5.390490203601741,202.03162180527636,45.96622889305816,0.10193503115569306
2758,5.0314092015408,184.33035867575265,45.96622889305816,0.086808520914757
2759,4.388074984056063,180.08026494503125,45.96622889305816,0.0739632540560921
2760,4.749513633148723,221.86767458948015,45.96622889305816,0.09863226783238054
2761,4.236508888211182,211.4946903717176,45.96622889305816,0.08386551908928212
2762,4.075922542458628,163.4469767349836,45.96622889305816,0.06235605950846972
2763,4.547296955448727,188.57532275648842,45.96622889305816,0.0802627479616567
2764,4.379776350497069,230.89890905620072,45.96622889305816,0.09465633040405666
2765,4.609433173213657,197.46868801037175,45.96622889305816,0.08519647230300824
2766,5.98823281909016,180.31191978868694,45.96622889305816,0.10106457713836546
2767,5.237586363903741,219.72200095805445,45.96622889305816,0.10771609268792275
2768,4.542084781232884,164.59856276177553,45.96622889305816,0.06997729068093501
2769,5.582728362951687,183.12173563983993,45.96622889305816,0.09568904973539889
2770,4.642523662779504,193.17949721834844,45.96622889305816,0.0839442602232028
2771,4.07809927785997,228.11331928409135,45.96622889305816,0.08707315618335613
2772,5.726665364564858,229.70903800722144,45.96622889305816,0.12312769172029259
2773,4.365241677804806,238.09695930800027,45.96622889305816,0.09728323208415655
2774,5.322971658546772,207.43599808558574,45.96622889305816,0.10335086786905315
2775,5.444531401163425,220.47645500899486,45.96622889305816,0.11235659596327927
2776,4.832254785287472,206.7138028172038,45.96622889305816,0.09349645620261063
2777,5.170287984386334,160.62478797316965,45.96622889305816,0.07773259209321356
2778,4.019534618471587,197.65636208336926,45.96622889305816,0.0743639448198121
2779,5.116941524421939,216.57769158049564,45.96622889305816,0.10372895987797383
2780,5.505429833220324,206.8624610900476,45.96622889305816,0.10659792917203809
2781,4.568787607326566,209.5447842703812,45.96622889305816,0.08960942142869527
2782,4.519601562294803,225.40601320095152,45.96622889305816,0.09535456657711892
2783,4.8466320154001,231.5964760283361,45.96622889305816,0.10506252700689184
2784,4.255873312992034,216.4379160437249,45.96622889305816,0.08621798803582528
2785,4.858640549160753,170.19031046840132,45.96622889305816,0.07739723567310061
2786,5.118031251444165,176.94830443462598,45.96622889305816,0.08476668270593378
2787,4.5847132876721854,196.49769880252347,45.96622889305816,0.08432289316123322
2788,4.728720528868247,191.0972257394764,45.96622889305816,0.08458120704047335
2789,4.794056750357872,161.35784374022094,45.96622889305816,0.07240509057656132
2790,4.734628826431528,191.48036905625938,45.96622889305816,0.08485668126276244
2791,5.185471071520681,198.47342348210606,45.96622889305816,0.09633107913924778
2792,4.345084722205391,207.03301332716086,45.96622889305816,0.08420031202751925
2793,4.070166045476691,186.66182878948754,45.96622889305816,0.07111209807239201
2794,5.240228814750772,209.91861114417452,45.96622889305816,0.10296201753584751
2795,4.360821489243587,187.13514961183643,45.96622889305816,0.07638349509836229
2796,4.915394775107497,192.91429646690352,45.96622889305816,0.08875619297035511
2797,5.3708231580306816,219.2150528796916,45.96622889305816,0.1102013904509077
2798,4.081721745063698,219.6213952512482,45.96622889305816,0.08390616854988411
2799,5.757010527878662,233.11247130871385,45.96622889305816,0.12561409706078172
2800,4.111963540967052,230.69724383276014,45.96622889305816,0.08879070616808145
2801,4.327411462366511,187.06768344711907,45.96622889305816,0.07577096319818187
2802,4.763324152268225,183.91889558671352,45.96622889305816,0.08199971370926622
2803,4.589428309426081,173.55305796107572,45.96622889305816,0.07455327210808087
2804,5.31803159902869,206.4360920351467,45.96622889305816,0.1027572306343039
2805,5.227042465369007,201.7084795643592,45.96622889305816,0.09868611058562154
2806,4.441671271297366,206.90469563306797,45.96622889305816,0.08601864733705687
2807,5.307453761537491,164.1538683437472,45.96622889305816,0.08154797657871864
2808,5.975479068106555,206.38280816633673,45.96622889305816,0.11543090366012358
2809,5.276664835574962,205.57454117741213,45.96622889305816,0.10153240835590081
2810,5.381439578784371,212.5475574223696,45.96622889305816,0.10706078802619357
2811,5.598305654801513,172.9237279149697,45.96622889305816,0.09061227712702463
2812,4.327446395684017,177.56635103996615,45.96622889305816,0.0719230698391294
2813,5.926906374785815,188.5628442033745,45.96622889305816,0.10460682866618944
2814,4.632349070339301,178.34473866501708,45.96622889305816,0.07732811589560905
2815,4.9628108959136785,232.42530120950468,45.96622889305816,0.10796599170195215
2816,5.348357964008328,175.02088281131145,45.96622889305816,0.08761655751747406
2817,5.6747046799015415,235.64037675185384,45.96622889305816,0.1251609417608947
2818,5.426108174967208,207.48988905345777,45.96622889305816,0.10538073778901821
2819,5.343542950259119,218.87814762199875,45.96622889305816,0.10947313565990627
2820,5.7188036943672245,212.69365400799464,45.96622889305816,0.11385066460335835
2821,5.062951295257058,174.59598674849616,45.96622889305816,0.0827396834710664
2822,4.748450748078173,166.76750529418473,45.96622889305816,0.07412064990120669
2823,5.457054319430131,239.3834182842609,45.96622889305816,0.1222723304476199
2824,4.191930731730888,195.21566651473958,45.96622889305816,0.07659573964646435
2825,5.4001522608295955,162.39375254722458,45.96622889305816,0.08208261266048969
2826,4.879142979773228,223.5821538518154,45.96622889305816,0.10210723814010686
2827,4.586416138716426,212.7761695942721,45.96622889305816,0.0913423734439101
2828,5.214681574489366,216.0024690184141,45.96622889305816,0.10542955131395239
2829,4.480315421432689,173.46673922221123,45.96622889305816,0.0727445821604969
2830,4.033822111346364,198.42794845616453,45.96622889305816,0.07491959710481122
2831,4.373676341745189,212.09657457521524,45.96622889305816,0.08682726970801852
2832,5.098355991435305,226.6971566392941,45.96622889305816,0.10818127071585222
2833,5.603874458672256,188.89693385619807,45.96622889305816,0.09908072019689228
2834,4.592535801119246,166.57379207609551,45.96622889305816,0.07160363530048519
2835,5.512744165883174,199.69636920024806,45.96622889305816,0.10304189946242898
2836,4.672594234521184,216.28483631294876,45.96622889305816,0.09459321573033469
2837,4.548209771607916,198.242650262826,45.96622889305816,0.08439436128940463
2838,4.871923790438115,181.6184446365908,45.96622889305816,0.08282020230501025
2839,5.580880426882499,216.58689339216818,45.96622889305816,0.11313858385923331
2840,5.039065809898255,215.29963865031286,45.96622889305816,0.10154748689338411
2841,4.1787975659246355,194.38634185458946,45.96622889305816,0.07603138971707317
2842,5.200303201489096,191.50541310867828,45.96622889305816,0.09321494952664923
2843,5.428247638887802,201.77739056014636,45.96622889305816,0.10251985946801569
2844,4.76576472568979,193.22797350158916,45.96622889305816,0.08619428002820499
2845,5.432487028515778,165.26465371662164,45.96622889305816,0.08403390099820862
2846,5.676304677444364,164.5886204755555,45.96622889305816,0.08744628262589021
2847,4.265348253631447,224.81686591141573,45.96622889305816,0.08975512039124144
2848,4.748919918785647,196.75402843376887,45.96622889305816,0.08745695007476943
2849,4.745516088800594,167.44371032054042,45.96622889305816,0.07437519847317368
2850,5.217115663619762,215.12565999074846,45.96622889305816,0.10505059815596797
2851,4.379867510994594,220.16803033507023,45.96622889305816,0.09025911676306948
2852,4.199604752147243,221.98552410005036,45.96622889305816,0.08725873683556858
2853,5.402672171878125,232.96932528774815,45.96622889305816,0.11781028496328061
2854,5.626995153780926,227.55964161766173,45.96622889305816,0.11985264725416696
2855,5.915413807276798,227.54670608722338,45.96622889305816,0.12598868196614388
2856,5.592813863101344,175.6900973405152,45.96622889305816,0.09197154832466557
2857,5.510148491365319,210.61651683989123,45.96622889305816,0.10862544724405405
2858,5.923126660539416,217.60271680244267,45.96622889305816,0.12063995922872617
2859,4.519153699257614,173.130142000906,45.96622889305816,0.07323280114891015
2860,4.562715653640641,198.4112406654991,45.96622889305816,0.08473552529295983
2861,5.305016378807184,177.20737551509868,45.96622889305816,0.08799223956616396
2862,4.465640931541729,184.14917986954896,45.96622889305816,0.07697140917666388
2863,5.614565805974239,189.23362376607278,45.96622889305816,0.09944668968039809
2864,4.1567615688425015,203.60281919540614,45.96622889305816,0.07921633581945277
2865,4.0118977943025715,213.89632224914772,45.96622889305816,0.08032098517005773
2866,5.684150909153642,173.3105622609955,45.96622889305816,0.09220754930790934
2867,5.689199738572576,214.32189282211982,45.96622889305816,0.11412835729906888
2868,4.1971055976155744,178.231543583325,45.96622889305816,0.07001809862535424
2869,4.4546780871326215,176.4586431680824,45.96622889305816,0.07357581981416265
2870,4.669101101127973,232.61386924087452,45.96622889305816,0.10165874219375524
2871,4.448281541149605,234.13612690247098,45.96622889305816,0.09748471930858657
2872,5.099316721239891,201.36290260684487,45.96622889305816,0.09610971704572527
2873,5.347561584127462,224.45414744427518,45.96622889305816,0.11234643041897377
2874,5.915272113287567,160.21516942284495,45.96622889305816,0.08870624790885913
2875,4.796262756163611,174.32245944834085,45.96622889305816,0.07825861553467639
2876,4.3035000274325865,171.76204773940853,45.96622889305816,0.06918705866202829
2877,5.419553657823393,164.09127204806816,45.96622889305816,0.08323861606117212
2878,5.6734494385840435,220.20536541233758,45.96622889305816,0.11693672703384243
2879,4.818540718844426,194.03677584412128,45.96622889305816,0.08751357626152632
2880,5.356724824246144,160.86169731286762,45.96622889305816,0.080654356904117
2881,4.774267809891835,174.41088856873148,45.96622889305816,0.07793924963650738
2882,4.361556652681414,204.0472120627613,45.96622889305816,0.08330058128184922
2883,4.491857271381712,190.01470246047,45.96622889305816,0.0798893711849839
2884,5.434631541474431,209.65376817240607,45.96622889305816,0.1066469958495608
2885,4.660045533784602,163.96821530656194,45.96622889305816,0.07151969910589695
2886,4.053332532563897,199.0036883414468,45.96622889305816,0.07550039241150991
2887,4.8430620838355205,223.7156774792997,45.96622889305816,0.10141269045893597
2888,4.164050177384786,227.99427742506518,45.96622889305816,0.08886193162278669
2889,4.425064641988577,188.05849768161406,45.96622889305816,0.07789120641585515
2890,5.719856748838664,227.0123672064134,45.96622889305816,0.12153756145147762
2891,5.029809490160989,166.53323517569578,45.96622889305816,0.07840220981242352
2892,5.180955157663114,220.9395025944111,45.96622889305816,0.10714182855461626
2893,4.524623587231069,174.64494178690086,45.96622889305816,0.07396296551276337
2894,4.994084078261877,219.9444660235975,45.96622889305816,0.10281222018945621
2895,5.009777958255987,179.15722431303942,45.96622889305816,0.08400954869665382
2896,5.737832819882768,229.76054308708805,45.96622889305816,0.12339546194094748
2897,5.316663391055453,165.94318217735687,45.96622889305816,0.08257991430102327
2898,4.464249701955133,209.49313540976257,45.96622889305816,0.08753749686065394
2899,5.562606542230333,197.94085367740948,45.96622889305816,0.10305987940316157
2900,4.608088215800466,230.76174153567626,45.96622889305816,0.09953147522711416
2901,4.76266398046401,233.29922400156966,45.96622889305816,0.10400137589298417
2902,5.064681941108573,209.14231853111502,45.96622889305816,0.09914480070638038
2903,4.249914256406433,181.4067807596183,45.96622889305816,0.07216216148785158
2904,5.94937002806685,217.4934039141832,45.96622889305816,0.12111360192821254
2905,4.954149214917866,201.71416909682773,45.96622889305816,0.0935365478550852
2906,4.175590430598087,222.66640449137577,45.96622889305816,0.08702588305100396
2907,4.1427320990953715,190.95939031445974,45.96622889305816,0.0740463605743113
2908,4.821304589528729,208.246800023148,45.96622889305816,0.09397638925330737
2909,4.831065856344473,236.85703746518928,45.96622889305816,0.10710385419548689
2910,5.595805703913164,236.74604928484598,45.96622889305816,0.12399986598171575
2911,5.037469469004674,184.17879184896236,45.96622889305816,0.08684161581675666
2912,5.96262053973235,166.4979056652443,45.96622889305816,0.09292269468849165
2913,5.854159278717722,167.66255174310785,45.96622889305816,0.0918705792869659
2914,5.613812674744004,222.394530376922,45.96622889305816,0.1168578434484588
2915,5.319396996380408,222.60425731726525,45.96622889305816,0.11083367110186351
2916,4.1761148595648505,189.8808243215739,45.96622889305816,0.07422144275480198
2917,4.672987571250264,238.52246446245738,45.96622889305816,0.1043277311135635
2918,4.945069874620573,163.97201343491443,45.96622889305816,0.07589584678271312
2919,4.518626752719179,227.52668420313867,45.96622889305816,0.09623092398171322
2920,5.783292774102038,234.18859135402909,45.96622889305816,0.12677007921129785
2921,4.288236904620179,215.04695713799896,45.96622889305816,0.08631532707646128
2922,4.804668605238069,218.83795676010251,45.96622889305816,0.0984151453409009
2923,5.648763566474416,180.90039238876568,45.96622889305816,0.09564642787626437
2924,5.000676228421702,186.18290112008665,45.96622889305816,0.0871453821672538
2925,4.911837099726728,183.2492646890286,45.96622889305816,0.0842484742442192
2926,4.6792716540788435,181.78200740723494,45.96622889305816,0.07961685212353624
2927,4.5968847204089,206.23718942793562,45.96622889305816,0.08873734754302265
2928,5.200567078633375,233.6589500120865,45.96622889305816,0.11373888643050013
2929,4.781160314252255,212.59755401622874,45.96622889305816,0.09514093569266455
2930,5.930937437102481,197.30892465850368,45.96622889305816,0.10953323671039333
2931,5.558304861335426,237.5801969660348,45.96622889305816,0.12360284012731255
2932,5.579552443487028,166.44027128597136,45.96622889305816,0.08692278401179952
2933,4.386225341421804,183.59069584364858,45.96622889305816,0.07537328721549189
2934,5.372431551108018,213.71506058810374,45.96622889305816,0.10746866842456591
2935,4.274304028965824,195.94781850141445,45.96622889305816,0.07839379548820498
2936,4.843638098922729,215.18946560964807,45.96622889305816,0.09755927008904361
2937,4.521895242492033,179.02203662851815,45.96622889305816,0.07577096864049
2938,5.1934488391626985,166.62636646635337,45.96622889305816,0.08099821168906722
2939,5.337708798566459,195.15429436763225,45.96622889305816,0.09750094793001944
2940,5.072689592253171,224.15907967476988,45.96622889305816,0.10643157069248385
2941,4.361943265350524,176.79570663194838,45.96622889305816,0.07218177800054029
2942,5.802160848619198,219.27825046938173,45.96622889305816,0.11908612683182228
2943,4.525393152751497,217.65829909686008,45.96622889305816,0.092195005628463
2944,4.914377361456854,209.38273489839975,45.96622889305816,0.09631306828396821
2945,5.573291495431361,163.58043038768724,45.96622889305816,0.08533338105227822
2946,5.222362659824861,187.07718958425588,45.96622889305816,0.09144578939088474
2947,5.0322970621668235,189.1003566840176,45.96622889305816,0.08907061825543568
2948,5.882099145194756,207.77253921705343,45.96622889305816,0.1143921800102865
2949,5.693198196948497,180.53801909738948,45.96622889305816,0.09620570464183327
2950,4.729221037082658,222.96537382603904,45.96622889305816,0.09869675741070003
2951,4.46888224232178,239.9994986635206,45.96622889305816,0.10038876098879508
2952,5.32015896639287,231.7455203148204,45.96622889305816,0.11540159353235194
2953,4.209029569709655,193.1063642734122,45.96622889305816,0.07607718118970573
2954,4.671842479642286,237.67709812472776,45.96622889305816,0.10393250057959494
2955,4.289498272681952,219.85305779838353,45.96622889305816,0.08827035157231308
2956,5.261693205595769,228.10861419115923,45.96622889305816,0.11234223425201299
2957,5.954574487288716,224.47125990341053,45.96622889305816,0.12510864637599772
2958,4.50430545255828,226.73963840402172,45.96622889305816,0.09559410958415708
2959,5.053518211142889,212.26476927848617,45.96622889305816,0.10040321089963697
2960,4.560884137083004,225.28127423502124,45.96622889305816,0.09617229554777719
2961,4.888924463291415,224.66938349468305,45.96622889305816,0.1028094579832092
2962,4.85450835095321,209.32335080493223,45.96622889305816,0.09511275894420004
2963,4.205988986240026,167.39727672614563,45.96622889305816,0.0659010551693591
2964,5.905938391581466,218.0852362379782,45.96622889305816,0.12055660992975498
2965,4.345390613900368,207.8188296745097,45.96622889305816,0.08452585363803737
2966,5.562391149696319,207.89675566963254,45.96622889305816,0.1082393277064952
2967,4.896894382388337,226.8196493896551,45.96622889305816,0.10396263074291587
2968,4.1015498598685936,210.66685529407866,45.96622889305816,0.08087607317185208
2969,4.946015548220941,211.85331090226808,45.96622889305816,0.0980768664406162
2970,4.58089925098504,172.99803125469998,45.96622889305816,0.07417674124815632
2971,5.948387437181295,229.13837437052962,45.96622889305816,0.12757715825229676
2972,5.817885078695295,221.50071981496393,45.96622889305816,0.12061911258369143
2973,4.12984015764106,210.23301415808984,45.96622889305816,0.08126621046947528
2974,4.762839038499376,186.74306374122324,45.96622889305816,0.0832503816289712
2975,4.498441502963008,174.4527563710568,45.96622889305816,0.07345405263136415
2976,4.278898729048751,169.69673487644445,45.96622889305816,0.06796437740226025
2977,5.423127491974329,234.43327565611077,45.96622889305816,0.11899944035406182
2978,4.760634256705487,168.48145620990093,45.96622889305816,0.0750745562161121
2979,4.442316489685307,219.75940151275574,45.96622889305816,0.09137614010648658
2980,4.697055670897639,213.02588331298628,45.96622889305816,0.09365563895343937
2981,4.4112475473008335,220.5422005033662,45.96622889305816,0.09106028016198073
2982,5.310348156907131,177.7789418763769,45.96622889305816,0.08836477194449906
2983,5.863946891955871,201.81278627292923,45.96622889305816,0.11076806153294835
2984,4.439726306814443,205.3343171450491,45.96622889305816,0.08532839666713325
2985,4.830649761087724,233.3714737172719,45.96622889305816,0.10551863591165796
2986,4.619712268683096,230.90482570186316,45.96622889305816,0.09984441693966752
2987,5.484769496416523,214.39137053563485,45.96622889305816,0.11006304654466198
2988,4.367665274326851,166.89083503688062,45.96622889305816,0.06822722132871789
2989,5.7288741468449365,205.64335362079055,45.96622889305816,0.11027061789388054
2990,5.930583922154602,201.31149295187103,45.96622889305816,0.11174854424248062
2991,5.182767461263452,239.76869938426864,45.96622889305816,0.11631348269407579
2992,5.431783394265628,188.8024002318378,45.96622889305816,0.0959899582864675
2993,5.655590597204699,183.63948850437095,45.96622889305816,0.09721200195353095
2994,5.050151419198659,179.03582879169986,45.96622889305816,0.08462919299887833
2995,5.9893657499445165,234.76184006901067,45.96622889305816,0.13160857547478746
2996,5.747726413339446,192.09136036113225,45.96622889305816,0.10334269162357787
2997,5.457054061634773,180.8626241038391,45.96622889305816,0.09238105819460966
2998,4.779999524339383,224.36266090094543,45.96622889305816,0.10038163939933309
2999,4.112816057938148,163.96002217899525,45.96622889305816,0.06311798177046961
3000,5.322154978074992,221.96785647888584,45.96622889305816,0.11057411030625065
3001,4.767085445391805,213.9741073205061,45.96622889305816,0.09547507501255985
3002,5.805959500419129,167.99882026603171,45.96622889305816,0.09129691084014753
3003,5.6610323270807585,206.53921805034426,45.96622889305816,0.10943947780206299
3004,4.8447111555351885,164.13695817806635,45.96622889305816,0.07443035985723537
3005,4.768150328943793,223.51118092154474,45.96622889305816,0.09975278765403238
3006,5.08392863756414,174.10463699831993,45.96622889305816,0.08284868747704859
3007,4.4644429972753,227.80964581474748,45.96622889305816,0.09519524145793731
3008,4.865815188509369,167.63895473436997,45.96622889305816,0.07634953611158628
3009,5.946664181839889,180.2769928079544,45.96622889305816,0.1003435744840654
3010,5.592974182580224,161.02417965012776,45.96622889305816,0.0842965418462848
3011,4.513001562431077,186.96982890011415,45.96622889305816,0.07897922416366504
3012,5.718850533467249,219.83585244172053,45.96622889305816,0.11767470455628205
3013,4.616042467168857,222.99863297339226,45.96622889305816,0.09634914056905303
3014,5.620120231185884,200.96166630667142,45.96622889305816,0.10571452880067617
3015,5.015774895386038,200.76183455569043,45.96622889305816,0.09425296948542482
3016,4.334793752750188,225.01852573031167,45.96622889305816,0.09129827300151284
3017,5.429211340322675,227.95075406300958,45.96622889305816,0.11583868785783807
3018,5.631348661114782,222.83497381568736,45.96622889305816,0.11745502998339412
3019,5.560753321502936,235.55605419692895,45.96622889305816,0.12260374876860536
3020,5.210821975434002,226.23491743056454,45.96622889305816,0.11034222070787911
3021,5.6026817507005555,181.61869640904968,45.96622889305816,0.09524284435757588
3022,5.131455308362901,218.37533291429912,45.96622889305816,0.1048865932575486
3023,4.206933645850046,202.4464836401831,45.96622889305816,0.07971714724052824
3024,4.005680019373842,179.22416356495216,45.96622889305816,0.06719681133183267
3025,4.972741795888841,184.55440126730366,45.96622889305816,0.08590059361701431
3026,5.542179850122008,210.99232640651357,45.96622889305816,0.10945185450643502
3027,4.535080006980166,161.36622799766982,45.96622889305816,0.06849729941128173
3028,4.509426015589416,201.5259305714123,45.96622889305816,0.08506052325899792
3029,5.524460286859545,208.2694247438982,45.96622889305816,0.10769392913430043
3030,4.11163544474431,197.32164828298636,45.96622889305816,0.07593905433775724
3031,5.919029107729082,232.3236813731969,45.96622889305816,0.12871222719851144
3032,5.4847902794221675,182.70518922101013,45.96622889305816,0.09379652685056636
3033,4.0443338088828185,196.50934782213363,45.96622889305816,0.07438854376124199
3034,4.748877581037965,214.06783606428945,45.96622889305816,0.09515207028665656
3035,4.141178515395161,233.87028251351572,45.96622889305816,0.09065146796169683
3036,5.471719020153354,237.67986533576942,45.96622889305816,0.12172843237138437
3037,5.730627501813283,194.41827154364327,45.96622889305816,0.10428338173621722
3038,5.3249937130554414,227.65035400436338,45.96622889305816,0.11346535548018037
3039,4.407750150488379,160.77040270063904,45.96622889305816,0.06632830776291586
3040,4.615166742988217,194.99638995436385,45.96622889305816,0.08423446392692527
3041,5.249141099873617,181.07394763160053,45.96622889305816,0.08896518077891158
3042,4.884119402364618,211.89435166944267,45.96622889305816,0.09686826061288241
3043,5.648847388212638,178.15482503420097,45.96622889305816,0.09419617753340424
3044,5.599807201757162,235.1360229776573,45.96622889305816,0.12324465455916021
3045,4.819124495903972,204.15902787362526,45.96622889305816,0.09209002348594426
3046,4.01996782932194,216.81676565734443,45.96622889305816,0.08158142517409485
3047,5.74402668142388,161.598976242343,45.96622889305816,0.08688221860282866
3048,5.687335163069103,171.92178621811945,45.96622889305816,0.09151991035723785
3049,5.68419757503551,203.35238225797548,45.96622889305816,0.10819178305495358
3050,4.740318744230283,235.30103253795133,45.96622889305816,0.10440161737915014
3051,5.224715998097476,163.09245848571965,45.96622889305816,0.07975766232901473
3052,5.532000779560127,174.59190361561565,45.96622889305816,0.09040286239044582
3053,5.846549755691946,173.31647854096008,45.96622889305816,0.0948451996693692
3054,4.975315964595352,201.80622979420932,45.96622889305816,0.09397905724115323
3055,5.1275595568922085,202.6635638255308,45.96622889305816,0.09726626459416784
3056,4.878091785195155,217.02655549240654,45.96622889305816,0.09909202282356393
3057,4.311119506530753,222.98164825113912,45.96622889305816,0.08997772992379376
3058,4.074901594467372,227.367633244508,45.96622889305816,0.0867204684439066
3059,5.499657780727801,223.63197737001656,45.96622889305816,0.11511857863233518
3060,4.593858634584705,227.97662432255018,45.96622889305816,0.0980265671543453
3061,5.382315490963347,237.48329866731189,45.96622889305816,0.11964045948773705
3062,4.040022262870556,223.24179055944472,45.96622889305816,0.08441800884159952
3063,5.246605112780125,239.12301174063563,45.96622889305816,0.1174290638958966
3064,4.8860826848413925,182.37243458665486,45.96622889305816,0.08340572399573457
3065,5.759490876466854,186.05552083770866,45.96622889305816,0.10030036299950831
3066,5.405576313029159,186.54783944864448,45.96622889305816,0.09438610729114562
3067,5.891444673894129,202.08802871515584,45.96622889305816,0.1114392652244042
3068,4.639582108690637,225.79352570808052,45.96622889305816,0.09805419955968529
3069,4.12494810479878,167.50063732970943,45.96622889305816,0.06467118245694034
3070,5.673432392952792,185.8731151523998,45.96622889305816,0.09870480851256506
3071,4.3531099165392515,206.9723602039286,45.96622889305816,0.08433111338994473
3072,4.509154418933867,238.97466064372077,45.96622889305816,0.1008608933643344
3073,5.641201815765892,231.13401768142282,45.96622889305816,0.12204257272550069
3074,5.6671728861215165,230.86885103627668,45.96622889305816,0.12246377765008744
3075,4.675958261315502,213.87297335690172,45.96622889305816,0.09360571864553348
3076,5.813965328545478,214.87604584025578,45.96622889305816,0.11693278401013837
3077,5.994309835633338,229.24268888251248,45.96622889305816,0.12862059956136873
3078,4.141876012709455,200.1332255218639,45.96622889305816,0.07758756777425284
3079,4.551080796985377,230.00443402071448,45.96622889305816,0.09797755620680013
3080,5.8744949994505795,205.32938645341972,45.96622889305816,0.11290092409073739
3081,4.116281038318411,187.73437349604663,45.96622889305816,0.07233103255831722
3082,4.377151607824799,202.34189122001007,45.96622889305816,0.08289975418770032
3083,5.969679044331788,187.46088197804087,45.96622889305816,0.10474600956545843
3084,5.467947748660698,226.4843449678553,45.96622889305816,0.11591466720667495
3085,5.66034759512648,171.96214010990582,45.96622889305816,0.09110700951055782
3086,4.474889613505962,177.86217297043402,45.96622889305816,0.07449751206714923
3087,4.594558415067438,163.74447993778736,45.96622889305816,0.07041842292129862
3088,5.078760361296075,219.27440300155735,45.96622889305816,0.10423690488536558
3089,4.521636212738957,211.1863931803062,45.96622889305816,0.08937939282871248
3090,5.091172831306201,167.93358365875574,45.96622889305816,0.08002602490777543
3091,4.479557054087674,179.31875290094357,45.96622889305816,0.07518593950804182
3092,4.977358260007981,210.2281074949243,45.96622889305816,0.09794122484568617
3093,4.602748395220728,170.1699758296015,45.96622889305816,0.07331216098419238
3094,4.538437451006069,163.21493945007362,45.96622889305816,0.06933333829630123
3095,5.497330699437978,215.9448486324047,45.96622889305816,0.11111445500429717
3096,5.341321970353544,209.4224174568248,45.96622889305816,0.1047002635642102
3097,4.595388917551953,169.23866192129267,45.96622889305816,0.07279435532439066
3098,5.198030689007811,218.6060320401162,45.96622889305816,0.1063596328092557
3099,5.621687403530328,218.1224894281356,45.96622889305816,0.1147738598365158
3100,5.3173283432646095,225.95156987529248,45.96622889305816,0.11245653307540328
3101,5.523551367487747,235.59212817740337,45.96622889305816,0.12180216875707717
3102,4.012095069377166,171.73354116808454,45.96622889305816,0.06449145709660546
3103,5.159502864380397,192.0847355293813,45.96622889305816,0.0927633791604868
3104,4.681010816439768,219.6726492590805,45.96622889305816,0.096247948423324
3105,5.071273423634668,202.11898395320534,45.96622889305816,0.09594005913029606
3106,4.099670206153163,196.90371740222776,45.96622889305816,0.07555769242769735
3107,5.216042526217003,182.4067377842195,45.96622889305816,0.08905490580645385
3108,4.477964689712534,204.04901023615292,45.96622889305816,0.08552459099885541
3109,5.823917416991902,169.3098243740478,45.96622889305816,0.09229394631973062
3110,4.618225784160834,164.6510903212931,45.96622889305816,0.07117305724264228
3111,4.650766558473279,215.58727886452527,45.96622889305816,0.09384767561289624
3112,4.637344428710906,191.8801668594746,45.96622889305816,0.08328662997088856
3113,5.87099219363368,187.76650208717962,45.96622889305816,0.10318236252290307
3114,5.079104433303514,234.69009749514882,45.96622889305816,0.11157265217030816
3115,5.017025164083737,173.61232824364245,45.96622889305816,0.08152723047395348
3116,4.286165957466873,231.91161955872573,45.96622889305816,0.09303949408044275
3117,5.771270620316718,180.0822647942355,45.96622889305816,0.09727880610680549
3118,5.246417327299501,173.32227193836763,45.96622889305816,0.08511244285792885
3119,4.462988713547857,233.6529845264012,45.96622889305816,0.09760520323271024
3120,4.803531920069429,176.68149196208068,45.96622889305816,0.0794378694400523
3121,5.048245143242737,228.08043306631666,45.96622889305816,0.10777159584320062
3122,5.66590264127111,212.96145646779019,45.96622889305816,0.11293952704536481
3123,5.626895957279436,222.364160240926,45.96622889305816,0.11711419146680792
3124,5.927304807234694,212.46721775125135,45.96622889305816,0.11787590516427393
3125,5.195800233881536,232.4533044035865,45.96622889305816,0.11304829536499426
3126,4.723094439231116,199.43081748542772,45.96622889305816,0.0881647027631828
3127,5.718267506559361,238.31735647499136,45.96622889305816,0.12755456024501424
3128,4.842535882886178,207.1835312353517,45.96622889305816,0.09390828885518435
3129,5.675443506414371,201.5002677961217,45.96622889305816,0.10704127696743834
3130,4.809072125879351,165.1892154489034,45.96622889305816,0.07435648130144834
3131,4.424112229316628,186.514327512972,45.96622889305816,0.07723500569861602
3132,4.803290189792973,222.09667692029086,45.96622889305816,0.0998519922912894
3133,4.333622998881234,165.791474006394,45.96622889305816,0.06724951691070874
3134,5.175555969674483,160.64822985000086,45.96622889305816,0.07782314950966704
3135,5.8617286302945075,180.48139580467472,45.96622889305816,0.09902252552622554
3136,5.66729631173957,190.36239221386523,45.96622889305816,0.10097943179571559
3137,5.997701176461079,200.1015952955044,45.96622889305816,0.11233400008105882
3138,5.925724044341976,197.51025656346334,45.96622889305816,0.1095486234637642
3139,5.428500019415099,165.090987144226,45.96622889305816,0.0838839855594957
3140,4.889935492223695,181.66294317922848,45.96622889305816,0.08314675887715946
3141,5.586352565564362,202.59485452561083,45.96622889305816,0.10593332430869304
3142,5.280015614229188,180.30551536429678,45.96622889305816,0.08910869165219998
3143,4.233663717804389,214.4451080603438,45.96622889305816,0.08497836111545533
3144,4.8845422522358,193.36244153027553,45.96622889305816,0.08840398466484986
3145,5.927878798057233,169.46087722485512,45.96622889305816,0.09402527545645092
3146,5.287671714687395,164.8201002637112,45.96622889305816,0.08157376489170788
3147,5.369835693091982,204.7714405046989,45.96622889305816,0.10292152947785219
3148,5.453817078220118,220.06585881910544,45.96622889305816,0.11233862070545227
3149,4.264088503041115,181.97559767828093,45.96622889305816,0.07262986104447774
3150,4.504789501013274,208.642174227719,45.96622889305816,0.0879736175070116
3151,4.5167186276327875,201.2704010220785,45.96622889305816,0.08509005362403405
3152,4.88426189096995,206.85224841765358,45.96622889305816,0.09456600385512957
3153,4.702718823230204,233.9959642675196,45.96622889305816,0.10299905232746377
3154,5.930017877985776,188.07019809726114,45.96622889305816,0.10438830202629677
3155,5.82851714520293,223.44268819484907,45.96622889305816,0.121898980861062
3156,4.452230253096944,205.02477205997857,45.96622889305816,0.08543971732605583
3157,4.755244598958636,224.07490418140569,45.96622889305816,0.09973369952870717
3158,5.787829270106687,209.79299186421412,45.96622889305816,0.11365342737605558
3159,5.260264328214553,217.70019184802467,45.96622889305816,0.10718702780045165
3160,4.990143784122259,197.65272004597782,45.96622889305816,0.09231913008417462
3161,5.126407551481457,225.46895415091953,45.96622889305816,0.1081871621236131
3162,5.294864487111694,171.51862632510165,45.96622889305816,0.0850045138868916
3163,4.2808154729197385,193.2718475614842,45.96622889305816,0.07744100041276436
3164,5.318184486162192,191.28866891345174,45.96622889305816,0.09522006917849105
3165,4.76348922506112,231.63593236661103,45.96622889305816,0.10327779708155563
3166,5.736447088659999,198.0529603335259,45.96622889305816,0.10634086267325812
3167,5.436567934415216,196.16762836247486,45.96622889305816,0.09982240052856658
3168,5.2062776160472275,181.96090411495612,45.96622889305816,0.08867092872356896
3169,4.995070406087072,211.40312164448645,45.96622889305816,0.09883911741732285
3170,4.883556549592158,220.7508996328187,45.96622889305816,0.10090543336194792
3171,4.534643941299797,161.03013749297574,45.96622889305816,0.06834806197588474
3172,5.828502250097392,188.8826937113568,45.96622889305816,0.10304454001618293
3173,4.504180483263917,198.08461103998397,45.96622889305816,0.08351074733800219
3174,4.498740052646911,218.65949418790552,45.96622889305816,0.09207359220333877
3175,4.613593009067795,239.33527420920956,45.96622889305816,0.10335270328483774
3176,4.552456513442068,188.94996156871267,45.96622889305816,0.08051345483295952
3177,5.076762600838671,160.26666359893287,45.96622889305816,0.07615631124693585
3178,4.008274012714716,178.70200482831473,45.96622889305816,0.0670444259447059
3179,4.1633304071126505,220.8053982806213,45.96622889305816,0.08604515356784848
3180,5.743634824906363,193.0595131070198,45.96622889305816,0.1037896088824245
3181,5.033036631052526,209.0194847864001,45.96622889305816,0.09846745492275225
3182,4.189761905435278,197.58532153432736,45.96622889305816,0.07748539842304922
3183,5.918748268433472,176.6306347506148,45.96622889305816,0.09785245987132256
3184,4.168117962397146,182.44568665566615,45.96622889305816,0.07117860145138362
3185,5.095849674808524,229.47921842259356,45.96622889305816,0.1094550538137346
3186,4.709611355841686,187.58462882081076,45.96622889305816,0.08269098533989841
3187,4.686131576496303,227.27355213178626,45.96622889305816,0.09968716079218189
3188,4.938616804905722,186.5102048742254,45.96622889305816,0.086215187642525
3189,4.353899995176394,170.04810437409063,45.96622889305816,0.06929886046020052
3190,5.94827353148229,198.91392639172443,45.96622889305816,0.11074699990215679
3191,4.144407717021659,232.50889616658515,45.96622889305816,0.09019405170818483
3192,5.908163182499618,178.97413769264315,45.96622889305816,0.09897342726354329
3193,4.632140158306351,236.83907640221813,45.96622889305816,0.10268592018599312
3194,4.0315225575085485,185.94506978223387,45.96622889305816,0.07016646717143642
3195,4.860204179552408,221.63104967379743,45.96622889305816,0.10082331360908142
3196,4.735503793339129,187.07285599869644,45.96622889305816,0.08291876291830043
3197,5.4587995777785885,227.9444849989602,45.96622889305816,0.11646678499272475
3198,4.186532001276147,171.39770518351702,45.96622889305816,0.06716380111235389
3199,5.319541031585598,185.14729032151368,45.96622889305816,0.09218650968560434
3200,5.336871567322017,173.9150374441028,45.96622889305816,0.08687598364834051
3201,5.608045836552295,185.71345812851865,45.96622889305816,0.09748342521678084
3202,4.670308369210244,174.30959749382708,45.96622889305816,0.07619784794005077
3203,4.422727912170514,207.87166203243038,45.96622889305816,0.08605207745036189
3204,5.163211155925336,225.95213567417568,45.96622889305816,0.10919737180105032
3205,5.260559992091436,194.2277107680106,45.96622889305816,0.09563547470459147
3206,5.606853228298066,161.32733197285694,45.96622889305816,0.08466481970713041
3207,5.4035863490142555,203.45502334706032,45.96622889305816,0.10290260324415723
3208,4.4417863087014435,210.99935126034285,45.96622889305816,0.08772323316804007
3209,5.973314416027359,187.7206721888703,45.96622889305816,0.10495504631403091
3210,5.277009496082452,195.14986640191566,45.96622889305816,0.09639000054797547
3211,4.784875800042278,184.5729279869341,45.96622889305816,0.08266363901336991
3212,4.457900671219612,178.84684242864563,45.96622889305816,0.07462554455380448
3213,5.548501535201527,185.90295471316284,45.96622889305816,0.09654679285285171
3214,5.05915166434696,177.081035602421,45.96622889305816,0.0838543507768766
3215,4.424935394649037,206.9663261144671,45.96622889305816,0.08572006141212206
3216,5.165526662704548,200.4210755984582,45.96622889305816,0.09690224635463672
3217,5.386371968805251,210.96205527939458,45.96622889305816,0.10635956145720123
3218,4.400201751540886,164.4396406724569,45.96622889305816,0.06772592688354781
3219,4.5393463920258625,194.49975625342367,45.96622889305816,0.08263960537237595
3220,4.416596598205453,198.59211670469458,45.96622889305816,0.08209667859759985
3221,4.073418866043601,198.169959706385,45.96622889305816,0.07555665803878191
3222,4.703025385313186,236.72847883997142,45.96622889305816,0.10420862825046599
3223,5.7533997434580595,236.0894512635078,45.96622889305816,0.12713847010793322
3224,5.317659562888375,237.7562892887453,45.96622889305816,0.11833913570292696
3225,4.379037604002531,202.5913506759415,45.96622889305816,0.0830377213712852
3226,5.486360177047459,198.58769054616678,45.96622889305816,0.10197940868521976
3227,4.427493295763572,212.30565680565462,45.96622889305816,0.08798230323414957
3228,5.942419171232771,201.85603647822208,45.96622889305816,0.11227443374134248
3229,4.496222156421263,163.24141366177844,45.96622889305816,0.06869956026507135
3230,4.208273669195157,222.17791762102274,45.96622889305816,0.08751464098426864
3231,4.970517136817683,176.6927564757727,45.96622889305816,0.08220460940774613
3232,5.720155750081624,194.88608466934042,45.96622889305816,0.10434329173309598
3233,5.591498768741922,224.90340710252948,45.96622889305816,0.11770641079700786
3234,5.435833988327084,237.80593998934458,45.96622889305816,0.12099425001020603
3235,5.793801141483626,170.03506544531572,45.96622889305816,0.09220997974680771
3236,4.687504165235332,236.3398096148387,45.96622889305816,0.10369418360937312
3237,5.311138403568492,195.498630067274,45.96622889305816,0.09718677839476278
3238,5.724241514251965,211.1112333656801,45.96622889305816,0.11311107782427277
3239,4.741145931436083,181.69980024433343,45.96622889305816,0.08063314914762156
3240,5.7022061771391295,227.74127248523365,45.96622889305816,0.12155155185465162
3241,5.836612043355973,222.7634936742212,45.96622889305816,0.12169723082390746
3242,4.3695379988279655,191.07825560820186,45.96622889305816,0.07814885819174937
3243,4.656160092151643,180.63006714541223,45.96622889305816,0.07872157894396911
3244,5.5894517198055915,169.97124177982178,45.96622889305816,0.08892431025039589
3245,4.95841510479395,229.2511232718764,45.96622889305816,0.10639720095472277
3246,5.577941670236819,181.38995341203477,45.96622889305816,0.09470284945985485
3247,4.0710943758305005,193.1101625795318,45.96622889305816,0.07358548361984776
3248,5.187011532931753,228.37998020782288,45.96622889305816,0.11087945773900658
3249,5.056538723617842,181.26504229901636,45.96622889305816,0.08579129884633174
3250,5.381512850484685,192.13264785952708,45.96622889305816,0.09677905973926572
3251,5.650473856261199,161.89802761485882,45.96622889305816,0.08562533357832605
3252,4.838022010575377,193.77266630869704,45.96622889305816,0.08774779334717955
3253,5.1750868430211066,188.6888964532482,45.96622889305816,0.09139866142299764
3254,4.804349396782396,218.79141437245391,45.96622889305816,0.09838767740831325
3255,4.342565207864453,179.0695922591519,45.96622889305816,0.07278536127386785
3256,4.204774320594497,180.61365583432874,45.96622889305816,0.07108355236328216
3257,5.0107816855397,175.13267070571277,45.96622889305816,0.0821388277861483
3258,4.14715477734347,239.70932816927993,45.96622889305816,0.09304885376195973
3259,4.910412228498623,226.52387171631224,45.96622889305816,0.10411367519803849
3260,5.4775482576537415,173.23536362679505,45.96622889305816,0.08881751400892939
3261,5.024556433244677,205.42870407579926,45.96622889305816,0.0966128077172395
3262,4.315672844702728,168.95177238681867,45.96622889305816,0.06824755792803215
3263,4.526455539672389,180.90109001277645,45.96622889305816,0.07664349335957547
3264,4.555170930816933,180.19650309377693,45.96622889305816,0.07682930168730677
3265,5.0936297946028715,183.55162513483882,45.96622889305816,0.08751076089299784
3266,5.54328978442727,164.19049741799523,45.96622889305816,0.0851905554586824
3267,5.243015048399335,221.7956076809726,45.96622889305816,0.10884535353808407
3268,4.874338498366695,185.54597383191654,45.96622889305816,0.0846531394924036
3269,4.606175521288364,186.22344728990694,45.96622889305816,0.08028800997953144
3270,4.234726434243052,206.48605258967422,45.96622889305816,0.08184495807109389
3271,5.246950091310674,191.1745514514406,45.96622889305816,0.0938885997061971
3272,5.91171645335292,232.9147662189806,45.96622889305816,0.12888027881217182
3273,4.5957501041345346,218.58810712668318,45.96622889305816,0.09402834318602635
3274,4.232631692141151,220.6251050519267,45.96622889305816,0.08740600237743713
3275,5.47147789898962,188.53029056047808,45.96622889305816,0.09655208017338753
3276,4.773901236802128,206.88492075184408,45.96622889305816,0.09244386955935506
3277,4.560442431566286,205.81888797481577,45.96622889305816,0.08785531777820971
3278,5.77525076027611,195.58700468885004,45.96622889305816,0.10572719016875261
3279,4.408415646624358,204.64354875936598,45.96622889305816,0.08444159777023064
3280,5.305692986183653,202.07875283733512,45.96622889305816,0.10035490810042984
3281,4.047257962315396,213.5424644066989,45.96622889305816,0.08089487072432668
3282,4.0737888823601685,193.39390367048694,45.96622889305816,0.0737423794868963
3283,4.828795439030385,227.712489082325,45.96622889305816,0.10292040988547642
3284,5.725344727133766,222.0033406292,45.96622889305816,0.11896987337141136
3285,5.63945773882705,177.5041915594529,45.96622889305816,0.09369616340112873
3286,5.432568172275326,219.94272517029873,45.96622889305816,0.11183832021807096
3287,5.556147991605656,223.58265241798588,45.96622889305816,0.11627537736578944
3288,4.326485517763304,180.55400330922927,45.96622889305816,0.07311697665401076
3289,5.567373017122304,171.78789062202665,45.96622889305816,0.08951972018347135
3290,4.247921781605675,238.16107220178782,45.96622889305816,0.0946941471343798
3291,5.935580820504606,186.9387035748455,45.96622889305816,0.10385760374017226
3292,4.0171862183491776,191.85972194679502,45.96622889305816,0.07214091120858683
3293,4.051747316362104,171.47422406645666,45.96622889305816,0.06503049326466015
3294,4.448227674982514,227.13759539507151,45.96622889305816,0.09456967146419562
3295,4.7506010545588175,160.65767871554556,45.96622889305816,0.07143744235015838
3296,5.273753806577456,165.650378956287,45.96622889305816,0.08176889603204868
3297,5.788209213409249,179.62829521741403,45.96622889305816,0.09731836795509806
3298,4.475482576734061,191.76351303370197,45.96622889305816,0.08033072687037666
3299,4.214892168139841,161.85104515372558,45.96622889305816,0.06385248816557698
3300,5.828735032504809,229.08866603732417,45.96622889305816,0.1249838116751527
3301,5.83264116500835,214.1311548059586,45.96622889305816,0.11690173761851612
3302,4.02603943719251,237.855084599589,45.96622889305816,0.08963266580748848
3303,5.417525865566632,193.2185763957811,45.96622889305816,0.09797735706708514
3304,5.464959185299916,205.36604231719465,45.96622889305816,0.10504887487942013
3305,5.34336030931521,225.92835523497214,45.96622889305816,0.1129954743320287
3306,5.872366326597283,223.73238813958145,45.96622889305816,0.1229752875574147
3307,5.791766323666758,205.40027724629243,45.96622889305816,0.11134940624747708
3308,4.676865573389509,213.57515670278545,45.96622889305816,0.09349351106607973
3309,5.112455060660046,164.496951880061,45.96622889305816,0.07871603445598181
3310,5.1517631234907375,193.3930608699415,45.96622889305816,0.09325510640117232
3311,4.739143811452376,217.9568241163378,45.96622889305816,0.09668212951875718
3312,5.770219331422848,175.7712097284191,45.96622889305816,0.09493271726164235
3313,5.589791784914609,173.5675840747288,45.96622889305816,0.09081134296307374
3314,5.1528923256769925,227.85647384979418,45.96622889305816,0.10989762034272134
3315,5.811679706131119,184.6755879658112,45.96622889305816,0.1004585743323618
3316,5.6377616753062885,230.30314312618518,45.96622889305816,0.12152970030421453
3317,4.345550811485338,190.7779446474325,45.96622889305816,0.07759769960368813
3318,5.552498912148299,161.17749472994328,45.96622889305816,0.08376618408451472
3319,5.251531125294987,193.17139411790782,45.96622889305816,0.09495210710483014
3320,5.035027099648553,193.4692902129818,45.96622889305816,0.09117792395451173
3321,4.390777905623314,187.87642920582613,45.96622889305816,0.0772128559186306
3322,5.72210041846182,208.87694286473365,45.96622889305816,0.11187210922742258
3323,4.954525913920824,216.48419201439316,45.96622889305816,0.10039316407749925
3324,4.36745952636273,166.6778319009474,45.96622889305816,0.06813693289440446
3325,5.097198809001663,160.92016463755067,45.96622889305816,0.07677465789566429
3326,4.296433511278318,217.36467098950604,45.96622889305816,0.08741237137844327
3327,5.803236403580125,182.82111070579887,45.96622889305816,0.09930530609914301
3328,4.765249520665763,214.48169265947553,45.96622889305816,0.095664702101637
3329,5.609774505462648,180.81695725710932,45.96622889305816,0.09494244461297806
3330,5.652338098453423,237.81472160901166,45.96622889305816,0.12581798217989934
3331,4.1759181730900865,177.94559969576989,45.96622889305816,0.06955287427211568
3332,5.452293189587183,162.93630155631644,45.96622889305816,0.08315203921240581
3333,4.568042974616931,227.56203795589124,45.96622889305816,0.09729843259723896
3334,5.3633099285602555,211.25651629669088,45.96622889305816,0.10605199843621597
3335,5.223998618554413,200.15262340022676,45.96622889305816,0.09786788183416854
3336,5.533481197588073,229.22316300496823,45.96622889305816,0.11872243305371195
3337,5.5910703227507135,198.61543932045626,45.96622889305816,0.10394026235655172
3338,5.557035453394525,220.42794234793757,45.96622889305816,0.11465306335513309
3339,4.911526502909195,186.72887510165398,45.96622889305816,0.08584278945093018
3340,4.820271297356801,199.45659198764994,45.96622889305816,0.08999030527593684
3341,4.293904298614285,177.4784986901895,45.96622889305816,0.071330284437742
3342,4.203683781530197,165.7835516135036,45.96622889305816,0.0652299923023781
3343,5.13223856180797,215.84592079593227,45.96622889305816,0.10368753015982914
3344,5.227224873439908,218.15210827801025,45.96622889305816,0.10673489984827841
3345,4.81300024468986,223.9319418923281,45.96622889305816,0.1008806283689865
3346,5.495366629332935,216.88038864842758,45.96622889305816,0.11155596663138656
3347,5.532001372253262,178.51571249848143,45.96622889305816,0.09243460198537046
3348,5.138879785075144,221.9949494444069,45.96622889305816,0.10677938151709682
3349,4.197735829805648,179.76573461962806,45.96622889305816,0.07063140850123609
3350,4.981664275414008,193.134752283139,45.96622889305816,0.09005560160592974
3351,5.828535672952759,220.05142570942837,45.96622889305816,0.12004926192151
3352,4.081661287113245,197.22450090075705,45.96622889305816,0.07534833791442529
3353,5.52512015757639,213.52080069577272,45.96622889305816,0.11042254828669568
3354,5.075302118846834,166.81557718026053,45.96622889305816,0.07924545273711772
3355,5.830271024608202,193.207822299634,45.96622889305816,0.10543609141240091
3356,4.2902694700833335,166.75164628942684,45.96622889305816,0.06696232893433164
3357,5.569589589330809,209.01978175397136,45.96622889305816,0.10896485187941651
3358,4.5034256140120945,202.64250347271405,45.96622889305816,0.08541799724264558
3359,5.892934968266883,199.44928047369606,45.96622889305816,0.11001197743839695
3360,4.781268787848078,184.6274660468994,45.96622889305816,0.08262573141789915
3361,4.364555286408591,232.82794833548084,45.96622889305816,0.0951154263756487
3362,4.343395636510736,164.36929413072642,45.96622889305816,0.06682299389099071
3363,4.285454815444652,174.59959885586008,45.96622889305816,0.0700351415423291
3364,4.8496446124585955,232.77120636779753,45.96622889305816,0.10566107387756643
3365,4.2696383940046925,171.69379936716857,45.96622889305816,0.0686153929772003
3366,4.8746709918000315,232.30193020390982,45.96622889305816,0.10599221697518887
3367,5.854266330068055,236.06650166315202,45.96622889305816,0.12935484173135584
3368,4.253758231482734,216.44320152687834,45.96622889305816,0.08617724389342553
3369,5.294747285429561,162.43788746713602,45.96622889305816,0.08050232396396091
3370,5.344599323140693,215.7588127229836,45.96622889305816,0.10793431625566802
3371,5.313321876455138,177.2559583233084,45.96622889305816,0.08815416115814147
3372,4.664722272482661,204.30081839360636,45.96622889305816,0.08920141568648772
3373,4.276840964888347,172.70022272014236,45.96622889305816,0.0691340258395656
3374,5.39749801379428,173.25669579103172,45.96622889305816,0.08753029004384998
3375,4.033374012796099,174.8080246079405,45.96622889305816,0.06599419104862472
3376,4.1510518713492175,182.5735813573351,45.96622889305816,0.07093685725329474
3377,5.520662091835446,222.8873611091018,45.96622889305816,0.11517347136899041
3378,4.142706542040605,205.62285534950666,45.96622889305816,0.07973176985743043
3379,4.176096697734133,174.96689616612375,45.96622889305816,0.0683915241945443
3380,5.568426592049726,237.76066930683695,45.96622889305816,0.12392198521669813
3381,4.543238642282069,222.14105883178652,45.96622889305816,0.09446484926006173
3382,4.684100200575745,222.7649116366212,45.96622889305816,0.09766721645725221
3383,5.140530837751552,203.7061307278642,45.96622889305816,0.09801395574475143
3384,5.6175502454506026,215.69362301201522,45.96622889305816,0.11341228999401061
3385,5.941500537296923,189.01360198037344,45.96622889305816,0.10511508549885552
3386,5.91009251021598,226.21129146735814,45.96622889305816,0.1251366161224156
3387,4.9870743805042315,200.06518085540685,45.96622889305816,0.09338845818509485
3388,5.8039091834299095,206.99558931948357,45.96622889305816,0.11244950512668632
3389,4.6755979084935815,163.31001330430658,45.96622889305816,0.07147033514166075
3390,4.599261244587774,177.387306598544,45.96622889305816,0.0763636128391181
3391,4.25805892891539,213.80985357793466,45.96622889305816,0.08521483989260895
3392,4.791396321164515,167.56532864162054,45.96622889305816,0.07514880976588598
3393,4.653965176142999,171.23320191422567,45.96622889305816,0.07459109037509398
3394,5.197208014783199,194.1529716254714,45.96622889305816,0.09444739638914192
3395,5.8684140026664995,208.6994043945393,45.96622889305816,0.11463514986428604
3396,5.530345416053314,186.80449333200613,45.96622889305816,0.09669753974994255
3397,5.508958893344003,218.7826341935061,45.96622889305816,0.11281276078951721
3398,5.9817857886986046,212.89359049564314,45.96622889305816,0.11919808874674193
3399,5.8323062704880595,229.35324964841354,45.96622889305816,0.1252048258732055
3400,5.8374605720390305,205.85335681230012,45.96622889305816,0.11247545593568083
3401,4.447970203481945,206.8021821224626,45.96622889305816,0.08609795476736316
3402,5.843344851473,237.84148365494565,45.96622889305816,0.13008432612069895
3403,5.892334010908117,195.2872323118567,45.96622889305816,0.1077052954393043
3404,5.608660454283376,199.0848875457221,45.96622889305816,0.10451371655304632
3405,5.383452140905163,194.52296480113552,45.96622889305816,0.09801839467498034
3406,4.605142702763798,195.35484628298016,45.96622889305816,0.08420601803417947
3407,4.613959479194954,193.85427688877974,45.96622889305816,0.08371918886137268
3408,5.355370467430014,176.05985161686877,45.96622889305816,0.08825223231387477
3409,5.353430933655526,165.8895898109976,45.96622889305816,0.08312414401190213
3410,4.003185160639466,178.64357491531894,45.96622889305816,0.06693741364233359
3411,4.404719784107856,226.6524048319914,45.96622889305816,0.09344465504516332
3412,5.512082689877121,213.31108985698202,45.96622889305816,0.11005379105380864
3413,5.412505808498736,213.03893232144952,45.96622889305816,0.10792776932741369
3414,5.652902291448473,202.7116314297547,45.96622889305816,0.10725708668805174
3415,4.035285719671024,229.06527387042246,45.96622889305816,0.08651858234964496
3416,4.9408476536421695,234.27407365819622,45.96622889305816,0.10834317066861208
3417,5.786008043791964,191.94721629228462,45.96622889305816,0.10395292166537941
3418,5.866145882597993,164.68672646331996,45.96622889305816,0.090424747517022
3419,5.324660422825979,214.51929870106903,45.96622889305816,0.1069138904863505
3420,5.680261089189107,197.71553725877226,45.96622889305816,0.10511990171458993
3421,4.4811311450234985,163.534320722808,45.96622889305816,0.06859183386474775
3422,4.934581494902046,196.26198155226544,45.96622889305816,0.09064886148120964
3423,4.712772597461561,210.9137813231313,45.96622889305816,0.09303734129476673
3424,5.062761359030513,169.2443497411343,45.96622889305816,0.08020057538410263
3425,4.096240727337262,231.25371465854278,45.96622889305816,0.08866455477350824
3426,5.484341396024644,197.0556534114665,45.96622889305816,0.10115543667763786
3427,4.9920927346720445,169.15635740259637,45.96622889305816,0.07903997925530513
3428,4.527022084831862,225.9820117373623,45.96622889305816,0.0957551922203547
3429,4.252681183289217,168.3437380546518,45.96622889305816,0.06700938633320132
3430,5.116274429884802,227.22515949573148,45.96622889305816,0.10881433118598181
3431,4.758242535726971,211.6699641817048,45.96622889305816,0.09427176973704601
3432,5.804291498621884,231.30044111542034,45.96622889305816,0.12566129322181277
3433,4.935748136787462,183.64659581113483,45.96622889305816,0.08484216091436299
3434,5.1467674434303445,233.93588076191458,45.96622889305816,0.11269567061584651
3435,5.3617270720496375,236.4137824877298,45.96622889305816,0.11864606623928281
3436,5.158324185082082,161.69784561389332,45.96622889305816,0.07807081536126424
3437,4.89584826165428,232.2619790706951,45.96622889305816,0.10643437644668201
3438,4.067529048469831,209.43949322738953,45.96622889305816,0.07973795443528581
3439,4.755858537109473,192.29045372285574,45.96622889305816,0.08559777994021778
3440,5.135150906180487,192.92606722148435,45.96622889305816,0.09272993829074754
3441,5.840281229212524,184.2954349254797,45.96622889305816,0.10074515903944477
3442,5.518562795296864,167.3663594899087,45.96622889305816,0.08645099717267118
3443,4.6656868587125855,172.62983789916467,45.96622889305816,0.07538888130769163
3444,4.439649144132784,205.1596429108407,45.96622889305816,0.08525432757438806
3445,4.684076191158355,163.9002261501787,45.96622889305816,0.07185869936252487
3446,5.726805310454739,214.03153020596042,45.96622889305816,0.11472710219458003
3447,5.910430662931283,224.03581999955415,45.96622889305816,0.12394026965926182
3448,5.118745958030437,196.82995737006343,45.96622889305816,0.09430411055900471
3449,5.893219077857969,193.9185767819678,45.96622889305816,0.10696651582430344
3450,5.089797628145703,186.69889599076447,45.96622889305816,0.08894429837197766
3451,4.561266775420581,227.64442063583522,45.96622889305816,0.09718927287789118
3452,4.494024332989729,171.5238452742994,45.96622889305816,0.07214990649522242
3453,5.456077950163394,227.292701649439,45.96622889305816,0.11607585890496064
3454,5.855445725683983,213.36133530460998,45.96622889305816,0.1169368872830127
3455,4.696757804191784,200.85428704422216,45.96622889305816,0.08829886480087863
3456,4.372539416053782,176.9682521400612,45.96622889305816,0.07242774157687178
3457,5.7925225140948795,227.9069424484134,45.96622889305816,0.12356661051548992
3458,4.557954606514111,190.43350154892588,45.96622889305816,0.08124360712598885
3459,5.917584265636547,191.35877379796952,45.96622889305816,0.10599092421075919
3460,4.654889459493516,176.04931723331336,45.96622889305816,0.07670427440273962
3461,4.81530998090685,189.08968833120534,45.96622889305816,0.08522518338433181
3462,5.469615723326222,187.7591897091194,45.96622889305816,0.09612444967931433
3463,4.916625129687074,185.70874675611884,45.96622889305816,0.08546244324731819
3464,4.638750193041385,180.09810973972762,45.96622889305816,0.07819626122769707
3465,4.9962260383600245,194.32180992710587,45.96622889305816,0.09087396426379944
3466,4.115146655486154,234.4441194095795,45.96622889305816,0.09030265301179771
3467,4.697593365128379,220.60374689560155,45.96622889305816,0.0969983069083927
3468,5.813857738339612,160.91168542118263,45.96622889305816,0.08756445180367985
3469,4.24663175987442,175.24385034136637,45.96622889305816,0.06965675501450573
3470,5.771620444800075,203.65341460705744,45.96622889305816,0.11001839578698748
3471,4.621885289418145,163.52940672620656,45.96622889305816,0.07074420531376822
3472,4.070992681959229,206.20107749610887,45.96622889305816,0.07857187205388459
3473,5.406246803175874,190.8455440478916,45.96622889305816,0.09657255932150807
3474,4.5751797647546795,224.52445821866718,45.96622889305816,0.09614964134267422
3475,5.73108564574722,190.67872456426394,45.96622889305816,0.10228571508164643
3476,5.496385450037793,229.5562087112351,45.96622889305816,0.11809787235725899
3477,4.7611382413863925,172.8589553617231,45.96622889305816,0.07703330382435199
3478,4.736836981908922,164.97676251465688,45.96622889305816,0.07314540759255901
3479,4.071141134640074,225.99163898989235,45.96622889305816,0.08611610506915858
3480,5.705532775216894,211.78583685400216,45.96622889305816,0.11310165673534235
3481,5.7134298588399774,234.83732110745365,45.96622889305816,0.1255856062392657
3482,5.372874558050043,232.93100089331554,45.96622889305816,0.1171412469378054
3483,5.839164622079698,181.95692028967346,45.96622889305816,0.09944779213493628
3484,5.899883069745602,238.70754394055297,45.96622889305816,0.13182124149000357
3485,4.559515940894723,210.19618269408213,45.96622889305816,0.08970557035835183
3486,4.440397737446878,191.5004259286658,45.96622889305816,0.07959164223008804
3487,5.248117019786145,162.99506602243483,45.96622889305816,0.08006704806049622
3488,5.292830687874462,198.88339661435936,45.96622889305816,0.09852861516350009
3489,4.247546059209528,214.76735406510076,45.96622889305816,0.08538512377880873
3490,5.884938406658001,160.18008149468432,45.96622889305816,0.08823203191012169
3491,4.875514235067252,170.0913120616572,45.96622889305816,0.07762085259719319
3492,4.414013929611067,199.3285529440036,45.96622889305816,0.082352931267115
3493,4.582608268117598,211.9331397577314,45.96622889305816,0.09090493387952207
3494,4.528076944028355,222.09990780335346,45.96622889305816,0.0941321601600296
3495,4.3669419901790665,232.57966058728644,45.96622889305816,0.09506595251838824
3496,4.800296724261798,164.4367524152953,45.96622889305816,0.07388271109134774
3497,4.199441411372098,202.63593141149508,45.96622889305816,0.07964964276060997
3498,5.82206682434754,201.22740094418668,45.96622889305816,0.10965795751748729
3499,4.900355651296795,221.82391134502416,45.96622889305816,0.1017447029868998
3500,4.4535882330802075,214.13138376248946,45.96622889305816,0.08926192183501058
3501,4.436541214775131,227.62664682059838,45.96622889305816,0.09452430001878061
3502,5.762666463540421,175.56619616684657,45.96622889305816,0.09469787472119945
3503,4.287143844210207,217.86727533230024,45.96622889305816,0.08742505340047951
3504,5.305692111854121,209.7324227746189,45.96622889305816,0.10415580188039668
3505,5.018774411477888,170.3248822435415,45.96622889305816,0.0800113542360791
3506,5.438955351475321,172.98617860559926,45.96622889305816,0.08806487993392656
3507,5.0856790620594134,187.72924170314144,45.96622889305816,0.08936279107385361
3508,4.663297598194636,226.5808506004297,45.96622889305816,0.09889906444721609
3509,4.912430401520638,199.47673019602666,45.96622889305816,0.0917200958366994
3510,5.792383529368612,204.67576693997853,45.96622889305816,0.11096846666418429
3511,5.60261012782993,229.02948575276633,45.96622889305816,0.12010404897973212
3512,5.390364084974646,171.52238590740777,45.96622889305816,0.08653957498035272
3513,4.2385148077880785,194.73797988978555,45.96622889305816,0.07725742234718912
3514,4.126376390677962,184.05735503384815,45.96622889305816,0.07108825691843951
3515,4.416940689886117,163.0918643476258,45.96622889305816,0.06742635979495248
3516,4.798262411195283,179.92640357715172,45.96622889305816,0.08080807167255885
3517,4.203895145625452,218.4238155944828,45.96622889305816,0.08594640457103705
3518,5.8251584021295155,209.66078026173537,45.96622889305816,0.11431435913714028
3519,5.858644543000814,173.3168755274852,45.96622889305816,0.09504162411298332
3520,5.536177187505301,192.68861181795955,45.96622889305816,0.09984857660281783
3521,4.979060168674834,213.1426672195854,45.96622889305816,0.0993330154063871
3522,5.567084772318331,164.7854554480532,45.96622889305816,0.08586626253420365
3523,4.776362545245287,221.19841200085557,45.96622889305816,0.09889062862991103
3524,5.069900198163023,187.3352189163499,45.96622889305816,0.08889855282424733
3525,4.081062117714198,160.5890531082291,45.96622889305816,0.06134299714853736
3526,4.85020448100592,198.68736348909545,45.96622889305816,0.09019991829083629
3527,4.458398038990372,223.9700026905307,45.96622889305816,0.093464038585769
3528,5.446914683121777,175.05491843770545,45.96622889305816,0.08924846164331976
3529,4.375988761494696,229.1878692361558,45.96622889305816,0.09387364334852404
3530,5.8382822708544735,238.76441881472695,45.96622889305816,0.13047597325871718
3531,5.3727798209565885,234.3137682320763,45.96622889305816,0.11783456434429039
3532,4.297006222640478,172.4567088360018,45.96622889305816,0.06936205077401154
3533,4.08307339728929,203.08204597736906,45.96622889305816,0.07761301698358504
3534,4.442548274299907,205.5049651910689,45.96622889305816,0.08545359218475881
3535,4.0153634000224985,202.3166878282963,45.96622889305816,0.0760383022014269
3536,5.777822727426434,218.07301430508613,45.96622889305816,0.11793480363197363
3537,4.734013167231268,165.45952868181294,45.96622889305816,0.07331571818284728
3538,4.490256253831138,200.26862957049948,45.96622889305816,0.08417049885271186
3539,4.514730300696061,222.11149407842186,45.96622889305816,0.09385959889320065
3540,5.870339917678448,174.0973514823132,45.96622889305816,0.09566019515227203
3541,4.0111548601496905,166.72577247873883,45.96622889305816,0.06259620674645253
3542,5.6057119470897145,164.29661756268052,45.96622889305816,0.08620555431735448
3543,5.492611588373454,192.41667430574077,45.96622889305816,0.09892303715623607
3544,4.852128035692928,218.4617079175565,45.96622889305816,0.0992163910338559
3545,4.64006021166831,224.8392426219572,45.96622889305816,0.09764984957942273
3546,4.188722614689583,217.49262561636672,45.96622889305816,0.08527112375628507
3547,5.807362265984441,173.14024547147338,45.96622889305816,0.09411368880647616
3548,5.109717238019893,211.27827745330342,45.96622889305816,0.10104796319176673
3549,4.265521197505048,203.4607530903973,45.96622889305816,0.0812322721236715
3550,4.50459286891903,220.28624757538432,45.96622889305816,0.09287926689122715
3551,5.136044562496175,192.84539898361353,45.96622889305816,0.09270729588296533
3552,5.485062597161399,218.54584448483766,45.96622889305816,0.11220184285585093
3553,4.420952146683311,162.04948888797273,45.96622889305816,0.06705626014790506
3554,4.496581048522006,230.6068655980574,45.96622889305816,0.09705781439708201
3555,4.793675679557798,176.11688272356645,45.96622889305816,0.07902153955533181
3556,4.737724260932133,190.65220226745993,45.96622889305816,0.08454490799813932
3557,4.908141452871185,196.00239230078103,45.96622889305816,0.09004389886565267
3558,4.596184215722532,183.9587060823388,45.96622889305816,0.07913955827610014
3559,5.599506844746498,213.04234571198953,45.96622889305816,0.11165844203608866
3560,5.358792502118834,175.24133631887744,45.96622889305816,0.08789807137427647
3561,5.983723954232687,166.95413427543073,45.96622889305816,0.09350709755606626
3562,5.3650578183525175,219.4733375780527,45.96622889305816,0.11021279683686976
3563,4.534352013293017,166.16737593935767,45.96622889305816,0.07052398475936525
3564,5.474807782619385,205.24514753179278,45.96622889305816,0.10517623562645997
3565,5.931255014021475,218.21500569726996,45.96622889305816,0.12114543604893512
3566,5.859365310810205,210.7436788883331,45.96622889305816,0.11557954526515714
3567,4.996021468584619,235.57876568790778,45.96622889305816,0.11016313503806079
3568,5.637692586126103,162.80425725203435,45.96622889305816,0.08590985714371889
3569,5.166096026241645,171.9533390198235,45.96622889305816,0.08314745038790977
3570,5.895970200808141,214.07022078387394,45.96622889305816,0.11813739374943236
3571,4.902697191855673,236.78970072578088,45.96622889305816,0.10866100759568788
3572,4.672703335311777,195.53169202884413,45.96622889305816,0.08551872477741856
3573,4.7981204432337385,170.5491780300673,45.96622889305816,0.07659433058310786
3574,4.299774355348543,207.28053960849988,45.96622889305816,0.08342189374628636
3575,4.139058197611395,234.48665472057576,45.96622889305816,0.0908438460182765
3576,4.655284303223484,185.67711611671328,45.96622889305816,0.08090594592218792
3577,4.279361505510209,188.0762244032781,45.96622889305816,0.07533360009050506
3578,5.382298143197851,236.58606314877068,45.96622889305816,0.11918806177750225
3579,4.385174788526414,174.20774176813106,45.96622889305816,0.07150397877489939
3580,4.278029074314219,205.91937982819564,45.96622889305816,0.08245496318621084
3581,4.2338661238504764,167.04993805734662,45.96622889305816,0.06620019810134518
3582,5.4878674754976515,223.45443480745578,45.96622889305816,0.1147805872233272
3583,4.629127424246879,206.5170458170931,45.96622889305816,0.08948101222629082
3584,5.484750130009985,163.91641864719682,45.96622889305816,0.08415020001828812
3585,5.26940165593047,182.8957994863067,45.96622889305816,0.09020713372406158
3586,4.818234285530134,188.498196578272,45.96622889305816,0.08501018512091313
3587,5.436681531181933,197.50208500961836,45.96622889305816,0.10050355579134464
3588,5.520135694767772,185.20020408800417,45.96622889305816,0.09569011207995422
3589,5.082550890101162,232.55928075014216,45.96622889305816,0.11063467390977343
3590,4.876154550387163,206.10431380682294,45.96622889305816,0.09406767124156555
3591,5.341009686400548,232.98492771810234,45.96622889305816,0.11647347713611425
3592,5.27227056121699,208.99148667864927,45.96622889305816,0.10313406443441231
3593,5.667052536719375,239.34635491991702,45.96622889305816,0.12695795122640308
3594,5.797869299901057,169.99030611824827,45.96622889305816,0.0922504356187853
3595,5.352897183454536,186.28609696150752,45.96622889305816,0.09333514230225047
3596,4.82893517175051,211.6275669450278,45.96622889305816,0.09565319100475293
3597,4.290225774656558,215.41430775468876,45.96622889305816,0.0865028750375992
3598,4.587008406274479,225.53866143041955,45.96622889305816,0.09683366808222696
3599,4.743391553626472,163.99697743086512,45.96622889305816,0.07281161574016232
3600,5.19756291046673,219.98240711908,45.96622889305816,0.1070196566584694
3601,5.233407320119333,222.3026358570419,45.96622889305816,0.10889426263023975
3602,5.608254196316746,163.380693506088,45.96622889305816,0.08576385105156879
3603,4.0036947394794495,177.94480146343344,45.96622889305816,0.06668407189425044
3604,4.449421067713908,205.03589349712814,45.96622889305816,0.08539043986171925
3605,4.4581984664046415,189.18779661827233,45.96622889305816,0.07894567930823075
3606,4.9073209957086785,208.066146731608,45.96622889305816,0.09557003386496804
3607,5.993488392391569,215.08055647230893,45.96622889305816,0.12065815182525653
3608,4.531582850509289,188.06386575822918,45.96622889305816,0.07976844615827623
3609,4.087313194812158,193.56192759416246,45.96622889305816,0.07405147345460865
3610,5.178276742920026,235.9545999763672,45.96622889305816,0.11436405715262926
3611,4.535887913255778,179.48015721831783,45.96622889305816,0.07619993557448826
3612,4.0344678048557405,205.97301744509446,45.96622889305816,0.07778080510679454
3613,5.991740461555255,189.6873911814553,45.96622889305816,0.1063817929314303
3614,4.995694733882437,164.6589467736284,45.96622889305816,0.07699403399534907
3615,5.14217344177153,176.80568749559146,45.96622889305816,0.0850978917915972
3616,4.030916438680575,214.70758126564232,45.96622889305816,0.08100783464277096
3617,4.295480739309247,168.09210726615427,45.96622889305816,0.06758260790034029
3618,4.456345482621979,171.00299792031882,45.96622889305816,0.07132773373100185
3619,5.24572879858831,181.36528063650363,45.96622889305816,0.08905039188542245
3620,5.341982694564187,203.67772010592208,45.96622889305816,0.10184081132853802
3621,4.707266357583478,175.47813077134762,45.96622889305816,0.07731568741774165
3622,5.345473198065007,201.95439148533046,45.96622889305816,0.1010451112553715
3623,5.441699749610408,200.4900391189785,45.96622889305816,0.1021182173550046
3624,5.604133328770708,203.97926503015347,45.96622889305816,0.10699668696914838
3625,5.626684416861701,203.9775507442166,45.96622889305816,0.10742633985677257
3626,5.923485995837345,228.25533572690654,45.96622889305816,0.12655349784356598
3627,4.508234949029685,218.25143872251022,45.96622889305816,0.09209573228464421
3628,4.2639698778696165,232.88746752702784,45.96622889305816,0.09294715370945955
3629,4.691091576529991,198.19420944240335,45.96622889305816,0.08702433665006132
3630,4.04113914230758,229.41000595978923,45.96622889305816,0.08677447784189678
3631,5.896027923544389,197.64011878437913,45.96622889305816,0.1090712992978748
3632,4.375809890714385,215.50348436077064,45.96622889305816,0.08826501325349197
3633,4.593921054149354,236.8004659265036,45.96622889305816,0.10182207167048045
3634,4.622311672621696,206.0578585221868,45.96622889305816,0.0891505971422852
3635,4.098889747165485,239.1846773508177,45.96622889305816,0.0917646557885321
3636,5.152319266443304,238.02516244430745,45.96622889305816,0.11478932060170559
3637,4.601437816935644,202.17283298962641,45.96622889305816,0.08707474332418504
3638,4.036774105978102,221.66572708975542,45.96622889305816,0.08375463413916144
3639,4.3330004297740325,194.026312993859,45.96622889305816,0.07869102673441107
3640,5.340072021213989,166.56973429239224,45.96622889305816,0.08325667375045975
3641,5.5672507894286385,224.4636335212541,45.96622889305816,0.11696680391003925
3642,5.062592597020086,208.3969017007235,45.96622889305816,0.0987506780637317
3643,4.188430766089766,195.9049512162523,45.96622889305816,0.07680201281096441
3644,5.68229015185691,167.14505185460436,45.96622889305816,0.08889816144315889
3645,5.97741738646094,198.8733798114187,45.96622889305816,0.11126692495049266
3646,4.025584914367735,187.1923679379864,45.96622889305816,0.07053310110187529
3647,5.0012292637964695,236.71903589052462,45.96622889305816,0.11081174547394024
3648,5.410464430474619,206.48287394130827,45.96622889305816,0.10456694772840791
3649,5.933032718584294,183.59813914273442,45.96622889305816,0.10195789655423129
3650,4.759404784691494,221.45710813537684,45.96622889305816,0.09865477627793932
3651,5.188967385665913,177.51953559553235,45.96622889305816,0.08621899233702549
3652,5.502130832375207,181.37685906890692,45.96622889305816,0.09340898192144118
3653,5.117756962988384,228.49909545963155,45.96622889305816,0.10945610552682722
3654,4.550208261105175,220.89320175037776,45.96622889305816,0.09407830268552425
3655,5.722668742531054,185.37187820681112,45.96622889305816,0.09929292545562546
3656,4.393218045121234,229.26063209498494,45.96622889305816,0.09427316614144304
3657,4.932803511795969,184.9083919997799,45.96622889305816,0.08537412924303682
3658,4.0207629363848385,175.5205184101558,45.96622889305816,0.06605599057186964
3659,5.0254157200474605,226.31789147427145,45.96622889305816,0.10645516342120595
3660,5.004600032872938,182.11726119884855,45.96622889305816,0.0853092912094008
3661,5.858269653428214,189.53917121235003,45.96622889305816,0.1039307794058893
3662,4.325756531754728,235.62763030663393,45.96622889305816,0.09540346241657183
3663,4.792862797434792,198.59279513039624,45.96622889305816,0.08909110263634452
3664,5.659646819912738,183.01928102806102,45.96622889305816,0.09695317243745777
3665,5.057440551454564,229.30287383945793,45.96622889305816,0.10854657709466171
3666,4.512223408157405,231.5433712744502,45.96622889305816,0.09779097929966869
3667,4.382960551860469,228.3515990714721,45.96622889305816,0.09368012634407107
3668,4.786939737635626,203.85222654804647,45.96622889305816,0.091337531114077
3669,5.1028078725254495,176.39286702782076,45.96622889305816,0.0842492580253177
3670,4.345989484864252,216.9134183358472,45.96622889305816,0.08823704153598853
3671,5.650836613242727,170.95554007144924,45.96622889305816,0.0904215148267794
3672,5.503082216358826,186.1529955005112,45.96622889305816,0.09588526637608974
3673,5.18885808278833,202.7706891408672,45.96622889305816,0.0984810836225875
3674,5.486761907595731,203.3539954421606,45.96622889305816,0.10443466387686781
3675,4.186833361878035,182.3360965454568,45.96622889305816,0.07145525575573004
3676,4.7958452953961945,205.76171482527147,45.96622889305816,0.09236460654883161
3677,4.339000891922859,186.99452080792557,45.96622889305816,0.0759441751445779
3678,4.126428992680845,185.80501642551758,45.96622889305816,0.07176416895309135
3679,5.024399709432557,234.91606559698272,45.96622889305816,0.11047722301760221
3680,4.355481637660354,162.20959265755636,45.96622889305816,0.06612848445269219
3681,4.754388190165021,208.60709739885235,45.96622889305816,0.09283239765612146
3682,5.215263653581398,187.64434152590474,45.96622889305816,0.09159833724540085
3683,4.075215696639888,233.5128998918551,45.96622889305816,0.0890712047166727
3684,5.003565221638215,222.12215221329097,45.96622889305816,0.10402729045205822
3685,4.793804255879898,226.51445456544087,45.96622889305816,0.10163705351100201
3686,5.569375850501712,167.62331962725534,45.96622889305816,0.08738096031409358
3687,4.102531803746311,171.96022994201172,45.96622889305816,0.06603220843283673
3688,5.6456830354952965,181.5617278865493,45.96622889305816,0.09594374091347492
3689,4.791569309385428,206.27046784282487,45.96622889305816,0.09251042515867654
3690,5.303758113861363,194.1086602309846,45.96622889305816,0.09636170372439092
3691,4.898330559100003,186.25046436248434,45.96622889305816,0.08539280953943904
3692,4.188063076838295,171.86526314394476,45.96622889305816,0.06737164787473404
3693,5.779798427321277,237.988061250092,45.96622889305816,0.1287489548717912
3694,5.650908294203266,184.46383122008828,45.96622889305816,0.09756753494174931
3695,4.356699310878245,200.73528474134466,45.96622889305816,0.08185725069926644
3696,4.189220800664578,233.19707890041678,45.96622889305816,0.09143915541544788
3697,5.536007092977832,237.88915305096364,45.96622889305816,0.12326708521601358
3698,5.711819368710478,192.7048679925581,45.96622889305816,0.10302508920082289
3699,4.628431381213924,226.73705919136236,45.96622889305816,0.09822729571625512
3700,5.175797247592098,230.29529619915857,45.96622889305816,0.1115676207548147
3701,4.650396889854143,203.71727092394028,45.96622889305816,0.08867347286749526
3702,4.924674078816843,174.65935399721315,45.96622889305816,0.08050914080847804
3703,5.082147548935188,166.6722690942482,45.96622889305816,0.07928416677662203
3704,4.749994059532363,202.67432669651407,45.96622889305816,0.0901088929567161
3705,4.290481469056252,220.29199004854482,45.96622889305816,0.08846685442153784
3706,4.381623881713856,218.28349754265406,45.96622889305816,0.0895224269924638
3707,4.0479110154367515,215.1104794792695,45.96622889305816,0.08150202023371352
3708,4.800831888082565,223.20883527158216,45.96622889305816,0.1003006456052871
3709,5.123932608183379,190.40340741232959,45.96622889305816,0.09131749173605079
3710,5.3276038866026925,191.03253062156548,45.96622889305816,0.09526099308401521
3711,4.712401757867664,194.05018858123591,45.96622889305816,0.08559181329985424
3712,5.4207964371625135,209.1952860861439,45.96622889305816,0.10614287375517963
3713,5.833022263449974,160.02983759537673,45.96622889305816,0.08737163187574688
3714,4.32190607874632,199.5215982037537,45.96622889305816,0.08071255371984329
3715,5.339302659404693,167.17088853816827,45.96622889305816,0.08354511076830866
3716,4.5884082338891545,239.08571725738486,45.96622889305816,0.1026813409754258
3717,4.655289781804721,190.40963896581124,45.96622889305816,0.08296816756500484
3718,4.477571553156704,161.39512396757024,45.96622889305816,0.06764080900780872
3719,4.570790104596037,172.88458557754734,45.96622889305816,0.07396451272033576
3720,4.762048699731366,178.59527041223083,45.96622889305816,0.07960486952290727
3721,4.80771700242564,181.55636819161072,45.96622889305816,0.08170078534052354
3722,5.831215887945816,183.31087281979714,45.96622889305816,0.10005140564827349
3723,4.3772208593691335,220.96257975298812,45.96622889305816,0.09053010843877683
3724,5.623491418057386,205.04049971438909,45.96622889305816,0.10792487071061888
3725,4.689709921145567,226.73754342033132,45.96622889305816,0.09952799752345334
3726,5.339739229241502,190.4828368864672,45.96622889305816,0.09520324413162069
3727,4.783324784663842,160.19568418996698,45.96622889305816,0.07172268354407994
3728,4.11553434713664,170.78534086736187,45.96622889305816,0.06578890684021345
3729,4.494557840874241,234.08565225159333,45.96622889305816,0.09847763675226917
3730,5.643233315266736,163.26200616586243,45.96622889305816,0.08623607544044797
3731,4.029838418208353,206.88030334648016,45.96622889305816,0.07803377659548844
3732,4.752963628212368,224.14200251976072,45.96622889305816,0.09971571032571167
3733,5.945761818602755,199.5405972064805,45.96622889305816,0.11104899288270684
3734,4.354815597878722,231.4218245770645,45.96622889305816,0.09433002115908574
3735,4.844410356068191,193.37099423196986,45.96622889305816,0.08768152664112415
3736,5.407838596564475,189.59336357950153,45.96622889305816,0.09596717294277762
3737,4.469690593925451,219.33574820711098,45.96622889305816,0.09176197031098578
3738,4.371679795624489,163.14175038407856,45.96622889305816,0.06675584703623691
3739,4.995248488830653,162.71488151891492,45.96622889305816,0.07607819849924909
3740,5.581886370029476,238.1924330035108,45.96622889305816,0.12444710571319631
3741,5.897276752478246,171.91287656019782,45.96622889305816,0.09489334705251494
3742,5.863974300679044,168.94686164555714,45.96622889305816,0.092729525135825
3743,4.708817650440156,166.74664082962803,45.96622889305816,0.07349280358587876
3744,5.64534928669419,177.89940702867312,45.96622889305816,0.09400288159759905
3745,5.329800695251699,221.01503759066472,45.96622889305816,0.11025762705470497
3746,4.761523830761527,223.1428597879146,45.96622889305816,0.09945000416935897
3747,4.6511741961597695,171.8583230220987,45.96622889305816,0.07481850455997925
3748,4.919707319592995,216.82563259377207,45.96622889305816,0.09984486580351562
3749,4.0794042170327875,224.49957627986535,45.96622889305816,0.08572117490334749
3750,4.5112820104133915,214.49685132171282,45.96622889305816,0.09057258163118496
3751,4.228095876976967,191.15642676299055,45.96622889305816,0.0756501127063578
3752,4.930096952531471,197.4755134148366,45.96622889305816,0.09112647275653649
3753,4.546473110555209,202.33623698533322,45.96622889305816,0.08610416200570802
3754,4.554731949454722,173.32266548586176,45.96622889305816,0.0738914232001709
3755,4.266688448439886,231.57687904202947,45.96622889305816,0.09248301454713871
3756,4.261288967428737,191.61538166970672,45.96622889305816,0.07642706871372468
3757,4.503802180977659,209.2836513112416,45.96622889305816,0.08822475466445515
3758,4.691516744286642,182.90527241362906,45.96622889305816,0.0803184546665452
3759,5.93802240498875,239.73969779611676,45.96622889305816,0.13324705962783448
3760,4.2652397992804225,215.42290539394435,45.96622889305816,0.08600252073780489
3761,5.779675117258934,237.66708519026088,45.96622889305816,0.1285725672003811
3762,4.596198970125737,222.75465748513642,45.96622889305816,0.09582999447751661
3763,4.655470307576818,209.72768890387766,45.96622889305816,0.09138926425531131
3764,5.025926340887129,216.59942733574047,45.96622889305816,0.10189415501626288
3765,5.825405889071095,169.02206501665083,45.96622889305816,0.09216063164233741
3766,4.445675441637628,206.86010295530832,45.96622889305816,0.08607763752710107
3767,4.714430468929022,204.6286171355323,45.96622889305816,0.09029661146424967
3768,5.565574048158188,215.95902128580119,45.96622889305816,0.11250120251765276
3769,5.533174647798015,172.89494284495333,45.96622889305816,0.08954318079553228
3770,4.060727057998278,229.73819133152622,45.96622889305816,0.08731982280486011
3771,4.903043726974865,210.85399019507705,45.96622889305816,0.09676614485618426
3772,4.145884973053827,216.6177996591666,45.96622889305816,0.08405958417507363
3773,4.203315697428563,222.98729583072029,45.96622889305816,0.08772996968352986
3774,4.121436076632304,166.65604858778048,45.96622889305816,0.064290306697219
3775,4.686600616357809,176.96167610840646,45.96622889305816,0.07762703835008011
3776,5.968896678618306,196.10564642617376,45.96622889305816,0.10956201437483494
3777,4.9376838821791935,163.71825511442125,45.96622889305816,0.07566520941691726
3778,4.9827820715223865,165.1161336026089,45.96622889305816,0.07700824967791876
3779,5.256226621443343,238.52467181273673,45.96622889305816,0.11735003871425423
3780,4.659158354276868,224.6433508801198,45.96622889305816,0.09796634125067648
3781,5.931003681362348,237.43729101676445,45.96622889305816,0.13181139944978928
3782,5.491846199639,229.59855686231361,45.96622889305816,0.11802210843822945
3783,4.702912177673708,206.7084239732479,45.96622889305816,0.09099151442143096
3784,5.325772145382451,177.38989417791095,45.96622889305816,0.08842749152188151
3785,4.626823655625558,188.91428674620693,45.96622889305816,0.08181324129915894
3786,4.131410866820065,196.5239388904225,45.96622889305816,0.0759958183971955
3787,5.56669701713787,211.98252478965017,45.96622889305816,0.11045197691722586
3788,5.250269534525995,208.47339784823168,45.96622889305816,0.102449087159486
3789,4.0450574450097925,160.26368091651065,45.96622889305816,0.06067861447340209
3790,4.338239954839045,233.0637929257951,45.96622889305816,0.09463771123532087
3791,5.714239951804071,206.1434548192524,45.96622889305816,0.11025641627499
3792,4.770808449635238,237.08939514160346,45.96622889305816,0.10587171719221997
3793,4.131972571692139,167.76960773265148,45.96622889305816,0.06488533747939139
3794,5.2420275339261275,203.8014208068973,45.96622889305816,0.09999593691263475
3795,5.962598821011698,224.20328408888278,45.96622889305816,0.12512768461833026
3796,5.8764380179376845,217.73597617442243,45.96622889305816,0.11976232022952445
3797,5.853700242588564,214.94429695472544,45.96622889305816,0.1177693436300383
3798,5.051355288468826,206.40273933787194,45.96622889305816,0.09758863004986479
3799,5.8024179512512335,168.37318320278953,45.96622889305816,0.09144453995587673
3800,5.13076317386428,191.38105298323583,45.96622889305816,0.09190872838571629
3801,5.325905827346218,208.30314241752302,45.96622889305816,0.103840113317243
3802,4.799235000228165,215.1448346966296,45.96622889305816,0.09664486610635283
3803,5.071975725973918,174.99784030866064,45.96622889305816,0.08307793710622102
3804,5.276119202222184,162.13431176572593,45.96622889305816,0.08006917984848665
3805,5.6459728563267415,232.51887867433277,45.96622889305816,0.12287763798137696
3806,4.155877183217452,180.54241681877366,45.96622889305816,0.07022921355778315
3807,4.253634479975322,221.7461894100665,45.96622889305816,0.08828606939048184
3808,4.142102128327599,203.2888121831357,45.96622889305816,0.07881522682259827
3809,4.776423938427037,220.06944308478253,45.96622889305816,0.09838716788782081
3810,5.278262805029706,203.5350378257863,45.96622889305816,0.10055554888168877
3811,5.006992720965624,222.0017050931863,45.96622889305816,0.10404210224711544
3812,4.954431401278852,193.58453978424768,45.96622889305816,0.08977188380558039
3813,4.050634646874994,181.48460598164493,45.96622889305816,0.06880796515604305
3814,4.739735817953841,206.30054385674504,45.96622889305816,0.0915230232054377
3815,5.346406672734762,237.01569151961147,45.96622889305816,0.1186082609103564
3816,4.553387717986681,203.5532060828308,45.96622889305816,0.08675378417481734
3817,5.512078000935543,184.84178528515739,45.96622889305816,0.09536551486712333
3818,5.097055160551166,193.4834716706402,45.96622889305816,0.09230793883835399
3819,4.794498246595452,165.014529581617,45.96622889305816,0.07405275128863588
3820,4.048472897825918,183.62941435642827,45.96622889305816,0.0695839910000644
3821,5.824576872021841,175.4217815894387,45.96622889305816,0.09563651621734498
3822,4.126001750449576,209.61682877531712,45.96622889305816,0.08095271206938062
3823,5.917084795486933,164.57340357987883,45.96622889305816,0.09114719178839377
3824,5.490913417421837,168.67998334664352,45.96622889305816,0.08669299240448279
3825,4.270666359034006,234.88666659188664,45.96622889305816,0.09389227397468322
3826,5.402419767845905,204.7440094094231,45.96622889305816,0.10353218464194797
3827,4.329302029291463,204.7243736999751,45.96622889305816,0.08295895731284234
3828,4.124543360050097,191.55443969058027,45.96622889305816,0.07395098184058102
3829,5.408901189445464,205.46611080736295,45.96622889305816,0.10402197541039318
3830,5.350330065246082,169.26733830167265,45.96622889305816,0.08476754169121231
3831,5.517196321638643,236.50259304616702,45.96622889305816,0.12213220372819256
3832,5.81505139156559,167.03477509354929,45.96622889305816,0.09091515900613434
3833,4.197191596120831,201.069215660061,45.96622889305816,0.07899147567857659
3834,5.048121974591712,228.57010574055897,45.96622889305816,0.10800033880181525
3835,4.737755470074809,201.15817088809425,45.96622889305816,0.08920437781088918
3836,4.407395314121731,235.72754110300482,45.96622889305816,0.09724520146225445
3837,4.241846457016172,232.3258536187966,45.96622889305816,0.09224192007071966
3838,5.781368180275254,164.03843564717852,45.96622889305816,0.08876711302923931
3839,5.550834883464805,187.0018967147497,45.96622889305816,0.09715835858585832
3840,4.449410698125868,192.19511080115169,45.96622889305816,0.08004250632700584
3841,5.847865284160194,191.91237332389807,45.96622889305816,0.10504519324056709
3842,4.485409503155106,201.96749732222617,45.96622889305816,0.08479288881812423
3843,4.819244295910152,161.5210019067693,45.96622889305816,0.07285909804139216
3844,4.372592186897715,161.3785015051925,45.96622889305816,0.06604812628267144
3845,5.044388437442152,211.3061594140227,45.96622889305816,0.09976920850806664
3846,5.436663341081929,176.63220362463045,45.96622889305816,0.08988312774173121
3847,5.6100281938407575,192.88290651640943,45.96622889305816,0.10128255168723199
3848,4.098362239829409,234.21581827056173,45.96622889305816,0.0898467584574285
3849,5.386887808254908,205.0043702645846,45.96622889305816,0.10336580680769608
3850,4.08042680926218,161.11804930880103,45.96622889305816,0.061535486175289554
3851,5.129669802320541,230.3029614642726,45.96622889305816,0.11057699454125411
3852,5.294921278562217,160.44331321016497,45.96622889305816,0.07951644914798754
3853,5.276039130672275,187.8886847968382,45.96622889305816,0.09278643377939524
3854,4.244061927058938,224.92450006431426,45.96622889305816,0.08934995227258355
3855,5.152902543585582,217.93834593924237,45.96622889305816,0.10511420934785064
3856,4.330131664357481,169.29012503371635,45.96622889305816,0.0686133424895754
3857,5.02901993174103,202.2295285956154,45.96622889305816,0.095192728496793
3858,5.164107310993751,219.5387069899021,45.96622889305816,0.1061163269536658
3859,5.327195085978534,214.10049055534648,45.96622889305816,0.10675595559957451
3860,4.349996260989242,193.44863554194015,45.96622889305816,0.07876447874576518
3861,5.199955137336657,201.49153072165612,45.96622889305816,0.09806911174063249
3862,4.608469413735648,235.54158483669934,45.96622889305816,0.10160150732622533
3863,4.280384749262297,237.97065342327178,45.96622889305816,0.0953415174521119
3864,5.564124076912835,207.69425139886306,45.96622889305816,0.10816758434147342
3865,4.254943438166552,205.11260560955034,45.96622889305816,0.08168870130628895
3866,4.17587877708682,234.5542107617182,45.96622889305816,0.09167838739452507
3867,4.571210931435593,191.96124981583532,45.96622889305816,0.08213356603016933
3868,5.273548069779337,161.4996316932502,45.96622889305816,0.07971688024429087
3869,5.083878196664584,217.18706895658445,45.96622889305816,0.10334868377800516
3870,4.414529245305785,172.3208424057979,45.96622889305816,0.07120296128800523
3871,4.975301164966979,202.9246678158095,45.96622889305816,0.09449962106687237
3872,4.878110363885207,183.6485683668382,45.96622889305816,0.08385230736445251
3873,4.819663138264128,184.98344233635558,45.96622889305816,0.08344981740118057
3874,4.499322842844481,197.76916554961872,45.96622889305816,0.08328783754209589
3875,4.791288676965785,194.83130966533938,45.96622889305816,0.0873749492851206
3876,4.00046202048598,215.41627745668012,45.96622889305816,0.08066116998200842
3877,4.093748876386068,176.53614017623175,45.96622889305816,0.06764421694567514
3878,5.606903552960926,238.73212491000456,45.96622889305816,0.1252880927404532
3879,5.982955426224854,207.37842852346472,45.96622889305816,0.11613287969865937
3880,4.518828928851276,226.7867056994029,45.96622889305816,0.09592224655041684
3881,5.300651976737633,238.89553895392606,45.96622889305816,0.1185258775699375
3882,5.0982038857800225,202.09370798242148,45.96622889305816,0.09643747719787032
3883,4.087590191505888,175.55218541026454,45.96622889305816,0.06716599261448736
3884,5.333843347530574,239.50180709200995,45.96622889305816,0.1195707352768595
3885,4.951251695452444,162.3275795193637,45.96622889305816,0.07522863223018487
3886,4.799070481150883,170.10497576623064,45.96622889305816,0.07640996387512212
3887,5.919439020725353,171.30496661972907,45.96622889305816,0.09491314284062942
3888,4.23572339842218,196.6210513187433,45.96622889305816,0.07795311148808062
3889,5.0838265825334155,217.38395240532608,45.96622889305816,0.10344132076396957
3890,4.735963291650136,231.75898856961123,45.96622889305816,0.10273555303836014
3891,5.197205009965171,163.78191480984825,45.96622889305816,0.07967308641471807
3892,4.068332388184776,197.5018004101166,45.96622889305816,0.07520787811679526
3893,4.87885567152132,196.1898188157037,45.96622889305816,0.0895922174369417
3894,4.114380526427541,164.26180199080804,45.96622889305816,0.06325820835486771
3895,4.1215348544313875,218.71428499723203,45.96622889305816,0.08437464816563313
3896,5.202914647094917,170.91713902144622,45.96622889305816,0.08323541797467694
3897,4.8619816848798205,235.435066221116,45.96622889305816,0.10714213972290193
3898,4.138278625037683,175.13213387624856,45.96622889305816,0.06783618499419691
3899,4.7792291511490035,178.8724467710068,45.96622889305816,0.08001605775808422
3900,4.317063861100492,237.86674916038467,45.96622889305816,0.09611652459780563
3901,5.5328695252355065,218.33391395451702,45.96622889305816,0.1130700223078301
3902,5.864611899509046,174.9635381584247,45.96622889305816,0.09604232800008002
3903,5.779456150390188,238.61394765864904,45.96622889305816,0.12907990811333234
3904,5.17263379013092,232.25890323527688,45.96622889305816,0.11245012748737945
3905,5.63224336078094,185.4308011523495,45.96622889305816,0.09775503491594359
3906,4.664687302445334,214.06520762804035,45.96622889305816,0.0934640231539102
3907,5.104272760385934,190.7953160506026,45.96622889305816,0.09115435691166318
3908,4.094105706541237,161.83587529988213,45.96622889305816,0.062016849703068956
3909,4.195975831459983,192.33142104418647,45.96622889305816,0.07553688426945276
3910,4.05481980150772,171.85373980152414,45.96622889305816,0.06522384464953114
3911,5.936146915290613,196.04627762451148,45.96622889305816,0.1089278897779754
3912,5.866502220111895,175.19677546582633,45.96622889305816,0.09620135668042054
3913,4.717056315443637,213.6968198573478,45.96622889305816,0.09435066579416311
3914,5.97974390314356,215.98730811181656,45.96622889305816,0.12088896663523914
3915,5.80441362690292,163.92959477512085,45.96622889305816,0.08906182026444005
3916,4.607647595783688,230.62345877165757,45.96622889305816,0.09946232013187517
3917,5.046431630172771,173.58918587056894,45.96622889305816,0.08199415769062558
3918,4.339604941202349,220.69245264757714,45.96622889305816,0.089642410228378
3919,4.315917361096143,199.8136189650155,45.96622889305816,0.08071868067817882
3920,4.362580907728908,176.66275703822026,45.96622889305816,0.07213804144201423
3921,4.794568572713726,169.446717183842,45.96622889305816,0.07604287750417735
3922,5.3186600185587105,173.28974274213488,45.96622889305816,0.08626823958625866
3923,5.504027432599162,201.70466012576748,45.96622889305816,0.10391359517279344
3924,4.692989325365033,209.1393114080369,45.96622889305816,0.09186732883711755
3925,4.815243597510959,166.59977685165813,45.96622889305816,0.07508765242664724
3926,4.618212012620466,201.97376685862562,45.96622889305816,0.08730611850549048
3927,4.208494400620216,218.58801463110177,45.96622889305816,0.08610511437381502
3928,4.712911090240612,176.38304797322516,45.96622889305816,0.07780758550563538
3929,4.01610241079187,166.79436561861525,45.96622889305816,0.06269920056199063
3930,4.474560535897361,189.35752719679928,45.96622889305816,0.07930650483942349
3931,4.306617679492289,203.59870391473694,45.96622889305816,0.0820705184021663
3932,4.38878873729666,236.37310868806384,45.96622889305816,0.09709985724285355
3933,5.129598303557177,223.72977883297355,45.96622889305816,0.10741946847436054
3934,4.843645031536683,176.39051953244783,45.96622889305816,0.079969318747673
3935,4.8991107003966725,192.98555359636833,45.96622889305816,0.08849483048446033
3936,5.247316973938719,232.84961448603897,45.96622889305816,0.11436382474617476
3937,4.474448978033531,167.72384147780812,45.96622889305816,0.07024415777423335
3938,5.430596080747905,160.03139204412108,45.96622889305816,0.08134456360038236
3939,5.589205158011876,218.23104242496436,45.96622889305816,0.11416748316104845
3940,5.6516089903529,167.24993649086773,45.96622889305816,0.08847364450464443
3941,4.40741943108208,204.1321041096229,45.96622889305816,0.08421152708221552
3942,4.654596502641778,227.66648530156925,45.96622889305816,0.09918751061732106
3943,4.916674796665475,194.35881079889091,45.96622889305816,0.08944407263046346
3944,4.369503871110569,204.96207150200965,45.96622889305816,0.08382652807079045
3945,4.6918962087496245,196.04246752021925,45.96622889305816,0.08609430118648678
3946,4.542589294014589,208.7080322851219,45.96622889305816,0.08873980811591183
3947,5.67612561393476,161.64443040274335,45.96622889305816,0.08587931898863363
3948,4.461832457611123,214.1878395718531,45.96622889305816,0.08945073583311512
3949,5.413278591340596,183.54205787433523,45.96622889305816,0.09299761777816244
3950,4.572365469899619,219.74496032346153,45.96622889305816,0.094044999556634
3951,5.1167180637330825,191.11583025169242,45.96622889305816,0.09153011283756726
3952,4.110849205955238,212.24146993723824,45.96622889305816,0.08166531467598832
3953,4.585887746811386,206.16741035527681,45.96622889305816,0.08849511224799325
3954,5.4447644412033975,197.06186181952165,45.96622889305816,0.10042862712033235
3955,4.506549501122937,177.13218665052318,45.96622889305816,0.07471666494702354
3956,5.409839132956881,231.32340674976416,45.96622889305816,0.11713313834387346
3957,5.959949783233438,224.261582791528,45.96622889305816,0.12510461543542142
3958,5.205409152465673,229.14603137009118,45.96622889305816,0.1116459722612575
3959,4.779319263167901,230.57499817107524,45.96622889305816,0.10314640724206321
3960,4.86047724009101,207.6270198042519,45.96622889305816,0.09445797543185562
3961,4.339847006185717,199.77590693862822,45.96622889305816,0.0811509071850961
3962,4.6829868072736485,189.32043876472738,45.96622889305816,0.08298436695891982
3963,5.196367677113642,230.55055527408595,45.96622889305816,0.11213518243513831
3964,5.651899797447906,187.9170690960228,45.96622889305816,0.09941147842961232
3965,5.4676839673283695,203.80989811287785,45.96622889305816,0.10430485531077556
3966,4.696599507406754,232.64462432392654,45.96622889305816,0.10227097558085455
3967,4.322518609410729,224.41197034224376,45.96622889305816,0.09079433232282291
3968,4.424460343718224,231.39626151350234,45.96622889305816,0.09582801534550696
3969,5.44267631287861,197.19542485578674,45.96622889305816,0.10045815323269044
3970,4.154639780678396,174.4133411922953,45.96622889305816,0.0678248630840237
3971,4.329918678518069,220.9244633890529,45.96622889305816,0.08953635230933718
3972,5.244027384095985,177.40945077541147,45.96622889305816,0.08707982569076106
3973,4.735345297161037,184.74652106448352,45.96622889305816,0.08188489012294324
3974,5.304981580200148,186.43109695318725,45.96622889305816,0.09257166690531236
3975,5.537205584482533,215.59737698668405,45.96622889305816,0.1117403351860024
3976,4.485209066275797,185.90621562049293,45.96622889305816,0.07804632361762623
3977,5.098921934855931,232.628815170286,45.96622889305816,0.11102421735768335
3978,4.222965236017431,188.68721019511412,45.96622889305816,0.07458230792704354
3979,5.198353841169909,185.9636821291331,45.96622889305816,0.0904835899949978
3980,4.579104714437568,194.5557486460646,45.96622889305816,0.0833874112511973
3981,4.3852259109812675,208.2750396991276,45.96622889305816,0.08548797822545136
3982,5.756638168911313,232.86054161070174,45.96622889305816,0.12547022734298768
3983,4.942828049458207,183.47561956221122,45.96622889305816,0.0848847578682936
3984,4.764793009199758,178.26845472788136,45.96622889305816,0.07950499004899646
3985,5.197093286214241,170.7773840668049,45.96622889305816,0.08307430524158903
3986,4.636350676737833,173.64735752381887,45.96622889305816,0.07535642807808594
3987,4.410542437132638,213.71645962682305,45.96622889305816,0.08822787617571852
3988,5.985479526360703,214.0335042908016,45.96622889305816,0.11991031957830078
3989,4.488215370138396,192.61261929954534,45.96622889305816,0.08091597556437735
3990,5.255889757001504,229.39126411600878,45.96622889305816,0.11284932629065281
3991,5.4285037023640825,171.62993821814695,45.96622889305816,0.08720653547302909
3992,5.2078476495751485,175.77410539846622,45.96622889305816,0.08568188569096198
3993,4.748653921088845,237.1856945674376,45.96622889305816,0.10542287607076775
3994,5.784163104197263,180.54185992161217,45.96622889305816,0.09774494167667483
3995,5.457082692017271,186.36154872100616,45.96622889305816,0.09519029975360281
3996,4.015716444116771,228.00928047076178,45.96622889305816,0.08570208975098201
3997,5.644986296888729,183.5327827460611,45.96622889305816,0.09697334808389634
3998,5.544186179708946,162.51898600234696,45.96622889305816,0.08433692431019142
3999,5.079567955107032,238.5267027173062,45.96622889305816,0.11340693894443189
4000,5.576956767405461,206.0449668249977,45.96622889305816,0.10755612243085365
4001,4.731642836870709,218.82741952504645,45.96622889305816,0.09691467478117659
4002,5.9508170278086965,175.369666732569,45.96622889305816,0.09768028598202963
4003,4.099066810086086,190.1813818653468,45.96622889305816,0.07296739541213156
4004,5.033746647201168,179.61746799724787,45.96622889305816,0.08462833023620751
4005,5.233121357907903,184.46945150297057,45.96622889305816,0.09035685608430792
4006,5.963838491849752,181.22776103894424,45.96622889305816,0.10116410588629526
4007,5.60595960606263,237.1709415154605,45.96622889305816,0.12444781919239932
4008,4.999089727370095,175.94020660914418,45.96622889305816,0.08232502632037118
4009,5.780760145823438,192.1872377716678,45.96622889305816,0.10398850718689838
4010,5.088248944425041,163.92320544951136,45.96622889305816,0.07807008241611497
4011,4.6962093446480635,204.4764069706403,45.96622889305816,0.08988071163323443
4012,5.385971399483336,236.09169571687883,45.96622889305816,0.11902018010562873
4013,5.1669930619271325,181.71188132934722,45.96622889305816,0.08788141721721618
4014,5.1143374009640725,165.67371807853917,45.96622889305816,0.07930833699913961
4015,4.296194813763846,188.1472257170351,45.96622889305816,0.07565848386872089
4016,4.044513710308534,166.0259380365516,45.96622889305816,0.06285185549657053
4017,4.014685925569331,174.54316423782205,45.96622889305816,0.06558888818382456
4018,5.651081131356794,188.11227095575563,45.96622889305816,0.09950032918563635
4019,5.804904104567302,230.79501443608459,45.96622889305816,0.12539993793104204
4020,5.726912551254482,176.9494467161994,45.96622889305816,0.0948518070867
4021,4.684785865074045,197.46638635303987,45.96622889305816,0.08658821205346776
4022,4.863185987836885,166.3920183460413,45.96622889305816,0.07574068308534306
4023,4.477777701186564,209.61738529792146,45.96622889305816,0.08785483702333088
4024,5.353079683966553,189.17235950473375,45.96622889305816,0.09478448127091077
4025,4.593991423292653,206.8852830276736,45.96622889305816,0.08896017460211911
4026,5.3269345842694245,216.87873567182282,45.96622889305816,0.10813597120337168
4027,5.621922975707727,206.71003690621325,45.96622889305816,0.10877329998217167
4028,4.7577478563864135,187.83114736601587,45.96622889305816,0.08364594314636936
4029,4.068681590785209,193.30874512888602,45.96622889305816,0.07361749817544923
4030,5.737561164541319,210.21302638268926,45.96622889305816,0.11289190502809603
4031,5.186130104013577,177.90508068436165,45.96622889305816,0.08635900053401077
4032,5.192156211481269,174.43290790757456,45.96622889305816,0.0847719200277194
4033,4.682046124487764,206.75914496916982,45.96622889305816,0.09061002787873658
4034,4.090765714108501,184.9130700580178,45.96622889305816,0.07080241400705141
4035,4.177047922856228,173.11610939479627,45.96622889305816,0.06768349709102144
4036,4.704292918964489,215.42565586686786,45.96622889305816,0.0948566162660489
4037,4.534851038640689,161.606435967575,45.96622889305816,0.06859580027026686
4038,4.798100376603899,177.68151535515426,45.96622889305816,0.07979715860136856
4039,5.556563652989848,225.75733664330951,45.96622889305816,0.11741511704719747
4040,5.34194269325268,209.03940178060023,45.96622889305816,0.10452092086273862
4041,5.461249351181468,190.07914904704117,45.96622889305816,0.09716331731242774
4042,5.30229510592761,193.57817281700073,45.96622889305816,0.09607184480481044
4043,4.85965748010468,223.09851639401882,45.96622889305816,0.10147947020588052
4044,5.582154877991597,192.03589859513815,45.96622889305816,0.10033677838944396
4045,5.874302126837186,203.32329966919133,45.96622889305816,0.11179420122146191
4046,4.974346450270362,200.12378661622577,45.96622889305816,0.09317740045246645
4047,5.558729941502077,237.40337383173252,45.96622889305816,0.12352029228228102
4048,5.380113922707319,187.30318050888988,45.96622889305816,0.09432188524729533
4049,5.0336042144100475,184.57627466789208,45.96622889305816,0.086962254354931
4050,5.30735351782705,239.93753767617613,45.96622889305816,0.1191933601227171
4051,5.729875407904672,197.81963814929583,45.96622889305816,0.10609390395229867
4052,4.684369019506601,196.2188077119996,45.96622889305816,0.08603349804416147
4053,4.6324793124885275,239.33088929074273,45.96622889305816,0.10377388882962016
4054,4.403817378599032,224.7808416501593,45.96622889305816,0.0926540575117643
4055,4.8286923870546605,212.13444116723844,45.96622889305816,0.09587747155861732
4056,5.845657980120173,207.36695800672447,45.96622889305816,0.11346157488605975
4057,5.233660118213096,162.88064969899466,45.96622889305816,0.07979043948953372
4058,4.257652057314355,203.2412699749125,45.96622889305816,0.08099494521205171
4059,4.741286849250309,208.7310458187298,45.96622889305816,0.09263159217660888
4060,4.768491276461929,173.99691358082933,45.96622889305816,0.07766017876108296
4061,5.593514243578957,227.6113286813002,45.96622889305816,0.11916657876041423
4062,5.936064399343055,176.0579429879523,45.96622889305816,0.09782054451864422
4063,4.6229339763112,182.46362352965198,45.96622889305816,0.07895321784380946
4064,5.860221310454944,207.79255553941334,45.96622889305816,0.1139776898949901
4065,5.844864728946149,231.22664407864747,45.96622889305816,0.12649931951603277
4066,4.490566842303504,194.22599047848195,45.96622889305816,0.08163649660198284
4067,4.8272457788001475,198.95215428635888,45.96622889305816,0.08989259263564522
4068,5.99539987321741,173.90188539156176,45.96622889305816,0.09758842157645924
4069,5.544873421012156,178.20990311639875,45.96622889305816,0.09249096684215895
4070,5.4787780921854035,176.2169725309697,45.96622889305816,0.09036646525051835
4071,5.054167011563498,213.42196847925737,45.96622889305816,0.10096353751824358
4072,4.863757880781932,237.2930434340569,45.96622889305816,0.10802712118134679
4073,5.41109986321284,172.58629073157306,45.96622889305816,0.08741132283031448
4074,4.744282946716963,185.11878675164763,45.96622889305816,0.08220475253041984
4075,4.591003466305122,176.94018729215082,45.96622889305816,0.07603437003429776
4076,4.371437169228946,229.6128365104988,45.96622889305816,0.09394988504186222
4077,5.9786685138816935,172.80234496792443,45.96622889305816,0.09670077508896348
4078,5.582514111233807,178.2038410140416,45.96622889305816,0.0931156627880188
4079,5.043339602980267,175.77092839840213,45.96622889305816,0.08297382452526371
4080,4.542220670438059,192.85552452396934,45.96622889305816,0.08199288395072869
4081,5.410088599714431,197.92254237573135,45.96622889305816,0.10022486667649005
4082,5.620109073842864,167.72739494821167,45.96622889305816,0.08823168940065201
4083,5.143698986734607,168.53648522464454,45.96622889305816,0.08114192875880358
4084,4.235604320801387,184.71228545985147,45.96622889305816,0.073229659251732
4085,4.209953541676118,222.03669383394643,45.96622889305816,0.08749392589906288
4086,5.014783814524043,211.56446306935362,45.96622889305816,0.09930492422404295
4087,4.112525274975947,177.98448693345154,45.96622889305816,0.0685119896199129
4088,5.046583173883214,166.5608699815137,45.96622889305816,0.07867672337079892
4089,4.321170131987173,161.75052045529296,45.96622889305816,0.06542186206840053
4090,5.822977056151808,194.49911420583373,45.96622889305816,0.10600797911768252
4091,4.090040880440742,196.83934577283725,45.96622889305816,0.07535557889403476
4092,5.775094244186816,175.19592938242485,45.96622889305816,0.09470195311649919
4093,4.475730127600714,238.57866005336717,45.96622889305816,0.09994736200208429
4094,5.707819285506967,203.8822079063299,45.96622889305816,0.10892445391708834
4095,4.37202511990933,177.56198571698846,45.96622889305816,0.07266219123343332
4096,5.722916454679421,214.04279539747614,45.96622889305816,0.11465522974955057
4097,4.701888052917251,162.07742910669936,45.96622889305816,0.07132974522002153
4098,4.272043010569053,218.3383473158133,45.96622889305816,0.08730547587119766
4099,5.29749669442822,188.70256422122165,45.96622889305816,0.0935673532739759
4100,5.183917282488766,220.4094510562279,45.96622889305816,0.10694589633507702
4101,5.287653378813905,179.16085065595036,45.96622889305816,0.08867106867734943
4102,5.903008771617409,161.8902721024117,45.96622889305816,0.08944787556994212
4103,5.112551238478266,177.86478837737937,45.96622889305816,0.08511449020780171
4104,5.415041158686489,204.94443420091514,45.96622889305816,0.10387564634694033
4105,4.391406429660324,200.47103899623212,45.96622889305816,0.082400742179378
4106,5.039478715456937,193.62412750294234,45.96622889305816,0.09133157305115981
4107,4.084344489267014,176.5421798731207,45.96622889305816,0.06749112984007367
4108,5.937632961349733,175.07921901863114,45.96622889305816,0.097302454862408
4109,4.91752619741343,183.5232277354878,45.96622889305816,0.0844721542288852
4110,5.513695205395379,206.2470694206676,45.96622889305816,0.10644037352129218
4111,5.430816564717913,210.95814209359992,45.96622889305816,0.10723517743012195
4112,5.007398238214371,236.84982009394574,45.96622889305816,0.11100972840607869
4113,5.4063665165444155,215.10605850344362,45.96622889305816,0.10885138918981348
4114,5.380960605610661,197.34341624292014,45.96622889305816,0.09939357310706745
4115,5.285372940705707,208.3602950862807,45.96622889305816,0.10307811061702295
4116,5.77658165841545,238.30805362786788,45.96622889305816,0.12885031520145038
4117,4.966078098182791,208.06595977525876,45.96622889305816,0.09671424102449874
4118,4.580528484975069,227.6346672333884,45.96622889305816,0.09759551044748138
4119,5.421356794483115,233.91883859363776,45.96622889305816,0.11869954059293153
4120,5.210013031595243,216.6920619819462,45.96622889305816,0.10567144848959563
4121,4.19029215317562,208.5382997527268,45.96622889305816,0.08179108714206487
4122,4.7535713683760115,200.64736426657697,45.96622889305816,0.08927489056989789
4123,4.6531449049030185,182.9798484191607,45.96622889305816,0.07969401174117656
4124,5.641438096203747,204.60972506302232,45.96622889305816,0.10804183395635532
4125,4.5064231373191115,221.3371253299587,45.96622889305816,0.09336026631996099
4126,4.149604608690167,183.45206657291865,45.96622889305816,0.07125333143055368
4127,4.672609953793538,174.20694407756687,45.96622889305816,0.07619050304581186
4128,5.685380392393462,213.91188599217136,45.96622889305816,0.113833553401133
4129,5.340608306171979,207.4165885983933,45.96622889305816,0.10368359875284237
4130,4.756584728853372,212.72096724895388,45.96622889305816,0.09470684848466017
4131,5.472568297319061,203.07849014630776,45.96622889305816,0.10402338089914105
4132,4.941446301140844,177.8819528435305,45.96622889305816,0.08227384943715979
4133,4.167995428604873,163.30416842002268,45.96622889305816,0.06370893616901811
4134,5.42848973171251,187.89177614359184,45.96622889305816,0.09546905885107163
4135,5.416816524737386,200.63249787792668,45.96622889305816,0.10172349063906044
4136,4.893772828917598,210.31416160750265,45.96622889305816,0.09633590269162529
4137,4.366519759164904,238.37320436285475,45.96622889305816,0.09742461832638842
4138,4.660452719282924,221.53481784542262,45.96622889305816,0.096637558141196
4139,4.495735276681822,197.434477123142,45.96622889305816,0.08308059024430524
4140,4.998619076497979,184.53267691943432,45.96622889305816,0.08633744113051725
4141,4.697245130398521,194.8230229556663,45.96622889305816,0.08565630801324693
4142,5.67238600319204,200.00403843108975,45.96622889305816,0.10618921012549791
4143,4.177150461977922,177.3341459337458,45.96622889305816,0.06933433193964637
4144,5.972046953178202,167.18977591412448,45.96622889305816,0.0934563419572062
4145,5.295457504966001,176.89257942650184,45.96622889305816,0.08767766005098644
4146,4.8638609611149395,188.56157840054513,45.96622889305816,0.08584405127519133
4147,5.954354967420973,204.10178636897348,45.96622889305816,0.11375156384519536
4148,4.499827385396934,208.28605921457714,45.96622889305816,0.08772672292021512
4149,4.142794065463938,234.13180426032153,45.96622889305816,0.09078824188755588
4150,4.688485119151135,230.66964294175776,45.96622889305816,0.10122757523165074
4151,5.61841060938157,174.94309737560042,45.96622889305816,0.09199964164558251
4152,5.924598418902383,239.33417703926665,45.96622889305816,0.1327209518116069
4153,5.610581829246748,196.11950521310715,45.96622889305816,0.10299224822417127
4154,5.345088837399652,166.45215441479087,45.96622889305816,0.083276065316211
4155,5.842237973768667,177.74062861008787,45.96622889305816,0.09719452547507375
4156,5.433416419248218,224.1225259343194,45.96622889305816,0.11398149475454808
4157,5.939151179543896,225.9046818482123,45.96622889305816,0.12558144059728474
4158,5.636086007516455,216.43069299006027,45.96622889305816,0.11417533923354327
4159,5.153293280355367,163.35067126732622,45.96622889305816,0.078791910592211
4160,5.9454060534939694,195.91767079312547,45.96622889305816,0.10902622591410141
4161,5.593576536647454,190.18282383579077,45.96622889305816,0.09957188414920365
4162,4.912120242834067,196.98802354993288,45.96622889305816,0.09057006111586674
4163,5.980016672391549,176.9078550731215,45.96622889305816,0.09902055597541798
4164,5.003531408289052,172.3752333116809,45.96622889305816,0.0807285860677435
4165,4.988243990165028,203.6772052892115,45.96622889305816,0.0950968133123597
4166,4.273301093735851,215.86041370306253,45.96622889305816,0.086340060328539
4167,5.655974980287784,225.28221120952603,45.96622889305816,0.11926423548982681
4168,5.45844456994959,171.27071781868457,45.96622889305816,0.08750399296099663
4169,5.242934742004126,215.86858788110302,45.96622889305816,0.10593506842862166
4170,5.518708263681988,216.75210569662545,45.96622889305816,0.11196353721182185
4171,5.2576045481577145,218.2194161689864,45.96622889305816,0.10738834656698155
4172,5.704646795090018,205.54550980219472,45.96622889305816,0.10975204035789869
4173,4.290593529214267,225.27655658058464,45.96622889305816,0.09047096472476354
4174,5.322033513343934,214.92889342811355,45.96622889305816,0.10706518122864847
4175,4.588414115502723,171.97279085095437,45.96622889305816,0.073858110863745
4176,5.561443221102546,163.95359617688982,45.96622889305816,0.08534622246072139
4177,4.804694934685293,200.70892826673608,45.96622889305816,0.09026270800459855
4178,4.03486110299542,207.760508418896,45.96622889305816,0.07846345673318467
4179,4.239252874808605,179.31585606035696,45.96622889305816,0.07115146817712656
4180,5.98713714500051,204.82179893608276,45.96622889305816,0.114781324368302
4181,5.936544670032824,199.4107579058831,45.96622889305816,0.11080469761858
4182,5.606849520953821,163.03920316771928,45.96622889305816,0.08556315563742518
4183,4.582520963224181,182.65792447789568,45.96622889305816,0.07834636068657619
4184,4.139598870597215,236.16813347695907,45.96622889305816,0.09150722929410866
4185,5.009358311374513,207.43772947021623,45.96622889305816,0.09726255997045709
4186,5.040922346643215,179.88512693077686,45.96622889305816,0.08487525909789616
4187,5.848606148609392,213.5195023832062,45.96622889305816,0.11688688201193055
4188,4.2472020701758675,196.94312494175338,45.96622889305816,0.07829239840901105
4189,4.002947435301329,213.979456018727,45.96622889305816,0.08017294097379872
4190,5.047167059187252,232.335769704818,45.96622889305816,0.10975886471394683
4191,5.894673349788544,167.8541776653887,45.96622889305816,0.09261210326798087
4192,4.178993116188506,231.92727102890763,45.96622889305816,0.09071922310646748
4193,5.0242036649942525,197.57422964553334,45.96622889305816,0.09291233658971204
4194,5.141578200097674,197.31212553761742,45.96622889305816,0.09495679969892838
4195,5.228536268576298,235.92553908511942,45.96622889305816,0.11545983425714043
4196,5.21196557138702,185.6588145816712,45.96622889305816,0.09057179192482483
4197,4.426767927166501,237.28927034805176,45.96622889305816,0.09831973614254966
4198,5.1587989941063634,205.333422594841,45.96622889305816,0.09914803272866073
4199,4.066660710915588,233.4709728127399,45.96622889305816,0.08886826094110949
4200,4.9392059054001685,239.98000319521742,45.96622889305816,0.11094507674263439
4201,4.335730629130786,186.09640819583316,45.96622889305816,0.07552246075788019
4202,4.420150806746152,190.31454041018782,45.96622889305816,0.07873809552925196
4203,5.953268872716977,193.1822326216423,45.96622889305816,0.10764615628057762
4204,5.654201085786691,220.42145968882303,45.96622889305816,0.11665435922742237
4205,4.595898449521327,206.39232317134758,45.96622889305816,0.08878504359406977
4206,5.7034165272699635,208.906314583789,45.96622889305816,0.11152250247043533
4207,4.529859632795086,229.0536335533563,45.96622889305816,0.09711756366421699
4208,5.112330585708539,238.40070329800912,45.96622889305816,0.1140781081868849
4209,5.311251537077865,195.90826277113956,45.96622889305816,0.09739249058162235
4210,4.871811475621929,230.4084512717052,45.96622889305816,0.10506661186186803
4211,5.96118760851713,192.82824529276166,45.96622889305816,0.10759182842409883
4212,4.326037970959043,163.18212800034215,45.96622889305816,0.06607524286690507
4213,4.644744687578335,187.3583059480072,45.96622889305816,0.08145366804672391
4214,4.851726258424513,171.60206520158124,45.96622889305816,0.07792820060111304
4215,4.9853233526945875,235.46920872659624,45.96622889305816,0.10987611758184826
4216,4.464988390025374,214.78053768243345,45.96622889305816,0.08976170802975225
4217,4.075964886450224,211.50477975032805,45.96622889305816,0.08069125480216872
4218,5.875036638703099,182.5875467786448,45.96622889305816,0.10040551813613452
4219,5.632470579171031,166.59591599271835,45.96622889305816,0.08782924133309364
4220,4.716471268517955,160.5361527728608,45.96622889305816,0.07087056463764642
4221,4.710218906844728,184.78719358118252,45.96622889305816,0.08146832924401355
4222,5.385511269337761,183.56082697848814,45.96622889305816,0.09253004925543037
4223,5.64618944708461,183.31652778558146,45.96622889305816,0.09687972946009575
4224,4.446639050575746,199.5621315321877,45.96622889305816,0.08305883979935812
4225,5.31291597159124,231.0981832105952,45.96622889305816,0.11492256939558312
4226,5.62701784824117,201.96031433134013,45.96622889305816,0.10637024986026018
4227,5.956582636504025,183.72130869887334,45.96622889305816,0.10243126832810083
4228,5.998926419180409,190.81478367184476,45.96622889305816,0.10714240807351137
4229,4.524816431957186,190.6238169886922,45.96622889305816,0.08073353615491323
4230,5.171635290379182,197.91483360372618,45.96622889305816,0.09580365643254625
4231,4.100375110927218,188.48054246570567,45.96622889305816,0.0723379106006332
4232,4.98364001981599,213.06348062718766,45.96622889305816,0.09938744607307849
4233,5.906100150940475,236.47231049225658,45.96622889305816,0.13072448831752997
4234,5.028066610402844,205.52728140858724,45.96622889305816,0.0967266950062034
4235,5.396066432794158,226.8261507194825,45.96622889305816,0.114563496338676
4236,5.490454476717477,217.64093036124868,45.96622889305816,0.11184709727120666
4237,4.894549614687086,229.51597945178568,45.96622889305816,0.10514811984676897
4238,5.325094219173225,172.73586540327307,45.96622889305816,0.08609653337714712
4239,5.196753306440311,184.84472067535506,45.96622889305816,0.0899114498893435
4240,4.406133562038344,211.90794079286118,45.96622889305816,0.08739382298305093
4241,5.284500089939974,236.3773942564167,45.96622889305816,0.11691916340905109
4242,5.952442403295613,192.70304123627628,45.96622889305816,0.10736423136493087
4243,4.357037706058567,171.23665708525357,45.96622889305816,0.0698335158998759
4244,5.9485167841638535,191.67099131751883,45.96622889305816,0.10671879899206516
4245,4.685565837209183,209.6917226204682,45.96622889305816,0.09196428120572252
4246,4.114627650839898,211.74058968522434,45.96622889305816,0.08154747292760352
4247,5.751501329921924,217.94155137218274,45.96622889305816,0.11732676907183653
4248,4.834906122168246,169.29134863719466,45.96622889305816,0.07661232801669017
4249,4.482485401955012,181.23398589522105,45.96622889305816,0.07603864595621883
4250,4.769845524184058,170.6677543502538,45.96622889305816,0.07619590594606558
4251,5.151307858225789,189.30490998538784,45.96622889305816,0.09127571267023131
4252,4.992741664204997,182.81091576465536,45.96622889305816,0.08543131045578464
4253,4.907726722437668,217.01199036436455,45.96622889305816,0.09968732693717408
4254,4.1764473335234475,200.80753869109608,45.96622889305816,0.07849877345086932
4255,5.236656696637312,213.41408814790387,45.96622889305816,0.10460514297696524
4256,5.845584585643686,222.4897269443515,45.96622889305816,0.1217345237119416
4257,5.477989461898295,229.4399903077891,45.96622889305816,0.1176430178705292
4258,5.828847007396052,227.1479341244578,45.96622889305816,0.12392738804698586
4259,5.227989809764405,227.4477833944252,45.96622889305816,0.11129926334338248
4260,4.652824165637429,236.1581520947262,45.96622889305816,0.10284790061319898
4261,4.346924228115869,178.3371850162264,45.96622889305816,0.07256042635804719
4262,4.317051086680643,222.1610820429297,45.96622889305816,0.08976995732498763
4263,4.868989878616436,219.04243154412936,45.96622889305816,0.09982583977166419
4264,5.0201298715822285,192.26203793977018,45.96622889305816,0.09034088542434222
4265,5.792753479626986,194.57155786120356,45.96622889305816,0.1054970344431367
4266,5.23679949239408,228.68783190015725,45.96622889305816,0.11209464134027138
4267,4.425192182242513,192.2179220504205,45.96622889305816,0.07961627662039786
4268,4.289810552189055,203.41507180550664,45.96622889305816,0.0816764945729201
4269,5.579135853775611,164.40257380271316,45.96622889305816,0.08585219391425426
4270,4.120661669469775,219.29533767339163,45.96622889305816,0.08458088111405486
4271,5.419183509264663,192.1755733439832,45.96622889305816,0.09747828772804469
4272,4.721386173658182,182.56265872314825,45.96622889305816,0.08067840887075574
4273,4.123522000091678,201.08394374340648,45.96622889305816,0.07761069256741014
4274,5.232150505443833,229.22911465411136,45.96622889305816,0.11226021095015544
4275,5.083722664989818,172.15650948262265,45.96622889305816,0.08191834084346733
4276,4.616356249047147,222.8018939613024,45.96622889305816,0.09627068088965793
4277,5.236380237588814,221.68891667381178,45.96622889305816,0.10865532245847752
4278,4.826972458424098,165.4013787474073,45.96622889305816,0.07472910742119651
4279,5.784254828475408,187.93734283868852,45.96622889305816,0.10175045238685286
4280,4.166768038153402,206.95103175859634,45.96622889305816,0.0807128660140535
4281,5.487923623771432,198.2402954292936,45.96622889305816,0.1018300234039778
4282,5.227723668902089,193.38065211505486,45.96622889305816,0.09462404129907392
4283,5.627362226483433,222.69728792568094,45.96622889305816,0.11729936144284317
4284,5.439942276188211,161.5902975706106,45.96622889305816,0.08227832101409213
4285,5.03271019840311,222.82770028905517,45.96622889305816,0.10496558963886274
4286,4.489745601437913,180.73609737713537,45.96622889305816,0.07595257159339648
4287,5.808495825111476,227.33725528241172,45.96622889305816,0.12359762983153783
4288,5.976267827472748,199.79372911441226,45.96622889305816,0.1117603501969282
4289,4.2484719227911025,160.66027179648478,45.96622889305816,0.06388767719898904
4290,5.412266330767471,225.3338034916413,45.96622889305816,0.11415142981210025
4291,4.856572681370714,194.06375604652732,45.96622889305816,0.08821657129519307
4292,5.680541283639657,174.88386463319983,45.96622889305816,0.09298551720662954
4293,4.126883047975808,237.25557773924612,45.96622889305816,0.09164619564139738
4294,5.084791116753417,221.79006354789118,45.96622889305816,0.10555797516380934
4295,5.9094860166247685,224.83359889206218,45.96622889305816,0.12436173441619798
4296,4.935217582108253,211.84952912346438,45.96622889305816,0.09786100155544214
4297,5.264491499396973,234.04236943877552,45.96622889305816,0.11532587642869735
4298,4.282157115643202,215.65707896516372,45.96622889305816,0.08643749355348154
4299,5.725645113940684,188.7265853970881,45.96622889305816,0.10114242386503754
4300,5.416594803401651,179.9876980533839,45.96622889305816,0.09125255224352448
4301,4.17606535302898,162.03244756773984,45.96622889305816,0.06333519725714593
4302,5.059857453845187,164.13343943672544,45.96622889305816,0.07773403313137764
4303,5.184854800803815,190.04196096269249,45.96622889305816,0.09222782153378858
4304,4.013736807896201,178.11813118999868,45.96622889305816,0.06691644641550792
4305,5.476815085693884,190.30367926540129,45.96622889305816,0.0975553545530117
4306,5.451110206840795,225.1978478281883,45.96622889305816,0.11490132764961089
4307,5.593887276615432,213.64835389648823,45.96622889305816,0.11186368207853872
4308,5.4931779610911935,205.58364304376565,45.96622889305816,0.10570318547526059
4309,4.929519938864142,164.9368271346878,45.96622889305816,0.0761023577820572
4310,5.950210209656332,227.2195006906137,45.96622889305816,0.12654755501003961
4311,5.343850896561169,211.52757653093772,45.96622889305816,0.10580280324047578
4312,5.153618401959313,167.55360673287157,45.96622889305816,0.08082428805108971
4313,4.63880804659898,187.16944779614911,45.96622889305816,0.08126755795213514
4314,5.58740609149127,208.39674337778845,45.96622889305816,0.10898758104586545
4315,4.79629365975958,186.24709432159645,45.96622889305816,0.08361248291541452
4316,5.707753460832911,222.85080932017803,45.96622889305816,0.11905709195452752
4317,5.626197007524643,191.63281942244933,45.96622889305816,0.10091614994866968
4318,4.958483270564357,205.8622052855998,45.96622889305816,0.09554353856893233
4319,4.383628941855261,188.9824151024114,45.96622889305816,0.07754093421465787
4320,4.982251558763301,213.6300195688765,45.96622889305816,0.09962395541239465
4321,4.898999608845977,172.36835136475997,45.96622889305816,0.07903888068149284
4322,4.850214005434636,202.50954484533753,45.96622889305816,0.09193528942818946
4323,5.301548536461548,228.30448218655448,45.96622889305816,0.11329037866259001
4324,4.4649945594537455,204.77825080543036,45.96622889305816,0.08558164140932963
4325,4.834749147509018,214.9559800080429,45.96622889305816,0.09727457136657164
4326,5.748537850043034,198.1673894122874,45.96622889305816,0.10662656834051834
4327,5.688347332640541,160.16171398477064,45.96622889305816,0.08527479091900772
4328,5.824448363496983,223.07915707501803,45.96622889305816,0.12161569973490989
4329,4.267675457417367,214.0242043805367,45.96622889305816,0.0854929150291097
4330,5.0284616132711335,237.65611554064293,45.96622889305816,0.11185617962893163
4331,4.608695461066506,208.72055833948565,45.96622889305816,0.09003660025000255
4332,5.045717280332718,177.69023791306088,45.96622889305816,0.08391939229293638
4333,5.627341982520987,219.44178877443125,45.96622889305816,0.11558420552857084
4334,5.0882676371562034,235.52391586505496,45.96622889305816,0.11217105608646225
4335,5.85332882277902,225.4392247630425,45.96622889305816,0.12351174377166843
4336,4.30476235743803,231.53230458561103,45.96622889305816,0.093290329015511
4337,4.611621691358097,205.60623862828749,45.96622889305816,0.08874947857808071
4338,5.949491957384793,178.47675295439777,45.96622889305816,0.09938878618802721
4339,4.399505517701568,228.15465536131003,45.96622889305816,0.09395265345816947
4340,4.0261173387366425,173.9385241743856,45.96622889305816,0.06554779059373801
4341,4.654654842598046,219.06267766904497,45.96622889305816,0.09544028396242533
4342,4.960929657837751,191.46628553685278,45.96622889305816,0.08890603248344726
4343,5.837488533896701,220.47284762658555,45.96622889305816,0.12046392259721797
4344,5.265661655639174,187.20261423794815,45.96622889305816,0.09226579074599724
4345,5.717767851795785,180.2471955372397,45.96622889305816,0.09646524763379505
4346,5.891837104876398,180.83749707362398,45.96622889305816,0.09972753103978281
4347,5.640170797063178,233.13691871905834,45.96622889305816,0.12307763900732269
4348,4.453022704429218,178.35448405896676,45.96622889305816,0.07433867066664523
4349,4.1571970296423055,187.30655650870375,45.96622889305816,0.07288353636880791
4350,5.000515706609604,166.8766637331627,45.96622889305816,0.07810633378681749
4351,4.292661054796472,193.7725154058743,45.96622889305816,0.07785645476288904
4352,4.360275195523217,221.879409926455,45.96622889305816,0.09055381490996718
4353,4.644904187839904,163.70716091957001,45.96622889305816,0.07117382163852716
4354,4.309046309053645,184.57922678343263,45.96622889305816,0.07444573680015819
4355,4.291582657389295,177.2440967928411,45.96622889305816,0.07119755996378561
4356,4.413189831744891,193.4947531351578,45.96622889305816,0.07992776161020139
4357,5.048157832205232,209.8058693923918,45.96622889305816,0.09913486216756175
4358,5.818767443570227,215.0456266779527,45.96622889305816,0.11712172599464951
4359,4.397174625581899,195.9352344809587,45.96622889305816,0.08064215090728159
4360,5.45902017488252,204.4104072864103,45.96622889305816,0.1044464182943189
4361,4.338707870005151,223.00029214249673,45.96622889305816,0.09056110026900441
4362,4.393293121450251,187.5449155287145,45.96622889305816,0.07712076409645326
4363,5.467321676780335,237.54842656486684,45.96622889305816,0.12156334274851961
4364,5.780751310549862,237.58516479462025,45.96622889305816,0.12855218245774686
4365,4.793490674032397,194.867825072201,45.96622889305816,0.08743148876148076
4366,4.325741417386881,197.80955652556057,45.96622889305816,0.08009099199668257
4367,5.560864320550694,165.51394608205143,45.96622889305816,0.08614949590926724
4368,4.638026898410865,234.0454947631627,45.96622889305816,0.10160367049529685
4369,4.365116761344101,183.7700211353247,45.96622889305816,0.07508382331229822
4370,5.870118360011947,187.5837339756302,45.96622889305816,0.10306658427155474
4371,5.661826368483485,182.96790005684755,45.96622889305816,0.09696328023357241
4372,4.5140233154163765,174.96724198993005,45.96622889305816,0.07392586123509383
4373,4.125334423432418,193.22879436115826,45.96622889305816,0.07461168595699384
4374,5.426831914570735,200.4275142399555,45.96622889305816,0.10180744992620008
4375,4.814662877441391,176.35492149792904,45.96622889305816,0.07947477661875986
4376,5.367014457180774,180.22849684972334,45.96622889305816,0.09053824555043656
4377,4.064158896288804,237.16321857429196,45.96622889305816,0.09021813883441582
4378,5.884980856351717,177.15673268146503,45.96622889305816,0.09758398856583689
4379,4.477177027550919,206.40824727162402,45.96622889305816,0.08649821821507447
4380,4.854833184413952,231.0231172562983,45.96622889305816,0.10497976594771839
4381,4.853818498801943,170.86639001351307,45.96622889305816,0.07762757602121471
4382,5.093310668282639,169.06010405379743,45.96622889305816,0.0805966791138456
4383,4.894420053953796,206.18232747545355,45.96622889305816,0.0944557771591258
4384,5.8906826008331485,183.46852322379357,45.96622889305816,0.10115865279514363
4385,5.298849681256657,160.0142906239973,45.96622889305816,0.07936266058058317
4386,5.742889787068918,185.36771834649102,45.96622889305816,0.09964154084454939
4387,4.4816449578353765,168.20004653357017,45.96622889305816,0.07055688654657401
4388,5.570497902974603,164.52567638440712,45.96622889305816,0.08578345794265897
4389,5.2357482348425215,185.2425628444873,45.96622889305816,0.09078108824591627
4390,5.422281390711523,237.26436692934553,45.96622889305816,0.12041772551452243
4391,4.549732142923762,209.5771660638542,45.96622889305816,0.0892494690856319
4392,4.741072420387052,200.75461304852246,45.96622889305816,0.08908774610016756
4393,4.166584074372095,176.34898071254287,45.96622889305816,0.06877473918762404
4394,5.588471599929489,187.59498189278884,45.96622889305816,0.09812735979669203
4395,4.002018673191348,185.66806942061623,45.96622889305816,0.06954920676631453
4396,5.339363862349222,237.7270732605498,45.96622889305816,0.11880754180489822
4397,5.708236286767319,220.5492537899574,45.96622889305816,0.1178374629279079
4398,5.858632416469027,212.75433331358644,45.96622889305816,0.1166676670125939
4399,5.0383531138920805,203.1674822666143,45.96622889305816,0.0958117227836755
4400,5.888471379901869,160.17089358545098,45.96622889305816,0.08827993725138769
4401,5.031325167791754,221.5262788718309,45.96622889305816,0.10432382147133311
4402,4.0762184515007185,225.85441169214982,45.96622889305816,0.08617114773936684
4403,5.687947657763373,201.88735225853858,45.96622889305816,0.10748319120966993
4404,5.657561609896549,171.41077911674475,45.96622889305816,0.09077019526723375
4405,5.8861282110377555,163.9075423378043,45.96622889305816,0.09030348371832046
4406,4.074502825702993,201.92172372281613,45.96622889305816,0.07700758733111496
4407,5.470486031679514,216.00443893801787,45.96622889305816,0.11060237129677608
4408,5.100423102519371,222.68964039098913,45.96622889305816,0.10631194578032482
4409,5.21543377015014,228.0160473714952,45.96622889305816,0.11130936276072134
4410,4.231580772771639,238.51396422457847,45.96622889305816,0.09446964743270515
4411,5.7614522295661486,231.62169649788004,45.96622889305816,0.1249070789962574
4412,4.72721645495953,235.7492522237329,45.96622889305816,0.10431137287176227
4413,4.283004522181923,166.23106580949732,45.96622889305816,0.06664024285674891
4414,4.797433675220021,234.6466862610094,45.96622889305816,0.1053656991922723
4415,5.935731916618352,199.4821669971997,45.96622889305816,0.11082920148532165
4416,5.503841385947039,203.059024900692,45.96622889305816,0.10460779664760163
4417,4.226910936433089,212.25092621868419,45.96622889305816,0.08397471525784932
4418,4.293732252183258,212.4961900171888,45.96622889305816,0.08540080328921223
4419,4.480885063248218,181.0663974945107,45.96622889305816,0.07594121021660014
4420,5.349856567484188,197.1952245262425,45.96622889305816,0.09874483323197103
4421,5.6604750056441295,214.42200857189792,45.96622889305816,0.11360516732896399
4422,4.589999490637017,222.16932920017732,45.96622889305816,0.0954492652960687
4423,4.129354658992004,218.7862766157254,45.96622889305816,0.0845625578303993
4424,4.770781596784554,184.1689007110374,45.96622889305816,0.08223973076706743
4425,5.0453225915965625,232.56953663563195,45.96622889305816,0.10982914837173849
4426,4.513499842421242,239.9509040674483,45.96622889305816,0.10137051921646377
4427,5.177756334160349,180.16896543460666,45.96622889305816,0.087316725787027
4428,5.382207751561605,218.83133534897277,45.96622889305816,0.110241678399823
4429,5.063036105770988,170.4468390540308,45.96622889305816,0.08077478762294084
4430,5.630214216480961,224.81935539408195,45.96622889305816,0.11847711385035357
4431,5.530460429751455,220.4565473427273,45.96622889305816,0.11411957340188322
4432,4.762651850389965,199.41829348716854,45.96622889305816,0.0888975270591663
4433,5.322921655391628,173.2556467232418,45.96622889305816,0.08632037548948557
4434,5.208451660999335,168.8158636359437,45.96622889305816,0.08229960323747777
4435,5.695653595931558,169.58616304362536,45.96622889305816,0.09040861808406421
4436,5.544829423657854,177.7599257366797,45.96622889305816,0.092256696471137
4437,5.856732798305239,212.6370239392362,45.96622889305816,0.11656553053756487
4438,4.862288911768023,163.49080892480936,45.96622889305816,0.07440634163767756
4439,5.21434198784551,190.2429555122026,45.96622889305816,0.0928504353646681
4440,5.596592722511815,223.4176010227858,45.96622889305816,0.11703531714874003
4441,5.374066295808985,181.42577726978897,45.96622889305816,0.09125945289082635
4442,4.345913338490441,199.76473712241273,45.96622889305816,0.0812597980540629
4443,4.904705284837676,213.83558862316247,45.96622889305816,0.09816773069435905
4444,5.065628377462114,199.59462470540225,45.96622889305816,0.0946363574423205
4445,4.961589747365017,200.33958815743222,45.96622889305816,0.09303866644112779
4446,5.744324287716858,173.66953320980838,45.96622889305816,0.09337668141237244
4447,4.037524920013932,177.74812198852646,45.96622889305816,0.06717320738054335
4448,4.6205686816436025,208.99344039824888,45.96622889305816,0.09038657584692196
4449,5.685263405137328,217.044466770919,45.96622889305816,0.11549818465101545
4450,5.996588679721038,160.05670677950155,45.96622889305816,0.08983674048841955
4451,4.380239561563162,166.96753839139035,45.96622889305816,0.06845509168606217
4452,5.3271810661301355,194.1572757520533,45.96622889305816,0.09681150615905304
4453,4.622596609939969,185.0125068229592,45.96622889305816,0.08005029428787831
4454,5.785954046688743,166.04069367170305,45.96622889305816,0.08992187787630493
4455,4.626801444169068,199.99121882465369,45.96622889305816,0.08660992018339814
4456,4.823172012361719,215.0019533189338,45.96622889305816,0.09706239540045195
4457,5.214976272476831,224.0377330068787,45.96622889305816,0.10935769682170682
4458,5.688330720021552,191.9951641170702,45.96622889305816,0.10222355427735766
4459,5.7321435040671584,210.57338523839277,45.96622889305816,0.11297865031349687
4460,5.7207519730787375,197.22977681184992,45.96622889305816,0.10560912662161083
4461,4.051134413620654,212.6378859754806,45.96622889305816,0.08062934794338664
4462,5.93201350861212,234.4228361564071,45.96622889305816,0.13016010672353265
4463,4.304079720510406,199.16409764988262,45.96622889305816,0.08023561919087027
4464,5.745613079893899,193.3225033269867,45.96622889305816,0.10396679003131512
4465,5.036326435584851,239.80789882236647,45.96622889305816,0.11304548052418685
4466,4.965285942082776,175.20228304481205,45.96622889305816,0.0814253949309727
4467,4.077346875052079,196.90932185911987,45.96622889305816,0.07514840812292484
4468,5.029208549039006,233.59468598887014,45.96622889305816,0.10996094227110484
4469,5.583975407567607,165.0292486664163,45.96622889305816,0.08625420330533397
4470,5.633628110775471,165.56261950426637,45.96622889305816,0.08730242607835553
4471,4.028098572514924,203.75681906380203,45.96622889305816,0.07682243886823734
4472,5.059583608232045,185.31551997086444,45.96622889305816,0.08776117276950665
4473,4.921112439018705,233.62976367671396,45.96622889305816,0.10761363626405906
4474,5.35277657951681,187.39293426096134,45.96622889305816,0.09388758690595507
4475,5.867903311909331,173.03783699662912,45.96622889305816,0.09503856618030658
4476,4.350369815251868,178.64034099053669,45.96622889305816,0.07274138482087139
4477,4.464982011815386,165.67935338560358,45.96622889305816,0.06924109913097855
4478,4.619321619602723,203.8922139782985,45.96622889305816,0.08815657145243072
4479,4.445564015842813,168.5471838914615,45.96622889305816,0.07013329087560333
4480,5.300934855735541,193.5990574426876,45.96622889305816,0.09605756081708186
4481,5.306679863123403,179.84304316584243,45.96622889305816,0.08932898105267845
4482,5.5121763565909365,237.82191350995348,45.96622889305816,0.12270176836901384
4483,4.522470006585111,211.14940151249834,45.96622889305816,0.08938021577927556
4484,5.53011700928314,203.4620317221722,45.96622889305816,0.10531580364584045
4485,4.5822742161378045,177.15414907943173,45.96622889305816,0.07598156806735681
4486,5.293185034565309,198.3914441521469,45.96622889305816,0.0982914775288939
4487,5.674575484915916,167.14831348940675,45.96622889305816,0.08877919958594183
4488,4.065446112841314,189.66801926487295,45.96622889305816,0.07217356645050452
4489,4.948723927509966,211.16541014830528,45.96622889305816,0.09781193615201182
4490,4.228098817748519,206.9833915339998,45.96622889305816,0.08191368741240204
4491,5.62606996159478,232.76396140989877,45.96622889305816,0.12257353662185153
4492,5.79952074127276,201.47763164480887,45.96622889305816,0.10936913865944807
4493,5.798494084029341,203.00883033900098,45.96622889305816,0.11018081896159226
4494,4.146716849101787,237.89375284555385,45.96622889305816,0.09233434390945885
4495,4.005210238449135,182.86344808394438,45.96622889305816,0.06855325350156745
4496,4.092760340978174,203.49343351164907,45.96622889305816,0.0779547463649095
4497,5.134864239137554,211.03445557029738,45.96622889305816,0.10142807492692207
4498,4.2807202312323875,161.39387123890987,45.96622889305816,0.06466655611815203
4499,4.531364096187132,164.11967870440884,45.96622889305816,0.06960901143071549
4500,4.070569399988357,181.1159646785732,45.96622889305816,0.0690061417035094
4501,5.997670297803978,224.27121854506166,45.96622889305816,0.12590181172483397
4502,4.723501005302011,190.0875532406597,45.96622889305816,0.08404145089026857
4503,5.859694139530839,212.95830094714285,45.96622889305816,0.1168006795510855
4504,5.673936419814327,229.1562461292047,45.96622889305816,0.1217004020613043
4505,4.338581829958796,161.28863409002193,45.96622889305816,0.06549790452583643
4506,4.536512365935819,207.5528318391934,45.96622889305816,0.08813057649771947
4507,5.817084875942975,184.689096956247,45.96622889305816,0.10055936148857822
4508,5.700257064382911,212.9750733717822,45.96622889305816,0.11363158558673726
4509,5.309026242617798,217.30282966931864,45.96622889305816,0.10798317740897091
4510,5.023066397328989,213.8876306937106,45.96622889305816,0.10056119772272096
4511,5.586553150890609,207.15081697943128,45.96622889305816,0.10831944701504212
4512,4.078441814848025,200.84765259091347,45.96622889305816,0.07667201549974363
4513,5.19395244634163,230.02845198398808,45.96622889305816,0.11182924030921466
4514,4.010455011932709,163.88576873998733,45.96622889305816,0.06151920864595527
4515,4.735879303048885,224.23738289385406,45.96622889305816,0.09939956650573731
4516,4.968645561300905,184.4203545278242,45.96622889305816,0.08576749358781674
4517,5.386510841495014,200.34898935975303,45.96622889305816,0.10101143550596706
4518,5.147434994406478,194.26664688966434,45.96622889305816,0.09359765405133294
4519,5.450106527329458,161.2467447352689,45.96622889305816,0.08225679720888077
4520,4.003360405132541,214.6264027901518,45.96622889305816,0.08042363248852502
4521,4.053316378634238,186.97508062500813,45.96622889305816,0.07093655306653994
4522,4.732659962399484,209.10481934714915,45.96622889305816,0.09262861980550118
4523,5.5448586658032735,225.74582216918841,45.96622889305816,0.11716180429109918
4524,4.5603092779956755,172.9844631494839,45.96622889305816,0.07383754425057122
4525,5.961600419543396,163.49967535261393,45.96622889305816,0.09123376702540018
4526,5.627629141297423,161.610096228643,45.96622889305816,0.08512748590920838
4527,4.970233722240767,211.31942697525292,45.96622889305816,0.09830872978215095
4528,4.9554321671341635,205.1764733414874,45.96622889305816,0.09516668577956766
4529,4.050731304615753,172.33786245424002,45.96622889305816,0.06534163344514608
4530,5.106594472649756,226.216720799496,45.96622889305816,0.10812644444680969
4531,5.0968487836454,199.95861723025288,45.96622889305816,0.09539326695688269
4532,5.976363883783962,191.18591275822058,45.96622889305816,0.10694704027143247
4533,4.770959502676751,165.92162133067987,45.96622889305816,0.07409425944839636
4534,5.566360622286705,165.41754854314686,45.96622889305816,0.08618442098252425
4535,4.272311192421365,164.54061176929773,45.96622889305816,0.06579787006445603
4536,4.384768667237659,195.11134309492962,45.96622889305816,0.08007649451804846
4537,4.083996541423106,192.91534433600864,45.96622889305816,0.07374422007161419
4538,4.962108050678068,168.86382747814196,45.96622889305816,0.07842936420985541
4539,4.110272168407439,185.15151647648088,45.96622889305816,0.07123176451045614
4540,5.301068311395674,208.57143355604953,45.96622889305816,0.10348897263928168
4541,4.253223052076371,167.35296779462612,45.96622889305816,0.06662349724282185
4542,4.373775592755023,229.94866029037135,45.96622889305816,0.09413762323349988
4543,5.863323478912196,201.7286760538759,45.96622889305816,0.11071012517852633
4544,5.804544898617071,170.51201660701065,45.96622889305816,0.09264009981555886
4545,5.314464142730498,211.90061595511756,45.96622889305816,0.10540653788957556
4546,4.8986578408282435,219.0233978700174,45.96622889305816,0.10042537614415534
4547,4.949984226995087,228.51756832808107,45.96622889305816,0.10587642238510957
4548,4.2717021873490335,161.3853536836796,45.96622889305816,0.06452691975631247
4549,4.756239639438478,170.28883965027063,45.96622889305816,0.07580987194234896
4550,4.358260337029742,163.8202840937908,45.96622889305816,0.06682772739866304
4551,4.861207569261169,218.978734428552,45.96622889305816,0.09963730121073847
4552,5.1133413002067085,188.53477505073798,45.96622889305816,0.09023439220774243
4553,4.023417357949359,200.7251058794404,45.96622889305816,0.07559144191605835
4554,4.655411906554916,179.1099024482296,45.96622889305816,0.07804652286032576
4555,4.903090830236947,173.605377989447,45.96622889305816,0.07967259489382848
4556,4.643233702535272,234.0940636545481,45.96622889305816,0.1017388425385084
4557,5.221706404178201,239.18024481691722,45.96622889305816,0.11689975590821489
4558,5.255761359791404,167.75813477768943,45.96622889305816,0.08252681323117222
4559,5.331633270795651,229.26975637806376,45.96622889305816,0.11441497963825782
4560,5.8254131956388715,204.3619774814927,45.96622889305816,0.11143014108478586
4561,4.240256487125478,211.44534869052146,45.96622889305816,0.08392012307242129
4562,4.285949961476059,164.48290958730504,45.96622889305816,0.06598477267285927
4563,4.423447410887335,167.76265659615586,45.96622889305816,0.06945955744701605
4564,4.890803531652171,235.51310344475698,45.96622889305816,0.10781300257209901
4565,5.320791575212443,215.55807638111446,45.96622889305816,0.10735354625838656
4566,5.607210093948532,179.13865682394987,45.96622889305816,0.09401821273350171
4567,5.144831975306566,217.03485660092196,45.96622889305816,0.10451449663167228
4568,4.608115526492217,191.0054459551642,45.96622889305816,0.08238439508369261
4569,5.402679167187166,224.67696382423935,45.96622889305816,0.11361706684848774
4570,4.723267343218618,210.0551133123089,45.96622889305816,0.09286490837371315
4571,5.328616751938518,234.30996630959714,45.96622889305816,0.11686409388795671
4572,5.574925415019319,175.5621295711089,45.96622889305816,0.09161060482649927
4573,5.251296932190444,236.61873573713655,45.96622889305816,0.11630317056463932
4574,4.756533477961587,221.22304432325214,45.96622889305816,0.09849105081692407
4575,5.078417177046606,195.02472247742085,45.96622889305816,0.09270302189410844
4576,5.140528016488158,194.01030277696404,45.96622889305816,0.09334872115099449
4577,4.6360567110821,220.88947803802205,45.96622889305816,0.09585165536533963
4578,5.065367835507792,234.78954005014532,45.96622889305816,0.11131804796895194
4579,4.017481943439522,221.54804523388893,45.96622889305816,0.08331010939662571
4580,4.314675475830268,220.89704812521936,45.96622889305816,0.08921007353505148
4581,5.740462741318528,222.72474312762105,45.96622889305816,0.11967163317662426
4582,5.187684248365511,169.81670852814972,45.96622889305816,0.08245743142485508
4583,5.920783933835738,186.1079694376972,45.96622889305816,0.10313831505795573
4584,4.056459977201498,160.15032016064112,45.96622889305816,0.06080661887673175
4585,5.477246412355054,226.64136469233816,45.96622889305816,0.11619228831466115
4586,5.60607652353418,204.72308806925298,45.96622889305816,0.10742409267880301
4587,5.263766594290081,232.5448567478233,45.96622889305816,0.11457218903112822
4588,5.327253507231842,188.09515143773748,45.96622889305816,0.0937900599657832
4589,5.900804922875371,237.24658425704058,45.96622889305816,0.13103492803308756
4590,5.255783861976585,205.28800912984707,45.96622889305816,0.10098966434936671
4591,5.873710596213684,222.24591258576152,45.96622889305816,0.12218620487300766
4592,4.237433282964753,236.65351726449737,45.96622889305816,0.09386240671896708
4593,5.448733071817248,219.12102560670013,45.96622889305816,0.11175203323007016
4594,4.801865819370875,160.67571466027348,45.96622889305816,0.07221644560074253
4595,4.543463711789857,186.4889761958875,45.96622889305816,0.07930783186511865
4596,4.911775103446405,216.10665495657972,45.96622889305816,0.0993533381104503
4597,4.901215072242751,189.77032277006325,45.96622889305816,0.08705784355866054
4598,4.496246401960204,221.47994552253763,45.96622889305816,0.09320953900396806
4599,5.575007542813492,189.05680823557432,45.96622889305816,0.09865375714898222
4600,4.435123378309493,177.60376930247813,45.96622889305816,0.07372821730335109
4601,5.325631158746086,221.8061217057722,45.96622889305816,0.11056571070076461
4602,5.569968611104156,229.65321577100318,45.96622889305816,0.11972948862734661
4603,5.508940203591248,198.8746767246974,45.96622889305816,0.10254710251514645
4604,4.534726134441057,189.9026440338973,45.96622889305816,0.08060424679943733
4605,4.567461797725418,167.95925843863787,45.96622889305816,0.07180500567172318
4606,4.287802813590123,161.01557879606793,45.96622889305816,0.06462172564788304
4607,4.393478338436019,226.81672960064162,45.96622889305816,0.09327374674444185
4608,5.074254537397523,191.15533764532492,45.96622889305816,0.09078927056732945
4609,4.474772758843937,207.189385523078,45.96622889305816,0.08677893914916256
4610,5.946783955683029,187.83744858797587,45.96622889305816,0.10455388871048885
4611,5.69501955263932,235.13397627746627,45.96622889305816,0.12533906664770406
4612,5.573861433151468,207.31488483301354,45.96622889305816,0.10815895968592784
4613,4.604068578965221,162.6707969240418,45.96622889305816,0.07010148645238877
4614,5.4731773964058315,236.47732455596403,45.96622889305816,0.12114482772808056
4615,5.378394224348644,162.89778679700865,45.96622889305816,0.08200562906654428
4616,4.2788918928736015,191.43640912390487,45.96622889305816,0.07667110142650393
4617,5.9785775068359985,166.7916687093064,45.96622889305816,0.09333575960652223
4618,4.635767065519887,204.15048227643106,45.96622889305816,0.08858248608896677
4619,4.223916105202583,169.40844506507196,45.96622889305816,0.06697707676617526
4620,4.13739321311769,200.22249118937086,45.96622889305816,0.07753816288861527
4621,4.573038747201525,163.1601477794183,45.96622889305816,0.06983848664155648
4622,5.003648564525681,218.43603579562892,45.96622889305816,0.10230266189047123
4623,5.337681842953288,214.74452420854644,45.96622889305816,0.10728787190861387
4624,5.101264618767543,222.4989397416577,45.96622889305816,0.10623843070002956
4625,4.124761570865697,175.25708113652115,45.96622889305816,0.06766284782031971
4626,5.40660790068606,186.8594786691068,45.96622889305816,0.0945618273934281
4627,4.477693843443099,162.16371460775304,45.96622889305816,0.06796478206711434
4628,5.736956331111057,227.0379714782421,45.96622889305816,0.12191464844907311
4629,4.120944011847931,184.35123433320862,45.96622889305816,0.07110802438292695
4630,4.429106673746569,176.5427826533061,45.96622889305816,0.07318835005730491
4631,4.516160034888174,183.76301859926073,45.96622889305816,0.07767893956571363
4632,5.413049954946273,237.5881167904587,45.96622889305816,0.12037674588155071
4633,4.090876540834959,185.83131373371393,45.96622889305816,0.07115593323438209
4634,5.334838331908844,184.47405782188306,45.96622889305816,0.09211543613166492
4635,4.382250692661646,173.4259911576757,45.96622889305816,0.07113564150041765
4636,5.195889092638195,172.0844001899952,45.96622889305816,0.08369070446509178
4637,4.193094639504595,219.9754912991717,45.96622889305816,0.08633458579720539
4638,4.687521934262751,231.56301069674896,45.96622889305816,0.10159874635294153
4639,4.992785931619761,170.5427686110999,45.96622889305816,0.07969885895658807
4640,4.3855242526211455,230.51755108214965,45.96622889305816,0.09462401310263627
4641,4.251126832165681,185.24221448859976,45.96622889305816,0.0737088906960691
4642,4.6068410682134155,239.0180183409121,45.96622889305816,0.10306464694680034
4643,5.948861760116782,215.36552390684753,45.96622889305816,0.11991842269214764
4644,4.471025281838714,174.3424445119687,45.96622889305816,0.07296021505754983
4645,4.120190156393226,164.90410820085285,45.96622889305816,0.06359523612230483
4646,5.8816221340678405,208.28127712090964,45.96622889305816,0.1146629736370179
4647,4.396611389472996,222.5057684945484,45.96622889305816,0.09156620266434325
4648,4.152834052652158,201.79115362799712,45.96622889305816,0.07843728431544497
4649,4.391562529266828,195.89017054727523,45.96622889305816,0.08052070411261679
4650,4.458137906929451,170.92007307886553,45.96622889305816,0.07132182004097677
4651,5.853708501537974,233.594145099632,45.96622889305816,0.12798789429621418
4652,4.986582489190447,222.89567344206554,45.96622889305816,0.1040352451727955
4653,4.403507685748254,191.75713795733455,45.96622889305816,0.07903621728215093
4654,4.45108519072064,166.70117437199755,45.96622889305816,0.06945130562974694
4655,4.847749558710096,219.59236686102722,45.96622889305816,0.09963989563756648
4656,5.489612420196818,195.47101127199116,45.96622889305816,0.10043842454260572
4657,4.89264146580097,208.23212505459782,45.96622889305816,0.09536016012625238
4658,5.866227225962851,172.0048875857173,45.96622889305816,0.09444424902625576
4659,4.809825654214131,232.45447359926544,45.96622889305816,0.10465092991590946
4660,5.097412078287666,223.43199849740935,45.96622889305816,0.10660337698763811
4661,4.925261332533003,233.68413996602945,45.96622889305816,0.10772943092504564
4662,5.780530185167673,195.6760141817835,45.96622889305816,0.10587199956756672
4663,4.010021093089415,205.29283933458137,45.96622889305816,0.0770541984568407
4664,4.407839954713549,179.24443699231463,45.96622889305816,0.0739515620408629
4665,4.859478400578401,195.99912578445353,45.96622889305816,0.08914964931117657
4666,5.721318777201687,162.50310072007704,45.96622889305816,0.08702291908470643
4667,4.590159623380868,210.58546413677476,45.96622889305816,0.09047571574874444
4668,5.243961846178313,185.42134449183837,45.96622889305816,0.09101125387994193
4669,4.355888917891887,182.1612868330694,45.96622889305816,0.07426919734276465
4670,5.784670051245747,181.028995178329,45.96622889305816,0.09801726543790185
4671,4.983504524386167,235.38512083213456,45.96622889305816,0.10979680745031592
4672,4.236836218800974,229.65880830605383,45.96622889305816,0.09107530445499024
4673,5.486751522542558,198.83375486124632,45.96622889305816,0.10211305171558577
4674,5.897888309846604,165.952927503845,45.96622889305816,0.09161304339187244
4675,5.709184716260442,175.8145826788096,45.96622889305816,0.09395174209127312
4676,4.708399529538641,169.78824283928643,45.96622889305816,0.07482673062125247
4677,4.9905783769018255,173.5270708542793,45.96622889305816,0.08105764189652787
4678,4.510209623770645,164.76998707384715,45.96622889305816,0.06955857617988523
4679,4.610197064298649,173.1084671459657,45.96622889305816,0.07469880416309098
4680,5.3706940732895685,211.05418343180878,45.96622889305816,0.10609629751657731
4681,5.330922658375773,214.08104829097053,45.96622889305816,0.10682095423551298
4682,4.206322505935995,177.10634618847706,45.96622889305816,0.06972885596820153
4683,5.474947706683307,198.57484894774794,45.96622889305816,0.10176069513649635
4684,5.260196873405348,164.52826736976652,45.96622889305816,0.08100622086385095
4685,4.772622511784788,195.040361819166,45.96622889305816,0.08712793641472147
4686,5.384702306595863,232.96489549259726,45.96622889305816,0.11741620270675024
4687,5.149069391694109,220.88899674530657,45.96622889305816,0.1064580914688668
4688,5.286993855986657,232.79242321361497,45.96622889305816,0.11520026961305879
4689,5.621571105698305,179.78451335997548,45.96622889305816,0.0945988454320855
4690,4.444606621706779,232.9515254126755,45.96622889305816,0.09691137072731767
4691,5.194897394328499,195.9693812536199,45.96622889305816,0.0952886215047872
4692,5.400279590869542,182.53729581187275,45.96622889305816,0.09226642774240688
4693,5.6171904595844255,202.21938544851207,45.96622889305816,0.10632068953126056
4694,5.741962918577086,211.49594492156317,45.96622889305816,0.11366801532862192
4695,4.520436243101814,237.23672650761262,45.96622889305816,0.10037790329110549
4696,4.804861897212001,221.2746469823654,45.96622889305816,0.09951496964179093
4697,4.511066986324781,193.36627760322213,45.96622889305816,0.08164617843698863
4698,5.47656931611875,215.7007340315804,45.96622889305816,0.11056968200880996
4699,5.877987268926947,223.82576304604817,45.96622889305816,0.12314437065614088
4700,4.648367359588193,229.063509826562,45.96622889305816,0.09966259764400684
4701,5.842138609767521,236.3277330073404,45.96622889305816,0.12922971736531091
4702,5.800919553417287,215.6294144601984,45.96622889305816,0.11707945578895036
4703,5.59163004429182,211.8282185740724,45.96622889305816,0.11086592692103117
4704,4.63942908801355,225.28765479173143,45.96622889305816,0.09783129084872029
4705,4.455136499098844,194.50428430618518,45.96622889305816,0.08110843755239945
4706,4.687002448828697,173.77187833438234,45.96622889305816,0.07623431892562006
4707,5.597818233966237,197.75412475696825,45.96622889305816,0.10361441801005691
4708,5.053974832067881,200.16321412473928,45.96622889305816,0.09468761763167428
4709,5.378736591659034,174.07170134991233,45.96622889305816,0.08763635365272372
4710,5.001614796783162,180.8199568727773,45.96622889305816,0.08465106984502672
4711,5.943313930441326,164.81413765747735,45.96622889305816,0.09168514620158644
4712,5.8568024650418025,164.79324418682842,45.96622889305816,0.09033911441340106
4713,4.218533218282025,232.5011584591202,45.96622889305816,0.09180417731929252
4714,5.295704289641317,185.95321081978287,45.96622889305816,0.09217290103734027
4715,5.176727970639806,173.2922105954257,45.96622889305816,0.08396730891276101
4716,4.129734301144196,163.93828939765638,45.96622889305816,0.06336921960686355
4717,4.5400456475666,174.35196932756293,45.96622889305816,0.07409056819228903
4718,4.806639255000922,230.13336665032367,45.96622889305816,0.103537331728924
4719,4.7571097826574205,191.8851405152739,45.96622889305816,0.08543982836299277
4720,4.241546000944586,239.0962364403245,45.96622889305816,0.09492328736414408
4721,4.290491966143837,187.06464902042913,45.96622889305816,0.07512330138502811
4722,5.89148395898825,196.39400742817926,45.96622889305816,0.10830008071626468
4723,4.676203225686777,217.21296432231162,45.96622889305816,0.09507251187017816
4724,4.066055717816557,185.6957612668738,45.96622889305816,0.07067261559135685
4725,5.160463934015032,239.2807237899516,45.96622889305816,0.11557723743287822
4726,5.935091472902254,210.0949875391863,45.96622889305816,0.1167129259024557
4727,4.6802253725635365,204.00424038221166,45.96622889305816,0.08936795293427457
4728,5.867738553838042,213.37381772486683,45.96622889305816,0.1171892382938608
4729,4.298409615489331,237.72352072590627,45.96622889305816,0.09564357510079752
4730,5.804411463031161,177.34221803678972,45.96622889305816,0.09634877022439785
4731,5.313691186207273,230.25810129571016,45.96622889305816,0.11452151350297352
4732,4.441040114504665,233.89136579328175,45.96622889305816,0.09722427978970966
4733,4.360099491908231,188.57357570339747,45.96622889305816,0.07695787803085528
4734,5.886247870315478,235.7333057237779,45.96622889305816,0.1298779249977158
4735,4.0465681537718465,229.31147805218598,45.96622889305816,0.08685373548199865
4736,5.387446501225468,229.73764825035826,45.96622889305816,0.11584865347531256
4737,4.923830710883341,238.52060465796066,45.96622889305816,0.10992712333761578
4738,5.496463507770936,220.74872879489112,45.96622889305816,0.1135683742946634
4739,4.853877471217889,191.38573491691574,45.96622889305816,0.08695092809760517
4740,4.411115630368373,164.65945203809108,45.96622889305816,0.06798466420884357
4741,5.802926043569676,207.2554344069468,45.96622889305816,0.11257159286799676
4742,5.116231210252549,187.04213587019746,45.96622889305816,0.08957059611284324
4743,5.479399081004563,192.55049117915354,45.96622889305816,0.09875370814115332
4744,5.618643695696778,166.38590815510057,45.96622889305816,0.08750318933382989
4745,4.4948630886287075,182.67276426915058,45.96622889305816,0.07685393652248626
4746,4.04666038421872,213.07531389779246,45.96622889305816,0.08070598519824344
4747,5.403238753000358,193.0713614269715,45.96622889305816,0.09764451797787188
4748,5.590906458709218,236.29842693495098,45.96622889305816,0.12365705676481052
4749,5.47340417950071,213.86187265030225,45.96622889305816,0.10956371096736123
4750,4.899242026061453,204.2785163829759,45.96622889305816,0.09367580593659211
4751,4.5762231137654545,179.52887670184936,45.96622889305816,0.07689840866616651
4752,4.052421361978173,198.46933622368564,45.96622889305816,0.07528073696306205
4753,4.450156918320661,197.38907928438235,45.96622889305816,0.08221939846645258
4754,5.624713165844376,189.37063158510657,45.96622889305816,0.09969855336801488
4755,4.643793842994385,195.74666719978393,45.96622889305816,0.08508307091815698
4756,4.990987332706468,181.8135028242084,45.96622889305816,0.08493534405819364
4757,5.199840895577651,162.3196193993373,45.96622889305816,0.07900178786204082
4758,4.972245614130672,211.92181625759048,45.96622889305816,0.0986288772854184
4759,4.932529312453281,238.26100541051457,45.96622889305816,0.11000147120370277
4760,4.310069773354286,196.24420176072286,45.96622889305816,0.0791693325263816
4761,4.5835922440541905,232.2578966812229,45.96622889305816,0.09964426622420955
4762,4.359211426594682,201.71407961101556,45.96622889305816,0.08230382042176651
4763,4.84864037737544,233.37807108745525,45.96622889305816,0.1059146092993839
4764,5.115207527077451,197.25269509962772,45.96622889305816,0.09444132085844939
4765,5.173149813746653,216.9134643950755,45.96622889305816,0.10503097936667162
4766,4.063971615963687,179.74106375709127,45.96622889305816,0.06837129761266943
4767,4.471450657077663,193.2463720051769,45.96622889305816,0.08087897535872758
4768,5.152740282339413,233.2711529546484,45.96622889305816,0.11250585838787965
4769,5.13154019251252,174.51638916998994,45.96622889305816,0.08382234419001704
4770,5.051712938136861,194.28593455465247,45.96622889305816,0.09186622560533335
4771,5.291470208196861,210.9461124192407,45.96622889305816,0.10447773049596712
4772,5.320288961834672,239.78333504660432,45.96622889305816,0.11940707663168112
4773,4.055210719372836,220.9790927354047,45.96622889305816,0.08387653113383516
4774,5.709690747790126,179.61122987681654,45.96622889305816,0.09598910044715456
4775,5.514786539233151,168.3986254279048,45.96622889305816,0.08692467944801237
4776,5.0850656473521045,185.79160986983908,45.96622889305816,0.08842977308087797
4777,4.455999883110337,211.77346995197647,45.96622889305816,0.08832681536813573
4778,4.805248318376287,173.2848448177719,45.96622889305816,0.07793853997744098
4779,5.213192323941599,200.5449025053688,45.96622889305816,0.09785684809804224
4780,4.084483097640307,225.66072091038842,45.96622889305816,0.08627181267367802
4781,5.973499491415869,187.38072718412744,45.96622889305816,0.10476822831092478
4782,5.974595502622744,239.6656855298034,45.96622889305816,0.13402635731778015
4783,4.928739110341629,233.6540004243847,45.96622889305816,0.10779159551279599
4784,5.56456883495102,226.7588535347568,45.96622889305816,0.11810590734652919
4785,4.245015497332027,222.4256683755126,45.96622889305816,0.0883771583065942
4786,4.473079878835489,219.79839316711346,45.96622889305816,0.09202525206041111
4787,4.471796100908209,222.7137839442392,45.96622889305816,0.09321910702980991
4788,5.787519213293479,200.13930135224228,45.96622889305816,0.10841782085889168
4789,4.8664613172859665,171.65542321302812,45.96622889305816,0.07818917904425655
4790,4.471967197187757,239.37723297283378,45.96622889305816,0.10019759570571671
4791,5.461612505468521,221.52738587010722,45.96622889305816,0.11324633495497247
4792,5.628015898523449,206.691260337122,45.96622889305816,0.10888129505103289
4793,4.882228554656737,187.84701185391083,45.96622889305816,0.08584168742885791
4794,4.054529200164932,224.77763015455042,45.96622889305816,0.08530399472451465
4795,5.729766303781551,187.4356224346089,45.96622889305816,0.10052287254866783
4796,5.030041784944409,206.2417883136596,45.96622889305816,0.09710109049861279
4797,5.314928216387341,211.99091271522553,45.96622889305816,0.10546066286569551
4798,4.393443545669523,214.9334644625088,45.96622889305816,0.08838629674909625
4799,5.505071948837581,161.3813376428667,45.96622889305816,0.08315572589285194
4800,5.235767831276909,193.3374159060159,45.96622889305816,0.09474845541248156
4801,5.7702575839058055,235.49858675773226,45.96622889305816,0.12719187058386777
4802,5.167495665779179,191.96876528409624,45.96622889305816,0.09285099057660327
4803,5.876138090876625,181.58396240084244,45.96622889305816,0.09987236421139217
4804,4.985102500444463,188.24984833150702,45.96622889305816,0.08783843230896425
4805,4.3072603494238795,231.5438061468169,45.96622889305816,0.09334910102271378
4806,4.500972785844488,223.6272807529691,45.96622889305816,0.09421217253316616
4807,5.506380905527517,213.3470100098143,45.96622889305816,0.10995846284305863
4808,4.2179751941622525,192.05138952388592,45.96622889305816,0.07582236452071099
4809,5.853726983213639,189.27338120055603,45.96622889305816,0.10370455980185583
4810,4.040638909697737,218.04515423861437,45.96622889305816,0.08246550632931839
4811,5.37518951603967,206.41194886995874,45.96622889305816,0.1038495129563847
4812,4.725731163028447,185.82471899761944,45.96622889305816,0.08219555748406591
4813,4.459079358027664,207.33983706948715,45.96622889305816,0.08653739211686737
4814,5.992287706808419,222.6740521717764,45.96622889305816,0.12489300583850864
4815,5.309680236269885,205.56021719956038,45.96622889305816,0.10216056451796682
4816,5.4106577794318405,200.1532411225079,45.96622889305816,0.10136512069238827
4817,5.694855420782654,206.5498705725049,45.96622889305816,0.11009902644859107
4818,4.494907039845255,205.06405775433922,45.96622889305816,0.08627522687027836
4819,4.490816068518776,202.85349290387398,45.96622889305816,0.08526751510566528
4820,5.609203500432995,218.2047359267205,45.96622889305816,0.114562166338266
4821,4.540709674256085,218.34349570535164,45.96622889305816,0.09279826201715305
4822,4.247576324996329,211.6276969671443,45.96622889305816,0.08413748884486667
4823,4.629742299765045,209.37177961287924,45.96622889305816,0.09072997918459787
4824,5.724718998297105,170.70116823249566,45.96622889305816,0.09146743826801051
4825,5.392955950026315,214.66565868022803,45.96622889305816,0.10835907650061194
4826,5.5138497126937285,237.54382219224738,45.96622889305816,0.1225954955859092
4827,4.965918147513804,170.9046510944581,45.96622889305816,0.07943818038291574
4828,5.391893408610411,203.62452925885714,45.96622889305816,0.10276547646851268
4829,5.623802356565964,223.43885554286348,45.96622889305816,0.11761551007599345
4830,5.466241297855039,191.76355572494617,45.96622889305816,0.09811394121926843
4831,4.951387006734972,233.28399606100604,45.96622889305816,0.10811542687692345
4832,4.87194345965927,206.9281135478336,45.96622889305816,0.09436209769761827
4833,5.367029526549808,169.25887836468502,45.96622889305816,0.08502786843538732
4834,5.5388293222559595,161.19605408908632,45.96622889305816,0.08356958354352714
4835,5.96414865836373,205.47202086399668,45.96622889305816,0.11470358742029838
4836,4.336116647102048,222.7352946394819,45.96622889305816,0.09039946209684974
4837,5.689048762098612,176.38160684341773,45.96622889305816,0.0939223174097061
4838,4.082510280081552,201.95960608430337,45.96622889305816,0.07717340292483646
4839,5.281133071603285,173.46104024544354,45.96622889305816,0.08574423027533254
4840,5.123212277043781,202.11127348105754,45.96622889305816,0.09691895843389724
4841,5.727197770784005,225.26645354277068,45.96622889305816,0.12075762166065701
4842,4.263913422141694,216.56152545771397,45.96622889305816,0.08643020210310347
4843,5.005734543524431,197.30065308684388,45.96622889305816,0.0924426074161273
4844,4.324671399743437,219.81152844877022,45.96622889305816,0.0889773422069645
4845,5.736731526308972,176.44069254770415,45.96622889305816,0.0947412538920622
4846,4.058811910606605,208.73198587458486,45.96622889305816,0.07929828226872251
4847,5.962564469454093,214.3051519217924,45.96622889305816,0.11960285542637712
4848,4.505409276960422,229.81861335598742,45.96622889305816,0.09691595902237823
4849,5.076125550157391,200.78070849161708,45.96622889305816,0.09539600469544086
4850,4.114558341361835,164.85363247517432,45.96622889305816,0.06348886957338372
4851,5.158602094145768,224.5355627722396,45.96622889305816,0.1084159088370141
4852,5.506337330463119,235.26119013714145,45.96622889305816,0.12125201153469987
4853,5.0055236212116005,209.6577995486939,45.96622889305816,0.09822824556594513
4854,5.254378572741217,190.41568461944402,45.96622889305816,0.09364830632148477
4855,4.005676915618742,227.11202716703792,45.96622889305816,0.0851514210595508
4856,4.134183724638288,236.7411358121794,45.96622889305816,0.09160925441869609
4857,5.687707813070529,168.30271726932764,45.96622889305816,0.08959922524554347
4858,4.244057059212819,218.96944302722997,45.96622889305816,0.08698424065639912
4859,5.087333187456204,211.91296558694032,45.96622889305816,0.10090752634710129
4860,4.579907999382522,230.69532169055807,45.96622889305816,0.09889432948799456
4861,5.085944240636486,205.23753326021193,45.96622889305816,0.09770217446313924
4862,5.981165971570788,221.7237990573363,45.96622889305816,0.12412921641205542
4863,5.377614808356913,229.33183453116177,45.96622889305816,0.11543297401606775
4864,5.981895771892382,225.00278451493637,45.96622889305816,0.12598028402112602
4865,5.612777292641042,175.30724041616634,45.96622889305816,0.09209870263558434
4866,5.746688849801189,230.49704662723056,45.96622889305816,0.12398207400678629
4867,5.194105063255919,212.05021755875845,45.96622889305816,0.10309207977305325
4868,5.247544508381868,203.59591919650705,45.96622889305816,0.10000024142552394
4869,4.366765791753727,212.61620359947614,45.96622889305816,0.08690246741130907
4870,4.758812231662894,202.92019932640338,45.96622889305816,0.09038569425031796
4871,5.802223841102298,168.73408427698223,45.96622889305816,0.09163748192961686
4872,5.910910003736946,205.45550323162746,45.96622889305816,0.11367055340546586
4873,5.899643997067362,176.05188053766972,45.96622889305816,0.09721702412945486
4874,4.108576765198854,209.68085434480093,45.96622889305816,0.08063545335469362
4875,5.053725228326429,218.79094663074153,45.96622889305816,0.10349439298072993
4876,5.202900921539864,201.14294994155463,45.96622889305816,0.09795491218769828
4877,5.805090407053001,185.87266525496682,45.96622889305816,0.10099511379406625
4878,4.543090707878429,224.31935622639872,45.96622889305816,0.09538805791657802
4879,4.703273605802083,205.0460862480809,45.96622889305816,0.0902667023316505
4880,5.228096853388643,183.5571928323458,45.96622889305816,0.08982368761987666
4881,4.7114943593575145,163.25600059441769,45.96622889305816,0.07199522234722266
4882,4.559072449684135,186.0873830048499,45.96622889305816,0.07940891659813921
4883,4.033613230599878,225.85316506011975,45.96622889305816,0.08527000386147583
4884,5.770698506081175,174.1823537445903,45.96622889305816,0.09408240022330748
4885,5.210879697387332,195.35730549241885,45.96622889305816,0.09528324782434287
4886,4.255634717155771,161.9970762171904,45.96622889305816,0.06452787572034381
4887,5.327100155821494,166.3751297166668,45.96622889305816,0.08295739727544144
4888,5.782044776777498,223.17260920765216,45.96622889305816,0.12078088021480206
4889,5.448582297133385,227.42093244110987,45.96622889305816,0.11598178798404418
4890,4.21323638756415,210.15219489333896,45.96622889305816,0.08287539384862189
4891,4.412786415868173,201.5808770783793,45.96622889305816,0.08326032212817673
4892,4.717101079631996,169.7911719282707,45.96622889305816,0.07496631047082786
4893,5.469069599610732,184.1496722001603,45.96622889305816,0.09426712220716549
4894,4.245807848454329,230.35320058421055,45.96622889305816,0.09154411596317664
4895,4.269268846106469,176.43332189726715,45.96622889305816,0.07050338423772479
4896,4.047428405649754,201.4858614726981,45.96622889305816,0.07633076247214794
4897,5.650623282078881,228.09808533776197,45.96622889305816,0.12064069851043142
4898,5.487563481093452,197.7077206347804,45.96622889305816,0.10154979129537657
4899,5.778904601488331,221.37057354507402,45.96622889305816,0.11974055428237401
4900,5.778480273183398,179.15732662800994,45.96622889305816,0.09690006247423914
4901,5.202572016898068,161.72641610872662,45.96622889305816,0.07875441539226838
4902,5.042973113830688,230.15082284747672,45.96622889305816,0.10863631693941013
4903,5.476935564992229,222.09366077794664,45.96622889305816,0.11385435386277164
4904,4.634180032827252,191.85232798625668,45.96622889305816,0.08321772210385942
4905,5.972515229895056,181.38204808011994,45.96622889305816,0.1013975393734437
4906,4.1724794693153004,191.12120851580923,45.96622889305816,0.07464125622872342
4907,5.534474555851574,201.8889619622883,45.96622889305816,0.10458389664099665
4908,4.0874210713732015,213.1779458115802,45.96622889305816,0.08155817538919198
4909,5.47121201027928,208.22206461073262,45.96622889305816,0.10663165288183715
4910,4.342677366739965,175.28438630772243,45.96622889305816,0.0712486510783118
4911,4.81467284149393,188.6565528222592,45.96622889305816,0.08501871280436318
4912,4.2037625983390825,228.74726761514083,45.96622889305816,0.09000568587561315
4913,5.849237503836762,171.5055022525302,45.96622889305816,0.09389731252729089
4914,5.1246878640013644,194.38241799425418,45.96622889305816,0.09323956684882898
4915,4.81801506159375,206.4263370118148,45.96622889305816,0.09309130279792678
4916,4.909831165985981,196.1202789997105,45.96622889305816,0.09012907407953075
4917,4.287263696519444,216.85099494923858,45.96622889305816,0.08701967647151927
4918,5.159858372573021,164.48024026524004,45.96622889305816,0.07943782811846742
4919,4.750868488020059,177.4224357799409,45.96622889305816,0.07889643770249441
4920,4.779928227486332,169.50868826642628,45.96622889305816,0.07583840445625445
4921,5.221091077463562,206.52190623666104,45.96622889305816,0.10092604223080057
4922,5.185549899259404,189.2884855529733,45.96622889305816,0.09187447344100141
4923,5.444084177113222,227.41171427395003,45.96622889305816,0.11588134103853882
4924,4.832691578390424,194.6441809502224,45.96622889305816,0.08804533552409478
4925,5.796892430903754,208.41340574091757,45.96622889305816,0.1130828488207141
4926,5.01936210546278,218.971607428034,45.96622889305816,0.10287555300327672
4927,4.620286658671735,162.62061360965893,45.96622889305816,0.07032672049906324
4928,5.403843247317737,211.685246372294,45.96622889305816,0.1070703400259107
4929,4.857081312214911,163.66773365039552,45.96622889305816,0.07440708511322458
4930,5.880138210453623,218.46150933338245,45.96622889305816,0.1202370500957739
4931,4.7710913817344265,176.08428186783178,45.96622889305816,0.07863468908990832
4932,5.110687669474222,161.70087689519187,45.96622889305816,0.0773512906319175
4933,4.914409148255818,239.07141029365633,45.96622889305816,0.10997014633802168
4934,5.4783973701110575,238.79443841309742,45.96622889305816,0.12244853307018945
4935,4.792028345610669,166.97007653709696,45.96622889305816,0.07489173178979401
4936,5.930220732271232,229.21982156402115,45.96622889305816,0.12723273932489368
4937,5.125074872736457,178.38742442027694,45.96622889305816,0.08557369764919888
4938,5.477495006493216,161.53852772767988,45.96622889305816,0.08281975843296159
4939,5.828861029734894,215.77454430216326,45.96622889305816,0.1177225763212217
4940,4.351583525144451,173.16296554949426,45.96622889305816,0.0705306989135114
4941,4.115954298497,221.6391138820645,45.96622889305816,0.08538720498340807
4942,4.255706343378355,201.6056322444025,45.96622889305816,0.0803064008451096
4943,4.716375071464023,203.92611836533422,45.96622889305816,0.09002373691696483
4944,5.389618518327104,176.79690824672434,45.96622889305816,0.0891884345666674
4945,4.400992339382051,187.00799275049806,45.96622889305816,0.0770347415914274
4946,5.870378409347767,195.52247305506626,45.96622889305816,0.1074332286485398
4947,4.513915106416677,201.56408423641605,45.96622889305816,0.08516132022020709
4948,4.360743463406985,221.21532289166427,45.96622889305816,0.0902924823813752
4949,4.638544239876375,238.61104817535076,45.96622889305816,0.10359721972872206
4950,5.2597857174868565,208.92519446874792,45.96622889305816,0.10285720416409318
4951,4.581043903833678,174.2724799900601,45.96622889305816,0.07472554896123175
4952,4.155526468920782,228.45373529751845,45.96622889305816,0.08885874291396897
4953,5.959244132940693,177.2206251686941,45.96622889305816,0.09885105086431745
4954,5.986854453515509,209.27312673154904,45.96622889305816,0.11727029347243609
4955,5.573413008303805,239.06810417393794,45.96622889305816,0.12471500636464475
4956,5.950537044014402,205.44283045312633,45.96622889305816,0.11442554819640342
4957,5.054142489836385,214.06036204321302,45.96622889305816,0.10126505106360519
4958,4.439552726039338,191.104454619045,45.96622889305816,0.07941195311046585
4959,5.655168400362359,168.7836233267563,45.96622889305816,0.08934118250954229
4960,4.918104650599102,185.25533183909232,45.96622889305816,0.08527943820858883
4961,5.165000334135223,175.1517025109107,45.96622889305816,0.08467604514656416
4962,5.856116620126559,223.33512206856545,45.96622889305816,0.1224172422910682
4963,4.162530638616355,186.0688064705491,45.96622889305816,0.07249480129236736
4964,4.086385532515773,169.8554345821613,45.96622889305816,0.06496727239039969
4965,4.847284355225521,186.3565750565688,45.96622889305816,0.08455106188761492
4966,5.041236051720813,183.27158633006266,45.96622889305816,0.08647847472543321
4967,4.6643594333066165,236.65417237991502,45.96622889305816,0.10331943536038427
4968,5.749811133888281,161.07011588144752,45.96622889305816,0.0866850889911386
4969,5.204552122580528,171.37288168631295,45.96622889305816,0.08348362730447141
4970,5.578869743454535,226.87614493965552,45.96622889305816,0.11847068630424613
4971,5.320755341728145,213.85329728528143,45.96622889305816,0.10650379651487207
4972,5.702884530856328,168.14693834944893,45.96622889305816,0.08975515289119938
4973,5.415336454303881,169.5946770972158,45.96622889305816,0.08596338541506596
4974,4.084613928660735,211.0880962463379,45.96622889305816,0.08070317219037246
4975,4.54416945169507,163.670377116116,45.96622889305816,0.06961461884568045
4976,4.126255738009006,238.37539387470974,45.96622889305816,0.09206475752220346
4977,4.44618976642575,192.62671685286998,45.96622889305816,0.08016418212298901
4978,4.533057357774814,234.82638068809513,45.96622889305816,0.09963546398000199
4979,4.1476432635891,203.4565600252581,45.96622889305816,0.07898578558619798
4980,4.955582344958148,215.3687103463003,45.96622889305816,0.09989716264150253
4981,5.796634077720684,160.0318212868726,45.96622889305816,0.08682765706285558
4982,4.033119454625316,190.18257624459383,45.96622889305816,0.07179391890991325
4983,4.803237313902197,231.23819992302987,45.96622889305816,0.10396076654526015
4984,4.557731736266384,227.8667978337525,45.96622889305816,0.09720881690160793
4985,4.178538989168587,166.19227402846957,45.96622889305816,0.06499966793360508
4986,5.490240719460485,221.01151747677113,45.96622889305816,0.11357484210265953
4987,4.188972797358257,239.44437919708798,45.96622889305816,0.09388323275169731
4988,4.160925818276484,230.7346712625831,45.96622889305816,0.08986253803750259
4989,4.387842838956951,161.75862041544048,45.96622889305816,0.06643460343587616
4990,5.709585483038081,174.74667284230202,45.96622889305816,0.09338762782155574
4991,5.058835050720916,226.14421999224615,45.96622889305816,0.10708086229913749
4992,4.309436507340217,219.28450038192057,45.96622889305816,0.08845131030275669
4993,5.063082697876095,180.46930332323183,45.96622889305816,0.0855252222695777
4994,4.083112651391808,181.0346861821778,45.96622889305816,0.06918771763717595
4995,4.849521609642528,189.43416751138105,45.96622889305816,0.08598705232582154
4996,5.433796041898875,192.78608674515152,45.96622889305816,0.09805164174832831
4997,4.760682502545713,224.97992991572335,45.96622889305816,0.10025103027642253
4998,4.927855607872527,238.8392326359298,45.96622889305816,0.1101639475801742
4999,5.1489235521375445,234.97670974592242,45.96622889305816,0.11324449796536351
5000,5.764392096891657,193.12282120011312,45.96622889305816,0.10419885817430102
5001,5.225333697630381,171.26409467138552,45.96622889305816,0.08376376741953953
5002,5.0540392795784,193.9181805873949,45.96622889305816,0.09173456152034347
5003,4.9674991435127325,174.74192759960653,45.96622889305816,0.08124764316428536
5004,5.732442850995832,166.39764057634488,45.96622889305816,0.08928176073751978
5005,5.562401227451478,235.52990118232034,45.96622889305816,0.12262646555060279
5006,4.212673746271455,194.6947665595872,45.96622889305816,0.07676936575982132
5007,5.169900043117969,239.30677490768377,45.96622889305816,0.11580118111351825
5008,5.7307659184028426,193.13831116666327,45.96622889305816,0.10359933022968022
5009,5.935834147125875,186.50126188197933,45.96622889305816,0.10361899630004068
5010,4.6799823302547265,200.50069435783183,45.96622889305816,0.08782859655633553
5011,5.5591514483404465,175.37344830709088,45.96622889305816,0.09125321953707863
5012,5.484933141013486,160.21601138304652,45.96622889305816,0.08225325674802905
5013,4.524959467066137,237.95749767833647,45.96622889305816,0.10078361578387038
5014,5.312932403813961,197.00484464772825,45.96622889305816,0.09796863237756667
5015,5.463525994653726,194.82050184336774,45.96622889305816,0.09962848360415096
5016,4.21337704301928,199.80555274534723,45.96622889305816,0.07879773367487022
5017,5.910803874523099,181.8081432649871,45.96622889305816,0.10058558118621823
5018,4.105749792460835,219.3077140338008,45.96622889305816,0.08427955548910601
5019,4.908809594003465,186.77639122421954,45.96622889305816,0.08581713577396068
5020,4.975078175965336,234.3999620322905,45.96622889305816,0.1091524014878499
5021,4.50049852546754,176.0416003391918,45.96622889305816,0.074156936513164
5022,5.067822975836903,197.06466696161078,45.96622889305816,0.09347727607486621
5023,4.299595226468072,206.452585398527,45.96622889305816,0.08308521474285227
5024,5.148980755728199,208.4344662683282,45.96622889305816,0.100453865208475
5025,4.827110961876796,183.2038981820266,45.96622889305816,0.08277474302819476
5026,4.656656927763132,226.74857087044566,45.96622889305816,0.09883133239863783
5027,5.2501935675669404,191.84189022570916,45.96622889305816,0.09427458063375156
5028,5.2265338819842135,187.96911451636893,45.96622889305816,0.0919551621256045
5029,5.7252958139098045,218.2105616807101,45.96622889305816,0.11693635343596225
5030,4.201897313628449,164.4936009151948,45.96622889305816,0.06469493657277713
5031,4.066834815924179,162.20267488567498,45.96622889305816,0.061743379039158344
5032,4.993819963184886,174.46734575578807,45.96622889305816,0.08154979692529497
5033,5.349065706221287,198.6209851274254,45.96622889305816,0.09944407512758158
5034,4.18695377638881,160.46654722306383,45.96622889305816,0.06288665908633809
5035,4.073449491712916,202.6669400146412,45.96622889305816,0.07727181169871145
5036,5.173208617490358,188.24115263367767,45.96622889305816,0.0911486864780724
5037,4.1578009743300335,234.77510865666326,45.96622889305816,0.09136746922877625
5038,4.8114272934010565,194.3446881377868,45.96622889305816,0.08752305152763094
5039,4.762915302351992,164.75738968350294,45.96622889305816,0.07345030609791824
5040,5.420894967198147,213.184812489068,45.96622889305816,0.1081690718570345
5041,4.328929032021691,181.48658491278724,45.96622889305816,0.07353614233849426
5042,5.093839660835488,190.14129906213395,45.96622889305816,0.09065621357446488
5043,5.995858395500353,199.71821026528298,45.96622889305816,0.11208432528571838
5044,5.764458729582561,176.36902169053928,45.96622889305816,0.09516049421223993
5045,5.112442028360501,185.7436326844043,45.96622889305816,0.0888828926764993
5046,5.869003310423832,204.09444172115735,45.96622889305816,0.11211697730381394
5047,5.307892050211163,166.08166281832632,45.96622889305816,0.08251247513426534
5048,4.975374349936553,206.3578444373733,45.96622889305816,0.09609982444501027
5049,4.580805795640068,218.8613321806686,45.96622889305816,0.09383973383254515
5050,4.933159993535539,204.9048321238514,45.96622889305816,0.09461353078153076
5051,4.721860661851475,214.12042287306735,45.96622889305816,0.09463398063568858
5052,4.206342977866476,200.49819572155565,45.96622889305816,0.0789388870278775
5053,5.791280868660728,178.81470910410746,45.96622889305816,0.09692899668220868
5054,5.736896061268797,230.80412887112894,45.96622889305816,0.12393569427832528
5055,4.460863571317714,166.45796820736157,45.96622889305816,0.06950233241937476
5056,5.528836799813334,236.6865626332229,45.96622889305816,0.12248508893473817
5057,4.511433298471508,233.04031539501239,45.96622889305816,0.09840597050787624
5058,4.416334827151622,188.74437240584402,45.96622889305816,0.0780210611186577
5059,5.771812001027452,184.32483678993506,45.96622889305816,0.09957994535469929
5060,5.511391317570455,171.75746681387366,45.96622889305816,0.08860387642010224
5061,4.757532493830983,235.25900644706942,45.96622889305816,0.10476202161094725
5062,4.4525647454870585,216.13613284492965,45.96622889305816,0.09007690773100417
5063,5.839107628951049,222.79637930004364,45.96622889305816,0.12176723876368489
5064,5.895978043345405,235.49987027370042,45.96622889305816,0.12996379322263854
5065,4.227272580158437,208.13301800659798,45.96622889305816,0.08235255600420395
5066,4.853790012397096,214.61905871238497,45.96622889305816,0.09750460296547526
5067,5.485098337090014,179.61899481862952,45.96622889305816,0.09221732674029204
5068,5.599735617115558,192.7362151010653,45.96622889305816,0.10101984501112742
5069,5.313476980863106,194.21650064683305,45.96622889305816,0.0965919151539325
5070,4.692231850650893,215.51175293178156,45.96622889305816,0.09465123201731604
5071,5.083814026690322,228.23392083778398,45.96622889305816,0.10860396844018692
5072,5.572017599925016,229.4666396046174,45.96622889305816,0.11967622565863341
5073,5.5315435633647265,233.34729399017934,45.96622889305816,0.12081613958855558
5074,4.313333681922801,211.23852701422715,45.96622889305816,0.0852829149266851
5075,4.164817619592181,199.97178452154205,45.96622889305816,0.07795438668544265
5076,5.722690772547955,218.04780719184026,45.96622889305816,0.11679596830428321
5077,5.165857264021366,215.51887229346573,45.96622889305816,0.10420859891247557
5078,4.3465781468620515,234.46418719675108,45.96622889305816,0.09538934299045365
5079,4.424944551276904,173.35769385091038,45.96622889305816,0.07180038991265546
5080,4.280006459701714,234.89748856886644,45.96622889305816,0.09410195512621405
5081,4.921713538155287,202.6452173828365,45.96622889305816,0.09335305604060536
5082,4.758050044043253,162.18229370623095,45.96622889305816,0.07222844956504021
5083,4.133325122480938,161.2607789146887,45.96622889305816,0.06238844621183558
5084,5.07799250963275,175.47869106023825,45.96622889305816,0.08340503921605902
5085,4.804242001726542,196.8259736185355,45.96622889305816,0.08850812344815996
5086,5.065156290271731,231.42446586591504,45.96622889305816,0.10971802193072899
5087,4.086468172365022,199.5383187880916,45.96622889305816,0.07632209416054969
5088,4.263728317040849,234.12148434943535,45.96622889305816,0.0934343656691631
5089,5.834913453619593,171.19504100206035,45.96622889305816,0.09349781200679834
5090,4.2347184468619306,168.7895725345706,45.96622889305816,0.06690306321972805
5091,4.196167033174912,172.6477784098756,45.96622889305816,0.06780935454830853
5092,4.311377786668609,173.08008041372827,45.96622889305816,0.06984559427138887
5093,4.297151845462069,190.2331446010047,45.96622889305816,0.07651432230532833
5094,4.507790259169401,193.3663051848476,45.96622889305816,0.08158688431581482
5095,5.78748870786304,188.15725567544723,45.96622889305816,0.10192646810026042
5096,4.572947538725096,233.14835549560016,45.96622889305816,0.09979399857224383
5097,4.643215252014104,169.760438186947,45.96622889305816,0.07377872634084232
5098,5.237970051919428,182.54358504886267,45.96622889305816,0.08949637304299689
5099,5.039918074009763,221.43894903289942,45.96622889305816,0.10446079751833162
5100,5.131138363506817,224.7013675516161,45.96622889305816,0.10791834837044446
5101,4.689403676122657,173.49418097078865,45.96622889305816,0.07615148580283661
5102,4.789334344617063,192.9542264316411,45.96622889305816,0.08649784761584395
5103,5.431936522329162,214.94714060409646,45.96622889305816,0.10928541531188857
5104,4.618741173618323,234.3460473243637,45.96622889305816,0.10131111784420349
5105,4.551176857130904,239.71710629800276,45.96622889305816,0.102117126986958
5106,4.065402067770405,213.89924945288237,45.96622889305816,0.08139329181549876
5107,5.2404221364307295,206.7943287965178,45.96622889305816,0.10143334453015357
5108,5.558276310445274,207.27009052804357,45.96622889305816,0.10783323102669361
5109,5.2198347888570265,230.1886574210654,45.96622889305816,0.11246477692383364
5110,4.373485996977202,202.49260453734163,45.96622889305816,0.08289202619276334
5111,5.424202290063743,184.6301849077938,45.96622889305816,0.09373772975970755
5112,4.438969248120706,170.31213914412427,45.96622889305816,0.07076256859549075
5113,4.525376716587385,213.28622579592977,45.96622889305816,0.09034276868938154
5114,5.229930879879366,173.74020133840347,45.96622889305816,0.08504956924365795
5115,4.982307467550647,177.10157870269427,45.96622889305816,0.08259025489279738
5116,5.871945510982489,217.93074145252075,45.96622889305816,0.11977780828826734
5117,4.346657350058254,183.17698324962973,45.96622889305816,0.07452502954448768
5118,5.706158770901475,204.56976741238057,45.96622889305816,0.10925998879362185
5119,4.711910197565692,207.8736676782985,45.96622889305816,0.09167952030482761
5120,4.778965103700079,232.91426019686244,45.96622889305816,0.10418514178502908
5121,5.7470815939103685,172.8309154916363,45.96622889305816,0.0929703877390699
5122,5.354897098482432,227.007031240392,45.96622889305816,0.11378009381771317
5123,4.42248754564087,229.72078866530308,45.96622889305816,0.09509173379288866
5124,4.839114847485489,184.6181678365653,45.96622889305816,0.08362116519995079
5125,5.968122625246133,215.04039491157084,45.96622889305816,0.12012506496559384
5126,4.581015025248153,202.37521876982666,45.96622889305816,0.08677505471754207
5127,5.286930476056195,216.95505709344428,45.96622889305816,0.10736166198718046
5128,4.418781395982894,209.32797612950526,45.96622889305816,0.08657761943187013
5129,5.694524064176426,224.29277687156252,45.96622889305816,0.1195497215935838
5130,4.5885481973699465,237.6154135559641,45.96622889305816,0.10205299517770036
5131,4.025177605989805,222.3212597951138,45.96622889305816,0.08376100726619187
5132,4.634223259867408,235.29642607431538,45.96622889305816,0.10206295357539197
5133,5.7221132302689295,230.49286565930683,45.96622889305816,0.12344962744031288
5134,4.503735099941959,223.71324102176195,45.96622889305816,0.09430622846531497
5135,4.66530629744627,195.77667275894143,45.96622889305816,0.08549032230791836
5136,5.8086707080554625,217.63627219630388,45.96622889305816,0.11832700832007643
5137,5.281133367903096,170.31787153806061,45.96622889305816,0.08419052252799722
5138,5.076566476017604,169.88115932716252,45.96622889305816,0.08072185664530526
5139,4.150047571074634,235.72643999831917,45.96622889305816,0.09156662796088967
5140,5.184797385265616,160.49169119735737,45.96622889305816,0.07788614192207927
5141,4.938057520677342,182.93952001073058,45.96622889305816,0.08455504567705334
5142,4.307819339276453,225.5297101024289,45.96622889305816,0.09093626069679739
5143,4.307217934348411,173.30800223174415,45.96622889305816,0.06987009139144286
5144,4.465214096776368,216.99538889640039,45.96622889305816,0.09069192937917937
5145,4.381462970748121,185.708793363189,45.96622889305816,0.07616009245694869
5146,5.804692508724781,205.21132231821412,45.96622889305816,0.11149525533426172
5147,4.346017247672099,228.79223868365304,45.96622889305816,0.09306975744636968
5148,5.024324791981195,226.7382232708267,45.96622889305816,0.10662972619753418
5149,4.1574902216450464,172.94573320314694,45.96622889305816,0.06730029022086083
5150,4.183629014395777,198.4988729140639,45.96622889305816,0.0777297122829057
5151,4.774758022364716,193.28074951291111,45.96622889305816,0.08638052055098897
5152,4.733078721458,193.93193678067075,45.96622889305816,0.08591498354909162
5153,4.7624674630078685,172.77286457464825,45.96622889305816,0.07701643366816717
5154,5.138165829523525,229.5334305065155,45.96622889305816,0.11039004562827295
5155,5.98816338785853,169.3846633989016,45.96622889305816,0.09493876452809207
5156,4.822468974579275,179.2873063471881,45.96622889305816,0.08092725941619112
5157,5.133800743001804,188.8292321461976,45.96622889305816,0.09073693065458822
5158,5.755508004246972,234.81634031465336,45.96622889305816,0.12649921373315945
5159,4.6501744457133745,188.5134033228386,45.96622889305816,0.08205165173147182
5160,5.069925867458398,210.84173691789704,45.96622889305816,0.10005390494797506
5161,5.504917962657552,168.0056991705922,45.96622889305816,0.086566670535668
5162,4.102185265351439,214.25823986036877,45.96622889305816,0.08226756668850775
5163,4.95737463091325,213.82017301379767,45.96622889305816,0.09921475523944133
5164,4.603213929750971,173.77379491827898,45.96622889305816,0.07487232043763255
5165,4.22250297852631,222.90667261349887,45.96622889305816,0.08809857473450793
5166,4.806058996594111,166.62997149272348,45.96622889305816,0.07495801312847554
5167,4.493532669611815,228.92150456057223,45.96622889305816,0.09628316189103657
5168,4.963079726216612,228.2673875309217,45.96622889305816,0.10604030516456348
5169,5.890670386165308,165.3565832567085,45.96622889305816,0.09117212159463137
5170,5.886445925207543,189.68526332942602,45.96622889305816,0.10451114344919847
5171,5.396543804478509,192.25023928888632,45.96622889305816,0.09710876801283373
5172,5.229234843323137,213.5812757917229,45.96622889305816,0.10453871836993905
5173,4.265970145220574,194.4899028318285,45.96622889305816,0.07765880794096751
5174,4.413183012244656,169.54449666388356,45.96622889305816,0.0700344115376838
5175,5.183887197160477,214.42104591496695,45.96622889305816,0.10403963057782528
5176,4.5151356899720625,160.58602815264237,45.96622889305816,0.06786633737733913
5177,5.941519251152482,197.98794857711158,45.96622889305816,0.1101062858657202
5178,5.303650641495355,166.01782097835633,45.96622889305816,0.08241484892767033
5179,5.240435184646944,221.00803817786786,45.96622889305816,0.10840548881982397
5180,4.094775800086519,201.8857750209501,45.96622889305816,0.07737696588374982
5181,4.2840260496399605,171.75356890827265,45.96622889305816,0.06887057704690851
5182,5.229603436981426,209.54064373816203,45.96622889305816,0.10256823445568475
5183,5.107540079871454,200.81351119668432,45.96622889305816,0.09600206213677061
5184,4.9399771625139035,198.49770179591573,45.96622889305816,0.09178173704075865
5185,4.66891954713517,180.5863861451419,45.96622889305816,0.07891821364935013
5186,4.531290395667198,232.64798933697398,45.96622889305816,0.09867270812760642
5187,4.533415745882329,189.96113696873286,45.96622889305816,0.08060577496356185
5188,5.008168153172618,219.41546644852448,45.96622889305816,0.10285419000926305
5189,5.5541944897896744,217.73427413544812,45.96622889305816,0.1131940841280407
5190,4.606062302118331,173.04738753412357,45.96622889305816,0.0746054757116125
5191,5.634053014501171,229.95893240027314,45.96622889305816,0.12126823640579514
5192,5.825851368083861,228.66741887681664,45.96622889305816,0.12469227218133262
5193,4.722753416631049,172.28047792873556,45.96622889305816,0.0761565369948333
5194,5.340856102685374,211.95339865208442,45.96622889305816,0.10595637961046339
5195,4.495797667046954,209.6176548043812,45.96622889305816,0.08820850553811417
5196,5.996485663899011,173.4827160711754,45.96622889305816,0.09737082761843414
5197,4.75715630547705,191.28398346313892,45.96622889305816,0.08517298683520591
5198,4.4270636298644535,223.0455784875906,45.96622889305816,0.09242410023517222
5199,5.4146057439566535,177.357561108944,45.96622889305816,0.08988607078912948
5200,5.715591469529119,194.06401533142207,45.96622889305816,0.10382024302143099
5201,5.101816679427501,214.79143500430888,45.96622889305816,0.10256936280581495
5202,5.748316176902849,178.14680214911346,45.96622889305816,0.09585053193991955
5203,5.184690924415625,213.72605372311318,45.96622889305816,0.10371849050622303
5204,5.772761754169455,221.7834633359137,45.96622889305816,0.11983636967822263
5205,5.8288693340733,166.01861016368233,45.96622889305816,0.090576793538577
5206,4.8509131076709435,184.50629124707822,45.96622889305816,0.08377424515120795
5207,4.9943666401950075,224.86484881777056,45.96622889305816,0.1051181819520737
5208,4.985121471919587,162.812127305748,45.96622889305816,0.07596933848906592
5209,5.341638926873003,160.82345568764552,45.96622889305816,0.08040809380550197
5210,4.195504761119353,218.2182636512969,45.96622889305816,0.08569414752090328
5211,5.662000749033489,185.44915907750172,45.96622889305816,0.0982812427837761
5212,5.138012526009942,203.7747651695141,45.96622889305816,0.09799894689864531
5213,4.1111962502756425,203.58779807049672,45.96622889305816,0.07834220709394255
5214,4.02194065724284,225.5976599132345,45.96622889305816,0.08492706149465126
5215,5.496268731726175,182.69692425379986,45.96622889305816,0.09398857030605484
5216,4.524660854922419,175.20982438065272,45.96622889305816,0.07420280716115008
5217,5.905525383889768,227.66302162607968,45.96622889305816,0.1258423688981964
5218,5.6754729775757475,197.2970712114673,45.96622889305816,0.10480899276577274
5219,5.623042917254204,207.3250506433488,45.96622889305816,0.10911866075037269
5220,4.598923884658845,194.4348354017937,45.96622889305816,0.08369627839925228
5221,4.818178464958574,188.1459799069329,45.96622889305816,0.08485035705021214
5222,4.484593360375314,191.8596170303381,45.96622889305816,0.08053459733202667
5223,5.1985839863793455,175.69496435327636,45.96622889305816,0.08549096663712687
5224,4.283692506209675,215.21822424013467,45.96622889305816,0.08629252579370762
5225,5.052676792030305,188.1735107049088,45.96622889305816,0.08899300148670913
5226,5.815803958916064,196.90562926675855,45.96622889305816,0.1071874007776235
5227,4.66347306469287,177.30047826449174,45.96622889305816,0.07739185004400292
5228,4.646343318907944,181.89978303040834,45.96622889305816,0.07910780357321175
5229,5.733618460640735,231.35904449788276,45.96622889305816,0.12416269213008291
5230,4.82516074189138,180.8761863092085,45.96622889305816,0.08169002462296016
5231,4.260695825292377,217.29048422732444,45.96622889305816,0.08665569048456406
5232,5.758173929559181,192.8893705499505,45.96622889305816,0.10396063499232581
5233,5.749796931418334,179.8010536467237,45.96622889305816,0.09676550955461974
5234,5.217426884178277,166.48736963814835,45.96622889305816,0.08130429948197247
5235,5.126248812200566,211.09449140967592,45.96622889305816,0.10128670211564739
5236,5.2887593721534065,222.30280456090367,45.96622889305816,0.11004608544485087
5237,4.189490538216976,182.2848650904429,45.96622889305816,0.07148051516329482
5238,5.386128408131349,207.3660158709922,45.96622889305816,0.10454183896700864
5239,5.898904988825702,222.73434547536777,45.96622889305816,0.12297998622381962
5240,4.941959780598634,202.69979582665854,45.96622889305816,0.09376232472462037
5241,5.319397835813025,160.8182610772264,45.96622889305816,0.08007071060976736
5242,4.728425191693465,169.75216588100278,45.96622889305816,0.07512901507765006
5243,4.478880578204534,226.3605681011315,45.96622889305816,0.09489560672025743
5244,5.0969435232983304,228.8368205476757,45.96622889305816,0.10917207759581679
5245,5.777636039026602,224.47592067936517,45.96622889305816,0.12139359983812874
5246,5.524150636859542,173.28793115731614,45.96622889305816,0.08960034426059439
5247,4.538585322949199,216.32622379719274,45.96622889305816,0.09189788627400852
5248,4.60209716366156,190.01196798308686,45.96622889305816,0.08184885124260455
5249,5.872703446518282,216.46948322603,45.96622889305816,0.11899003710742556
5250,4.213269978568931,217.69616509960352,45.96622889305816,0.08585111029844653
5251,5.587574778786047,233.06504356842223,45.96622889305816,0.12189231842669737
5252,5.370247673758821,167.6566348475277,45.96622889305816,0.08427347634702372
5253,5.530552437205179,212.50395244332668,45.96622889305816,0.11000473399666988
5254,4.912266431470173,220.84304910424075,45.96622889305816,0.10154101433470308
5255,5.050236355919434,234.58326020076856,45.96622889305816,0.11088800509700442
5256,5.8631920488300775,178.0359458696683,45.96622889305816,0.09770519699263261
5257,4.881164381820905,175.88161083996056,45.96622889305816,0.08035626027773457
5258,4.661435705677411,177.8474542936478,45.96622889305816,0.07759669072973137
5259,5.023836998483942,160.05150973977277,45.96622889305816,0.0752612043731075
5260,5.58280326613974,172.7152165920736,45.96622889305816,0.09025240304829164
5261,4.548245329382856,173.99283557935468,45.96622889305816,0.07407149272566069
5262,4.70790653620724,166.16258022900595,45.96622889305816,0.07322121120910725
5263,5.71781460408704,193.19588506831207,45.96622889305816,0.10339601248951565
5264,5.848439894566305,163.75692606903792,45.96622889305816,0.08964282969099491
5265,4.345191578354399,226.86612973754038,45.96622889305816,0.09226870813830541
5266,4.9276216277433695,164.7554505546148,45.96622889305816,0.07598939600692659
5267,4.093359171172691,231.5882603944524,45.96622889305816,0.0887303598125781
5268,4.523414293398825,192.87065871300953,45.96622889305816,0.08165981251580949
5269,5.794017909096485,213.41094205333988,45.96622889305816,0.11573703837579347
5270,5.540896298978737,197.72004839128238,45.96622889305816,0.10254313221657835
5271,5.390499037268011,206.7455478234649,45.96622889305816,0.10431361292057176
5272,4.340577637500559,205.81493735672245,45.96622889305816,0.08361809488227012
5273,5.85116681047498,187.61862961134827,45.96622889305816,0.10275294730977612
5274,4.9877572713382055,193.28677538414462,45.96622889305816,0.09023671981357319
5275,5.3772567442667745,210.1614033664899,45.96622889305816,0.10577659469242581
5276,4.954113669872573,163.7824105615598,45.96622889305816,0.07594672915886524
5277,4.529072639370164,185.1621911490197,45.96622889305816,0.0784941780897007
5278,5.464982376330921,191.70300357522223,45.96622889305816,0.09806037097224822
5279,4.756609917092122,195.66908652437036,45.96622889305816,0.08711553403146452
5280,4.8639678944756675,217.41367607405326,45.96622889305816,0.09898135792685035
5281,5.340617065718767,221.02943272155008,45.96622889305816,0.11048858125520421
5282,4.41482494295565,219.3159920851818,45.96622889305816,0.09062742426629342
5283,4.592395928363237,160.0049706674013,45.96622889305816,0.06877785805589584
5284,5.279168551923002,160.94375052404365,45.96622889305816,0.07952716384657875
5285,4.195988309628892,163.2905431004388,45.96622889305816,0.06413146364873609
5286,5.212726659962276,176.63099910140357,45.96622889305816,0.0861802454440193
5287,5.618331295524716,188.5045760798408,45.96622889305816,0.09912999649540942
5288,4.670356803205433,201.18341642061824,45.96622889305816,0.08794640439675287
5289,5.550080425229057,215.71176795396747,45.96622889305816,0.11205957305208437
5290,4.41308767069425,221.08060935396176,45.96622889305816,0.091320663224189
5291,5.0136182592168925,238.99241958070075,45.96622889305816,0.11215308860722756
5292,5.033618866819916,182.89446522981504,45.96622889305816,0.0861701284845401
5293,5.522283768648816,162.34325610359917,45.96622889305816,0.08391291743301514
5294,5.449263920470372,203.45438024575762,45.96622889305816,0.10377213104558357
5295,4.351297340369584,161.9282718950604,45.96622889305816,0.06595037830626517
5296,4.093161611881876,166.54296422272347,45.96622889305816,0.06380592827407985
5297,4.975447142092251,216.60691864046737,45.96622889305816,0.10087424327514662
5298,4.267605071932745,172.71756358475156,45.96622889305816,0.06899165679427184
5299,5.628050681758234,178.23386955244254,45.96622889305816,0.09389102589800223
5300,5.655806461404087,167.60358934687753,45.96622889305816,0.08872657219133015
5301,5.673855374361974,218.6066858520766,45.96622889305816,0.11609607853520958
5302,4.295334602420817,187.0354587078602,45.96622889305816,0.07519635654968003
5303,4.666224605887904,170.70748424094228,45.96622889305816,0.07455796577183509
5304,4.754236784303295,214.22681577432724,45.96622889305816,0.09533019672432098
5305,5.461098108679736,176.23231884110635,45.96622889305816,0.09008269761922799
5306,5.443569656853764,181.33285402247998,45.96622889305816,0.09239237485428273
5307,4.0850074879022085,175.5707283109845,45.96622889305816,0.06713064444591796
5308,4.6844743922419,162.87261955270716,45.96622889305816,0.07141423681005253
5309,4.1906041086264665,188.49978964778694,45.96622889305816,0.07393726014229533
5310,5.849174296314467,210.86418303011766,45.96622889305816,0.11544449523919541
5311,5.868756169826705,162.97890889046081,45.96622889305816,0.08952685345679554
5312,5.7361935218594,170.8557619015402,45.96622889305816,0.09173377648580812
5313,4.4738888063159825,168.0252296396301,45.96622889305816,0.07036157176433552
5314,4.822394121870092,176.1961286168688,45.96622889305816,0.07953071957422066
5315,5.47870492500474,220.39405724231625,45.96622889305816,0.11301956704165182
5316,4.580975017945916,223.98314993114917,45.96622889305816,0.09603932965618016
5317,4.327308026115353,163.2202680015658,45.96622889305816,0.06611008957000106
5318,4.330081424468226,179.66212475883293,45.96622889305816,0.07281627248363975
5319,4.1006555776841775,168.7829077113495,45.96622889305816,0.0647824855321144
5320,4.605405397425982,228.1957227647397,45.96622889305816,0.0983674049239679
5321,5.710944413272722,239.4860457543111,45.96622889305816,0.12801592393736874
5322,4.196014821253551,160.14731958900032,45.96622889305816,0.06289737728783884
5323,5.131222799823733,208.25963824767655,45.96622889305816,0.10002345013997113
5324,4.472350029709704,223.76333725325662,45.96622889305816,0.09367000980597417
5325,5.91190520991661,186.53496311767017,45.96622889305816,0.10321992909885921
5326,5.8916711298168885,168.34190968918065,45.96622889305816,0.09283389984217323
5327,4.951281270246619,175.77348332282526,45.96622889305816,0.08146045026122431
5328,5.168863659002163,165.69041145188314,45.96622889305816,0.08016195530292343
5329,5.008725827607326,173.85373291318652,45.96622889305816,0.08150553986030568
5330,4.834901619146292,215.04417606776823,45.96622889305816,0.09731755192143186
5331,4.667570523323912,203.23575796605002,45.96622889305816,0.08879057302449933
5332,5.942989024910899,230.0253474506528,45.96622889305816,0.1279547675968111
5333,5.993933474078101,174.16330128826155,45.96622889305816,0.09771121540886105
5334,4.988265674847429,222.73924952431986,45.96622889305816,0.10399732694614612
5335,5.858006068556352,179.27133077188859,45.96622889305816,0.0982961500790783
5336,5.975514678767146,195.30801858396077,45.96622889305816,0.10923737122859034
5337,5.544210645744785,201.47073698438018,45.96622889305816,0.1045508447687978
5338,4.595204928910201,168.71203367244823,45.96622889305816,0.07256493211014196
5339,4.3237006262453495,211.7916508439737,45.96622889305816,0.08571173770108176
5340,5.107735248058843,194.62055684726778,45.96622889305816,0.0930449780400469
5341,5.252187230446386,200.59122914681987,45.96622889305816,0.09861159599595459
5342,4.282635781238135,180.92394257202363,45.96622889305816,0.0725242143732558
5343,4.863582928863128,191.82649599813558,45.96622889305816,0.0873254370680793
5344,5.80505131617721,235.3531973186086,45.96622889305816,0.12787981950378058
5345,5.06810788793916,181.25201937724447,45.96622889305816,0.08598140826076285
5346,5.597742641893269,174.54682170207906,45.96622889305816,0.0914535822890355
5347,4.984333621997999,239.53960967568455,45.96622889305816,0.11175328291671573
5348,5.749534015531898,234.3667395939562,45.96622889305816,0.1261259570754853
5349,4.195754530707285,196.9717476188989,45.96622889305816,0.0773552615933754
5350,5.538207165796765,172.4811128690457,45.96622889305816,0.08941010225995687
5351,5.537927684652283,187.34293316293238,45.96622889305816,0.09710921526573997
5352,5.774423413752103,193.40820017186618,45.96622889305816,0.10453443057570969
5353,4.500535016914986,233.34914798065557,45.96622889305816,0.09829834669083473
5354,5.425583999065529,197.03778099669012,45.96622889305816,0.10006261497526507
5355,5.922057730616969,208.19096069881752,45.96622889305816,0.11540120794029413
5356,5.17408649087702,188.89824336548682,45.96622889305816,0.09148237948023083
5357,5.669430792717351,206.82256583876026,45.96622889305816,0.10975219850977938
5358,5.2432955781931465,234.89686884764555,45.96622889305816,0.11528091560796176
5359,4.539850850121331,223.2729422496394,45.96622889305816,0.0948753801853525
5360,5.621534741533576,165.07078324965337,45.96622889305816,0.08685622697076797
5361,5.444668876728145,226.43049108015103,45.96622889305816,0.11539373484846806
5362,5.0727318176575436,168.89463406093813,45.96622889305816,0.08019247242544654
5363,4.1578571390052526,161.8841467778879,45.96622889305816,0.06300133214283936
5364,4.732216719830061,209.69719880457274,45.96622889305816,0.09288233045063175
5365,5.140245989264833,200.78206969341926,45.96622889305816,0.09660167978365856
5366,4.834502933943786,214.4695805685738,45.96622889305816,0.09704951722444337
5367,5.766482463286824,226.1187111264265,45.96622889305816,0.12204593690623379
5368,5.430079307961192,183.38619498223298,45.96622889305816,0.09320702814434793
5369,5.880902785927015,228.89783791515617,45.96622889305816,0.12599738729958856
5370,5.895548247708141,209.5245199989484,45.96622889305816,0.11562051540608614
5371,4.665951310632543,196.17241957309068,45.96622889305816,0.08567497768911304
5372,4.654731848901255,188.074486236501,45.96622889305816,0.08194083777835318
5373,4.851148128558873,234.8003685730416,45.96622889305816,0.10661520809984094
5374,4.994940910851556,192.3498395053409,45.96622889305816,0.08992864132583368
5375,5.278746003388946,182.90754656534068,45.96622889305816,0.09037290416744954
5376,4.017612733026593,218.39154434175225,45.96622889305816,0.08212582397754688
5377,4.664905981535307,178.99867208046584,45.96622889305816,0.07815712096062394
5378,5.070054283452923,172.88791003285812,45.96622889305816,0.08204518191348797
5379,4.555944206770526,200.98393304859195,45.96622889305816,0.08570686039593797
5380,5.948778393153044,179.51363022578633,45.96622889305816,0.09995420492587512
5381,4.9340708824780695,202.2413175492491,45.96622889305816,0.09340091243999109
5382,5.425816945327451,201.760168938172,45.96622889305816,0.10246520639317837
5383,5.4668053024724825,229.13681413096492,45.96622889305816,0.11724769840519111
5384,4.565570148267353,226.85288038605037,45.96622889305816,0.09694271234597193
5385,4.525459708105128,224.74795638009408,45.96622889305816,0.09519942005281512
5386,5.273308600043175,205.482732079878,45.96622889305816,0.10142251313100081
5387,4.9278648205495506,203.63402077593565,45.96622889305816,0.09392581479048671
5388,4.46915810533722,199.84530144683808,45.96622889305816,0.0835979272853116
5389,5.2170123931248416,190.5253036575096,45.96622889305816,0.09303586066804548
5390,4.763674018584183,187.79362242380688,45.96622889305816,0.08373339935963467
5391,5.635803714451367,190.7553552504228,45.96622889305816,0.10062559163328264
5392,5.160652762373202,237.7769699369797,45.96622889305816,0.11485509766230279
5393,4.060188789585289,177.59224108518762,45.96622889305816,0.06749103126836367
5394,5.850451379246317,217.33643800354915,45.96622889305816,0.11901392226157319
5395,4.75291724442015,167.18155805846902,45.96622889305816,0.07437457031894379
5396,5.027868974710678,222.7096152230785,45.96622889305816,0.10480904598058778
5397,4.845779838473188,227.51846665297938,45.96622889305816,0.10319441170777519
5398,4.580976129186764,199.61286072687074,45.96622889305816,0.08558987580640946
5399,4.180367434105099,202.0456561966657,45.96622889305816,0.07905690761594523
5400,5.722111970268191,172.17618916044296,45.96622889305816,0.09221579012787626
5401,5.219134316093191,185.1406819417414,45.96622889305816,0.09044325448957073
5402,4.70683048450653,160.686584574647,45.96622889305816,0.07079197457846453
5403,5.065983626828742,238.8263178013008,45.96622889305816,0.11324572418364076
5404,4.2937266819327204,178.74034610458236,45.96622889305816,0.0718344612841878
5405,4.452600809982473,204.97049767543652,45.96622889305816,0.08542420885179411
5406,4.379816276636781,236.13235902045807,45.96622889305816,0.0968026503111822
5407,5.392647283076657,210.02369326299197,45.96622889305816,0.10600983421295893
5408,4.007944515225079,197.64651799411905,45.96622889305816,0.07414582759720009
5409,5.618870310236075,200.5595156310541,45.96622889305816,0.10547951617145199
5410,5.476557101519392,214.5646172124061,45.96622889305816,0.10998705539291113
5411,5.858935967629711,189.33159218881553,45.96622889305816,0.10382876480654982
5412,5.65073372378929,180.83447624938213,45.96622889305816,0.0956449235070723
5413,5.115063653326033,209.43551849955395,45.96622889305816,0.10027143438554363
5414,4.885435802285102,168.18923778245426,45.96622889305816,0.07690903494968718
5415,4.868404972960998,175.75884327504806,45.96622889305816,0.08009026521370212
5416,4.974628289481234,161.64990360589823,45.96622889305816,0.07526826997277476
5417,4.96683189757068,190.18630754176763,45.96622889305816,0.08841675199777417
5418,4.027017445543125,209.82070552519593,45.96622889305816,0.07908747365246185
5419,4.62600715061841,206.58990778765602,45.96622889305816,0.08945224616683319
5420,5.771836437019589,229.15277788823363,45.96622889305816,0.12379838824637517
5421,5.007139175628892,197.70076200688553,45.96622889305816,0.09265606557445934
5422,5.066615011033287,191.22575954771978,45.96622889305816,0.09068597963761928
5423,4.590191908917336,172.6107490111846,45.96622889305816,0.07416082098390894
5424,5.830180169874295,164.93137805458394,45.96622889305816,0.09000385521415478
5425,4.6902283767253445,173.31521989072115,45.96622889305816,0.07608631328530625
5426,4.121068186491661,173.82006726011883,45.96622889305816,0.06704795910005075
5427,4.911930848785037,204.71578379927186,45.96622889305816,0.09411945881615329
5428,5.788728851712226,214.70709327280827,45.96622889305816,0.11633367521838567
5429,5.603926405214685,204.26422625165355,45.96622889305816,0.10714220628999153
5430,4.402532530254483,227.98841462612097,45.96622889305816,0.09394879215502352
5431,4.949030979001673,221.69994034777494,45.96622889305816,0.10269790809632276
5432,4.012702155383305,195.65108604171903,45.96622889305816,0.07348438044442782
5433,4.677762614204861,183.77619722846785,45.96622889305816,0.08046430935903975
5434,5.349691762823346,225.96346565082843,45.96622889305816,0.11314694578742127
5435,5.727913335465088,224.05846040129086,45.96622889305816,0.1201250646887925
5436,5.623326520478376,226.80667201580044,45.96622889305816,0.11937818634467463
5437,5.387133282306903,220.7929725198676,45.96622889305816,0.11133169358325322
5438,4.442319809031405,236.57984968513492,45.96622889305816,0.09837016981028145
5439,5.00628813324638,181.02064195232893,45.96622889305816,0.08482420362111565
5440,4.909090676516853,225.8612260225097,45.96622889305816,0.10378117515671267
5441,5.384976639368208,172.20837789469067,45.96622889305816,0.08679884541741521
5442,4.877294044163008,220.41057205197433,45.96622889305816,0.10062067114379185
5443,5.387951559597212,175.1658638103913,45.96622889305816,0.08833829370026457
5444,5.485734683765214,213.98743457021362,45.96622889305816,0.10987500810422078
5445,4.488750694311768,184.6061483004987,45.96622889305816,0.07756173138711672
5446,4.838809009195991,213.8982221264377,45.96622889305816,0.09687718350427217
5447,5.90288204901501,239.57941602885785,45.96622889305816,0.1323699656002068
5448,5.3784879574335624,192.99514877666257,45.96622889305816,0.0971588670191922
5449,4.136914066283614,207.4389643066177,45.96622889305816,0.08032351104978887
5450,4.963455179901303,213.65758851012893,45.96622889305816,0.0992609153093208
5451,5.92893778210136,173.34447284905596,45.96622889305816,0.0961972684352046
5452,4.741239604005204,206.092060140749,45.96622889305816,0.09145954000032795
5453,4.701427245468652,174.08397018118964,45.96622889305816,0.07660627607030088
5454,5.197093878912485,163.15049194237656,45.96622889305816,0.07936422839423075
5455,4.754086361270613,237.81570336313914,45.96622889305816,0.10582382227759785
5456,4.956414994075175,168.12711797945173,45.96622889305816,0.07799760712823044
5457,5.668577967816693,174.32310560011751,45.96622889305816,0.09249216122822916
5458,4.50166313538182,236.99499868365263,45.96622889305816,0.09985918633180421
5459,5.5502045704845875,185.75263597790246,45.96622889305816,0.09649833609163307
5460,5.294538847733839,199.02133218367925,45.96622889305816,0.09862876995886802
5461,5.784993761194834,204.82349324577882,45.96622889305816,0.11090688622162931
5462,5.321623411272058,171.93102547121512,45.96622889305816,0.08563952313742465
5463,4.499727685774891,162.1234102498666,45.96622889305816,0.06828224809662974
5464,5.176488785096126,205.00144142257236,45.96622889305816,0.09932716520555272
5465,4.615630781822739,178.57065665430736,45.96622889305816,0.07714663815305497
5466,4.906066232809117,168.30259745738985,45.96622889305816,0.07728586541018609
5467,5.705909000460877,226.55049041435635,45.96622889305816,0.1209945187445999
5468,5.192291580958696,232.1263725318791,45.96622889305816,0.11281306699875492
5469,5.226972447930481,199.27317272291765,45.96622889305816,0.0974933278894582
5470,5.199959989711346,166.83494770153843,45.96622889305816,0.08120128095458352
5471,4.434978879149579,204.6655644357599,45.96622889305816,0.0849595458405866
5472,4.224490789516344,224.76742742320397,45.96622889305816,0.08887581396089217
5473,4.340448540678435,193.4760053984832,45.96622889305816,0.07860271959896983
5474,4.96913379172024,172.63442134468093,45.96622889305816,0.08029415503679767
5475,4.484331252957359,198.75129777749342,45.96622889305816,0.08342255901933236
5476,4.213576117883712,174.97338548982776,45.96622889305816,0.0690078802949826
5477,4.046384991879461,200.5159449462029,45.96622889305816,0.07594373688060217
5478,5.644562881196618,224.86502462265912,45.96622889305816,0.1188031825903502
5479,4.709792972309663,214.9954170229376,45.96622889305816,0.0947778534306318
5480,5.979816351515136,193.87246324181797,45.96622889305816,0.10851251353506162
5481,5.827658567866859,222.2836406400377,45.96622889305816,0.12124880004487101
5482,4.353672527168284,195.53869017052736,45.96622889305816,0.07968274922966866
5483,5.861591359995897,173.40442855220934,45.96622889305816,0.09513746425747101
5484,4.115271207589725,181.38118903180936,45.96622889305816,0.06986610865924506
5485,4.009710559335864,170.16796064062805,45.96622889305816,0.06386555154483281
5486,4.852541047252562,221.15489855845877,45.96622889305816,0.10044807767803203
5487,4.427442053543261,227.97258909092216,45.96622889305816,0.09447379606045239
5488,5.975795800098442,197.134339350393,45.96622889305816,0.11026403454879634
5489,5.984268315799571,206.22506118791355,45.96622889305816,0.11551233092168567
5490,4.120451758785784,168.84549157511682,45.96622889305816,0.0651193641749421
5491,5.025876553601819,233.7451606187938,45.96622889305816,0.10995887656464864
5492,4.19696159437081,205.73721810002698,45.96622889305816,0.0808209045913
5493,5.6220035008466205,238.64752032990663,45.96622889305816,0.12558098542982618
5494,5.816003080590724,168.4835106392142,45.96622889305816,0.09171869774243996
5495,4.153603551834475,176.42104926914743,45.96622889305816,0.06858849786634832
5496,4.5597777276626985,229.26438512430724,45.96622889305816,0.0978489380265789
5497,5.290424319148201,235.3779371648955,45.96622889305816,0.11655532165381421
5498,4.837695795866113,192.8101115282671,45.96622889305816,0.08730602393205646
5499,4.559228930775633,195.00143909180042,45.96622889305816,0.0832156605680605
5500,5.581834923275303,215.73590907557838,45.96622889305816,0.11271332886677218
5501,5.579463489171998,226.45563136268999,45.96622889305816,0.11826368677707685
5502,4.008581714999055,178.9828915132023,45.96622889305816,0.06715496232595636
5503,5.3085056737622125,195.69745001682492,45.96622889305816,0.09723739182347853
5504,4.234905006108764,165.18325789357203,45.96622889305816,0.0654765139808997
5505,5.886700099291097,227.8759961595285,45.96622889305816,0.12555856396683795
5506,4.63809266066188,211.14345146637032,45.96622889305816,0.09166275074670387
5507,4.293513215625524,170.79781510131835,45.96622889305816,0.06863900250518766
5508,4.667276286057542,182.4991169907428,45.96622889305816,0.07972602776960658
5509,5.958768547627979,161.9486009978078,45.96622889305816,0.09032533192407724
5510,5.094582906732485,228.3298178841287,45.96622889305816,0.10887974953032743
5511,4.051812640243185,204.2981655965246,45.96622889305816,0.07748001047989742
5512,4.759987354586846,177.27167618358283,45.96622889305816,0.07898070369948114
5513,4.470734608173497,225.15558014602814,45.96622889305816,0.09421877503417668
5514,4.928906445352431,163.67055153860667,45.96622889305816,0.07550869588638721
5515,4.817654599829002,225.3379173798206,45.96622889305816,0.10161218379132102
5516,5.378312717416174,236.39627855389844,45.96622889305816,0.1190042672173326
5517,5.546178294026638,173.6758700999796,45.96622889305816,0.09015901511242363
5518,4.133655097061072,197.00454925201439,45.96622889305816,0.07622305321735806
5519,4.8896210128801165,203.81597926039342,45.96622889305816,0.09328015896754069
5520,5.343302795696967,180.345741926346,45.96622889305816,0.09019688249773548
5521,5.976637246484566,199.58109710576807,45.96622889305816,0.11164830942625652
5522,5.429935953237449,192.67199362828472,45.96622889305816,0.09792400039195738
5523,5.36884426127514,238.67171229659974,45.96622889305816,0.11993822127072029
5524,4.307173939148728,194.8740439475068,45.96622889305816,0.0785637593682763
5525,5.394050556183136,228.5484048076629,45.96622889305816,0.11539023444632199
5526,5.274375344977787,178.5027651026477,45.96622889305816,0.08812351859386292
5527,5.290312303794313,209.81872831256666,45.96622889305816,0.10389661775611073
5528,4.087289531117552,208.55151644137266,45.96622889305816,0.07978561623391436
5529,5.065169775847566,183.15757084031685,45.96622889305816,0.08683498437475984
5530,4.477835242271514,221.4309377771003,45.96622889305816,0.09280732564654486
5531,4.129840538071487,182.76037187984494,45.96622889305816,0.07064658362196902
5532,5.40213764702829,176.73647416984574,45.96622889305816,0.08936504560301449
5533,4.235211912309943,238.63158719453418,45.96622889305816,0.0945973398932378
5534,5.131262825723283,181.5012140114844,45.96622889305816,0.08717252846148062
5535,4.30793070194754,160.56850523035266,45.96622889305816,0.064744804186701
5536,5.499504130679615,188.59968719498855,45.96622889305816,0.09708236542122044
5537,4.389126252430617,232.28249014951578,45.96622889305816,0.09542680762635035
5538,5.392662010647995,224.83285473467026,45.96622889305816,0.11348509484269112
5539,5.311479582101134,233.3368566412273,45.96622889305816,0.11600446570142398
5540,4.688902922757234,172.51279111334682,45.96622889305816,0.07571264037146598
5541,4.0133395637797715,162.70534179265454,45.96622889305816,0.061120031118566544
5542,5.70771873236428,209.18864237906743,45.96622889305816,0.11175745770117448
5543,4.091118306126738,168.53810738015167,45.96622889305816,0.06453807388543874
5544,5.39302174172918,190.79102269773176,45.96622889305816,0.09630879649893338
5545,5.548811406119988,234.9245865911164,45.96622889305816,0.12201248832129019
5546,5.511999025312382,174.52608459938023,45.96622889305816,0.09004204012783545
5547,5.299340130977473,207.6273905768439,45.96622889305816,0.10298697207308669
5548,5.695833050136837,176.02283632782334,45.96622889305816,0.09384305006558134
5549,5.437841310699254,207.9826654399774,45.96622889305816,0.10585942193163644
5550,4.9551377491407145,183.28680807035246,45.96622889305816,0.0850085853167222
5551,4.052064150958173,224.4480657312553,45.96622889305816,0.08512713714038257
5552,4.214859046840982,190.18961166689604,45.96622889305816,0.07503185714070292
5553,4.992309760078728,186.37751915202782,45.96622889305816,0.08709052322149251
5554,5.324903971475552,186.27899803207646,45.96622889305816,0.09284350387323873
5555,5.032626520049491,167.61542474125116,45.96622889305816,0.07895588984919608
5556,4.868990393058236,206.64004003788153,45.96622889305816,0.09417361541006151
5557,5.7236507735777,174.52732811716328,45.96622889305816,0.09350017340866028
5558,4.6772704937135,180.7433151163147,45.96622889305816,0.0791280710746812
5559,4.30533035258966,190.84939374199428,45.96622889305816,0.07690828276410956
5560,5.816674460554296,189.83507953352265,45.96622889305816,0.10335394918741787
5561,4.544328586836223,236.64338235765064,45.96622889305816,0.10065606289441437
5562,5.430947488754274,189.57397902856184,45.96622889305816,0.09636740805166706
5563,5.498637045511732,211.08356259466632,45.96622889305816,0.10863888955748024
5564,5.7096791326095495,168.88071439461274,45.96622889305816,0.09025423906628503
5565,5.079718456627838,216.16995055246258,45.96622889305816,0.10278052083839326
5566,5.995349959366915,208.13914842945712,45.96622889305816,0.11680035448341411
5567,4.281378461483245,237.7231501187375,45.96622889305816,0.0952644677132595
5568,4.917541803824637,199.0560270114277,45.96622889305816,0.09162188887474976
5569,4.506293397328998,225.09032506110017,45.96622889305816,0.09494063707054431
5570,5.058598320005769,237.91214321276132,45.96622889305816,0.11264778420152838
5571,5.038056671012203,174.44445443619784,45.96622889305816,0.08226139403601952
5572,5.540612420767652,171.81608151541815,45.96622889305816,0.0891040471150708
5573,4.5666967867433055,235.15890152873177,45.96622889305816,0.1005169838386283
5574,5.952731527292591,222.13312524473935,45.96622889305816,0.12376717309947687
5575,4.413793950298772,219.35369053320724,45.96622889305816,0.09062183447471035
5576,5.188107985766763,195.73915983839268,45.96622889305816,0.0950522880794612
5577,4.892270640747558,196.24400119241855,45.96622889305816,0.08986337244672823
5578,4.644715572457326,203.04267512833403,45.96622889305816,0.0882718644639281
5579,4.073074735898151,227.87931631372982,45.96622889305816,0.086876663900008
5580,5.794082398179978,191.26546961330934,45.96622889305816,0.10372825858506725
5581,5.897136605284836,222.0915942066228,45.96622889305816,0.1225883383846937
5582,5.695763333992324,231.30229226980816,45.96622889305816,0.12331267559945096
5583,4.680636881305899,225.01716038151534,45.96622889305816,0.09858173081407047
5584,4.2902585788937335,238.16288862401453,45.96622889305816,0.09563864320233204
5585,5.190554253578561,215.53144299801116,45.96622889305816,0.10471290787463239
5586,4.61281194912328,162.54925821983358,45.96622889305816,0.0701821374356769
5587,4.326190264376691,171.36575988363293,45.96622889305816,0.06939137856044969
5588,4.884865028347156,183.40292369531653,45.96622889305816,0.08385610222602977
5589,5.888766410974216,227.3219929146702,45.96622889305816,0.12529727649051242
5590,5.079702160780907,228.1905674303299,45.96622889305816,0.10849551508651453
5591,5.170155090130656,233.6016354688246,45.96622889305816,0.11304602568623424
5592,5.4902899913976455,218.81494766585777,45.96622889305816,0.1124470636041223
5593,4.549794586415618,223.5571841298139,45.96622889305816,0.09520423530772253
5594,5.544728873516092,166.47544407260008,45.96622889305816,0.08639852845859905
5595,4.11578601310592,230.50006067010517,45.96622889305816,0.08879728344796156
5596,5.957710627001733,208.3708990852725,45.96622889305816,0.11619630545685866
5597,4.34158947613296,193.6951241087681,45.96622889305816,0.07871242508147258
5598,4.042097843154831,225.73816104276676,45.96622889305816,0.08540585669011085
5599,4.206319142337012,186.81205363911397,45.96622889305816,0.0735500485738038
5600,5.125408545218796,215.84494693363482,45.96622889305816,0.10354907491867686
5601,5.814151664564859,193.74513375189076,45.96622889305816,0.10543699220229835
5602,4.382058284091466,168.7118410200245,45.96622889305816,0.0691989592849889
5603,5.3170983124062685,170.304643476268,45.96622889305816,0.08475728343475684
5604,5.316455571167429,196.49880561585843,45.96622889305816,0.09778178309741488
5605,4.8330506956221555,180.87331730114144,45.96622889305816,0.08182230376336554
5606,5.8035213857150065,217.2949589655946,45.96622889305816,0.11803670811175399
5607,5.049351330126644,193.90266544331593,45.96622889305816,0.0916421390044345
5608,4.720891864814827,191.93313960290692,45.96622889305816,0.0848105479109989
5609,5.707280537319061,193.71316303761984,45.96622889305816,0.10348185418525863
5610,4.008801980341213,233.85963552980567,45.96622889305816,0.08774971639515987
5611,5.1857121860118776,173.25423733389363,45.96622889305816,0.08409460267920502
5612,4.253172748793623,190.1264042767624,45.96622889305816,0.0756887453240298
5613,5.2244690600621295,235.13366642880084,45.96622889305816,0.11498278570611199
5614,4.1089056262340575,188.22210169999752,45.96622889305816,0.07238900940866888
5615,4.51434333629618,193.69507146983707,45.96622889305816,0.0818444067632822
5616,5.584192731686345,172.68384493103792,45.96622889305816,0.09025846799519666
5617,5.869946229311139,180.51529486106662,45.96622889305816,0.09917997096409331
5618,5.505423031300625,211.15775478084865,45.96622889305816,0.10881119493580882
5619,5.095559141684709,227.5106423450864,45.96622889305816,0.10850991216924133
5620,5.214307726692877,222.59725102540807,45.96622889305816,0.1086406369740787
5621,5.178307627896958,217.63724680882154,45.96622889305816,0.10548650878876781
5622,4.09497796177701,211.60868195516395,45.96622889305816,0.0811074784222944
5623,5.777993554333856,212.02706798683266,45.96622889305816,0.11466852061132031
5624,5.636255620029527,239.2777280960317,45.96622889305816,0.12623180915864898
5625,4.312501339463116,215.12893870688998,45.96622889305816,0.08683682308055743
5626,5.794485561149795,162.2997018681741,45.96622889305816,0.0880254909194592
5627,4.347313132681097,179.9721108694689,45.96622889305816,0.07323218333488331
5628,5.760562345232135,238.17854545376616,45.96622889305816,0.12842316493186057
5629,5.827014004106927,197.92032831861653,45.96622889305816,0.10794743152221782
5630,5.335311562421093,168.31644324169412,45.96622889305816,0.08405473431635319
5631,5.958159854782529,235.52352885036586,45.96622889305816,0.13134764770479754
5632,5.192631094312153,171.4502177259573,45.96622889305816,0.08332999568622092
5633,5.8948808360020495,231.66342257102545,45.96622889305816,0.12782280608291213
5634,5.981362784111759,200.62828653423077,45.96622889305816,0.11232286102589369
5635,4.696349111423323,190.17259638000849,45.96622889305816,0.08359574221686349
5636,4.994211127130393,232.98310531260756,45.96622889305816,0.10890985406985378
5637,4.257378379519592,211.88211755852322,45.96622889305816,0.08443303561372542
5638,5.830354080856049,181.90177201441892,45.96622889305816,0.09926764274973442
5639,5.05043351325451,223.5569517181765,45.96622889305816,0.1056799711729475
5640,5.029500537851963,202.197813461394,45.96622889305816,0.09518689548169512
5641,5.5332340722196065,173.17641956862752,45.96622889305816,0.08968992226853519
5642,5.4298316126129205,233.10857849973772,45.96622889305816,0.11847329476717516
5643,4.20379764632246,164.8156217795533,45.96622889305816,0.06485090254475592
5644,4.1749730067250415,218.83203283142052,45.96622889305816,0.085514628895296
5645,4.782434045521688,197.15915820432443,45.96622889305816,0.08825550276654613
5646,5.456716506588837,201.84761520388585,45.96622889305816,0.10309340000219233
5647,5.200252868162777,228.05104587353958,45.96622889305816,0.1110024026646346
5648,4.9025201771590785,229.98582010785702,45.96622889305816,0.10553494756327354
5649,5.046393958849679,192.14896253205168,45.96622889305816,0.09076011644428363
5650,4.522107721929021,218.4248671367448,45.96622889305816,0.09245253685266087
5651,5.243880307906104,224.65495758212936,45.96622889305816,0.1102667630817551
5652,5.093407463478279,229.34743447177425,45.96622889305816,0.109339769866217
5653,4.574889294492559,218.44036473981436,45.96622889305816,0.09353826950206999
5654,4.786645318832224,169.11332325227474,45.96622889305816,0.07576784252834112
5655,5.056626571682562,178.50658356488603,45.96622889305816,0.08448721011193101
5656,4.123480168836853,189.05694671637622,45.96622889305816,0.07296799260496102
5657,5.955077839762035,231.52817012028547,45.96622889305816,0.12905271055534726
5658,5.9596022759566765,162.2858897150329,45.96622889305816,0.0905261158808477
5659,4.30571719485489,178.80800386527875,45.96622889305816,0.07206233082239043
5660,5.473494327942485,238.24914047716464,45.96622889305816,0.12205957786204415
5661,4.812761064566183,206.6868537151937,45.96622889305816,0.09310714378226079
5662,4.176888744249737,210.33730646879536,45.96622889305816,0.08223279741006584
5663,5.800002167135027,212.73901945989184,45.96622889305816,0.11549180203718541
5664,5.306654018047217,198.99804793777028,45.96622889305816,0.098842890806948
5665,4.899953454277779,189.58583753119714,45.96622889305816,0.08695082256055747
5666,5.640396118191203,211.57767968791825,45.96622889305816,0.11170054801223467
5667,4.599242457057326,201.4304583015704,45.96622889305816,0.08671361549433315
5668,4.231406793215039,163.66112668220376,45.96622889305816,0.06481957278216927
5669,4.27253015074671,229.40512815038215,45.96622889305816,0.09174113458458816
5670,4.514446201639259,237.0474057893047,45.96622889305816,0.10016489439908327
5671,4.6765775252754995,192.77640779398587,45.96622889305816,0.08438356518627661
5672,5.6240896684772395,177.91551692379028,45.96622889305816,0.09365736000749324
5673,5.818806627796889,212.27465505038023,45.96622889305816,0.1156133318858342
5674,4.124250145112464,236.5295503031565,45.96622889305816,0.09130745821028637
5675,4.574964292794563,178.55686959358948,45.96622889305816,0.07646102592559212
5676,5.796464790402472,186.0316702520897,45.96622889305816,0.10093131608189768
5677,5.445332320647387,162.7325881212161,45.96622889305816,0.08294205083290375
5678,5.842089099756455,192.73707966575316,45.96622889305816,0.10539240119311996
5679,4.357208214603195,238.4996164631395,45.96622889305816,0.09726841687987971
5680,5.483547450671879,223.47690484302137,45.96622889305816,0.11470176542784885
5681,5.001650501882465,215.0788329798753,45.96622889305816,0.10069012071313305
5682,4.581757227053997,201.44751971679312,45.96622889305816,0.08639126770571103
5683,4.761220329274711,194.0095788938761,45.96622889305816,0.08646041206329218
5684,4.008569174543481,224.86791113115635,45.96622889305816,0.08437090679824585
5685,4.435893898107931,197.8849224111301,45.96622889305816,0.08216175425806234
5686,5.317882643245181,162.7554120352277,45.96622889305816,0.08101212731879484
5687,4.684858249111715,181.10603902167853,45.96622889305816,0.07941549291386805
5688,4.265709682815354,225.07352665063968,45.96622889305816,0.08986520293723751
5689,5.083255428386949,196.50129863397697,45.96622889305816,0.09349388502164085
5690,4.2649667812424825,201.1278130028257,45.96622889305816,0.08029040210015774
5691,4.534784345705938,170.12694855196122,45.96622889305816,0.07221137255992795
5692,5.05365659255684,214.54283009720302,45.96622889305816,0.10148353372933142
5693,4.113547131864593,164.49668428736842,45.96622889305816,0.06333583125650412
5694,5.477166389282968,176.54041082774822,45.96622889305816,0.09050569674456488
5695,4.307275058268402,236.97119264718944,45.96622889305816,0.09553753007298448
5696,4.359994352976851,214.7685387407523,45.96622889305816,0.08764606806759369
5697,5.629967406987182,186.30438380014724,45.96622889305816,0.09817588016249455
5698,4.926153025707921,204.33305534341133,45.96622889305816,0.09421550413068362
5699,4.401154070314465,183.6802845195695,45.96622889305816,0.07566672970114338
5700,5.926166426798418,181.8844105160081,45.96622889305816,0.1008893140779877
5701,5.624635888241548,202.81040073274775,45.96622889305816,0.10677276403279794
5702,5.29145049734153,196.58008387196085,45.96622889305816,0.09736213804871365
5703,5.176585096136832,203.20796841422535,45.96622889305816,0.09846002469039263
5704,4.963808822651402,224.22730179528028,45.96622889305816,0.10417880855591642
5705,5.76042583554837,180.44424933140954,45.96622889305816,0.0972911829918397
5706,4.271709864905486,224.89750446338005,45.96622889305816,0.089921228755068
5707,4.423792893170351,229.29813761884327,45.96622889305816,0.09494479534320481
5708,4.205203443925995,167.28032349432294,45.96622889305816,0.06584271337419811
5709,4.363297636868725,160.94774915424736,45.96622889305816,0.06573181057972477
5710,5.49527175958294,191.77199803149557,45.96622889305816,0.09863935333773516
5711,5.890593531084365,189.22547648491567,45.96622889305816,0.10433127441657031
5712,5.405995001919905,214.65010450664838,45.96622889305816,0.10861319590285566
5713,4.649421875373891,231.41173190766628,45.96622889305816,0.10070711993624835
5714,4.795753109097886,204.11035639965155,45.96622889305816,0.09162156522193332
5715,4.796391872284804,194.82734458234418,45.96622889305816,0.08746623213621571
5716,4.1093836378078,184.81610144783062,45.96622889305816,0.07108735264423804
5717,5.896666225554973,226.51519409211653,45.96622889305816,0.125020068692502
5718,5.7603456548885505,217.02738766433197,45.96622889305816,0.11701429922745088
5719,5.306494233635006,231.8871603284415,45.96622889305816,0.11517553748721114
5720,5.075724869665791,233.27703734356965,45.96622889305816,0.11082708561288422
5721,4.830385244357051,207.80919110006394,45.96622889305816,0.09395553495103058
5722,4.943350990515183,161.5237958498145,45.96622889305816,0.0747366811968772
5723,4.397917892294744,234.22885162187364,45.96622889305816,0.09641916249633617
5724,5.1962005138437055,163.72544922934605,45.96622889305816,0.0796302246556271
5725,5.9344514792999306,234.24003349416958,45.96622889305816,0.13011206020307728
5726,5.423981688212768,182.6519206769249,45.96622889305816,0.09272958299921458
5727,4.58995306535206,229.2202422157418,45.96622889305816,0.0984775103581357
5728,4.12119566818193,178.9888535430776,45.96622889305816,0.0690438610250608
5729,4.332799274935925,217.30632583323785,45.96622889305816,0.08812858307846515
5730,4.763516111324185,233.27588250676357,45.96622889305816,0.10400957655232583
5731,5.605826343196494,238.77263990777914,45.96622889305816,0.12528528057205046
5732,4.5979978872614655,197.99400524939398,45.96622889305816,0.08521119526862114
5733,5.319626271072391,237.9794950559943,45.96622889305816,0.11849404075483196
5734,4.6892968916189295,186.14755481257356,45.96622889305816,0.08170354765545014
5735,5.253516807989151,213.2222534425293,45.96622889305816,0.1048476023990601
5736,4.377894434947746,196.35793118154427,45.96622889305816,0.08046176993501727
5737,4.754734104900177,193.6903538828404,45.96622889305816,0.08620055789875225
5738,4.280924279610644,211.85159950710792,45.96622889305816,0.08488777340200514
5739,4.3750475110510365,162.03326042194698,45.96622889305816,0.06635334071026662
5740,4.991974664020804,163.08792188769675,45.96622889305816,0.076202640453063
5741,5.332163608926526,207.54878278737036,45.96622889305816,0.10358562863898406
5742,5.133471614268638,167.6168497656446,45.96622889305816,0.0805387134562983
5743,4.247734053627004,213.23053134556744,45.96622889305816,0.0847778807556296
5744,4.064414154079433,169.2725594740287,45.96622889305816,0.0643962184279591
5745,5.527537859334932,173.35744147395232,45.96622889305816,0.08969124724042496
5746,4.991477067238501,167.8802685149237,45.96622889305816,0.07843403976727019
5747,4.470157319880085,230.3493191338177,45.96622889305816,0.09637970425718813
5748,5.50640586070894,175.0816581966744,45.96622889305816,0.09023701459938117
5749,4.429117365221043,197.90238067618196,45.96622889305816,0.08204347671356893
5750,5.264585779162369,206.585456124607,45.96622889305816,0.10179812958076734
5751,4.569308258611879,235.73928054495124,45.96622889305816,0.10082268532189793
5752,5.67030123066801,212.12906962024718,45.96622889305816,0.1125854238158346
5753,5.815909590017376,183.52105006386694,45.96622889305816,0.09990319575941664
5754,4.599544106873308,184.72087752314812,45.96622889305816,0.07952553869158661
5755,4.320806353326696,171.1950132918079,45.96622889305816,0.06923596690193898
5756,5.818526453092926,228.61946159882115,45.96622889305816,0.12450937683643086
5757,5.097810003364148,212.84933272814976,45.96622889305816,0.10156212683051252
5758,4.477012707129338,161.82907020121834,45.96622889305816,0.06781421122386583
5759,4.883172779880997,213.5632246580519,45.96622889305816,0.09761226934060453
5760,5.359722210466516,208.34144506841503,45.96622889305816,0.10451865251822658
5761,5.850744730298446,176.7460688047685,45.96622889305816,0.0967913978298196
5762,4.527245972853036,166.37020351192183,45.96622889305816,0.07049941084855546
5763,5.87283413976377,196.37272972287795,45.96622889305816,0.10794555450760733
5764,4.803370427589479,238.85157167291703,45.96622889305816,0.10738658510957133
5765,4.855494952566388,186.78737649512175,45.96622889305816,0.08489006732935697
5766,4.417366384092563,195.19126818801726,45.96622889305816,0.08070485403821666
5767,5.371315552803273,233.12764377471478,45.96622889305816,0.11720612019125944
5768,4.382521281365446,215.38635752553355,45.96622889305816,0.08835234366548654
5769,4.013262431573429,224.07071968842516,45.96622889305816,0.08417023068553417
5770,4.560290416685106,163.13770577235937,45.96622889305816,0.06963421759947291
5771,4.78848001998965,231.401574940242,45.96622889305816,0.10371458618309755
5772,4.4656623874653105,182.9841195038232,45.96622889305816,0.07648480007734933
5773,4.335538327927591,238.52910913294193,45.96622889305816,0.09679663608940661
5774,4.865398095167501,235.82566712917102,45.96622889305816,0.10739530635367937
5775,4.183736058236606,195.88962301153938,45.96622889305816,0.07670992485571763
5776,4.948602731836717,180.47356952101137,45.96622889305816,0.08359341112100167
5777,4.994659960613533,188.04417599805168,45.96622889305816,0.0879106846816255
5778,4.493143532369094,189.22525100303932,45.96622889305816,0.07958023750920902
5779,5.270356705128765,197.45259021903115,45.96622889305816,0.09740442655063347
5780,4.818542459810558,228.2851687590793,45.96622889305816,0.10296016647795615
5781,5.289845957358104,210.9573841333143,45.96622889305816,0.10445124134319762
5782,4.444629277858922,220.00450210374572,45.96622889305816,0.09152567904271737
5783,4.073769725599377,177.08805260660387,45.96622889305816,0.06752453268357882
5784,4.82560951809863,231.13348785256812,45.96622889305816,0.10439769215609947
5785,4.056081576780565,195.58928056945584,45.96622889305816,0.07425532085713887
5786,4.239633986585897,178.40383043268528,45.96622889305816,0.07079594584977907
5787,4.8107184442379864,167.8782373260413,45.96622889305816,0.07559275769983538
5788,5.658977586543404,166.63377258026816,45.96622889305816,0.08826262700045624
5789,5.170681858063428,173.06155788990995,45.96622889305816,0.083757609721614
5790,4.213043608884498,197.01791980441854,45.96622889305816,0.07769222022441899
5791,4.690836675303849,163.61704766726066,45.96622889305816,0.0718380793636763
5792,4.129813514296948,183.934584499447,45.96622889305816,0.0711000138712416
5793,5.56566885394523,228.11147210919827,45.96622889305816,0.11883389689508321
5794,4.13271461856044,173.73830302230647,45.96622889305816,0.06720581319231028
5795,4.678180838826646,212.00645790338024,45.96622889305816,0.09283290579305509
5796,4.570328449571224,177.7488829049606,45.96622889305816,0.07603790467291628
5797,5.17654457740914,214.5151201305545,45.96622889305816,0.10393784686435102
5798,4.974996004887214,213.47752297002788,45.96622889305816,0.09940786351789245
5799,4.008202519403305,186.22866741805626,45.96622889305816,0.06986699122386422
5800,5.21897708674693,212.0756154098874,45.96622889305816,0.10359814397231112
5801,4.388897254516297,186.56455818292144,45.96622889305816,0.07664086658583294
5802,4.452735220791851,231.8815737518531,45.96622889305816,0.09664267864656784
5803,4.592100529919615,230.55977147824797,45.96622889305816,0.09909934152612697
5804,5.767272059484877,202.0563673887286,45.96622889305816,0.1090733943388776
5805,5.741639332816044,166.1335134304719,45.96622889305816,0.08928304774377957
5806,4.252326746989757,192.53739562882504,45.96622889305816,0.07663330745255965
5807,5.383578803026943,237.6439070929815,45.96622889305816,0.11974947200370455
5808,4.9337224552209715,160.59055030455124,45.96622889305816,0.07416014150692905
5809,4.363007711321266,195.04042018380702,45.96622889305816,0.07965012344152875
5810,5.379966494954328,206.92255176231947,45.96622889305816,0.10419892662177008
5811,5.752213157312741,181.246573959381,45.96622889305816,0.09758445160903999
5812,5.079992948501654,171.5401610245111,45.96622889305816,0.08156517486524359
5813,5.29048391707908,220.9881621121867,45.96622889305816,0.10943097211981473
5814,5.026832634478065,195.84936337948554,45.96622889305816,0.09214938451159753
5815,4.371731180981667,234.72562097238523,45.96622889305816,0.0960483247944724
5816,5.212339166822852,225.2132369101135,45.96622889305816,0.1098758957992992
5817,4.048503280789554,180.10471632270747,45.96622889305816,0.06824886446833915
5818,4.964786027446685,202.89827785191966,45.96622889305816,0.09428763566403847
5819,4.80994425361928,186.98290471493965,45.96622889305816,0.08418171977829109
5820,4.900741693252901,189.2778480420261,45.96622889305816,0.08682353236521848
5821,4.080097979690408,215.41971545672754,45.96622889305816,0.08226817988879664
5822,5.54259568344217,184.89993161632268,45.96622889305816,0.0959236726823278
5823,5.931849047587957,238.95354587926354,45.96622889305816,0.13267204362750074
5824,5.137135553766563,223.5271367634275,45.96622889305816,0.10747986926031056
5825,5.091067395360439,180.8879971155983,45.96622889305816,0.08619745533303302
5826,4.14004837693873,187.5546828794967,45.96622889305816,0.07267903909741974
5827,4.370744301348573,233.78299592125268,45.96622889305816,0.09564101325558108
5828,5.942476328565285,202.5379915292527,45.96622889305816,0.1126548278198685
5829,5.126399603967421,234.4386704336109,45.96622889305816,0.11249094236005189
5830,5.494906882317927,172.9591287042534,45.96622889305816,0.08895690710494045
5831,5.903915813502284,205.70808610492324,45.96622889305816,0.11367562962788563
5832,4.041323790503615,175.69737106667387,45.96622889305816,0.06646067678209665
5833,5.593661581461577,170.22126158845205,45.96622889305816,0.08912218828923497
5834,5.702598550291738,222.9060069011942,45.96622889305816,0.11897902896104817
5835,4.070513325842738,186.48366836659446,45.96622889305816,0.07105028646814118
5836,5.013755086975557,166.0819703453589,45.96622889305816,0.0779401886958833
5837,5.159228388027434,238.42085418744742,45.96622889305816,0.1151343310311444
5838,5.2002809814720825,199.49731522961804,45.96622889305816,0.09710458002117506
5839,5.73369773014184,237.1175535017289,45.96622889305816,0.12725485140791118
5840,5.802379051649198,162.95645182372542,45.96622889305816,0.08850208558399097
5841,4.199255210695617,209.23671230949483,45.96622889305816,0.08224054997506602
5842,4.453398666774666,201.6840437830651,45.96622889305816,0.0840695966784859
5843,5.677017081228167,235.07643821075578,45.96622889305816,0.12491228459892673
5844,4.667208282864606,227.89669958261163,45.96622889305816,0.09955683166379857
5845,5.008004155234019,212.6875850864128,45.96622889305816,0.09969713300471598
5846,4.250867767624765,165.06826706146342,45.96622889305816,0.06567756398510595
5847,5.5608064831403725,207.87595302390454,45.96622889305816,0.1081976638639396
5848,5.647772607466897,169.26266655885277,45.96622889305816,0.0894775800351787
5849,4.343754249210724,165.0390879946233,45.96622889305816,0.06710083284177071
5850,5.300254348943581,209.2465165877313,45.96622889305816,0.10380799349345114
5851,4.851107305052377,170.82288216853703,45.96622889305816,0.07756446031381864
5852,4.047699655454119,180.7175543035713,45.96622889305816,0.06846749978225757
5853,4.005612454030791,235.90069166919,45.96622889305816,0.08844514365628516
5854,4.340397866786459,181.23926255446165,45.96622889305816,0.07363048760208989
5855,5.597147132410427,239.5962933862657,45.96622889305816,0.1255228141249466
5856,5.241095214084188,180.26565871210764,45.96622889305816,0.08843229543468165
5857,4.9058295985005005,164.77204815762093,45.96622889305816,0.07566096010423454
5858,4.218026495710895,216.76747451375036,45.96622889305816,0.08558137700492657
5859,5.658973672945898,181.611102331924,45.96622889305816,0.09619575702151346
5860,5.476786874790529,211.22958814289757,45.96622889305816,0.10828204320102912
5861,5.019339420901384,183.1408775831664,45.96622889305816,0.08604144679400355
5862,5.970446516097818,179.8371877185692,45.96622889305816,0.10049909789828944
5863,4.417350761707068,168.79552421985795,45.96622889305816,0.06979087790862722
5864,5.317986700308837,232.0963724022857,45.96622889305816,0.1155291154641264
5865,4.268322616625942,168.35348823076163,45.96622889305816,0.06725974333134226
5866,5.8088479011443805,212.84412161409182,45.96622889305816,0.11572508648459649
5867,5.938043825043014,216.823428992104,45.96622889305816,0.12051065741375379
5868,5.543410594946119,196.93761711832826,45.96622889305816,0.10218368845874434
5869,4.476624002755598,205.53124633133697,45.96622889305816,0.08612005995619758
5870,4.716427460353542,197.5780421072605,45.96622889305816,0.08722233031426874
5871,5.031369040876197,162.12565947564744,45.96622889305816,0.0763508326293095
5872,5.217081312891047,188.68278435779837,45.96622889305816,0.09213735289237324
5873,5.624209296061658,164.5040292429398,45.96622889305816,0.08659919647152457
5874,5.11238077514202,188.80154787179703,45.96622889305816,0.09034509778227938
5875,4.186592525126437,193.09557404519848,45.96622889305816,0.07566740877689383
5876,4.818543307462784,220.26462958861052,45.96622889305816,0.09934279587413704
5877,4.3040398004686145,226.43054433162487,45.96622889305816,0.0912193846055001
5878,4.095812629376663,201.25659833226987,45.96622889305816,0.07715535208942366
5879,5.298007621257797,161.14745508839556,45.96622889305816,0.07991197767115227
5880,4.13826091645761,181.88025609652178,45.96622889305816,0.07044972061416466
5881,4.762904925559031,187.72082020071724,45.96622889305816,0.08368742483374829
5882,5.942621975965463,173.35543593709352,45.96622889305816,0.09642539305646629
5883,5.781471023784432,235.56613495371533,45.96622889305816,0.12747559812809314
5884,4.351184178708938,220.6870277906546,45.96622889305816,0.08987939099277803
5885,5.9963785735109605,179.8282650280255,45.96622889305816,0.10093059805848575
5886,5.00547191980006,220.70683109198313,45.96622889305816,0.10340383674244819
5887,5.469553672626003,226.65321111696016,45.96622889305816,0.11603516214675022
5888,4.696479870605858,169.65279649122274,45.96622889305816,0.07457776033153864
5889,5.3528434204553825,187.16495626508961,45.96622889305816,0.09377453635836665
5890,5.292129252238396,197.87352511638915,45.96622889305816,0.09801532451992057
5891,4.91721451746992,230.5209215917471,45.96622889305816,0.1060975489608669
5892,5.280918609514698,209.96050593386695,45.96622889305816,0.10378221450941252
5893,5.941703544353525,181.57954933044985,45.96622889305816,0.10098427733211632
5894,5.377028238969916,188.44189122697912,45.96622889305816,0.09484088988182926
5895,5.197842580617155,225.36880479378087,45.96622889305816,0.10964599494263155
5896,5.84557036805533,194.16813195119488,45.96622889305816,0.10623819759270701
5897,5.66418111391461,186.80531495875107,45.96622889305816,0.09903807922022619
5898,5.322053346745379,230.21073699436468,45.96622889305816,0.11467814185878139
5899,5.370844246433959,216.45870335274003,45.96622889305816,0.10881617586770913
5900,5.675253437134225,180.1958766987442,45.96622889305816,0.09572072034020776
5901,5.493791653609345,211.01152396339788,45.96622889305816,0.10850611348189115
5902,5.091775213270071,238.0072732672702,45.96622889305816,0.11343192443858648
5903,4.825027063189929,178.78800197640007,45.96622889305816,0.08074469034307587
5904,5.678531487972445,174.8097776202995,45.96622889305816,0.09291324057185024
5905,5.490547098459301,234.25759131057941,45.96622889305816,0.12038853886135749
5906,5.643163262431714,210.6520956781151,45.96622889305816,0.11126645407659505
5907,5.846306057922537,199.11269772020316,45.96622889305816,0.10895730495539034
5908,4.151346094722878,218.794463892095,45.96622889305816,0.08501608844590065
5909,5.43368885503013,229.23009545511817,45.96622889305816,0.11658488539576024
5910,4.8121986781769746,171.6032918591967,45.96622889305816,0.07729386296632827
5911,4.205340506563749,187.63164492509762,45.96622889305816,0.07385554394868307
5912,5.585928681979562,201.7095202733671,45.96622889305816,0.10546239550610459
5913,4.340871129926565,179.34550922851474,45.96622889305816,0.07286907357213476
5914,4.6968217848310285,198.42291534338602,45.96622889305816,0.08723118188252504
5915,5.678888116087058,239.38646409208872,45.96622889305816,0.12724442135352454
5916,5.198515531266502,191.13459970451783,45.96622889305816,0.09300247492782558
5917,4.366758096466944,200.88190617359066,45.96622889305816,0.08210617180433366
5918,5.226241953836243,186.15526735508283,45.96622889305816,0.09106273502152973
5919,4.647846844392048,226.28007395274716,45.96622889305816,0.09844053594991904
5920,5.319928304535754,196.02135377700162,45.96622889305816,0.09760790971635792
5921,5.11543155034036,200.3799918321599,45.96622889305816,0.09594282038095633
5922,4.348750051639344,229.6270503473493,45.96622889305816,0.09346808456442526
5923,4.181999518939744,177.04209728161985,45.96622889305816,0.06930050078613331
5924,5.123437218916628,196.8907076005036,45.96622889305816,0.09441967198989791
5925,5.190698641755485,233.5758648495984,45.96622889305816,0.11348269212586862
5926,4.571995566927699,172.05708516862822,45.96622889305816,0.07362989998879037
5927,4.242575988734077,164.72487030410053,45.96622889305816,0.06541308816115432
5928,5.581509049026474,196.59758318356873,45.96622889305816,0.10270832734242512
5929,4.511602445508772,213.92578788605167,45.96622889305816,0.09033786288859191
5930,5.554723598617574,234.97028322340606,45.96622889305816,0.12216624986544344
5931,4.79887494237685,215.1536320097617,45.96622889305816,0.09664156695145823
5932,4.5412575701298525,229.2384554564879,45.96622889305816,0.09744048954494253
5933,5.817388996260467,210.42003161359708,45.96622889305816,0.11457530852056096
5934,5.317898675969427,212.76928927892743,45.96622889305816,0.10590704483517888
5935,5.183126089350052,195.10263342387015,45.96622889305816,0.09465220902385507
5936,5.480646271573913,238.12981494084164,45.96622889305816,0.12215785443321188
5937,5.491608831358817,184.7653471143331,45.96622889305816,0.09497208351778515
5938,5.000872589153679,207.76495762209325,45.96622889305816,0.09725096923392255
5939,4.164426321094846,199.3593474885496,45.96622889305816,0.07770834059392025
5940,4.204914159793676,200.84125189468392,45.96622889305816,0.07904709296290356
5941,4.173965272772742,188.9094053528827,45.96622889305816,0.07380372145939243
5942,5.9089702442282315,160.59708166157026,45.96622889305816,0.0888229720729831
5943,4.548540338932916,189.7390227288122,45.96622889305816,0.0807801320431602
5944,5.1800461806241165,237.23540669859443,45.96622889305816,0.115024137918568
5945,5.279498205005698,231.50247017328974,45.96622889305816,0.11439949956872753
5946,4.325203453065084,183.08788059603722,45.96622889305816,0.07412112240327738
5947,5.774120345539297,160.41418275123272,45.96622889305816,0.08669707453713865
5948,4.907555499897771,196.23096468072617,45.96622889305816,0.09013814315711179
5949,5.892509648594916,195.9376009900585,45.96622889305816,0.10806720952776473
5950,5.8126612360699585,206.82568501737086,45.96622889305816,0.1125266352840945
5951,4.599946402116687,171.86129289930875,45.96622889305816,0.07399573608354384
5952,4.980402344334413,161.41145696620907,45.96622889305816,0.07524447827616167
5953,4.670418839338889,201.84537231374685,45.96622889305816,0.08823694740002959
5954,5.116576185717812,195.51463195089562,45.96622889305816,0.09363421171721777
5955,5.927939683186276,171.85934993601728,45.96622889305816,0.09535704613459256
5956,5.994986317610838,215.3104286116445,45.96622889305816,0.12081729568575268
5957,5.649986100248288,210.74603265722138,45.96622889305816,0.11145065772632434
5958,4.429864702492906,220.05218676715853,45.96622889305816,0.09124141243147746
5959,5.696380051094095,220.15468466321985,45.96622889305816,0.1173823329622766
5960,5.747888844809577,165.0822176716857,45.96622889305816,0.08881462862358921
5961,5.923903012164581,235.13524528086336,45.96622889305816,0.13037716109671005
5962,5.793986156213177,210.992636142831,45.96622889305816,0.11442491544505198
5963,5.693369225837317,208.39223072926475,45.96622889305816,0.11105208628839801
5964,4.984417440051536,234.48081395343797,45.96622889305816,0.10939502418876682
5965,4.415085448671118,228.12611350873814,45.96622889305816,0.09427357220246088
5966,4.881091894406972,183.35515248188193,45.96622889305816,0.08376950542681359
5967,5.012390180780355,210.98396045217882,45.96622889305816,0.09898517600456021
5968,4.365468953702273,220.09234889651222,45.96622889305816,0.08993147118276042
5969,4.789259996493033,216.29683082041967,45.96622889305816,0.09696040466266044
5970,4.314292003560224,164.4781527311279,45.96622889305816,0.06641919452266136
5971,4.323116260535947,174.44307514764674,45.96622889305816,0.070587288224733
5972,5.523068379855302,199.40526996080618,45.96622889305816,0.10308438890540284
5973,5.52804838606339,219.75759881672298,45.96622889305816,0.11370814785382584
5974,4.490519818657632,232.87257329685184,45.96622889305816,0.09787928956521912
5975,5.538127758729118,166.82976412895243,45.96622889305816,0.08647933766516765
5976,5.144691469188048,193.017259392783,45.96622889305816,0.09294613359446445
5977,4.918953588905803,189.36956390227326,45.96622889305816,0.08718840898434707
5978,4.992577429908435,188.44817135233407,45.96622889305816,0.08806281934331049
5979,4.925686280133081,203.5777133366799,45.96622889305816,0.0938583312753855
5980,5.46120042702257,172.11907190619598,45.96622889305816,0.08798182370573039
5981,4.267031644497615,199.8294922275028,45.96622889305816,0.07981073257609714
5982,4.9499707787193055,205.10890400038292,45.96622889305816,0.09503049640565883
5983,5.226764313486323,181.9295796595094,45.96622889305816,0.089004524032185
5984,5.295466139886636,199.65351780661342,45.96622889305816,0.09895939028859076
5985,4.99177973425193,207.51259547900025,45.96622889305816,0.09695623099163903
5986,5.224242641126907,209.35177674760527,45.96622889305816,0.10237073924193668
5987,5.661218249294808,199.96002436775225,45.96622889305816,0.10595682293790237
5988,5.882074610766617,235.7132172264116,45.96622889305816,0.12977478357195382
5989,4.670727274577721,230.50019884373555,45.96622889305816,0.10077009373407823
5990,4.841885378516409,237.94401171784716,45.96622889305816,0.10783633828426815
5991,5.854805525877092,195.160232129208,45.96622889305816,0.10694971923494438
5992,4.698893935902871,214.88194367114514,45.96622889305816,0.09450861844800788
5993,4.735116053072542,212.82949471035738,45.96622889305816,0.09432749261242299
5994,4.84267574368521,200.15023222367958,45.96622889305816,0.09072298635028904
5995,4.757436643508886,223.73586010525378,45.96622889305816,0.09962869918544832
5996,5.202748283874473,214.65991446087455,45.96622889305816,0.10453449254769669
5997,5.641853440556162,223.69875490017188,45.96622889305816,0.11813027522228375
5998,5.019052882557534,180.3367133949539,45.96622889305816,0.08471918531193581
5999,4.726800466114927,204.16274695451224,45.96622889305816,0.09032742271499472
6000,4.477524137466899,222.46588575333325,45.96622889305816,0.0932346205337199
6001,4.458721576156643,186.81616451783825,45.96622889305816,0.07796517426458417
6002,5.265479926075314,215.81565360948778,45.96622889305816,0.1063645120337512
6003,4.789285010816494,220.45578096965403,45.96622889305816,0.09882527310356767
6004,5.803953225236106,173.151752917821,45.96622889305816,0.09406469356153016
6005,5.831797448011215,203.04607665059535,45.96622889305816,0.11083396817746952
6006,4.89766573816001,223.66681480263452,45.96622889305816,0.10253367967024198
6007,5.56815130067103,214.6025787684228,45.96622889305816,0.11184634918985586
6008,4.817010409194998,181.38143983693874,45.96622889305816,0.08177984415706345
6009,4.720719615836351,205.86281912378027,45.96622889305816,0.09096241269108243
6010,5.127949665459504,233.91577325835567,45.96622889305816,0.11227397793074294
6011,4.913337375250532,213.33081516268874,45.96622889305816,0.09810836263158855
6012,5.320091099376281,218.53486249458157,45.96622889305816,0.10882173527417491
6013,5.9829177868758645,224.1622845878052,45.96622889305816,0.12553112703522545
6014,4.079302471539153,224.92865281023836,45.96622889305816,0.08588286807317355
6015,5.999782974739995,163.03346341850013,45.96622889305816,0.09155628126508153
6016,5.1943720856746705,207.95258052379117,45.96622889305816,0.10110513623341202
6017,5.049825986899109,230.02458584282599,45.96622889305816,0.108724274681706
6018,5.628643264391172,173.76357722530346,45.96622889305816,0.09154577844787937
6019,4.205998904471999,173.32688402877486,45.96622889305816,0.06823558725427756
6020,5.773444437463715,167.87275623779257,45.96622889305816,0.09071749727378074
6021,5.292346037502494,214.66221524829555,45.96622889305816,0.10633584539174915
6022,4.436240645248839,178.38235002320653,45.96622889305816,0.07407008215476049
6023,5.671431031187929,193.6064628797086,45.96622889305816,0.10277520565239844
6024,4.998946541408738,191.77233598894824,45.96622889305816,0.08973054377631184
6025,4.3663858473214185,195.14289864367257,45.96622889305816,0.07975367626290573
6026,4.538638461795105,184.01302757380952,45.96622889305816,0.07817178137351125
6027,4.403434260105952,210.12313873464302,45.96622889305816,0.08660465685566353
6028,4.573713336240199,173.25277801864272,45.96622889305816,0.07416943947171993
6029,5.6168485483730075,206.06862239900084,45.96622889305816,0.1083379043061482
6030,5.717771882706195,222.5147025615141,45.96622889305816,0.11908618579680806
6031,4.74363843366171,204.9336674972394,45.96622889305816,0.09099148233157206
6032,5.9739907051352,188.64194623794637,45.96622889305816,0.10548207384849628
6033,4.47900791375441,173.0536313868378,45.96622889305816,0.07255016350785076
6034,5.879851623114331,179.96636574042603,45.96622889305816,0.09904522939317223
6035,5.8552435797397395,207.34641671581602,45.96622889305816,0.1136363693640854
6036,5.180153799613336,192.0178524754988,45.96622889305816,0.09310223595764973
6037,4.7918976604900925,185.66116532422683,45.96622889305816,0.08327304683203211
6038,5.4588457239526855,219.1004854329123,45.96622889305816,0.11194894601480407
6039,5.062448264913451,195.91491356357932,45.96622889305816,0.09283333309292117
6040,5.271254420136511,199.3126465326346,45.96622889305816,0.09833874982067035
6041,5.648335437023906,165.21199371481435,45.96622889305816,0.08734497021626283
6042,5.805217474223039,201.95974675164086,45.96622889305816,0.10973853548726191
6043,5.018429892816356,191.2781225922732,45.96622889305816,0.08984812339702886
6044,5.064567490456062,177.62619844382698,45.96622889305816,0.08420254784060215
6045,4.994638321349022,191.85803939734873,45.96622889305816,0.08969327788195836
6046,4.587979235236916,176.9754998123691,45.96622889305816,0.07599944835145955
6047,5.7204249224188795,228.0139939149633,45.96622889305816,0.12208593697105316
6048,4.970236192522323,178.5169267775347,45.96622889305816,0.08304859278589166
6049,4.900751737519336,234.05124902763683,45.96622889305816,0.10736173331589534
6050,5.558796023604312,224.60484663561456,45.96622889305816,0.11686264465452507
6051,5.405485657595048,217.92095593587612,45.96622889305816,0.11025786112855313
6052,4.299255350164365,187.74772092458414,45.96622889305816,0.07555161684715486
6053,5.663922968228629,174.18188381369038,45.96622889305816,0.09234133949492632
6054,4.150320123571288,227.71276278432228,45.96622889305816,0.08845956866240096
6055,5.561507618276762,172.65046157234335,45.96622889305816,0.08987442584642373
6056,5.056240461563414,163.33598787735232,45.96622889305816,0.07730106047678663
6057,4.297040234442485,180.58113307069993,45.96622889305816,0.07263026731453052
6058,5.408013069381312,184.39519600574027,45.96622889305816,0.09333900856146411
6059,5.620958382049817,161.8835293033629,45.96622889305816,0.08517043837725181
6060,4.008649195775675,183.983683928604,45.96622889305816,0.06903243796328047
6061,5.461897829973717,236.12321176861647,45.96622889305816,0.1207141283055643
6062,4.630883906475394,204.55302181749704,45.96622889305816,0.08866365737632016
6063,4.0826985365821304,160.10093788316473,45.96622889305816,0.06118106574537578
6064,4.0315170375118035,167.78616998768402,45.96622889305816,0.0633141103574491
6065,5.748696584952976,211.31144162368338,45.96622889305816,0.1137020379602851
6066,5.796624182044519,226.79182461641187,45.96622889305816,0.1230490848470357
6067,5.530184754958063,188.29634671072915,45.96622889305816,0.09746695164903581
6068,4.26803052216391,168.26912331789896,45.96622889305816,0.0672214377986008
6069,4.050025042580805,174.22199029684685,45.96622889305816,0.06604448045555879
6070,4.038277403536979,215.02433061571713,45.96622889305816,0.08127549102218037
6071,4.777691385848643,202.25248072718358,45.96622889305816,0.09044567391008294
6072,4.957693842424143,182.6745356693837,45.96622889305816,0.08476831777338223
6073,4.229061842199757,203.38356484765674,45.96622889305816,0.08050738863284065
6074,5.727489316891847,219.97625302432886,45.96622889305816,0.11792772942600699
6075,5.862943342863241,188.47820743432527,45.96622889305816,0.10343146802525545
6076,5.691410033595028,217.80526113673523,45.96622889305816,0.11602834294927825
6077,5.886008905195897,183.0211167164702,45.96622889305816,0.10083190317707907
6078,5.607260604427081,200.6526474100375,45.96622889305816,0.10531045371565376
6079,4.873480681466897,197.2603794164694,45.96622889305816,0.08998185908134743
6080,4.865167582942179,230.16528997758385,45.96622889305816,0.1048125974236312
6081,5.8888261658322945,213.0393405299919,45.96622889305816,0.11742603377213334
6082,4.385556196273782,193.6408968815614,45.96622889305816,0.07948727609200036
6083,4.711185209690541,213.67884257783234,45.96622889305816,0.09422530441987825
6084,4.140689410436111,212.3302787522305,45.96622889305816,0.08229253375926726
6085,4.933612968831272,180.88355599464424,45.96622889305816,0.08352952524104705
6086,4.1270481685545,164.23819624345742,45.96622889305816,0.06344385344044073
6087,5.784358049249249,206.13817960326907,45.96622889305816,0.11160649079852283
6088,5.103159520879628,161.40013660223025,45.96622889305816,0.07709370025714753
6089,5.541987741735439,176.85015276186067,45.96622889305816,0.09173748904915344
6090,4.7668076525976915,211.72830507993189,45.96622889305816,0.09446749462112582
6091,4.26905756426653,223.73555256946952,45.96622889305816,0.08940109960941547
6092,5.670574506227419,201.55949332377062,45.96622889305816,0.10698088043727765
6093,4.730833329327325,180.15158918278317,45.96622889305816,0.07977220453212142
6094,5.447923829256445,187.24505305011377,45.96622889305816,0.09548105920910877
6095,5.61904817744894,218.5955173343828,45.96622889305816,0.11496876237065906
6096,4.705857519376961,178.31073123854253,45.96622889305816,0.07854021820798918
6097,4.7154815175277465,187.38356339498347,45.96622889305816,0.08270530911653713
6098,5.913311960397416,210.18527661418963,45.96622889305816,0.11633460790555906
6099,5.315113529873916,182.6848753417169,45.96622889305816,0.09088474380636355
6100,4.728575471492865,197.29323386820175,45.96622889305816,0.08732093257936005
6101,5.953426213903151,213.406515096866,45.96622889305816,0.11891879449588949
6102,4.3081061612464815,239.275751853561,45.96622889305816,0.0964852518986189
6103,4.538589674887962,209.7383100665796,45.96622889305816,0.0890993496272844
6104,5.750324706572238,209.26079992850921,45.96622889305816,0.1126305224877434
6105,5.85184253069512,227.8475986135847,45.96622889305816,0.12479952589263674
6106,4.070013583609818,214.94519484083625,45.96622889305816,0.08188407515188954
6107,5.4417039839749854,189.74409763998253,45.96622889305816,0.09664492144911849
6108,5.8190623937009,224.07368576236334,45.96622889305816,0.12204492377105068
6109,4.734142921415869,177.84664854145598,45.96622889305816,0.07880665593435053
6110,4.425162958104213,177.64312272297738,45.96622889305816,0.0735789381383797
6111,5.178446228009455,211.42136635059572,45.96622889305816,0.10247647897645212
6112,4.297750013602205,203.88241349614046,45.96622889305816,0.08201565640722058
6113,4.500567169828704,232.83265764606114,45.96622889305816,0.09808147581016159
6114,5.712612731809772,169.24999075344388,45.96622889305816,0.0904980634306454
6115,4.5045734007730625,235.56141842740237,45.96622889305816,0.09931930629158776
6116,4.597966711287412,225.26610632852075,45.96622889305816,0.09694770303627576
6117,4.1009284865259295,191.02370926117254,45.96622889305816,0.07332385983726862
6118,5.229590987875047,191.96357652053388,45.96622889305816,0.0939641966426635
6119,5.581301536123354,238.39361783449692,45.96622889305816,0.12453916788346937
6120,5.0270647441125265,197.09052915854838,45.96622889305816,0.09273764920974097
6121,5.409021809719804,220.29638161688294,45.96622889305816,0.111532630507092
6122,4.11959593356031,195.00714972216352,45.96622889305816,0.07519362187059322
6123,4.999487480755985,184.5933383186979,45.96622889305816,0.0863808270582146
6124,5.5181740367835905,230.9583230234632,45.96622889305816,0.11929022554991746
6125,5.690672540178642,210.70254332342958,45.96622889305816,0.11223006700805094
6126,5.588402969221104,178.6101848071589,45.96622889305816,0.09342643631344517
6127,4.05135954086168,201.07640373842247,45.96622889305816,0.07624963070972329
6128,4.819975755953224,230.537094331332,45.96622889305816,0.10400674803713267
6129,5.578209524593201,190.54815381963385,45.96622889305816,0.09948908048323907
6130,4.034863875269642,181.98999779365238,45.96622889305816,0.06873093562214973
6131,4.720879622242988,214.06685519244792,45.96622889305816,0.09459064877892252
6132,5.806554514391187,177.67628409040108,45.96622889305816,0.09656590595983058
6133,5.571822080653352,218.28616870531602,45.96622889305816,0.11384115862331182
6134,4.706306773021819,161.29345358295475,45.96622889305816,0.07105142987668817
6135,4.0654084760160405,209.5395773956168,45.96622889305816,0.07973446796686422
6136,5.694243880447393,210.55705897005535,45.96622889305816,0.11222295968756234
6137,5.547355489943611,200.22927307623334,45.96622889305816,0.10396554079830625
6138,4.525724068573352,163.18082036935465,45.96622889305816,0.06912466388335245
6139,5.634690585260755,197.93851023697562,45.96622889305816,0.10439416354468854
6140,5.752936425549002,189.61513327306926,45.96622889305816,0.10210298033912826
6141,4.551957496132609,213.36384386597382,45.96622889305816,0.0909064866986066
6142,5.208693052492687,216.3392738897957,45.96622889305816,0.10547268010260615
6143,4.182159813280412,166.6682192489818,45.96622889305816,0.06524230084576783
6144,5.141849445575162,203.86182751475127,45.96622889305816,0.09811403079947006
6145,4.18584278135225,194.4151734763071,45.96622889305816,0.07617087040503523
6146,5.2672118878734,203.3621986175732,45.96622889305816,0.10025980755359898
6147,4.373008299211401,234.2249966070101,45.96622889305816,0.09587147113863234
6148,4.068725217041576,181.80604307385727,45.96622889305816,0.06923768268129804
6149,4.135090901848559,182.66960831321745,45.96622889305816,0.07070126875158912
6150,5.370598053956765,161.90469254516992,45.96622889305816,0.08138754250001462
6151,4.077528518881085,176.4685890212251,45.96622889305816,0.06735041393378229
6152,4.055365470680523,191.2044536014789,45.96622889305816,0.07257780868813243
6153,4.460296283368201,185.77208460829647,45.96622889305816,0.07755682320659031
6154,5.674427458588763,194.57603786499175,45.96622889305816,0.10334447248736671
6155,4.030097553322898,203.7452227370287,45.96622889305816,0.07685618837398897
6156,4.218767602358466,164.7472847416944,45.96622889305816,0.06505485549683193
6157,4.654628702410796,181.76845764876762,45.96622889305816,0.07919165406343415
6158,4.223381619199886,183.87462730144856,45.96622889305816,0.07268720670265086
6159,4.968126278912488,180.0912931938536,45.96622889305816,0.08374544439952558
6160,4.064598494741918,231.40801199677333,45.96622889305816,0.0880383495170373
6161,5.302808263502009,216.5322096301061,45.96622889305816,0.10747421479462602
6162,4.816182202045169,205.8671594089228,45.96622889305816,0.0928038149186475
6163,5.405965943636594,188.53542292863034,45.96622889305816,0.09539862466879347
6164,5.66255837018836,221.78918122895678,45.96622889305816,0.1175516956771796
6165,4.574168564790332,186.62372010355375,45.96622889305816,0.07990148592896232
6166,4.367841797176563,200.20961379237664,45.96622889305816,0.08185169484825093
6167,5.622641044707562,205.12117414385548,45.96622889305816,0.10795100779755389
6168,4.709368796748489,192.8188401149887,45.96622889305816,0.08499395072027466
6169,5.385170425320214,201.1413677902497,45.96622889305816,0.10138569902440281
6170,5.105437485913982,208.77408648633926,45.96622889305816,0.09976665322117766
6171,5.477086269203231,210.05258052744225,45.96622889305816,0.1076845633922036
6172,5.368654254816006,213.290198719202,45.96622889305816,0.10717961275610739
6173,5.852930663598499,218.91591728375542,45.96622889305816,0.11992965051786121
6174,5.093123631855705,231.83664838811967,45.96622889305816,0.11052032590270659
6175,5.800794770900069,188.1211739090374,45.96622889305816,0.10214121733050706
6176,5.610606447835139,238.59744889079644,45.96622889305816,0.125300109653196
6177,4.413689701695222,191.75720926922978,45.96622889305816,0.07921899833116605
6178,4.830902050136938,208.84596019922935,45.96622889305816,0.09443438571427606
6179,5.925340997691902,184.44867151868513,45.96622889305816,0.10229743136990253
6180,5.5074810499284155,222.28497058310973,45.96622889305816,0.11458795263274682
6181,5.392327391593445,207.06190699191404,45.96622889305816,0.10450866748870757
6182,5.143440924670988,182.5641866555362,45.96622889305816,0.0878911590045863
6183,4.274500373713467,186.72480424666483,45.96622889305816,0.07470733098197703
6184,4.459179808246056,212.20993093438727,45.96622889305816,0.08857201758274674
6185,5.7062750176947885,172.69543206148376,45.96622889305816,0.09223789813453354
6186,5.318936641708097,169.74962909750508,45.96622889305816,0.08451027207072016
6187,4.76019577570515,173.85475482862194,45.96622889305816,0.07746173786720874
6188,4.599085440900799,228.6860002609966,45.96622889305816,0.0984434681260542
6189,4.839479023724161,168.68795303149312,45.96622889305816,0.07641146543948214
6190,4.397899433670154,227.49157187561931,45.96622889305816,0.0936454011589062
6191,4.820319443263944,234.87834375511974,45.96622889305816,0.10597285737833523
6192,5.1224497405176805,200.56639998223474,45.96622889305816,0.09616382601186478
6193,4.912352624396096,221.87650167234594,45.96622889305816,0.10201797359039269
6194,5.671410348931269,170.16394083677653,45.96622889305816,0.09033050848317187
6195,4.816829347928773,182.6215115134691,45.96622889305816,0.08233586302230342
6196,5.79876599495833,218.77670049719123,45.96622889305816,0.11874422582870288
6197,4.584653312689093,192.669849682536,45.96622889305816,0.0826791698867798
6198,4.838413405440281,234.54505851313078,45.96622889305816,0.1062197094151166
6199,4.94736705205584,161.47423708245228,45.96622889305816,0.07477444917985329
6200,5.460170940038857,167.72347680598355,45.96622889305816,0.08571877273611404
6201,5.261479818571009,201.0799865936164,45.96622889305816,0.0990267680732468
6202,5.525417821836158,204.01154351596654,45.96622889305816,0.10551050812256055
6203,4.35046768505006,231.5169283930765,45.96622889305816,0.0942745672923096
6204,5.806656013025822,193.65469289425644,45.96622889305816,0.10525190709806163
6205,5.218836382232514,204.19375749771808,45.96622889305816,0.09974519667720076
6206,5.068475146969356,167.21596927206366,45.96622889305816,0.0793288065428208
6207,4.987961564546772,178.0118739082698,45.96622889305816,0.08310897364418028
6208,5.59569596756065,227.90400842679207,45.96622889305816,0.11936635223242471
6209,4.037372359445921,218.9387818637817,45.96622889305816,0.08273653935839063
6210,4.229693018622789,160.78810771910076,45.96622889305816,0.06365589391484383
6211,4.027359304206112,197.28058529843918,45.96622889305816,0.07436705334934793
6212,5.628225578750164,184.9123127807242,45.96622889305816,0.09741216032667502
6213,5.849258459465937,193.69073514243667,45.96622889305816,0.10604385521047414
6214,4.377309584648026,196.72627654296437,45.96622889305816,0.08060193796483635
6215,5.253919872972385,200.45649117201646,45.96622889305816,0.09857786727063324
6216,4.881332683951372,175.07643180242223,45.96622889305816,0.07999115049869554
6217,5.398680965569335,188.0317916613813,45.96622889305816,0.09501557406720894
6218,5.941155625309539,192.05066613498124,45.96622889305816,0.10679787101433415
6219,4.443117000865692,228.77179385589693,45.96622889305816,0.09514064164172979
6220,4.417376269521607,173.44922765621695,45.96622889305816,0.07171543100736365
6221,5.437025912110563,183.85196878435272,45.96622889305816,0.0935633011503592
6222,4.834697312910479,196.0841795102311,45.96622889305816,0.08873351658122987
6223,5.567099772875927,205.94351196544144,45.96622889305816,0.10731315616520427
6224,5.482774414876961,238.99950739901047,45.96622889305816,0.12265160397380201
6225,5.421927239414681,182.3083050974041,45.96622889305816,0.09252007739948727
6226,5.533898233172074,227.99376559272656,45.96622889305816,0.11809458616062159
6227,4.861589814714653,212.76288847476735,45.96622889305816,0.09681664744984739
6228,4.980792389920025,170.20409634451647,45.96622889305816,0.07934951866663997
6229,5.457609113836773,195.4917673090149,45.96622889305816,0.09986349212852103
6230,4.692823122971531,197.41890339413766,45.96622889305816,0.08671590670950717
6231,5.164100664362384,220.54947051460115,45.96622889305816,0.10660475285078337
6232,5.817383969441986,214.74023928863292,45.96622889305816,0.11692759343913924
6233,5.988585188021717,172.59904477438567,45.96622889305816,0.09674721416904179
6234,4.308671801198565,223.23463526171344,45.96622889305816,0.09002867122108002
6235,5.267027312675873,228.9691714271342,45.96622889305816,0.1128803719368761
6236,5.3578883657918865,161.00767427633448,45.96622889305816,0.08074508315406456
6237,5.345391639436684,176.93234032386235,45.96622889305816,0.08852432029394988
6238,4.893877584053949,215.3209872740576,45.96622889305816,0.0986314261605076
6239,5.312575834837303,190.60314686470048,45.96622889305816,0.09477876770644027
6240,5.426133185322221,235.53250493299646,45.96622889305816,0.1196236773799706
6241,4.461544346819599,169.55485920145225,45.96622889305816,0.07080620260390862
6242,4.270037320455641,196.6088815549659,45.96622889305816,0.07857975170192913
6243,4.596477109271426,197.39804342501273,45.96622889305816,0.08492661103848835
6244,4.168686136339702,179.75458567335363,45.96622889305816,0.07013826604886368
6245,4.694328825224852,234.70738932668408,45.96622889305816,0.10312788687641154
6246,4.594075895206548,163.85609072126078,45.96622889305816,0.0704590208398741
6247,4.622063582193138,234.95066032222888,45.96622889305816,0.10164556496835978
6248,4.854473651386208,225.4855131655756,45.96622889305816,0.10245582195559631
6249,4.534524011242191,170.86229437517483,45.96622889305816,0.07251933091667115
6250,4.99331192278632,216.1408016568808,45.96622889305816,0.10101859016314069
6251,5.690407348824494,179.28314189061268,45.96622889305816,0.09549016852140671
6252,5.973304382307816,199.13926038583273,45.96622889305816,0.11133901740800892
6253,5.004574144067223,228.68359229869912,45.96622889305816,0.10712182976262889
6254,4.814611701360429,220.5904437893615,45.96622889305816,0.09940856626364505
6255,5.13530687573167,170.83244677213523,45.96622889305816,0.08211313080425618
6256,4.065867353776441,234.73627418000814,45.96622889305816,0.08933245344837316
6257,5.732984259943086,238.68380480622164,45.96622889305816,0.12807947843097234
6258,5.34837340102926,211.65818567805843,45.96622889305816,0.10595772817256392
6259,4.417066663268271,211.38398923295375,45.96622889305816,0.08739405529822089
6260,4.976811637906121,190.18670756442592,45.96622889305816,0.08859459207284552
6261,5.364906010156321,166.79955396353887,45.96622889305816,0.08375926380591588
6262,5.007777921600502,220.6491165008128,45.96622889305816,0.10342442204952877
6263,5.659961682789482,199.20122511759752,45.96622889305816,0.10553131380451829
6264,4.705170977510367,205.78962600653438,45.96622889305816,0.09063057517101042
6265,4.256498454619455,167.31831045242652,45.96622889305816,0.0666609961558593
6266,5.638274225985777,170.12005154439075,45.96622889305816,0.08977957578215592
6267,4.8345366448530696,192.93967956910066,45.96622889305816,0.08730764182511525
6268,5.966126683563243,216.4143621561236,45.96622889305816,0.12085215487169462
6269,5.533082797978035,213.59319649205574,45.96622889305816,0.11061917954337144
6270,4.545031452491086,188.88998093321456,45.96622889305816,0.08035662065201801
6271,4.36648463001276,203.37095797144272,45.96622889305816,0.0831183127794186
6272,4.155822477687117,232.30927148201363,45.96622889305816,0.09036481822992666
6273,4.392898826151953,177.08000430227534,45.96622889305816,0.07281092922802435
6274,4.9691558331855745,185.58221099925157,45.96622889305816,0.08631669630377728
6275,4.333085803680223,238.85275595851544,45.96622889305816,0.09687314389088607
6276,4.559292929348622,219.16188133325187,45.96622889305816,0.09352729301249291
6277,5.452161563321661,179.56622655747537,45.96622889305816,0.09163665374829044
6278,4.555375688161263,202.77456744903927,45.96622889305816,0.08645966173117442
6279,5.72205821216852,219.16277987708153,45.96622889305816,0.11738022045959065
6280,4.606103367450329,163.4552328236579,45.96622889305816,0.07047066296428968
6281,5.214807193308245,198.0586542239969,45.96622889305816,0.09667360822806177
6282,4.687783247298541,211.69689728733508,45.96622889305816,0.09288762618176959
6283,5.903371704154123,232.27935830723808,45.96622889305816,0.12834725822474646
6284,5.331338401986285,236.74272017702077,45.96622889305816,0.11813775999203358
6285,4.791246533295623,168.0844912659456,45.96622889305816,0.07537928449696821
6286,4.904535865580767,212.83129592723472,45.96622889305816,0.09770330458447946
6287,5.602841463895822,235.0393650521331,45.96622889305816,0.12326074489514803
6288,5.034303674199141,189.84509187547536,45.96622889305816,0.08945706215697069
6289,4.5633312642808015,208.54792527677412,45.96622889305816,0.08907661783953501
6290,5.3855288896959,210.59197427813174,45.96622889305816,0.10615636150825443
6291,4.390270925205918,195.69630687420695,45.96622889305816,0.08041735786406454
6292,4.14854975891164,201.63081904146244,45.96622889305816,0.07829410546373042
6293,4.428399065620078,231.13394770291836,45.96622889305816,0.09580459431260803
6294,5.61643985376549,218.51629725167766,45.96622889305816,0.11487374875843669
6295,4.224823372152655,195.74387984666134,45.96622889305816,0.07740563861459669
6296,4.360412151683266,163.50200911556968,45.96622889305816,0.066730823394034
6297,4.804938923546765,185.09856001152565,45.96622889305816,0.08324664900475588
6298,5.836426542920112,234.08564130346363,45.96622889305816,0.1278785336605931
6299,5.869651796253747,161.1466077830214,45.96622889305816,0.08853385093804461
6300,5.037774636089056,161.45910003774452,45.96622889305816,0.07613373071640164
6301,5.208945198255597,200.67355334835796,45.96622889305816,0.09783984994344452
6302,4.860758721091493,164.20937938141938,45.96622889305816,0.07470985138468074
6303,4.209739589016376,185.0426418466462,45.96622889305816,0.07291265295955725
6304,4.48401643360063,174.3066546690371,45.96622889305816,0.07315718941645098
6305,5.702570537762114,162.27894264048717,45.96622889305816,0.0866181061699977
6306,4.435750539042415,233.36270161122226,45.96622889305816,0.09688898507786536
6307,5.743414984004435,188.4193858048036,45.96622889305816,0.10129117973908953
6308,5.608825955938462,172.17871780929315,45.96622889305816,0.09039143519723934
6309,5.280852551498787,230.65476333162957,45.96622889305816,0.11400983525460533
6310,4.943935855881826,173.3504046376673,45.96622889305816,0.08021831511281202
6311,5.157602142314166,219.85387061291527,45.96622889305816,0.10613479912488025
6312,5.731241826574365,190.33063819141705,45.96622889305816,0.1021017735954442
6313,4.568158024798674,214.84604587027803,45.96622889305816,0.09186378444721059
6314,4.499724350963403,179.42214066395547,45.96622889305816,0.07556797642189363
6315,4.36473070816078,189.39925642471437,45.96622889305816,0.07737694385801035
6316,4.878501173248819,217.9887947372101,45.96622889305816,0.09953972410642188
6317,4.215488151495873,194.07612668113933,45.96622889305816,0.07657655733117513
6318,5.315676942402728,203.59612170740823,45.96622889305816,0.10129871323004375
6319,5.575928274463791,231.38534103940333,45.96622889305816,0.12076160292125807
6320,4.42548467338242,232.69164368515467,45.96622889305816,0.09638678113766351
6321,5.770732730463139,189.10742599132575,45.96622889305816,0.10214459543263052
6322,5.626640858206855,201.21832001685195,45.96622889305816,0.10597234946936618
6323,5.621674908440602,219.8414030082444,45.96622889305816,0.11567807775836453
6324,5.924805551546927,177.68828105080283,45.96622889305816,0.09853913291176912
6325,5.47213131157345,161.11165529404187,45.96622889305816,0.08252001890439419
6326,5.843488693942942,175.91277772334018,45.96622889305816,0.09621558907706643
6327,4.746864206728758,227.44646258514862,45.96622889305816,0.10105593939721925
6328,4.955305900381245,213.10239991318807,45.96622889305816,0.09884043745760102
6329,4.722883021878722,204.43258792609123,45.96622889305816,0.0903718481922234
6330,5.690911762062526,231.40215658399518,45.96622889305816,0.1232608342371581
6331,4.912593039033574,217.61185646903658,45.96622889305816,0.10006200278577007
6332,4.934440162146876,235.1718182836492,45.96622889305816,0.10861730241747332
6333,5.455119166543334,194.50249263721207,45.96622889305816,0.09931280818920638
6334,4.99623006453409,174.65042108485721,45.96622889305816,0.08167476887928093
6335,5.882007164096778,180.4044292059088,45.96622889305816,0.09932271757424133
6336,4.362705139293646,196.16936159730096,45.96622889305816,0.08010560207636987
6337,5.452323340756535,214.616499470933,45.96622889305816,0.10952684022167135
6338,4.509150936575593,181.19602792927267,45.96622889305816,0.07647496637424296
6339,4.471273492900282,208.2582307124202,45.96622889305816,0.08715840182363395
6340,5.914203710876145,231.1529421069057,45.96622889305816,0.127959211035733
6341,5.0090140251681765,190.22684496806562,45.96622889305816,0.0891866602606387
6342,4.791465377770306,224.49724053081758,45.96622889305816,0.10068278270622485
6343,5.301191196148943,163.30115963833367,45.96622889305816,0.0810286466928726
6344,4.151290152253559,198.5083823142864,45.96622889305816,0.07713256755120522
6345,5.064644746128448,236.8486509821476,45.96622889305816,0.11227828021715865
6346,4.282145612247903,224.61489581958597,45.96622889305816,0.09002763343822807
6347,5.790990087103272,190.21011766054602,45.96622889305816,0.10310085918652748
6348,4.323601250811607,179.705052588091,45.96622889305816,0.07272467187776255
6349,5.325567081671816,165.58321570355363,45.96622889305816,0.08253877533672037
6350,5.771197443680315,220.5289128616516,45.96622889305816,0.11912620806822179
6351,5.588899273286934,219.22586912221186,45.96622889305816,0.11468164973829657
6352,4.257399806454296,218.47136776716872,45.96622889305816,0.08705922814814934
6353,5.198379973157408,164.07724904888502,45.96622889305816,0.07983479888340693
6354,4.569274969051548,193.84802348203766,45.96622889305816,0.08290572465208097
6355,5.085815892285949,174.44221034441375,45.96622889305816,0.08304013838531808
6356,5.054451759026227,236.607975044404,45.96622889305816,0.11193844855404009
6357,4.709247502653222,172.118120898161,45.96622889305816,0.0758671833816964
6358,4.937437494454165,196.04648853271925,45.96622889305816,0.09060173770167247
6359,5.83438634033719,196.98851465029554,45.96622889305816,0.1075751444737941
6360,4.486653198452943,177.958562943531,45.96622889305816,0.0747338300862831
6361,4.069102773272513,219.31122009108614,45.96622889305816,0.08352863006739424
6362,4.535631986192351,223.03590290627403,45.96622889305816,0.09468658136723648
6363,5.1006462909188715,216.93172277363746,45.96622889305816,0.10356764999705233
6364,4.406361857383185,172.39993463397684,45.96622889305816,0.07110384804305732
6365,4.83630479189238,188.54263856881553,45.96622889305816,0.08534912877376664
6366,5.012292559270762,219.86377618136112,45.96622889305816,0.10314921889649599
6367,5.817698445172416,207.5448128532673,45.96622889305816,0.11301574143974899
6368,4.451722733145527,183.63302414119377,45.96622889305816,0.07651643764055745
6369,5.8113054429531035,176.7709779721472,45.96622889305816,0.09615248570731585
6370,4.189852588926218,233.69285946998923,45.96622889305816,0.09164737597990154
6371,4.053329564720437,219.9125752015897,45.96622889305816,0.08343299415844317
6372,4.291211917862358,213.3097350228384,45.96622889305816,0.08567744113899974
6373,4.372874817604035,231.77194668825166,45.96622889305816,0.09486450877177127
6374,4.099733681373528,184.3596159859356,45.96622889305816,0.07074525062055012
6375,5.5660717062418845,205.3853335515308,45.96622889305816,0.10700253663449011
6376,4.843748565517035,194.8430090234671,45.96622889305816,0.08833692305491012
6377,5.004635164041471,239.5899366325649,45.96622889305816,0.11223203676252068
6378,5.34729972855585,198.96481605720138,45.96622889305816,0.0995833338453568
6379,4.643699707468727,200.30426970762457,45.96622889305816,0.08706230944126872
6380,5.845231791676246,177.51777101712972,45.96622889305816,0.09712240375376738
6381,4.690958571420908,165.1996736467073,45.96622889305816,0.07253483562832651
6382,5.2584614928447975,221.3613621065166,45.96622889305816,0.10895229059277806
6383,5.264052057947505,224.9468551634672,45.96622889305816,0.11083475106775365
6384,5.541497078673065,237.79727230043903,45.96622889305816,0.12334167048240709
6385,4.9048801583948896,166.72562566077056,45.96622889305816,0.07654319835547202
6386,5.0707932677295044,221.68096592491116,45.96622889305816,0.1052156055221681
6387,4.813905063462269,195.93859213170518,45.96622889305816,0.0882863074819893
6388,5.474715653809475,161.34723044741776,45.96622889305816,0.08267970749026086
6389,5.3145626722333725,216.57679085719477,45.96622889305816,0.10773462289465899
6390,5.941339760097406,218.39587235581632,45.96622889305816,0.12145199787571682
6391,4.2617745782861345,199.86424066691782,45.96622889305816,0.07972626542238373
6392,4.811890948092132,192.07452181222638,45.96622889305816,0.08650901870838647
6393,5.570181047573104,206.48831934366365,45.96622889305816,0.1076565974284287
6394,5.46174892519295,219.6637486818342,45.96622889305816,0.11229643556977831
6395,5.376674860202795,220.6216327571933,45.96622889305816,0.11102932961288953
6396,4.437121061926498,167.89697284426452,45.96622889305816,0.06973005259967642
6397,4.322517249157615,224.70010535951582,45.96622889305816,0.0909108796100582
6398,5.912126498785811,234.94622795322985,45.96622889305816,0.13001337835874496
6399,4.02567278531237,239.6057200763443,45.96622889305816,0.09028414760194561
6400,5.773059979977145,175.9079565897883,45.96622889305816,0.09505334445497876
6401,5.114803527626913,238.7689029570189,45.96622889305816,0.11430956413957098
6402,4.941986537762734,236.27535050455012,45.96622889305816,0.10929387469091438
6403,5.087623872993826,187.54905848316875,45.96622889305816,0.08931116069895098
6404,4.321058516745194,168.3260590822827,45.96622889305816,0.06807965591116427
6405,5.413371363307083,186.20622252780817,45.96622889305816,0.0943491213008719
6406,4.815464986906274,234.97668769705706,45.96622889305816,0.10591046035543474
6407,4.399693400838392,189.86199845041253,45.96622889305816,0.07818731684265237
6408,5.819130276380391,235.24760524963196,45.96622889305816,0.12813245285762526
6409,5.605502873305062,190.65161957733346,45.96622889305816,0.10003015164551819
6410,4.2509167428826515,223.152772650108,45.96622889305816,0.0887893210600372
6411,5.678076082635908,217.18753897808756,45.96622889305816,0.11542820988048788
6412,4.674782698507038,212.19408124040174,45.96622889305816,0.09284757016469004
6413,5.404543870085843,230.99443875749452,45.96622889305816,0.11685207250180495
6414,4.278307946777702,181.10599668207502,45.96622889305816,0.07252382824259206
6415,4.807397113307978,224.93202254761607,45.96622889305816,0.10121319523092347
6416,5.787402499092321,182.2731037448185,45.96622889305816,0.09873749958977517
6417,5.008287913842372,208.61698979297495,45.96622889305816,0.09779458558917846
6418,4.330935479388119,223.39003691529328,45.96622889305816,0.09055686150746962
6419,4.94180299973837,231.57433851628983,45.96622889305816,0.10711534960547275
6420,5.096690744840155,226.64502597442757,45.96622889305816,0.10812106714480545
6421,4.0981787118242865,195.10881723758,45.96622889305816,0.07484169900095607
6422,4.838280609611836,175.51500959870404,45.96622889305816,0.07948426521084612
6423,5.1232751187298735,220.04020528169397,45.96622889305816,0.10551776122741617
6424,4.9866327817085265,226.55641186237722,45.96622889305816,0.10574493979600406
6425,4.585959238511278,183.8681989758677,45.96622889305816,0.07892464935530545
6426,4.3336582020553065,222.73085386958346,45.96622889305816,0.09034640706524492
6427,4.295992173601261,171.98135808264806,45.96622889305816,0.06915454119553563
6428,4.014055951887782,191.06145655216307,45.96622889305816,0.07178477687311872
6429,4.873807234665486,196.0892290521506,45.96622889305816,0.0894536232589911
6430,5.532339787020987,193.17571397793185,45.96622889305816,0.10003160122734157
6431,4.008522690199651,208.75573410874696,45.96622889305816,0.07832467626836088
6432,4.342458628607469,162.00284140137168,45.96622889305816,0.06584672357661657
6433,5.554747586839807,179.66677015615443,45.96622889305816,0.09341313302507481
6434,5.510579810768768,211.33795402765904,45.96622889305816,0.10900606043003003
6435,5.766622035406987,188.6527070020182,45.96622889305816,0.10182639703738469
6436,5.300154539056045,205.45791854767802,45.96622889305816,0.10192653615226521
6437,5.565577503176929,186.3468266317184,45.96622889305816,0.09707515329001494
6438,5.198979051711208,203.2698788344865,45.96622889305816,0.09891609080224911
6439,4.08716806313567,162.7204173143889,45.96622889305816,0.06225014885239603
6440,5.80600643994006,211.2609734240508,45.96622889305816,0.11480812875867301
6441,5.226256405649028,219.44807837758682,45.96622889305816,0.10734908421072263
6442,4.031311647387972,178.56612246196573,45.96622889305816,0.06737849251940005
6443,5.300250380595909,217.47098527166503,45.96622889305816,0.10788810294176084
6444,5.259234056868771,192.88120631827712,45.96622889305816,0.09494853350102782
6445,5.177737927132901,215.9912942782694,45.96622889305816,0.10467721520709512
6446,4.812790623621963,205.11960444058505,45.96622889305816,0.09240170555984413
6447,4.157970093971752,173.56429935994035,45.96622889305816,0.06754879554881259
6448,5.545148358322702,190.400378722768,45.96622889305816,0.0988227253258669
6449,5.5560731974728395,213.94281757796537,45.96622889305816,0.11126063094464023
6450,4.725215662845231,221.6681543928242,45.96622889305816,0.09803943256451457
6451,4.252716493330498,172.84710522690304,45.96622889305816,0.06880252721686181
6452,4.818306591494218,212.46395547199475,45.96622889305816,0.09581986225708851
6453,4.595529112644009,185.85786457310286,45.96622889305816,0.0799451852902131
6454,5.723436163374051,231.9908969398611,45.96622889305816,0.12428068434155559
6455,5.825074283107258,161.75833014564083,45.96622889305816,0.08819500145131222
6456,5.596819175000343,220.94518043652062,45.96622889305816,0.11574484482516036
6457,4.516293370366858,178.13048530777232,45.96622889305816,0.0753002199944957
6458,4.069712601911249,225.7655041700008,45.96622889305816,0.08599974714840589
6459,5.215057802535255,161.26737861520624,45.96622889305816,0.07871935042685736
6460,4.450518805742249,226.46184311688407,45.96622889305816,0.09433688393139598
6461,5.204241937437018,228.46262268872448,45.96622889305816,0.11128803773569655
6462,4.293410945611361,236.20755857616072,45.96622889305816,0.09492314059116957
6463,4.414866166099612,184.28144711307044,45.96622889305816,0.07615089386418102
6464,5.852168440291752,185.03255789694273,45.96622889305816,0.10135398272228843
6465,5.190391918362258,187.52765092901848,45.96622889305816,0.09110481156049444
6466,5.479370531884684,184.91094547086146,45.96622889305816,0.09483510681552716
6467,4.882571411035471,166.7020587454234,45.96622889305816,0.07618428849949256
6468,5.841883788676543,232.48242847259695,45.96622889305816,0.127121466892326
6469,5.608395808301026,229.84755113829536,45.96622889305816,0.12065751756417259
6470,5.205481275658749,166.83706193956854,45.96622889305816,0.08128853010835531
6471,4.141182535446139,222.88642390481633,45.96622889305816,0.08639405106346591
6472,5.034166465742448,182.16034410957695,45.96622889305816,0.0858335863979447
6473,4.074933116118161,238.7235350430696,45.96622889305816,0.09105243624769954
6474,4.193391248849259,189.14118825307304,45.96622889305816,0.0742381851385874
6475,5.360400697542187,209.84781427269579,45.96622889305816,0.10528767943247379
6476,4.252756319118895,209.63620173107324,45.96622889305816,0.08344736540037193
6477,4.672802485338071,173.64841801555514,45.96622889305816,0.07594935746843115
6478,5.234142199025707,232.03584714188062,45.96622889305816,0.11367800675824281
6479,5.503046626629896,172.99757724003285,45.96622889305816,0.08910848548797695
6480,4.348235679309479,197.5465510935834,45.96622889305816,0.08040043082351146
6481,4.042260320703078,161.65959671729598,45.96622889305816,0.061164808218183125
6482,4.503826337274209,168.5360756761343,45.96622889305816,0.07104775545607078
6483,5.093436023281924,163.47517662388248,45.96622889305816,0.07793607309026368
6484,4.487059848308086,164.65627759774765,45.96622889305816,0.06915379273739573
6485,5.0609249148546915,188.20931561530122,45.96622889305816,0.08915523688704936
6486,4.166058357966799,188.34928688872907,45.96622889305816,0.07344549771248442
6487,4.001297464920738,226.03630328613917,45.96622889305816,0.0846554424130475
6488,4.727455109043893,213.27172907848194,45.96622889305816,0.09437056436309062
6489,5.417526942543609,204.3932833871426,45.96622889305816,0.1036438527968809
6490,5.177685795468887,194.28957958317486,45.96622889305816,0.09415882910448391
6491,4.81489532861295,184.47606713696393,45.96622889305816,0.08313860448491427
6492,4.14247503555802,187.95723472011198,45.96622889305816,0.07287772308154257
6493,4.925031333693898,170.69865405390178,45.96622889305816,0.07868916617654115
6494,5.816086930675105,160.67032553418233,45.96622889305816,0.08746663353355254
6495,4.44756831444954,214.3847409941446,45.96622889305816,0.08924673711536191
6496,5.646939698170777,197.8996150729512,45.96622889305816,0.10460054522812416
6497,5.177218428780589,181.8401526237012,45.96622889305816,0.08811749131433359
6498,5.908670526292467,211.5331401075408,45.96622889305816,0.11698873339491202
6499,4.262932111232612,218.91427010935587,45.96622889305816,0.08734908046702244
6500,4.255544355384401,192.26873998036913,45.96622889305816,0.07658428294673497
6501,4.982433618533469,217.7930101922462,45.96622889305816,0.10156903060481891
6502,5.992655113775296,189.71902234580637,45.96622889305816,0.10641577465968194
6503,5.351473402791596,213.7915938354098,45.96622889305816,0.10708776263489797
6504,4.368378514603879,211.42788786829558,45.96622889305816,0.08644868320158165
6505,5.758836511743335,204.45874940563544,45.96622889305816,0.1102088062504311
6506,4.959553225752325,211.8039730264248,45.96622889305816,0.09832240806807405
6507,5.613696822902628,178.0221149266613,45.96622889305816,0.09354030013881119
6508,4.326206929052131,212.0988504905553,45.96622889305816,0.08588581715715136
6509,4.069167341415443,226.0217912498187,45.96622889305816,0.08608583799522541
6510,4.604147578335793,168.8783825576183,45.96622889305816,0.07277783723364248
6511,5.529346167454533,177.83136835846398,45.96622889305816,0.09203605586005598
6512,4.802853071736494,193.1094038830773,45.96622889305816,0.08681176236292944
6513,5.640463556988154,181.15389033401303,45.96622889305816,0.09563972339709488
6514,5.2663981183369915,239.89143717464026,45.96622889305816,0.11825085292878144
6515,5.198707583179267,171.277908865904,45.96622889305816,0.0833436642778518
6516,4.566528392938441,202.8096876474029,45.96622889305816,0.08668634803965318
6517,4.644601633716511,201.32445763347476,45.96622889305816,0.08752273029223095
6518,5.086445153060687,218.84254271139403,45.96622889305816,0.10418902328557444
6519,5.245895557688529,215.8354435743032,45.96622889305816,0.10597861821813273
6520,4.436613146904525,193.85692308142146,45.96622889305816,0.08050238104535583
6521,5.65025971200435,220.17773169350338,45.96622889305816,0.1164441439388734
6522,4.364078116206836,165.1172727725839,45.96622889305816,0.06744672574048548
6523,5.306336119373367,195.5262015099998,45.96622889305816,0.09711259696535786
6524,4.8209477876031315,162.00150139642122,45.96622889305816,0.0731016729841753
6525,4.763310464182621,174.29616706227503,45.96622889305816,0.07770922440228387
6526,4.068704675293927,191.91177305036632,45.96622889305816,0.07308590592457186
6527,5.649631947575435,231.30966349952766,45.96622889305816,0.12231783389497043
6528,4.476366331537034,181.99784592577407,45.96622889305816,0.0762548931999878
6529,4.1971370509617705,232.7438891635758,45.96622889305816,0.09143390885554072
6530,4.1304276581367905,234.98208451649552,45.96622889305816,0.09084596049861417
6531,5.282893768053568,222.91987187070382,45.96622889305816,0.11022916337606542
6532,4.4399691212530605,208.6012636365438,45.96622889305816,0.08669074463717834
6533,4.21759384090947,212.69327758871742,45.96622889305816,0.08396424106771175
6534,5.200720669607931,225.91148183499206,45.96622889305816,0.10997087522438159
6535,5.289826947942995,237.72222220714977,45.96622889305816,0.1177028814458272
6536,4.980663655532462,204.15272557865273,45.96622889305816,0.0951739832597569
6537,4.151704599500686,168.6597401615951,45.96622889305816,0.06554109921647981
6538,4.3470028952643665,169.4716081196168,45.96622889305816,0.06895451826067732
6539,4.274614918299827,180.83770364557782,45.96622889305816,0.07235388068636239
6540,4.556896126399682,215.64543415160213,45.96622889305816,0.09197827175732957
6541,4.97286627263358,234.16390934959915,45.96622889305816,0.10899399954199993
6542,4.685872610864226,165.07302024074897,45.96622889305816,0.07240064311010809
6543,5.688376591195811,227.41388442714214,45.96622889305816,0.1210824404420216
6544,4.726576706012158,165.63254085614963,45.96622889305816,0.07327709151687138
6545,5.761750900351117,234.68305201259554,45.96622889305816,0.12656454279119544
6546,5.994336247044757,191.28393284749993,45.96622889305816,0.10732365185677611
6547,4.254262758215136,190.2231064468097,45.96622889305816,0.0757466496548102
6548,5.1711345120926815,163.46158932716298,45.96622889305816,0.07911838265490556
6549,4.548429652041601,235.3556506084549,45.96622889305816,0.10019867083228444
6550,4.088371334939087,172.07586673261522,45.96622889305816,0.06584853983614193
6551,5.162047827734462,236.61873218757253,45.96622889305816,0.1143265230890772
6552,5.880635466558845,180.60161837256933,45.96622889305816,0.09940809362511988
6553,5.227519008155487,237.2008153404722,45.96622889305816,0.1160613577601991
6554,5.259359076928563,177.72539392648426,45.96622889305816,0.08748994772680901
6555,5.3872857124516695,200.89886412709626,45.96622889305816,0.10130324072166559
6556,4.987557410064474,199.0701154441732,45.96622889305816,0.09293297171239939
6557,4.225055186177496,223.15482939534905,45.96622889305816,0.08824996152249016
6558,4.693911381902625,174.780188809486,45.96622889305816,0.07678969436585642
6559,4.881716666873823,211.44359853844773,45.96622889305816,0.0966146443787227
6560,5.106883359954402,225.5278634285339,45.96622889305816,0.10780328454004968
6561,5.686624012633739,209.64704119178995,45.96622889305816,0.1115884129107241
6562,5.1034142739347965,205.33846005493336,45.96622889305816,0.09808598854380804
6563,4.786211387719113,197.5416079559701,45.96622889305816,0.08849654363601872
6564,5.053424231164591,224.0696916470557,45.96622889305816,0.10598507798475257
6565,5.491731363936645,175.64649624664028,45.96622889305816,0.09028687565694463
6566,5.955654179297907,237.22779024339857,45.96622889305816,0.13224244928625467
6567,4.55844241839711,239.90821204261565,45.96622889305816,0.1023616872997868
6568,5.050215287461216,178.13885632172335,45.96622889305816,0.08420626426556675
6569,5.440995521075614,163.8364630558319,45.96622889305816,0.083438172012841
6570,5.375271334505904,226.8002582614273,45.96622889305816,0.11410896995701504
6571,4.701093671678422,186.77002524519162,45.96622889305816,0.08218298871800686
6572,4.544846234569718,192.59958181527716,45.96622889305816,0.08193140132045214
6573,5.146876833380102,220.96473140875568,45.96622889305816,0.1064492448628547
6574,5.7732328978345215,203.88473786348067,45.96622889305816,0.1101741335135826
6575,4.949978191125508,189.97467537923643,45.96622889305816,0.0880186787993793
6576,5.190696137515119,171.58938319868474,45.96622889305816,0.08336655742971018
6577,4.93391151323893,200.70312612900705,45.96622889305816,0.0926875371006892
6578,5.258585549776871,165.48161114963838,45.96622889305816,0.08145064597599855
6579,4.859360180757703,220.94153928428096,45.96622889305816,0.10049219091038543
6580,5.568082494389002,203.45660430984242,45.96622889305816,0.10603599147886338
6581,5.743777940313162,220.38137599354872,45.96622889305816,0.11848090979907991
6582,5.5945885655001355,223.4375023798965,45.96622889305816,0.1170038278579696
6583,5.457193449328495,228.49900362111026,45.96622889305816,0.11671576167319013
6584,4.193756074874423,200.30060300258654,45.96622889305816,0.07862511109219486
6585,5.650876861084963,168.7444962943047,45.96622889305816,0.08925268898940485
6586,4.310390551439671,192.1287735974298,45.96622889305816,0.07751484471501137
6587,5.128114720794579,217.91251530816868,45.96622889305816,0.10459616334309735
6588,5.121654741600295,177.33049002169182,45.96622889305816,0.08500991101667081
6589,5.6957938650314315,181.19854461009487,45.96622889305816,0.09660171069832632
6590,5.716047399332135,199.60572767317498,45.96622889305816,0.10679346293223352
6591,4.080953254747648,198.36406018125356,45.96622889305816,0.07577055317722599
6592,5.308112813385957,230.3967447620827,45.96622889305816,0.11447017105998473
6593,5.164261364417275,239.31490507863256,45.96622889305816,0.11567880962602563
6594,4.761481900070962,179.6562853720255,45.96622889305816,0.08006826213667785
6595,4.886721510929537,212.67410704905848,45.96622889305816,0.0972765269175366
6596,4.189962586342287,167.2005084337966,45.96622889305816,0.06557277867706948
6597,5.248594290798211,190.70625569002243,45.96622889305816,0.09368796198847697
6598,5.5664458596355075,181.0955241967513,45.96622889305816,0.09435426912882626
6599,4.866886336100665,201.20146612816373,45.96622889305816,0.09165542876592156
6600,5.884700509533034,160.5873317070724,45.96622889305816,0.08845278181470051
6601,4.433987555859664,167.36237060405605,45.96622889305816,0.06945893777885943
6602,5.982633006124867,170.57683096790254,45.96622889305816,0.09551866699709158
6603,5.646392846112269,201.60495271173988,45.96622889305816,0.10654869539174988
6604,5.564869554333072,184.13689834687565,45.96622889305816,0.09591171589957016
6605,4.9509282670907115,238.2305203199182,45.96622889305816,0.11039766352389321
6606,4.190399981194334,209.65238249773478,45.96622889305816,0.08223015899366003
6607,5.9166560883768575,170.13390318420633,45.96622889305816,0.09421998712908473
6608,5.6800760666159515,182.08957284710675,45.96622889305816,0.09680885367277857
6609,4.401323083637472,173.3193336331631,45.96622889305816,0.07140129833868457
6610,5.471252488962598,162.86416686659223,45.96622889305816,0.08340424357184362
6611,4.84102805263178,215.7549014569799,45.96622889305816,0.09776290964974979
6612,4.279258032160632,177.92634453572683,45.96622889305816,0.07126636036922898
6613,4.304954843850537,162.08851012589443,45.96622889305816,0.06531255589238509
6614,4.913014279803867,199.74054455940592,45.96622889305816,0.09185231462248875
6615,5.891399006164142,218.24606359703313,45.96622889305816,0.120348506507561
6616,5.9403078105600695,220.55254753613244,45.96622889305816,0.12263004194386687
6617,5.957523330214135,179.85630529744884,45.96622889305816,0.10029222542623449
6618,4.335195123405171,191.30447567177094,45.96622889305816,0.07762643272967026
6619,4.98355391761147,225.9727189269159,45.96622889305816,0.10540738060459286
6620,5.082896851908695,236.1977054660167,45.96622889305816,0.11237321848346321
6621,4.577047957424506,206.31318549801586,45.96622889305816,0.08838698022399369
6622,5.303307238773482,172.46933144389382,45.96622889305816,0.08561197512624041
6623,5.5710265582263325,211.15198045968927,45.96622889305816,0.11010479603413836
6624,4.38381920604864,193.08114710794004,45.96622889305816,0.07922611391925584
6625,5.281507413695905,218.6715159520627,45.96622889305816,0.1081000657774385
6626,4.834737886044261,217.79900146301426,45.96622889305816,0.09856090145452304
6627,4.521351776150128,184.40022202709733,45.96622889305816,0.07803790220160742
6628,4.0235385986524035,199.00466880315355,45.96622889305816,0.07494579764020685
6629,4.3766715066405855,208.164037231931,45.96622889305816,0.08527574113908055
6630,5.9313144382716425,239.97201801127005,45.96622889305816,0.1332255127517897
6631,4.748809237761024,218.69005644906352,45.96622889305816,0.09720522492143979
6632,5.921414361586107,201.87374291880448,45.96622889305816,0.11188738833915714
6633,4.667861490625022,172.46294658763895,45.96622889305816,0.07535110255322457
6634,4.352126902627278,228.32721840323336,45.96622889305816,0.0930111651906621
6635,4.517992018803711,181.6532177632206,45.96622889305816,0.07681824896094115
6636,5.493321019346085,226.94454514238268,45.96622889305816,0.11668917686929654
6637,4.4168841375639545,215.09027933987167,45.96622889305816,0.08892269970110087
6638,4.893188945226253,182.13941880837282,45.96622889305816,0.08342030648044685
6639,5.040469955186823,222.19918383024643,45.96622889305816,0.10483090583129338
6640,4.198982957102263,165.6899378027124,45.96622889305816,0.06512025545971203
6641,5.823466956958844,237.07245622822253,45.96622889305816,0.12922262638741178
6642,5.057125835040295,171.48917610816832,45.96622889305816,0.08117388329791039
6643,4.157116594755294,172.47978282897253,45.96622889305816,0.06711293791407918
6644,4.565256156789587,214.7085918371206,45.96622889305816,0.0917466938668835
6645,4.2204894529990185,170.95505758234572,45.96622889305816,0.06753371203454898
6646,5.426065621991401,180.5924399388908,45.96622889305816,0.09171924184275487
6647,4.432112272622818,206.61171207922098,45.96622889305816,0.0857119821268396
6648,4.157576498063975,210.32850184491912,45.96622889305816,0.08184915986302611
6649,4.038447501360814,178.6421475887483,45.96622889305816,0.06752649707551896
6650,4.9009953011287255,210.47535771859924,45.96622889305816,0.0965520259874579
6651,4.4076945723684195,230.33578103256963,45.96622889305816,0.095027378647921
6652,5.838050963037936,198.45790256421972,45.96622889305816,0.10844564788395297
6653,4.544823106641772,168.83872744815127,45.96622889305816,0.07182322522149999
6654,5.877388730461246,170.6858848840694,45.96622889305816,0.09389833093053832
6655,4.597379480758162,186.31669237731253,45.96622889305816,0.08017481519968636
6656,4.536715215566843,160.16453189453674,45.96622889305816,0.06801171332343202
6657,4.414201657700365,219.88077074797735,45.96622889305816,0.09084797867172974
6658,4.4108043745780545,221.12595679075412,45.96622889305816,0.09129213639425095
6659,4.831781114464081,166.48159320006692,45.96622889305816,0.07529208503824567
6660,5.653958586474781,210.8121407567334,45.96622889305816,0.11156400341093248
6661,5.224251491822753,172.01778050598713,45.96622889305816,0.08411496410570217
6662,5.246700193680944,223.72395994745008,45.96622889305816,0.10986885411721634
6663,5.99274633523461,213.66713284510473,45.96622889305816,0.11985039399692625
6664,4.864356485653129,225.50999196112434,45.96622889305816,0.10267554884892367
6665,4.100761569587444,193.54290023617813,45.96622889305816,0.0742878196964295
6666,5.464403103949092,188.7553315560901,45.96622889305816,0.09654233655849484
6667,4.11783418759921,168.87517180550617,45.96622889305816,0.06508943587199698
6668,4.334378731412099,226.50221497415978,45.96622889305816,0.09189146146768186
6669,5.44166537803031,221.10928109782466,45.96622889305816,0.1126197745649687
6670,5.8186602593870065,184.20840717351467,45.96622889305816,0.10032479854165176
6671,5.486151005917135,189.16632726763018,45.96622889305816,0.0971376154280962
6672,5.571372276627076,215.67153592477317,45.96622889305816,0.11246848854778944
6673,5.979596492166185,220.56563090647302,45.96622889305816,0.12344842905976781
6674,4.0118108609846,215.9848317598838,45.96622889305816,0.08110349150550505
6675,4.203285064012655,203.68764732550662,45.96622889305816,0.08013631820006398
6676,4.314643394967002,199.57822482705413,45.96622889305816,0.08059979018794139
6677,5.585250983667303,183.12884568260426,45.96622889305816,0.09573600492954794
6678,4.3053719417359275,185.15957357069595,45.96622889305816,0.07461612594961796
6679,4.34730711316213,174.68495053003065,45.96622889305816,0.0710806943809476
6680,5.394450362327623,216.3458977337334,45.96622889305816,0.10923749052070919
6681,5.058282598025682,180.17771905678782,45.96622889305816,0.08530608723220677
6682,5.059299222179313,235.88344998668674,45.96622889305816,0.11170270379198899
6683,4.76738491692696,193.88518261240057,45.96622889305816,0.08651684763090604
6684,4.988525814736911,174.2729237708081,45.96622889305816,0.08137256203817714
6685,4.489427151620772,215.27544754704246,45.96622889305816,0.09046097791801254
6686,4.323149469753084,208.36088820010622,45.96622889305816,0.08431256464858382
6687,4.771780372525433,184.50263865822984,45.96622889305816,0.08240600813594698
6688,5.099500649503243,178.0548369813629,45.96622889305816,0.08498793483963003
6689,4.619335176256395,201.9629283228137,45.96622889305816,0.08732266537188377
6690,5.314585474392243,226.9081601133085,45.96622889305816,0.11287437518066662
6691,5.649317009098145,199.81913464031922,45.96622889305816,0.10565957713585508
6692,4.148436678159587,175.04490703938023,45.96622889305816,0.06796882990752194
6693,4.000937523652684,174.84798002454949,45.96622889305816,0.0654784270185329
6694,4.061472960806159,217.17877961335844,45.96622889305816,0.08256135336326609
6695,5.092311068855418,162.85847815863542,45.96622889305816,0.07762491650011807
6696,5.235292818872931,225.13202256544707,45.96622889305816,0.11031996091289693
6697,4.057070574048572,170.16398600572828,45.96622889305816,0.06461837931619074
6698,4.942408572829534,163.38451783065557,45.96622889305816,0.07558322069318456
6699,4.042554299489353,206.5933760462093,45.96622889305816,0.07817143843844003
6700,5.125155068694281,224.532116163651,45.96622889305816,0.10771131507933786
6701,4.1557990395844575,231.77550325309832,45.96622889305816,0.09015668193340508
6702,4.037264994750941,184.10888571347905,45.96622889305816,0.06957253925047584
6703,4.097341825044282,179.5409205639429,45.96622889305816,0.0688559529653046
6704,5.630339402668454,170.0111183621676,45.96622889305816,0.0895958199495443
6705,4.4037594554314,208.90942228695053,45.96622889305816,0.0861107685726478
6706,4.043324896294716,208.193698764421,45.96622889305816,0.07879199004760505
6707,5.788751409035534,165.5644938676785,45.96622889305816,0.08970733485443609
6708,4.011809363499085,192.47607946899473,45.96622889305816,0.07227579882400553
6709,5.6981206116868455,234.81545347716383,45.96622889305816,0.12523743417751684
6710,5.602338447237574,211.9465669416522,45.96622889305816,0.11114030310900476
6711,4.853112816327671,223.1179494557595,45.96622889305816,0.101351631893288
6712,5.5133844861886185,174.68994409731096,45.96622889305816,0.09014923267077979
6713,5.431557672148284,223.4062545339142,45.96622889305816,0.11357835426471401
6714,5.801751856678194,218.3694675971791,45.96622889305816,0.1185842234373042
6715,5.464784176191944,232.1293126685795,45.96622889305816,0.11873502526406653
6716,4.38854869693722,204.0028030168362,45.96622889305816,0.08379785562886079
6717,5.786998789692191,210.53188732381517,45.96622889305816,0.11403735193979213
6718,5.8626859829564815,164.03426286493766,45.96622889305816,0.09001337657110053
6719,4.427913558832933,177.7076018610532,45.96622889305816,0.07365139702017945
6720,4.15706093338953,209.81798637227746,45.96622889305816,0.08164036803973299
6721,4.802906324692962,179.39744813065806,45.96622889305816,0.08064848734118422
6722,5.455469842644528,214.0936767384047,45.96622889305816,0.1093230774742629
6723,4.078432291836078,195.16024322318336,45.96622889305816,0.07450071764091971
6724,5.440444589520726,168.26958250882944,45.96622889305816,0.08568718139976439
6725,5.589902232187831,209.28406773697148,45.96622889305816,0.10950053188503743
6726,5.436260592673362,180.0321023322019,45.96622889305816,0.09160645322319073
6727,5.495400544102109,173.89570428503137,45.96622889305816,0.08944664488765022
6728,5.720682844232723,176.4797327922322,45.96622889305816,0.09449711666359827
6729,4.536453209950622,213.66837129988636,45.96622889305816,0.09072615884420003
6730,4.667096214962541,184.7239701168316,45.96622889305816,0.08069485710734306
6731,4.125098484779325,225.60842101239493,45.96622889305816,0.0871094910508698
6732,4.918724649789804,191.4440656193039,45.96622889305816,0.08813943633621174
6733,4.491072967844829,204.4179327182088,45.96622889305816,0.08593002772599684
6734,5.11916184100164,160.1882154561632,45.96622889305816,0.07675475183450939
6735,4.171205563241491,209.0339214204396,45.96622889305816,0.08161203547552748
6736,4.567942787666925,238.70474921292595,45.96622889305816,0.10206047007458895
6737,4.497161963532528,172.1639082022842,45.96622889305816,0.07246970447749514
6738,4.089277135377934,214.92158649336113,45.96622889305816,0.08226259980554797
6739,4.58123676343023,181.9173873162726,45.96622889305816,0.07800685988289331
6740,4.220870067121275,164.1977856096551,45.96622889305816,0.06487018371918768
6741,4.460721005264771,191.7294459112987,45.96622889305816,0.08005154664352304
6742,5.324124723529249,168.09575540952412,45.96622889305816,0.0837685150189218
6743,4.732331449779528,239.39304880374084,45.96622889305816,0.10603824694749449
6744,5.362245336291961,239.93552841757685,45.96622889305816,0.12042512054987531
6745,4.158816328096571,192.38998904998462,45.96622889305816,0.07489072916426993
6746,4.460458288641589,235.32498654128,45.96622889305816,0.09824792203910013
6747,5.810573361202551,205.5212557182982,45.96622889305816,0.1117767768284832
6748,4.614257874263483,203.58851346455987,45.96622889305816,0.08792876676761821
6749,5.742244521554999,205.90936053410766,45.96622889305816,0.11067094560261849
6750,5.530527704886953,215.02116312110368,45.96622889305816,0.11130729477924707
6751,4.195069153172492,220.62961690484823,45.96622889305816,0.08663208841439503
6752,4.4171801910529025,229.6437910357884,45.96622889305816,0.09494578124568359
6753,4.619300390697457,205.14060104626628,45.96622889305816,0.08869592708130294
6754,4.571486456677326,160.68229736794066,45.96622889305816,0.06875453016856377
6755,5.56026983319937,217.18939038668523,45.96622889305816,0.11303431920687321
6756,5.847295527303066,205.8003911061297,45.96622889305816,0.11263596612204399
6757,4.376295841172535,173.6669485214302,45.96622889305816,0.07113767961113981
6758,4.778595959099479,186.452597144672,45.96622889305816,0.08339588031332684
6759,4.816033035744509,177.99683722221806,45.96622889305816,0.08023753748277448
6760,5.977293574012419,166.85655550380878,45.96622889305816,0.0933520177507098
6761,5.4783215872348405,205.41072708640195,45.96622889305816,0.10532864351384297
6762,5.111234614798808,209.06682674932554,45.96622889305816,0.1000199867179311
6763,5.808091745219806,214.01209249786027,45.96622889305816,0.1163449748273941
6764,4.541739293227874,181.53965247541265,45.96622889305816,0.07717374034592174
6765,5.656217896437075,198.24587863708268,45.96622889305816,0.1049557285896874
6766,5.409743971019173,190.0732024773906,45.96622889305816,0.09624395300404907
6767,5.4763700304486145,193.9281473239746,45.96622889305816,0.099405286724525
6768,4.9863082614516685,234.27477466280578,45.96622889305816,0.10934036047124204
6769,4.989741628611857,177.9861845589605,45.96622889305816,0.08312663496492932
6770,5.062854005949681,160.68340763743726,45.96622889305816,0.07614515694678467
6771,4.557883518427386,208.3321027466975,45.96622889305816,0.08887820361905097
6772,4.141895362882438,196.43162009920613,45.96622889305816,0.07615288665619938
6773,5.1977000593156255,178.120284934302,45.96622889305816,0.0866563603371964
6774,4.435642051064334,213.50357360543532,45.96622889305816,0.08864158016720242
6775,5.948393012541651,184.58762246539104,45.96622889305816,0.10277277413596206
6776,4.4154352066034965,238.72138574775767,45.96622889305816,0.09865990472830348
6777,5.669310139230171,234.87944015969634,45.96622889305816,0.1246381710532052
6778,4.092195632755622,234.6883869086391,45.96622889305816,0.08989257812801713
6779,5.676659522934361,183.97470756968391,45.96622889305816,0.0977522622059422
6780,5.248439170781396,173.77309858017196,45.96622889305816,0.08536671350215928
6781,4.835419799251641,208.19558466313754,45.96622889305816,0.09422834168563045
6782,4.220637121850269,237.31914257694248,45.96622889305816,0.09375331519812215
6783,5.85831676661405,229.3896766111319,45.96622889305816,0.1257831795710102
6784,4.257110882509011,213.53273666541384,45.96622889305816,0.08508544546603274
6785,5.780859370544111,171.00996915564767,45.96622889305816,0.09253151693602926
6786,5.294595305265076,176.33445545878936,45.96622889305816,0.08738679269067508
6787,5.379699702866658,211.80171070169206,45.96622889305816,0.1066506105720316
6788,5.743220031283958,198.85754133114762,45.96622889305816,0.10689893274012494
6789,5.517729845840041,175.34602250562787,45.96622889305816,0.09055912148980091
6790,5.28525336183524,230.14699342761796,45.96622889305816,0.11385365198028968
6791,5.445984041454946,230.28712311476087,45.96622889305816,0.11738750375996825
6792,5.259572415186357,204.11279578404367,45.96622889305816,0.10048390843536135
6793,5.830087153087668,185.8722893422373,45.96622889305816,0.10142979408517847
6794,5.496710557579853,215.44397164769933,45.96622889305816,0.11084422316973815
6795,5.628515254830662,199.81044053412603,45.96622889305816,0.10526594014130344
6796,4.987208389671963,162.73494021111193,45.96622889305816,0.07596511033303509
6797,5.86280019099269,190.9850275811178,45.96622889305816,0.10480458045838452
6798,5.104041700552635,175.85776111506144,45.96622889305816,0.08401398839468831
6799,5.232419854913476,187.6891159245146,45.96622889305816,0.09192158882848539
6800,5.17010999934542,218.82702240471605,45.96622889305816,0.10589527509552639
6801,5.2199801411143545,162.4502763109349,45.96622889305816,0.07937160344208763
6802,5.6121586135291315,204.86940350044884,45.96622889305816,0.10761749739033874
6803,4.476793925718002,185.8930913134353,45.96622889305816,0.07789439380553333
6804,5.622078468212253,234.90270003316445,45.96622889305816,0.12361203616145676
6805,5.626928375301937,230.9004029588508,45.96622889305816,0.12161073874040292
6806,4.979753787774898,193.34095557607046,45.96622889305816,0.090117177308679
6807,5.637657683342229,191.56579516867865,45.96622889305816,0.10108635048703758
6808,5.4117143170614215,209.04375004655725,45.96622889305816,0.10588828114979366
6809,4.305762084473061,184.69355257889987,45.96622889305816,0.07443507202006437
6810,4.424938926645832,170.0381403035643,45.96622889305816,0.07042542493369099
6811,4.8403575882932754,175.87304509472804,45.96622889305816,0.07968059689828794
6812,4.142913065249198,176.55646940802222,45.96622889305816,0.06846447852174206
6813,5.237780507756671,224.67435100686583,45.96622889305816,0.11014800603736571
6814,4.9258416370397935,208.74696096728215,45.96622889305816,0.09624461857341167
6815,5.300912812003701,212.11561295714114,45.96622889305816,0.1052444362648094
6816,5.973718360535899,208.71753982181644,45.96622889305816,0.11670233326123017
6817,5.092474769654793,229.3388671419945,45.96622889305816,0.10931566413660233
6818,5.241894787017645,196.6512094503193,45.96622889305816,0.096485215289893
6819,5.484835260550365,177.93875145039001,45.96622889305816,0.09135029949303085
6820,5.345099654782662,221.3779901719359,45.96622889305816,0.11075570240384465
6821,5.277128103719344,175.0189111526888,45.96622889305816,0.08644869929837352
6822,5.030007216334175,224.7953919610166,45.96622889305816,0.10583562073617778
6823,4.805482791715565,234.22167490413815,45.96622889305816,0.10535131415939204
6824,4.096307252815731,213.20507627557203,45.96622889305816,0.08174588762665325
6825,4.4657229790396515,211.89746924145933,45.96622889305816,0.08857137721460492
6826,5.898689233286208,205.9984807839744,45.96622889305816,0.11373532753506257
6827,4.873821399332603,228.6923541045358,45.96622889305816,0.1043270925183336
6828,4.927207976450285,205.13952697883173,45.96622889305816,0.09460761463439565
6829,4.614156612250112,203.94706635184338,45.96622889305816,0.08808169076519629
6830,5.431611986816896,200.7435143489757,45.96622889305816,0.10205777825695726
6831,4.42168569581301,161.5715870802832,45.96622889305816,0.06686959738143619
6832,4.435980540658456,228.02067271997845,45.96622889305816,0.09467595699622397
6833,5.918485395106078,204.99391526919837,45.96622889305816,0.11356052700155561
6834,5.658146074056503,163.7584526945077,45.96622889305816,0.08672688144497485
6835,5.70718069530394,182.9760067608973,45.96622889305816,0.0977443396946262
6836,4.350910870019234,182.16665315516983,45.96622889305816,0.07418650556003095
6837,4.996036821316618,207.00436250588976,45.96622889305816,0.09680125265484323
6838,4.013921193340434,187.44043950557605,45.96622889305816,0.07042193988527666
6839,5.408933378966274,220.02490088291236,45.96622889305816,0.11139336286316134
6840,4.468764776068798,179.71794708364004,45.96622889305816,0.07517177287352617
6841,5.359332612510877,208.76599763077,45.96622889305816,0.10472402486388531
6842,4.994334466461947,203.72282293137775,45.96622889305816,0.09523424815361536
6843,4.998910309789248,192.57714674708245,45.96622889305816,0.0901064627708345
6844,5.575748785819015,231.08680552939248,45.96622889305816,0.12060191289269494
6845,5.2796867874723725,181.57950573565446,45.96622889305816,0.08973272106005677
6846,5.948853077506289,167.0578532792329,45.96622889305816,0.0930199256627246
6847,5.904119622537505,204.47970910386016,45.96622889305816,0.11300072125032866
6848,5.420318381094063,193.88376332560821,45.96622889305816,0.09836533756759182
6849,4.714175335602016,177.8642555144056,45.96622889305816,0.07848203560996274
6850,4.224481017042556,185.02193920380546,45.96622889305816,0.0731597883029094
6851,4.509030053404225,202.69614614764433,45.96622889305816,0.08554693817488511
6852,5.714471067208433,166.68768373543887,45.96622889305816,0.08915699014243214
6853,5.493967080522797,181.40408027447268,45.96622889305816,0.09328438504012379
6854,5.282171913884664,210.18090913887573,45.96622889305816,0.10391581466024748
6855,5.475008204122422,161.2189823802688,45.96622889305816,0.08261840351159366
6856,4.002756375644992,173.49880024839334,45.96622889305816,0.06500271294139086
6857,5.960761207600433,187.33395927437698,45.96622889305816,0.10451872054811358
6858,5.250506181002926,184.6406062985859,45.96622889305816,0.09074114193782226
6859,4.975652977941744,195.03175911097892,45.96622889305816,0.09083040904208786
6860,4.3761131535417075,188.65818254593069,45.96622889305816,0.07727518226961186
6861,4.381284611967167,182.37414050612145,45.96622889305816,0.07478949024333145
6862,4.834571630830653,223.6434957163073,45.96622889305816,0.10120223878220251
6863,4.392845234918894,175.65940211070887,45.96622889305816,0.07222593152087627
6864,4.494719886454163,223.1472144289416,45.96622889305816,0.09387932320733758
6865,4.494624566446256,225.55624712525582,45.96622889305816,0.09489080478801434
6866,4.645326443762522,184.23354522935966,45.96622889305816,0.08010521620752109
6867,4.756554631632643,195.85009204296728,45.96622889305816,0.08719510760182456
6868,4.839558041538529,191.5496299151463,45.96622889305816,0.08676865564937628
6869,5.995539596221842,215.44946265485962,45.96622889305816,0.12090646941346862
6870,5.763242455483019,231.4902334456447,45.96622889305816,0.12487497435725034
6871,4.853874165131598,222.01647403652004,45.96622889305816,0.10086710657956685
6872,4.941517594067664,207.57462631041687,45.96622889305816,0.09600867132432692
6873,5.469015018364131,206.5446008071336,45.96622889305816,0.10573014102545587
6874,5.014488763232064,160.94725965288134,45.96622889305816,0.07554158586022156
6875,5.9395291838826445,163.03871314132897,45.96622889305816,0.09063973103380363
6876,4.240590967184638,163.3978604269099,45.96622889305816,0.06485576675606966
6877,5.2524057435041325,184.2106481614691,45.96622889305816,0.09056259261671724
6878,5.787549512876649,207.41574603091334,45.96622889305816,0.11236014503102931
6879,5.563054089609776,171.6174651243055,45.96622889305816,0.08936153377709041
6880,4.821251589530209,209.95564934677034,45.96622889305816,0.094746507162275
6881,4.375560305677287,190.5608579974134,45.96622889305816,0.0780446652400854
6882,5.50891782897878,214.57521504248285,45.96622889305816,0.11064242852250024
6883,5.803805266323136,204.6555961621097,45.96622889305816,0.11117632282737115
6884,4.413714940310546,230.2989227021917,45.96622889305816,0.09514194729325294
6885,5.924049480771168,198.84869838097862,45.96622889305816,0.11025981985785241
6886,4.1689438561915555,180.23218676744912,45.96622889305816,0.07032896841785499
6887,5.504312734664188,160.0183581904282,45.96622889305816,0.08244204572145013
6888,4.589528165144638,189.51925401565873,45.96622889305816,0.08141365010769744
6889,5.576796152699524,194.96374264932993,45.96622889305816,0.10176875747276315
6890,5.0510992540933755,213.72786105023133,45.96622889305816,0.10104687585998891
6891,5.569854010436429,187.04751392171457,45.96622889305816,0.09751503954432479
6892,4.343668811653689,174.5582661674052,45.96622889305816,0.07096970055873685
6893,4.320297060304862,169.15547638923385,45.96622889305816,0.06840305853066277
6894,4.881790707688499,174.64932593217847,45.96622889305816,0.07980349632276236
6895,5.565030618401801,160.00458664535785,45.96622889305816,0.08334428766451074
6896,5.9070456595310175,161.0576515589964,45.96622889305816,0.08904869078749757
6897,4.6506671316479125,220.3246476622851,45.96622889305816,0.0959078574955703
6898,5.744126384559733,166.97785576740486,45.96622889305816,0.08977568249059113
6899,5.602163574247568,220.12088784419413,45.96622889305816,0.11542314137438248
6900,4.919743517057514,210.15265642931215,45.96622889305816,0.09677277502406498
6901,4.734311830652259,184.94627937370157,45.96622889305816,0.08195553835316952
6902,4.066081171743599,160.54684715727728,45.96622889305816,0.06110175356148264
6903,5.052317627340645,160.92702997608106,45.96622889305816,0.07610189841668519
6904,4.245683498021692,167.7217713403295,45.96622889305816,0.06665195692009337
6905,5.26617259140511,213.51595115431786,45.96622889305816,0.10524494914096746
6906,5.508627156447782,237.8553179562802,45.96622889305816,0.12263998629163197
6907,5.95977224952866,176.6062676517346,45.96622889305816,0.09851710125288463
6908,4.703440765545817,204.92024029811068,45.96622889305816,0.09021450783417495
6909,4.0883880115446996,175.39418387129442,45.96622889305816,0.06711863920014866
6910,5.70715628142898,192.65216153453656,45.96622889305816,0.10291282502274081
6911,4.96924116957703,218.92251113748014,45.96622889305816,0.1018254514952893
6912,5.617472987113031,229.19251820733027,45.96622889305816,0.12050838819658911
6913,5.789747923557978,183.56263192045103,45.96622889305816,0.09947633595159953
6914,5.2980986924381925,168.89827150504436,45.96622889305816,0.08375699698853258
6915,5.937784912095768,181.41108931407638,45.96622889305816,0.1008240507158958
6916,4.780753846278426,234.45453149512372,45.96622889305816,0.1049133761416465
6917,5.26030029070318,183.0635817265405,45.96622889305816,0.0901339369794196
6918,4.172537129454737,199.09635422781972,45.96622889305816,0.07775697668119527
6919,5.18143823572875,213.4715995846501,45.96622889305816,0.10353001541969586
6920,4.329344239176228,216.4736378216507,45.96622889305816,0.08772088074391368
6921,4.725174785550008,235.5208823856742,45.96622889305816,0.1041653185484443
6922,5.306901136054543,233.44570487517728,45.96622889305816,0.11595853867189475
6923,4.060260302491503,232.26964595581018,45.96622889305816,0.08827184086794518
6924,5.755739591304534,200.8631541921524,45.96622889305816,0.10821245844409219
6925,5.952818172457359,219.93762809186285,45.96622889305816,0.1225456791916415
6926,5.990123199972514,220.5070084585724,45.96622889305816,0.1236328841708279
6927,5.830375610358099,175.7717596903891,45.96622889305816,0.0959227196324501
6928,4.3939776657988405,200.61901474810827,45.96622889305816,0.08250984800489397
6929,5.45854389161989,181.19987426191787,45.96622889305816,0.09257858689385441
6930,4.833890831716047,173.7932199442176,45.96622889305816,0.07863312155425874
6931,5.851054919394406,219.55316361975497,45.96622889305816,0.12024020905097503
6932,4.076756907649733,161.7999364414283,45.96622889305816,0.061740339199800806
6933,5.987591968712807,191.68678687499624,45.96622889305816,0.1074286760602621
6934,5.204568627074551,235.8278908477036,45.96622889305816,0.11488299658010322
6935,5.911617681870344,167.67475671803865,45.96622889305816,0.09277903969941349
6936,5.270885564185349,239.42622613133432,45.96622889305816,0.11812209917068336
6937,4.359308880972871,213.02597850198975,45.96622889305816,0.08692126934041136
6938,5.5480062456398835,166.04513505628006,45.96622889305816,0.08622614017839367
6939,4.774046088327232,176.4232658624086,45.96622889305816,0.07883486229344049
6940,4.113555645331003,167.9439310675747,45.96622889305816,0.06466325165746081
6941,4.683553072934439,206.33350558871996,45.96622889305816,0.0904525993003824
6942,5.907240246716571,234.8537878587174,45.96622889305816,0.12985481318779485
6943,5.744786486716633,221.71492962691045,45.96622889305816,0.1192187816000068
6944,4.081387553000683,192.45053768400442,45.96622889305816,0.07351954544111904
6945,5.558706782818933,237.39927662702698,45.96622889305816,0.12351764591926936
6946,4.9244905413828155,216.10205204681625,45.96622889305816,0.0996084190556174
6947,5.990668042952977,209.84083954812456,45.96622889305816,0.11766332556457813
6948,5.557571090604229,237.30514912471529,45.96622889305816,0.12344344612957125
6949,5.420170127525554,170.55211163842915,45.96622889305816,0.08652584872049199
6950,5.958221298427109,224.31752201445883,45.96622889305816,0.12509952972912167
6951,4.529177338741033,238.98571267178528,45.96622889305816,0.10131345189725065
6952,4.159287958120633,235.1880908619575,45.96622889305816,0.09156092345857277
6953,5.682231538426039,181.99654358590578,45.96622889305816,0.09679611238580679
6954,5.720827380017021,164.8327477429292,45.96622889305816,0.08826289958408721
6955,5.904438178386145,208.3863968798022,45.96622889305816,0.11516587033474518
6956,5.042183493553218,239.28330063357723,45.96622889305816,0.1129293648978352
6957,4.052722423640352,200.99458997171405,45.96622889305816,0.07624424637730029
6958,5.47043770517747,168.98125858179225,45.96622889305816,0.08652397557156727
6959,4.029930908128964,209.21709203847868,45.96622889305816,0.07891700784689851
6960,4.676051250656712,198.54443425728317,45.96622889305816,0.08689860973120372
6961,5.2446026857047325,190.89419684270808,45.96622889305816,0.0937089707530125
6962,4.429103623511608,179.08652363407379,45.96622889305816,0.07424284334217879
6963,4.374746110387776,217.27942972088482,45.96622889305816,0.08897076302762373
6964,4.268584200296291,237.7744919135924,45.96622889305816,0.0950002971293225
6965,4.009559548431241,184.28883686684875,45.96622889305816,0.069162637333492
6966,5.605383560594657,167.20770996342603,45.96622889305816,0.08772784943211129
6967,5.175957182061772,183.25102541904624,45.96622889305816,0.08877954956250714
6968,5.930849304656863,177.51852022233666,45.96622889305816,0.09854541143220016
6969,4.141937935394351,209.0992946046495,45.96622889305816,0.08106474173496166
6970,4.7520791345824644,232.3117801736854,45.96622889305816,0.10333102696310896
6971,5.8299575314811865,223.60420923186726,45.96622889305816,0.12201724488865576
6972,4.257294870643687,212.64522003428175,45.96622889305816,0.08473546266296397
6973,4.1843835066933766,162.01931124295234,45.96622889305816,0.06345620739720573
6974,4.3943705397988975,199.55612292835949,45.96622889305816,0.08208004405843665
6975,4.902192466113309,222.08028118955667,45.96622889305816,0.10190047433153047
6976,5.046813936589996,181.13803696585325,45.96622889305816,0.08556630913638494
6977,4.279427572831699,205.5769092074686,45.96622889305816,0.08234473980095623
6978,5.34968446043158,177.0337408964808,45.96622889305816,0.08864618748766318
6979,5.263663475923587,228.81692369593307,45.96622889305816,0.11273327057598628
6980,4.484396351094862,225.55487570188748,45.96622889305816,0.09467429040287706
6981,5.90074719358099,234.9195531776303,45.96622889305816,0.1297484036905869
6982,4.282384739105421,163.91531068811574,45.96622889305816,0.06570237257967339
6983,5.453155435337581,190.5636651878053,45.96622889305816,0.09726661962545406
6984,4.355466330557243,195.76599287954903,45.96622889305816,0.07980824504530656
6985,5.085370813408466,172.9415027334088,45.96622889305816,0.0823185483520119
6986,4.075706739561582,222.54439080086058,45.96622889305816,0.08489760303386178
6987,4.912193869832214,179.55005685914546,45.96622889305816,0.08255376685591025
6988,5.9103898620830275,220.7244697652183,45.96622889305816,0.12210753376355023
6989,4.8053054104713535,181.8280916589452,45.96622889305816,0.08178201838164482
6990,5.458413247602191,217.94804676951517,45.96622889305816,0.11135128734060958
6991,5.767985944496319,161.0505050849866,45.96622889305816,0.08694850785044447
6992,5.259230952373228,182.53981602559534,45.96622889305816,0.0898577831251457
6993,5.949237404288041,161.9856663257443,45.96622889305816,0.09020149492195668
6994,4.97488632830542,216.86465925852718,45.96622889305816,0.10098288986178375
6995,5.502527223452983,210.64596237940708,45.96622889305816,0.10849036933829392
6996,4.944243683472929,232.7544024093001,45.96622889305816,0.10771436369422856
6997,5.1535214960655065,201.6965291313938,45.96622889305816,0.09729227650525725
6998,5.7142321477056255,195.45585080254412,45.96622889305816,0.10453997793218166
6999,5.215768786495816,186.3212430555223,45.96622889305816,0.09096127782675276
7000,4.424345845388228,196.82703046877526,45.96622889305816,0.08150976798256918
7001,4.672059444707994,163.01865742506573,45.96622889305816,0.0712888355168866
7002,4.973392461003269,212.49887604914707,45.96622889305816,0.09892025283951686
7003,4.104007291534752,205.38545213947867,45.96622889305816,0.07889575759936251
7004,4.6200716509947055,163.26267314529827,45.96622889305816,0.07060109920008978
7005,4.193774824784176,217.30561719758646,45.96622889305816,0.08530056537794303
7006,5.078272442358039,236.47175100579193,45.96622889305816,0.11240124260310178
7007,5.3631704035399945,237.00570943847222,45.96622889305816,0.11897514779252673
7008,4.57024669727992,206.59865744614788,45.96622889305816,0.08837775946169567
7009,5.117272994876478,201.88897895776643,45.96622889305816,0.09670012747048026
7010,5.794824599461423,202.2166170769683,45.96622889305816,0.10968139981258075
7011,4.527276275618691,216.15715865832544,45.96622889305816,0.09159725729222473
7012,4.529696744926152,166.66862397872276,45.96622889305816,0.07066409908126059
7013,5.177279127005302,170.99811020960033,45.96622889305816,0.0828645430153803
7014,5.4284324681080385,195.05574607098373,45.96622889305816,0.09910807405787479
7015,5.732397286901181,192.37873641057143,45.96622889305816,0.10322127004713613
7016,4.79238854349109,194.3087620440156,45.96622889305816,0.08716060876720175
7017,5.42745016999237,172.41446098259482,45.96622889305816,0.0875881558252703
7018,4.682609602317267,181.43044025798548,45.96622889305816,0.0795195574715592
7019,4.7759169237788575,232.93334228699553,45.96622889305816,0.10412721928822222
7020,5.262646449439423,200.26171752757108,45.96622889305816,0.09864565932359855
7021,4.258017031853983,206.10125876838507,45.96622889305816,0.08214173792344998
7022,5.597469222338941,188.87562397735297,45.96622889305816,0.09895630605712455
7023,5.805751350459584,188.11740257850073,45.96622889305816,0.10222644407649148
7024,4.3209122287302195,226.21800276154858,45.96622889305816,0.09149101738838587
7025,5.131178470837727,201.3437140673644,45.96622889305816,0.09670101768858656
7026,5.851380735351616,225.98266856388233,45.96622889305816,0.12376827528231349
7027,5.9854727318031875,215.3328232375063,45.96622889305816,0.12063811422782711
7028,5.15921655268299,203.10707363691685,45.96622889305816,0.09808094801930108
7029,4.711983279590773,174.47446798891107,45.96622889305816,0.07695050462229729
7030,5.650255771062305,160.53065550467494,45.96622889305816,0.08489887498850512
7031,5.775713476865263,180.99815992622837,45.96622889305816,0.09784883268330125
7032,4.47880047662674,160.56493580182666,45.96622889305816,0.06731134590948425
7033,4.719994870525376,167.10463961546756,45.96622889305816,0.07382541271491345
7034,4.369084220534476,215.06475657836583,45.96622889305816,0.08794993281606103
7035,4.830663264356466,160.87535701993397,45.96622889305816,0.0727398057949455
7036,4.633763783378339,160.4903083992006,45.96622889305816,0.06960790312102562
7037,5.830367597774499,228.83792099416738,45.96622889305816,0.124881981092526
7038,4.706557755408173,179.2358645553897,45.96622889305816,0.07895945756747488
7039,4.213837079341184,216.4151068282863,45.96622889305816,0.08535739695749288
7040,4.2408739036383345,213.56331308605618,45.96622889305816,0.08477305960417623
7041,4.516706822630225,218.34368241451142,45.96622889305816,0.09230779584372818
7042,4.786478563956864,170.94721975745085,45.96622889305816,0.07658681499490899
7043,4.554760671222057,215.2047000922135,45.96622889305816,0.09174727263706545
7044,5.370181146654063,207.78049599952132,45.96622889305816,0.10444064925144791
7045,4.646494070119194,210.8206050133817,45.96622889305816,0.09168837828261872
7046,4.084418340450759,208.3417386076912,45.96622889305816,0.07964937098826103
7047,5.562566935894697,171.05685540979175,45.96622889305816,0.08906182347447475
7048,5.632965893314066,232.4004774458108,45.96622889305816,0.12253213094074587
7049,5.918044342575401,162.40309456267676,45.96622889305816,0.08995977572338104
7050,5.791253854705678,165.07561627926407,45.96622889305816,0.08948111319531105
7051,4.758848401383191,203.87032232472245,45.96622889305816,0.09080959282054746
7052,4.443428046411965,187.56615006330776,45.96622889305816,0.07800967434768928
7053,5.816140688444149,174.00634467272872,45.96622889305816,0.09472744768953906
7054,5.077588152649323,226.1587314439518,45.96622889305816,0.1074847078092537
7055,4.482207311222622,234.805860712073,45.96622889305816,0.09850918386830736
7056,5.960220831776091,181.28673445840437,45.96622889305816,0.10113563970840492
7057,4.946004126060602,160.89782018173543,45.96622889305816,0.07448700004134669
7058,5.921519546128238,170.98366840802697,45.96622889305816,0.09476842139358432
7059,4.855611980455523,213.81384886357816,45.96622889305816,0.09717524726170215
7060,5.301096475731476,212.20460256393872,45.96622889305816,0.10529223782554097
7061,4.034236560696129,218.73465205661296,45.96622889305816,0.0825951981271187
7062,5.492011643421205,203.629182604437,45.96622889305816,0.10467604759284603
7063,5.4627335482257955,160.04773366562378,45.96622889305816,0.08183430440758967
7064,4.3324289490962435,165.93945704351432,45.96622889305816,0.06729099694131056
7065,4.6257600046316325,176.28844017025304,45.96622889305816,0.07632780628060722
7066,4.372156483562146,193.56571191997617,45.96622889305816,0.07921364090948067
7067,5.247253898297144,203.4733042032335,45.96622889305816,0.09993448190043093
7068,5.673825426636054,191.50424222549023,45.96622889305816,0.10170216939614064
7069,4.815507443658029,160.8569959074417,45.96622889305816,0.07250331452427224
7070,5.520420883226787,208.17987056887958,45.96622889305816,0.10756891126387153
7071,4.251606514741,175.33208006380704,45.96622889305816,0.06977346609564607
7072,4.342304218058414,192.60239080805587,45.96622889305816,0.0782812530877063
7073,4.076011959032784,222.29310920721358,45.96622889305816,0.08480809317606754
7074,4.63629285152588,233.4956812722389,45.96622889305816,0.10132708790361893
7075,4.543233544290009,189.3082931368352,45.96622889305816,0.08050271931856964
7076,5.8419566090687605,173.47703786064966,45.96622889305816,0.09485848268691854
7077,5.691342350371216,172.11617388739734,45.96622889305816,0.0916879457172932
7078,4.9908959970278755,229.91923205929456,45.96622889305816,0.10740627845292913
7079,4.3195121940403,162.99562748721124,45.96622889305816,0.06590016580738585
7080,4.478755848151094,180.97020091139314,45.96622889305816,0.07586479795499096
7081,4.8141843789466385,219.50291162522805,45.96622889305816,0.09890969290295908
7082,4.095871216531171,205.75020835988252,45.96622889305816,0.07887918694186756
7083,5.450530303630963,224.5748458971386,45.96622889305816,0.11457126748038887
7084,5.933151048426817,226.02905250365205,45.96622889305816,0.12552363812073977
7085,4.2063967596952,174.06209484974394,45.96622889305816,0.06853150809289714
7086,5.441146846631609,176.93927336249251,45.96622889305816,0.0901136404866311
7087,4.4940221313836455,227.93376486348785,45.96622889305816,0.09587816632237993
7088,4.923216839160881,191.74845691000124,45.96622889305816,0.0883602001098117
7089,4.93864466534333,180.5346718434424,45.96622889305816,0.08345344119925414
7090,4.175059921103999,238.17572539777169,45.96622889305816,0.09307564580696695
7091,4.5838923858130185,200.96423400775004,45.96622889305816,0.08622417230751833
7092,4.117313064608557,171.93605959411713,45.96622889305816,0.06626080510397467
7093,4.204292696888507,164.09055712192676,45.96622889305816,0.06457321081561737
7094,5.301961278749767,161.3535695734987,45.96622889305816,0.0800738993870475
7095,4.913739567684334,213.19832635137396,45.96622889305816,0.0980554584631587
7096,4.726204203416288,172.01498435040176,45.96622889305816,0.07609473537938588
7097,4.44676856805652,172.28932869040497,45.96622889305816,0.07170984020604
7098,4.590782172067175,188.50069597463207,45.96622889305816,0.08099822338944293
7099,4.793301474797389,177.84686185066224,45.96622889305816,0.07979153131842673
7100,4.468404178080565,211.15117239628597,45.96622889305816,0.08831242189618749
7101,4.046105012589055,195.31604125960155,45.96622889305816,0.0739691983910435
7102,5.8583712663108924,220.9148619358452,45.96622889305816,0.121137239758017
7103,4.6658104797753905,203.88041606979334,45.96622889305816,0.08903862694765666
7104,5.9638685532051285,217.30594222552284,45.96622889305816,0.12130410944465482
7105,5.179263635006475,204.73998140143573,45.96622889305816,0.09925365905248792
7106,5.788505047815249,175.5830696293869,45.96622889305816,0.09513162218295242
7107,5.15736414665536,188.0133949883453,45.96622889305816,0.09075957156899987
7108,4.936363159546268,163.19329328193936,45.96622889305816,0.07540241537481072
7109,5.586432498382235,174.74320306437448,45.96622889305816,0.09137148775281333
7110,5.1254079965797,233.86577452463558,45.96622889305816,0.11219434301788805
7111,4.5149208586228164,186.21856336803654,45.96622889305816,0.07869533031482831
7112,4.812228585611254,203.51846248359698,45.96622889305816,0.0916697211639971
7113,4.460224341807687,219.07473153351856,45.96622889305816,0.09145866134440936
7114,5.259407833972777,167.45833777127922,45.96622889305816,0.08243648651518727
7115,5.0192414282983595,188.78419461900748,45.96622889305816,0.08869100297987242
7116,4.7012500619084685,238.6469498583092,45.96622889305816,0.1050134892576722
7117,4.810954211079723,161.9185165942528,45.96622889305816,0.07291276848282047
7118,4.709861485378884,207.96591679777535,45.96622889305816,0.09168032594423213
7119,5.055561722876275,166.16676208058703,45.96622889305816,0.0786302077381615
7120,4.3363703527913335,221.54923715693883,45.96622889305816,0.08992334928946692
7121,4.014481265176398,178.44261165811614,45.96622889305816,0.06705078320403728
7122,5.96143640306104,212.45116502488042,45.96622889305816,0.1185457206072719
7123,4.491056104980309,175.52097376707925,45.96622889305816,0.07378249701782513
7124,4.833041590582411,211.64541425197285,45.96622889305816,0.09574260598055352
7125,4.342087144697729,219.83562095393617,45.96622889305816,0.08934545165745221
7126,4.083863145352172,175.51969727065782,45.96622889305816,0.0670923323897121
7127,5.180550902149197,216.4949319800277,45.96622889305816,0.10497829822083504
7128,5.344427993624371,180.9450802426359,45.96622889305816,0.09051568832192809
7129,4.770995246513232,163.010443018786,45.96622889305816,0.07279478376530668
7130,4.000941298948426,193.31867471162744,45.96622889305816,0.07239554426629764
7131,5.086708031538644,225.69000260644776,45.96622889305816,0.10745459233668388
7132,5.925332067114145,207.93166979237063,45.96622889305816,0.11532120825788064
7133,5.633106144723827,170.4381484739998,45.96622889305816,0.0898650025850529
7134,5.633328913351637,180.27139527379944,45.96622889305816,0.09505342671983831
7135,4.819511323491487,161.70597109103534,45.96622889305816,0.07294657581894683
7136,4.936087239270488,212.1036880652309,45.96622889305816,0.09799567203450905
7137,4.504114099025512,224.69383038182204,45.96622889305816,0.09472756638260556
7138,5.852389222594695,205.6543353202877,45.96622889305816,0.11265407858093943
7139,4.48811589726716,216.42183427450212,45.96622889305816,0.09091613933280326
7140,4.589212277607378,173.02335457220832,45.96622889305816,0.07432222853161952
7141,4.570382128730292,195.1208194590884,45.96622889305816,0.08347029970022897
7142,4.451373867566188,186.98116810381367,45.96622889305816,0.07790544079571603
7143,4.7912427898916246,220.30855283921701,45.96622889305816,0.09879964523604459
7144,5.715289555976168,225.9920685427883,45.96622889305816,0.12089470620951812
7145,4.386441846084576,224.7803669070251,45.96622889305816,0.09228829030941495
7146,5.281070486188261,179.02384001025058,45.96622889305816,0.08849295166628812
7147,4.752010141851357,187.6397575772556,45.96622889305816,0.0834599405036263
7148,4.870293773608245,227.58752765989155,45.96622889305816,0.10374793593024406
7149,4.823214253922245,164.37308438203326,45.96622889305816,0.07420669809252213
7150,5.47466457455263,222.96201217518345,45.96622889305816,0.11425211268367562
7151,5.144562040452034,198.01021699231939,45.96622889305816,0.09534805918188939
7152,5.544207889844682,161.7664164020955,45.96622889305816,0.08394671770321804
7153,5.168398011865858,236.15506766565187,45.96622889305816,0.11424286057534294
7154,5.588589860801688,182.0417397418649,45.96622889305816,0.09522457972223843
7155,5.835368615992233,176.1971391726444,45.96622889305816,0.09623720397617022
7156,5.0938717802700255,209.99954823863632,45.96622889305816,0.10012492831931398
7157,4.06807380433828,170.17947544832745,45.96622889305816,0.06479952954764986
7158,5.088689700035431,174.47221847286357,45.96622889305816,0.083101354229574
7159,4.838297190396107,216.46410967175837,45.96622889305816,0.09802893612530895
7160,5.250727698993446,229.9395066264332,45.96622889305816,0.11300793533979764
7161,5.842343970300233,234.12775141131007,45.96622889305816,0.12803121459065986
7162,4.784781236033121,169.75379703648227,45.96622889305816,0.07602517567059808
7163,5.334315908896681,233.52063317106496,45.96622889305816,0.11659497675509153
7164,5.53852789445231,215.76188440943645,45.96622889305816,0.11185230095781382
7165,5.605192218401746,192.7851877578406,45.96622889305816,0.10114397600517921
7166,5.003524154690347,175.99046248054947,45.96622889305816,0.08242158880954953
7167,5.3430857239157765,187.8383045234702,45.96622889305816,0.09394034488524484
7168,4.53492496472983,180.05412007851746,45.96622889305816,0.07642738810011535
7169,5.021423507450744,203.19793998248318,45.96622889305816,0.09550409660940158
7170,5.652482117166179,233.30652991840134,45.96622889305816,0.1234360284938221
7171,4.618298627824981,186.54597205212386,45.96622889305816,0.08063874063223064
7172,4.56238266552691,184.16440693418795,45.96622889305816,0.07864538739441537
7173,5.456973385032245,210.32787521270868,45.96622889305816,0.1074297385667502
7174,4.155668714029156,205.80288253355263,45.96622889305816,0.08005126897887932
7175,5.695451712691814,164.81585830255304,45.96622889305816,0.08786239136513721
7176,5.810945125973782,180.5440882457616,45.96622889305816,0.09819873550797231
7177,4.655523479761267,191.95983919479548,45.96622889305816,0.08364784320758431
7178,4.284567050380106,167.8775690837504,45.96622889305816,0.06732486081305214
7179,4.481250384435968,160.43123772879662,45.96622889305816,0.06729208628198545
7180,5.154503525215587,170.75806117596875,45.96622889305816,0.08238419544799172
7181,4.186698573470828,205.05853970111735,45.96622889305816,0.08035731247234196
7182,5.185247552107336,212.79120284092002,45.96622889305816,0.10327590595678414
7183,5.007550858302384,230.74583985543154,45.96622889305816,0.10815213505990333
7184,4.249720494870543,222.90322345294587,45.96622889305816,0.08866507076675278
7185,4.8224023902213915,232.27649618016,45.96622889305816,0.10484423636276809
7186,4.469060696815669,235.82020386482156,45.96622889305816,0.09864455371124634
7187,5.734347129730977,173.8536206705952,45.96622889305816,0.09331330420018766
7188,4.869837235227716,179.44606066199978,45.96622889305816,0.08179452290194268
7189,4.284089110413062,191.0414746363841,45.96622889305816,0.07660586242548593
7190,5.070323587768362,192.12634701428465,45.96622889305816,0.09117976131560061
7191,4.663388763594789,186.23056092901749,45.96622889305816,0.08128837129367775
7192,4.322062975837978,177.81968327486558,45.96622889305816,0.07193608058122501
7193,5.058838514568981,172.72521994603596,45.96622889305816,0.08178664994139791
7194,5.658972196564472,218.89328280046067,45.96622889305816,0.11594334972940488
7195,5.977707734681652,185.33927551260237,45.96622889305816,0.10369981634425705
7196,4.364789872474126,166.0413428843747,45.96622889305816,0.06783524952363643
7197,4.699912976826203,233.67556583738613,45.96622889305816,0.10279665154945715
7198,5.182391552282383,236.68327315894845,45.96622889305816,0.11480839300808078
7199,5.8280309505803745,190.379331254884,45.96622889305816,0.10385262902703851
7200,4.875842674416098,183.94847362493007,45.96622889305816,0.08395019732681133
7201,5.483819598485709,205.55123651365656,45.96622889305816,0.10550647217322214
7202,4.1268440724021245,233.4940784599357,45.96622889305816,0.09019236598008457
7203,5.570974435753802,234.63707038531513,45.96622889305816,0.12234990650657639
7204,4.4989174429808765,220.23937406655176,45.96622889305816,0.0927425080875571
7205,5.267712060921836,169.85451867481675,45.96622889305816,0.08374810360413794
7206,4.519141195122227,175.34099205393102,45.96622889305816,0.07416776955599098
7207,4.306758057940386,211.95090156785267,45.96622889305816,0.08544006930093141
7208,5.732110242501333,239.0295857303884,45.96622889305816,0.1282454724681945
7209,4.430056204402617,213.9382584498593,45.96622889305816,0.0887101964615777
7210,4.15661815063786,179.12282796913016,45.96622889305816,0.0696894305262545
7211,5.694754776737191,235.32156268181552,45.96622889305816,0.12543322831898313
7212,5.941317058880352,197.15746413322458,45.96622889305816,0.10964070046241381
7213,5.471622763255793,189.5302777664527,45.96622889305816,0.09706677384953166
7214,5.402004131030534,172.1752865107389,45.96622889305816,0.08705657460168652
7215,4.244233861872358,238.70490026707384,45.96622889305816,0.09482797777830425
7216,4.623054003688648,231.77347965465884,45.96622889305816,0.10029252290300752
7217,4.045459969663767,226.517798991699,45.96622889305816,0.08577210921900771
7218,5.873372438352578,161.2441589961242,45.96622889305816,0.08864359913384136
7219,4.778523781520856,224.66168387421712,45.96622889305816,0.10048439224413412
7220,4.008958051823709,184.3891939691041,45.96622889305816,0.06918991970264932
7221,4.516451444093014,170.69775026409337,45.96622889305816,0.07216074222399367
7222,4.175942042048153,179.91773652234087,45.96622889305816,0.07032411734903435
7223,4.399891547284452,237.95226057840085,45.96622889305816,0.0979958435017661
7224,4.044204617541739,170.3612740577978,45.96622889305816,0.06448813967183697
7225,5.614289337783984,220.99939469451232,45.96622889305816,0.11613462543915477
7226,4.936505742216244,190.8220925800356,45.96622889305816,0.08817067169942296
7227,4.6926971712662136,237.87856909015716,45.96622889305816,0.10448493946246838
7228,5.734021929054792,180.94089997633324,45.96622889305816,0.09711178666742634
7229,4.922267001526044,219.67618970505063,45.96622889305816,0.10121013485913524
7230,5.649633901642799,169.75862070952945,45.96622889305816,0.08976933189026515
7231,5.91162637860134,225.54870841150074,45.96622889305816,0.12480246738693766
7232,5.007098370295211,200.0493044661798,45.96622889305816,0.09375598874035362
7233,5.0141868324344285,225.2628571740042,45.96622889305816,0.10572214089326287
7234,5.092897609299063,225.00391079453163,45.96622889305816,0.10725828790888317
7235,5.727074030600185,216.19821383833076,45.96622889305816,0.1158939452675768
7236,4.093751315858473,195.8276127510583,45.96622889305816,0.07503626963486801
7237,4.511286408969912,163.4781450116875,45.96622889305816,0.06902969427945288
7238,5.297185585662922,201.02664849809466,45.96622889305816,0.0996723435013707
7239,4.122219774871359,209.74395848269302,45.96622889305816,0.08092756089448566
7240,4.380109562282813,234.98047390831243,45.96622889305816,0.09633688465897515
7241,5.39425826088527,160.30012905799413,45.96622889305816,0.0809359476486968
7242,5.742815071701199,165.20547851936678,45.96622889305816,0.08880248632026361
7243,4.0232049721066225,191.6180484811387,45.96622889305816,0.07215798895294251
7244,4.3114025102288895,225.43072959180753,45.96622889305816,0.09097195661843786
7245,5.889363589091314,222.67324695721206,45.96622889305816,0.12274738752692921
7246,4.736409293225165,183.37065412998405,45.96622889305816,0.08129332882251677
7247,4.685273600750844,166.92620118669538,45.96622889305816,0.07320408485772548
7248,5.807199900436279,179.5237999683857,45.96622889305816,0.09758086353310014
7249,4.500362324906713,217.27016991392105,45.96622889305816,0.0915215639838262
7250,5.23545481139723,236.70793099754655,45.96622889305816,0.11599601609578215
7251,5.962546256939549,193.38257606622167,45.96622889305816,0.1079257191555795
7252,5.841851261763105,236.4107876387723,45.96622889305816,0.1292687751946005
7253,5.712244036103651,234.6017397366214,45.96622889305816,0.12543358357951728
7254,5.199985606141142,169.1460324761873,45.96622889305816,0.08232652904224844
7255,5.719148962601886,184.60385981464617,45.96622889305816,0.09882072470567584
7256,5.850277421292914,201.5392237393244,45.96622889305816,0.11036005064576576
7257,4.979425249080169,226.50496883520407,45.96622889305816,0.10556812289650835
7258,4.776532515110967,168.49765890915936,45.96622889305816,0.07533251355236974
7259,5.56747713533523,183.24856491562053,45.96622889305816,0.09549373347546655
7260,5.691817159309788,233.26512171243508,45.96622889305816,0.12427294673957195
7261,4.783825448114241,213.633046008113,45.96622889305816,0.09565762771204579
7262,4.0352109614073095,223.52152492890252,45.96622889305816,0.08442312910233551
7263,4.91873216834345,181.14876691270072,45.96622889305816,0.08339968419768184
7264,5.750561414100764,192.74348475275082,45.96622889305816,0.10374467184792246
7265,5.646826139063153,193.6451351174982,45.96622889305816,0.10234976644001346
7266,5.899011142474471,213.6321232797175,45.96622889305816,0.1179564305978011
7267,5.334391213344379,169.9015346265712,45.96622889305816,0.08483166932251819
7268,5.4950283676829335,201.61910372498878,45.96622889305816,0.10369969219917413
7269,5.436712192872006,229.39701770266828,45.96622889305816,0.11673469671108075
7270,5.406341704644423,199.93091488887083,45.96622889305816,0.10117175732458863
7271,5.704114688243936,219.05302940322557,45.96622889305816,0.11695353719617806
7272,5.529509914119736,232.9214395484394,45.96622889305816,0.12055131590057117
7273,4.276233246740496,199.92229259905292,45.96622889305816,0.08001998356965458
7274,4.247831926235564,219.97020474619956,45.96622889305816,0.08745950851948255
7275,4.863986392497841,217.62690421102042,45.96622889305816,0.09907881054775089
7276,4.243512525008583,209.61582438728433,45.96622889305816,0.08325789041488846
7277,4.225662729604242,188.25244178886027,45.96622889305816,0.07445798820946314
7278,5.071369873083434,215.3283943241851,45.96622889305816,0.10221212961602157
7279,5.002163333940851,218.4591602817532,45.96622889305816,0.10228312238273003
7280,4.3477366104728095,211.35592765746694,45.96622889305816,0.08601090306277356
7281,4.771536606789741,172.3377747565039,45.96622889305816,0.07696877769204095
7282,5.706791074644366,238.07161988284014,45.96622889305816,0.1271672995763213
7283,4.479186125499207,172.60311762474606,45.96622889305816,0.07236417143429792
7284,5.528939857382858,239.2500433293196,45.96622889305816,0.1238139958015632
7285,4.837153308718957,223.2733814525558,45.96622889305816,0.10108870909882058
7286,4.294303092155882,178.24477952610863,45.96622889305816,0.07164491329753166
7287,4.28182460844966,213.2903637661479,45.96622889305816,0.08548225249066511
7288,5.175002236122026,212.9514844099565,45.96622889305816,0.10314948458945797
7289,4.33778593267501,166.49891216224847,45.96622889305816,0.06760134940881757
7290,5.0679353592121625,202.3842785969864,45.96622889305816,0.09600275333846928
7291,4.843180860855356,214.63689792617524,45.96622889305816,0.09729956958409741
7292,4.837538391846839,228.51849910117377,45.96622889305816,0.10347171238396004
7293,5.555398450869229,186.8617123379167,45.96622889305816,0.09716534261449086
7294,5.788431068789918,199.3634648998496,45.96622889305816,0.10801455670585924
7295,4.9288066545856655,217.67936690337223,45.96622889305816,0.10042339433811384
7296,5.912577883243622,162.66405304729903,45.96622889305816,0.0900210993969669
7297,4.350468596821526,224.4230116128348,45.96622889305816,0.09138591675025025
7298,4.883537151492674,228.6942323068295,45.96622889305816,0.10453592258951382
7299,4.702929241988454,238.041818981602,45.96622889305816,0.10478462261011977
7300,4.4319217250984595,235.9128707383429,45.96622889305816,0.09786323449240475
7301,5.579461382387671,237.9283361041298,45.96622889305816,0.12425511974323467
7302,4.323535270713242,188.2617469495387,45.96622889305816,0.07618630996664266
7303,4.395202017517787,226.3807291613992,45.96622889305816,0.09313097391349402
7304,4.536628535177427,202.06400305856752,45.96622889305816,0.08580212055863852
7305,4.386515406345637,216.59266025429673,45.96622889305816,0.088928147047602
7306,5.486035392819426,169.21005871969703,45.96622889305816,0.08688816592160434
7307,5.3717670142005485,173.23863191782073,45.96622889305816,0.08710393241360115
7308,5.908430206281881,230.3939058501235,45.96622889305816,0.1274145268657373
7309,4.403131581604553,187.2038747019196,45.96622889305816,0.0771529162153243
7310,5.19155384238031,224.54608825928185,45.96622889305816,0.10911355484271304
7311,5.886572421207187,193.52199962300932,45.96622889305816,0.1066273664861503
7312,4.977679358091018,172.5247468503426,45.96622889305816,0.08038114074027919
7313,4.698913461945564,239.35698019497718,45.96622889305816,0.10527358013160917
7314,5.87489366583755,193.10371756805483,45.96622889305816,0.10618581235300727
7315,4.446625747494664,205.83598143563236,45.96622889305816,0.08566979380245154
7316,4.846564507980369,220.20700691037896,45.96622889305816,0.09989436263980028
7317,5.259814993854792,212.86170171910666,45.96622889305816,0.10479579274191489
7318,4.748635458627794,209.371353641854,45.96622889305816,0.09305976269534325
7319,5.379202290271377,211.84024256973694,45.96622889305816,0.10666015008505952
7320,5.3910088019072395,231.21548122073906,45.96622889305816,0.1166709673956736
7321,4.5363638716721155,172.5012679784213,45.96622889305816,0.07324466946029444
7322,4.069309270793544,216.00499795934084,45.96622889305816,0.08227357077267303
7323,4.670821784292669,200.47171831645576,45.96622889305816,0.0876440138228072
7324,4.146664560446115,234.15450462055279,45.96622889305816,0.09088187340762152
7325,5.17698517093102,169.9752064111109,45.96622889305816,0.08236417391432196
7326,4.812664653987267,185.02985535334577,45.96622889305816,0.08334954995247727
7327,5.733359166437281,230.09652482326257,45.96622889305816,0.12347955544961237
7328,5.580943083769313,191.05189059808103,45.96622889305816,0.09980097449160494
7329,5.886347888540159,182.02296765551006,45.96622889305816,0.10028776786000365
7330,5.32303885763054,201.87726002183598,45.96622889305816,0.10058260675958512
7331,4.875355290628999,175.078170932632,45.96622889305816,0.0798939916566532
7332,4.479838776126352,225.74126324182595,45.96622889305816,0.09465622587181598
7333,5.337428708426345,234.49503204016446,45.96622889305816,0.11714980829708793
7334,5.362572750050796,164.86202603964105,45.96622889305816,0.08275031934234098
7335,4.232583584006662,217.88069726251348,45.96622889305816,0.08631775737049044
7336,4.501848299090131,179.893463489568,45.96622889305816,0.07580224853397559
7337,4.8126497295936295,219.6197264394402,45.96622889305816,0.09893078367702181
7338,5.277628713568541,175.5412104832809,45.96622889305816,0.08671490875580294
7339,5.792547118055727,237.77993465498483,45.96622889305816,0.12892009808033097
7340,5.583923488192095,175.44523206036956,45.96622889305816,0.09169736960528449
7341,5.587414913522895,201.72884825033103,45.96622889305816,0.10550056375887881
7342,4.057111915750941,213.40233620495317,45.96622889305816,0.08103861427579667
7343,5.9538925941831256,194.5271634453073,45.96622889305816,0.10840694321849796
7344,4.126613129730596,178.448503675912,45.96622889305816,0.06892591102018102
7345,5.116933529718802,223.28759129976916,45.96622889305816,0.1069424705879653
7346,4.371037110562083,177.55040347720436,45.96622889305816,0.07264103208281071
7347,5.844677048188268,230.5362188387504,45.96622889305816,0.12611755232134833
7348,5.831348660902247,174.06240990585772,45.96622889305816,0.09500574104591933
7349,5.865391791718832,187.1951223939292,45.96622889305816,0.10277024793414485
7350,5.033716970508011,196.51246207588434,45.96622889305816,0.0925880075890559
7351,5.955690003136982,181.01354581352186,45.96622889305816,0.1009064689058996
7352,5.915560768868377,236.73218513026862,45.96622889305816,0.1310777794951656
7353,5.83489453791074,188.57777089145594,45.96622889305816,0.1029910195403799
7354,4.7500672903222645,176.32532614164776,45.96622889305816,0.07839535056545521
7355,4.950993669880358,179.8905117140678,45.96622889305816,0.08336360305427433
7356,5.254248783964923,229.41525099915734,45.96622889305816,0.1128258896155869
7357,5.899333740152726,195.00871072625134,45.96622889305816,0.10767944929351496
7358,4.863077538016533,201.16623828444708,45.96622889305816,0.091567664586064
7359,5.823302512750131,166.29681368389882,45.96622889305816,0.09064192671965698
7360,4.612538102240552,175.76948952346214,45.96622889305816,0.07588558857094868
7361,5.5503923255386125,190.26132392503746,45.96622889305816,0.09884393926620819
7362,5.928618255738853,238.33595426194586,45.96622889305816,0.13225707045123886
7363,5.761709767673157,200.7172501259635,45.96622889305816,0.10824601699934194
7364,5.861863900670819,190.153554654152,45.96622889305816,0.10433163851242794
7365,4.785631932467094,197.8342405009246,45.96622889305816,0.08861690997212972
7366,5.394303445552415,165.07839467455102,45.96622889305816,0.08334920441757239
7367,5.07173609530027,237.2675667713803,45.96622889305816,0.11263435397496141
7368,4.1346343103693854,166.90399676572216,45.96622889305816,0.06459214241051542
7369,5.887598357466619,226.49631311009713,45.96622889305816,0.12481740844927407
7370,4.001278947671069,196.1084070705297,45.96622889305816,0.07344646364695712
7371,4.619031343141798,173.40496328533322,45.96622889305816,0.07497013310011433
7372,4.104537740070594,179.99272905929155,45.96622889305816,0.06915045846029849
7373,5.305468660955325,184.31187212066297,45.96622889305816,0.09152777662499793
7374,4.615264512540006,181.00082654652044,45.96622889305816,0.07819032232445286
7375,4.194222447108524,207.44029869621988,45.96622889305816,0.08143675087640813
7376,5.462717193320915,238.40163568446252,45.96622889305816,0.12189721884625045
7377,4.4531968693946355,173.03438661149116,45.96622889305816,0.0721240592675535
7378,5.414546885508612,185.85442649582967,45.96622889305816,0.09419131857479607
7379,5.01713183660389,216.68194879868526,45.96622889305816,0.10175461018962013
7380,4.839119739484269,189.70927457175716,45.96622889305816,0.08592722380414515
7381,4.879224910547117,196.55602847760966,45.96622889305816,0.08976624419563273
7382,4.001509293489083,175.08865432853085,45.96622889305816,0.06557792693213865
7383,5.218657992203346,161.39563324579825,45.96622889305816,0.07883634202188311
7384,4.552883258242339,195.23427578615454,45.96622889305816,0.08319906182594922
7385,4.883656347250644,163.82363440693766,45.96622889305816,0.0748854598753039
7386,5.750715419614686,167.23829675457122,45.96622889305816,0.09001885013752264
7387,5.751459821908561,239.26501040164104,45.96622889305816,0.12880512160903038
7388,4.3572736568592125,165.64603695397517,45.96622889305816,0.06755721459389918
7389,4.24221892289601,228.2030136320979,45.96622889305816,0.0906129565559695
7390,5.944714484866664,207.31727734446633,45.96622889305816,0.11535657322108316
7391,5.894520271040691,221.5748688247258,45.96622889305816,0.12224885922667345
7392,5.137408369540147,233.1438857280679,45.96622889305816,0.11210990074563122
7393,4.936504656517634,192.9313582034848,45.96622889305816,0.08914525290775487
7394,5.439811821271823,219.89332388371926,45.96622889305816,0.11196228913097997
7395,4.7090192086556755,198.04817525005996,45.96622889305816,0.08729254511562666
7396,4.431650495406614,169.58372423938698,45.96622889305816,0.07034375046239219
7397,4.703626609481612,199.4233368371634,45.96622889305816,0.08779800872221669
7398,4.31457456188145,173.04105576517256,45.96622889305816,0.06988162309741296
7399,4.2479503950156845,230.06057254826408,45.96622889305816,0.09147396024317613
7400,5.388199585203904,171.64216673340698,45.96622889305816,0.08656523474942705
7401,5.322547213016804,198.8660796415481,45.96622889305816,0.09907317556902787
7402,5.131061929056912,226.28875349246326,45.96622889305816,0.10867911051057116
7403,4.95202878937292,183.04824668019057,45.96622889305816,0.08484467354106492
7404,5.560285801692761,172.75314899404717,45.96622889305816,0.08990812411301587
7405,5.8494627257662595,235.32165163773584,45.96622889305816,0.12884088951121644
7406,4.689841571410149,221.78026823850638,45.96622889305816,0.09735470051144209
7407,5.84400539973646,233.53802636795868,45.96622889305816,0.1277450447961305
7408,4.228751642606278,173.4219234315191,45.96622889305816,0.06864233159861781
7409,4.980813353778787,204.16663242526886,45.96622889305816,0.09518332722723157
7410,4.688203448047661,166.1298744487593,45.96622889305816,0.07290042086006768
7411,4.858950631186727,182.49004670691224,45.96622889305816,0.08299606794634083
7412,4.895315913375529,181.8643985784811,45.96622889305816,0.0833305528633695
7413,4.871834924997416,207.04831768421346,45.96622889305816,0.09441480908395328
7414,4.720724680735611,176.85225723562036,45.96622889305816,0.07814390833791324
7415,4.793167642443794,180.83974346058625,45.96622889305816,0.08113203135864391
7416,4.128413457767207,210.70555028789838,45.96622889305816,0.08142073331509773
7417,5.2677216798968,185.44230342500018,45.96622889305816,0.09143395018260743
7418,5.918483421583316,223.12239606881633,45.96622889305816,0.12360312451817329
7419,5.804815053932823,197.55352316488114,45.96622889305816,0.10733689186505709
7420,5.047562785726715,215.3127475192278,45.96622889305816,0.10172491165237063
7421,5.176178280370372,213.45818345746693,45.96622889305816,0.1034184165749144
7422,4.864871697772897,170.62755335786846,45.96622889305816,0.07769559612587096
7423,5.624085499792875,190.98755979884473,45.96622889305816,0.10053860223003547
7424,5.216748996270565,189.52147471905246,45.96622889305816,0.09254100613795448
7425,4.964356241441626,211.11714747592467,45.96622889305816,0.09809848421076213
7426,5.157019441818803,171.27418526793008,45.96622889305816,0.08267353878966541
7427,4.470822011266192,173.91003792730345,45.96622889305816,0.07277594927106126
7428,5.151785609250703,191.5659805792325,45.96622889305816,0.09237448228040039
7429,4.49285237214307,163.52652262154405,45.96622889305816,0.0687679691464127
7430,5.535069518966234,164.3234055348184,45.96622889305816,0.08513308189418767
7431,4.761515946883354,196.46234431136244,45.96622889305816,0.08755892359349994
7432,4.906102898338928,171.07984660758916,45.96622889305816,0.07856178700863846
7433,5.418916706454201,178.17296515521736,45.96622889305816,0.09037121722369319
7434,5.258131146905772,190.24266252112398,45.96622889305816,0.09363003336391584
7435,5.042335067465269,196.17777079318844,45.96622889305816,0.09258856337274879
7436,5.910520827555279,187.7176914967582,45.96622889305816,0.10385007284734861
7437,4.305998366904892,188.86636202943262,45.96622889305816,0.07612097186884369
7438,4.998089912719547,165.2991891042881,45.96622889305816,0.077330467622572
7439,5.836897666831444,175.8980786611793,45.96622889305816,0.09609903435015667
7440,5.86121465627367,192.33431422586773,45.96622889305816,0.10551646885525211
7441,5.110835206291264,214.64170616168312,45.96622889305816,0.1026790491719823
7442,4.129897216526233,193.11402430206073,45.96622889305816,0.07464984428652753
7443,4.563237341355675,173.48243803594437,45.96622889305816,0.07409764807988806
7444,5.337992857763627,173.24950344547293,45.96622889305816,0.08656171168348355
7445,5.165766707696637,191.23479974564813,45.96622889305816,0.09246504027188399
7446,5.952467512334256,232.52658765092252,45.96622889305816,0.12955241133863124
7447,4.015133272137662,224.86794518505047,45.96622889305816,0.08450907833625419
7448,4.337314084696192,197.63933566736975,45.96622889305816,0.08023615463261563
7449,5.624014138821545,182.99740639923328,45.96622889305816,0.0963312480895715
7450,5.467700639835791,179.274125848633,45.96622889305816,0.09174833484416241
7451,5.74593293987266,195.12179963247712,45.96622889305816,0.10494027421445726
7452,4.398576698139909,164.27038749661625,45.96622889305816,0.06763123211242597
7453,5.213045304574596,214.63094064850762,45.96622889305816,0.10472724450528272
7454,5.36105956332405,199.8012418997053,45.96622889305816,0.10025929916968092
7455,4.805521046085297,209.52140288928135,45.96622889305816,0.09424205024736138
7456,4.0666589338818975,179.15580871995436,45.96622889305816,0.06819373736022172
7457,4.511040671750158,222.27386127958636,45.96622889305816,0.093851449707522
7458,4.882667209684333,163.66481301242666,45.96622889305816,0.07479770836589002
7459,5.790120363868686,190.83014401847672,45.96622889305816,0.10342140147344082
7460,4.153949553606508,193.47685022025826,45.96622889305816,0.07522567187668745
7461,5.899069767679752,224.11705590658215,45.96622889305816,0.1237468891389037
7462,5.186997174066047,220.72898331850936,45.96622889305816,0.1071645693494295
7463,5.03286405527127,224.31864326481943,45.96622889305816,0.1056711461471386
7464,5.680376335652132,186.99075500603485,45.96622889305816,0.09941984766997974
7465,4.890784697836504,178.1178350946809,45.96622889305816,0.08153832794260898
7466,5.370063454442178,170.9628645222026,45.96622889305816,0.0859324219263834
7467,4.944085948912558,237.32376917593444,45.96622889305816,0.10982547693240596
7468,4.931915322311714,165.4634144535611,45.96622889305816,0.07638242498878975
7469,4.036677738716127,236.0111231663092,45.96622889305816,0.08917279927684413
7470,5.414320940502869,216.76876510157444,45.96622889305816,0.10985417016316724
7471,4.739823248943422,200.09104214710936,45.96622889305816,0.0887698818371839
7472,5.11679952192214,221.36252163847496,45.96622889305816,0.10601769156181895
7473,5.018779746676954,184.53791224099695,45.96622889305816,0.08668812077164181
7474,5.065152122583869,214.49765266798016,45.96622889305816,0.10169295932956468
7475,4.115820647954448,197.88994233560246,45.96622889305816,0.07623528220033947
7476,4.689174037010629,231.69099110093586,45.96622889305816,0.10169072597546638
7477,4.776750994211507,210.31424941457934,45.96622889305816,0.09403231967887105
7478,4.910997058251598,225.0608033845357,45.96622889305816,0.10345354749748475
7479,5.859528396611957,166.68846345603927,45.96622889305816,0.0914205974767747
7480,4.039334654983781,216.37048975123898,45.96622889305816,0.08180572772436413
7481,5.262977961044646,204.3548723056151,45.96622889305816,0.10066822170692463
7482,4.861533684511866,219.9827062461445,45.96622889305816,0.1001008322894465
7483,5.407308819044147,193.33001646706938,45.96622889305816,0.0978489816434521
7484,4.649967361667903,236.95029322164788,45.96622889305816,0.10312952175099306
7485,4.811523139869481,176.7205676662488,45.96622889305816,0.07958762141775369
7486,5.920273670261729,216.4989241830165,45.96622889305816,0.11997019761299378
7487,5.116741110273838,221.41850092705414,45.96622889305816,0.10604329129074695
7488,4.443915752569396,204.63995652480554,45.96622889305816,0.0851200951915735
7489,4.547108650861899,229.03679944942263,45.96622889305816,0.09748020785650911
7490,4.273449793497243,177.4004374881047,45.96622889305816,0.07095927037210704
7491,4.487566500933771,195.01016127623765,45.96622889305816,0.08191133187915003
7492,4.266039461608822,203.55503788177694,45.96622889305816,0.0812797899463311
7493,5.465607452859078,160.64901739238474,45.96622889305816,0.082184962088203
7494,5.774451356148813,228.1787889122194,45.96622889305816,0.12332804487855313
7495,4.101648190799715,165.46833775701356,45.96622889305816,0.06352565620711666
7496,5.147807767014657,185.08550388352018,45.96622889305816,0.08918063804083888
7497,4.98087524581558,205.3967513096628,45.96622889305816,0.09575800361424068
7498,5.27552369799719,218.52990661561938,45.96622889305816,0.10790766802032167
7499,5.714099301924663,208.5329954512372,45.96622889305816,0.11153172361370582
7500,4.210099322126657,170.89711753975396,45.96622889305816,0.06734462330302368
7501,5.22744050842274,216.70313726960987,45.96622889305816,0.10603033815492632
7502,5.508160436467005,201.49293386617182,45.96622889305816,0.10388246605301545
7503,5.200778107687394,237.96403761076087,45.96622889305816,0.11583918751606763
7504,4.696470271753695,177.1336061542622,45.96622889305816,0.07786609416443704
7505,5.937979928910354,233.50103385490772,45.96622889305816,0.12977868874560028
7506,4.0141717746067815,192.15044084327695,45.96622889305816,0.07219600840402071
7507,5.469685815956219,174.19718060622654,45.96622889305816,0.0891824401673189
7508,4.063799286544645,162.91416645983566,45.96622889305816,0.0619679243128136
7509,5.129587820645569,178.4223138588726,45.96622889305816,0.08566580207033543
7510,4.515776526487534,161.21204566929123,45.96622889305816,0.06814057270367146
7511,5.451806000596311,227.49024935172991,45.96622889305816,0.1160857813277366
7512,5.467050065411939,170.90269541628092,45.96622889305816,0.08745362422567574
7513,5.914454091745316,236.97066350406874,45.96622889305816,0.13118527753205864
7514,4.518261617895843,238.64555256076903,45.96622889305816,0.10092542058301882
7515,4.888384039654441,163.33438769519907,45.96622889305816,0.07473409762440417
7516,5.150807412776364,202.13646397334207,45.96622889305816,0.09745313732166103
7517,5.716589354341975,188.45384830199038,45.96622889305816,0.10083652141567077
7518,5.533267642336022,222.93801235867917,45.96622889305816,0.11546268458690044
7519,4.069900827944547,213.85142228769132,45.96622889305816,0.08146514194657431
7520,4.958944253564177,176.19422306014263,45.96622889305816,0.08178181408381599
7521,4.8337891262084955,228.57744395416924,45.96622889305816,0.10341818726449348
7522,5.3795452693039705,210.17571214092106,45.96622889305816,0.10582881734601866
7523,4.163027500151766,213.33371533942457,45.96622889305816,0.08312748197528483
7524,5.517050124014768,235.99877875886997,45.96622889305816,0.12186879977553443
7525,5.596085477212521,166.3954230533173,45.96622889305816,0.0871568577756211
7526,5.887057715675606,223.35407796654653,45.96622889305816,0.12307448537472523
7527,4.006677013749395,217.0148005308607,45.96622889305816,0.08138596873028632
7528,4.607940755432748,208.40254201356595,45.96622889305816,0.08988469465997699
7529,4.565574114801694,218.40353516006778,45.96622889305816,0.09333207249986761
7530,4.3734542636340965,226.76268199667638,45.96622889305816,0.09282651004331333
7531,4.145802574925583,161.9274532678189,45.96622889305816,0.06283548205354982
7532,4.263853337709477,190.76359854876608,45.96622889305816,0.0761331173976947
7533,5.313364935188295,198.4478542393929,45.96622889305816,0.09869426144874954
7534,4.951419794551412,229.24637872024965,45.96622889305816,0.10624489737494945
7535,5.118536437461162,200.60856223184288,45.96622889305816,0.09611056123815583
7536,4.838860974653998,238.27311643390257,45.96622889305816,0.10791803734182426
7537,4.485618841924065,172.4453044045586,45.96622889305816,0.07240183766135602
7538,4.98473596296197,214.22114270253596,45.96622889305816,0.09994943406765464
7539,4.0433357260622955,228.5593805317226,45.96622889305816,0.0864997201065424
7540,4.566232321575621,211.6307343281161,45.96622889305816,0.0904508372970846
7541,4.346572543700329,229.7535661117978,45.96622889305816,0.09347275475729369
7542,4.717783758277924,174.95689239163076,45.96622889305816,0.07725826230632772
7543,4.039489119857015,184.7028347494332,45.96622889305816,0.06983543655289504
7544,4.75841794584634,162.8094126110848,45.96622889305816,0.0725133455955125
7545,5.110720519247773,196.37643433725236,45.96622889305816,0.09393930678264058
7546,4.986124921526784,170.6778307682215,45.96622889305816,0.07965556424706444
7547,4.766153068509968,237.427367242312,45.96622889305816,0.1059191803734656
7548,4.714831411863149,223.43689987690087,45.96622889305816,0.0986045406005962
7549,4.248332279518818,169.82571947940622,45.96622889305816,0.06753016164556297
7550,5.997851469913465,211.869037309889,45.96622889305816,0.11894304397793393
7551,5.329668879519995,194.07391071601242,45.96622889305816,0.09681513026046017
7552,5.522292574641412,234.25419028445737,45.96622889305816,0.121082848434896
7553,4.164006483626047,173.7921212741005,45.96622889305816,0.06773565425220164
7554,5.732144291488124,166.33132996613872,45.96622889305816,0.08924153318131238
7555,4.718268989540858,166.65651250352374,45.96622889305816,0.07360051185399784
7556,4.815941578826677,195.77283153548214,45.96622889305816,0.0882489366154992
7557,4.360264614189196,166.53158473632956,45.96622889305816,0.06796499824021449
7558,4.834774700299841,201.15919911320822,45.96622889305816,0.09103156045823896
7559,5.474062877547747,218.07968210370436,45.96622889305816,0.11173798510536186
7560,4.139834714050164,195.03714902553907,45.96622889305816,0.07557465802211226
7561,5.687537693948911,207.75914841998988,45.96622889305816,0.11060131566757278
7562,5.7097148697297255,236.0687276454258,45.96622889305816,0.12616204765462874
7563,4.668550574130205,170.63650097039985,45.96622889305816,0.0745641125960262
7564,4.167846083197154,170.11356338833394,45.96622889305816,0.06636306913393046
7565,5.364969796597079,169.5652059497975,45.96622889305816,0.08514906271320638
7566,5.904815044112376,212.71863583715182,45.96622889305816,0.11756760921868026
7567,5.911058493207488,205.08047789249707,45.96622889305816,0.11346591677966957
7568,4.404637715260098,173.4541398024386,45.96622889305816,0.07151064766951423
7569,5.535778027039476,160.00862586433405,45.96622889305816,0.08290828121439808
7570,5.750568597953384,162.36044357341092,45.96622889305816,0.08739103167878047
7571,5.208869436893357,191.10927689920393,45.96622889305816,0.09317536221680416
7572,5.223136852132075,222.57319171366925,45.96622889305816,0.10881283045803987
7573,4.223908459443311,235.70366012437515,45.96622889305816,0.09318728801501489
7574,5.1915581211434185,190.5568558575191,45.96622889305816,0.0925972625042393
7575,5.958162149631513,224.92995631553381,45.96622889305816,0.12543983263070843
7576,4.324135679419117,167.08380067296142,45.96622889305816,0.06762534704105584
7577,5.8457704339024374,206.78938886425206,45.96622889305816,0.1131477324557485
7578,4.926884745790513,166.18429892625687,45.96622889305816,0.07663695505780072
7579,5.083550947339264,181.71900681852628,45.96622889305816,0.08646560481891098
7580,4.386190342176391,191.28486489922628,45.96622889305816,0.078531507009587
7581,4.071377844550681,207.82913366900436,45.96622889305816,0.07919972707347288
7582,5.242205963452712,215.59994285318623,45.96622889305816,0.10578852705517544
7583,4.045689151866353,174.0465779479841,45.96622889305816,0.06590734977749092
7584,5.544704550672476,205.9743121531913,45.96622889305816,0.10689744367387176
7585,4.01810928324174,218.4562058886402,45.96622889305816,0.08216029306956876
7586,4.8332039378421205,181.0458548175436,45.96622889305816,0.08190295199743594
7587,5.508505842837573,188.8291828985768,45.96622889305816,0.09735959912281714
7588,4.907226973016254,228.86218350556095,45.96622889305816,0.1051201644481764
7589,4.299381591268495,205.2526117901434,45.96622889305816,0.0825981905446141
7590,4.2078982724113585,238.2285034164421,45.96622889305816,0.0938285064255418
7591,4.6237109747171825,232.81823398209136,45.96622889305816,0.10075892332683234
7592,4.734017459297834,227.69378348898047,45.96622889305816,0.10089203402401478
7593,5.529211441708077,178.60396750840542,45.96622889305816,0.09243365982382892
7594,5.2938423524353695,178.66733992064235,45.96622889305816,0.0885303180280456
7595,4.037952513443166,184.03827649908075,45.96622889305816,0.06955770006050219
7596,5.421115900165277,174.28345517753615,45.96622889305816,0.08843429181587678
7597,5.255603645264451,221.19089537426316,45.96622889305816,0.10880922087624752
7598,4.620678554922318,168.16613812592044,45.96622889305816,0.07273110013439821
7599,5.193183630258997,170.50847453991514,45.96622889305816,0.08288109823978487
7600,4.005196158425556,170.4587275207782,45.96622889305816,0.06390265196356044
7601,4.533295506609676,214.19033931442638,45.96622889305816,0.09088448641958004
7602,4.665189209072086,233.48548574547294,45.96622889305816,0.1019541714585952
7603,5.484525493720176,238.997685034234,45.96622889305816,0.12268984071336984
7604,5.330590867087213,161.7111345301182,45.96622889305816,0.08068468794352758
7605,4.297762138953035,181.5674654985194,45.96622889305816,0.07303924170365457
7606,5.4066624562281875,211.62099040567014,45.96622889305816,0.1070936814894488
7607,4.410447573967422,215.84487262396257,45.96622889305816,0.08910462551493324
7608,4.558098938881402,213.47670206535545,45.96622889305816,0.09107728616937581
7609,4.621576326663527,176.82563553042462,45.96622889305816,0.07649115281633063
7610,4.989682872261033,238.4599567123061,45.96622889305816,0.1113689829776941
7611,5.293179782897145,188.1313110184964,45.96622889305816,0.09320808294842053
7612,5.036889384531056,195.0886263935519,45.96622889305816,0.09197508821196634
7613,4.062687530379839,213.94304753287398,45.96622889305816,0.08135559913321791
7614,4.410995264446299,202.73821138580738,45.96622889305816,0.08370435437630223
7615,4.141820712866249,223.22378235857468,45.96622889305816,0.08653815007129582
7616,4.03485820910018,185.71704434393257,45.96622889305816,0.07013840567207183
7617,4.766634112278663,221.7898802887376,45.96622889305816,0.09895309717573776
7618,5.947174355563333,175.30653382011664,45.96622889305816,0.09758534968706414
7619,4.278116642870917,209.73616250558283,45.96622889305816,0.08398501183116844
7620,4.43459520018321,161.93747798495914,45.96622889305816,0.06721670241953542
7621,4.4636213841874115,178.76194077154022,45.96622889305816,0.07468583817302622
7622,5.103062180334734,196.00236349739458,45.96622889305816,0.093619866452091
7623,4.666891692479172,183.1273376410884,45.96622889305816,0.07999387818580303
7624,4.535741042495063,228.94055618246534,45.96622889305816,0.09719565120424738
7625,4.921620283011515,228.3939888307997,45.96622889305816,0.10521281047189252
7626,5.991503278374092,199.64828257302898,45.96622889305816,0.1119636965826344
7627,5.856988367593668,173.96686119845052,45.96622889305816,0.09537108819133962
7628,4.619570630173662,212.7126028627837,45.96622889305816,0.09197518757101364
7629,4.476030351203199,207.3412040955954,45.96622889305816,0.08686693291413403
7630,5.7979030300837735,237.88914970935596,45.96622889305816,0.1290985695720796
7631,5.069751667172454,218.93744117845281,45.96622889305816,0.10389211161459926
7632,5.206467177193865,193.5925426628868,45.96622889305816,0.09434254930998984
7633,4.712997404306152,209.13198346910963,45.96622889305816,0.09225576315514829
7634,4.691255222834805,219.92018243319436,45.96622889305816,0.09656727953619298
7635,4.252342923120086,217.4873259311518,45.96622889305816,0.08656415270489796
7636,5.022125150892917,166.54235830702686,45.96622889305816,0.07828671860968042
7637,5.679128905554274,203.98859233982668,45.96622889305816,0.10843349504461693
7638,5.469721532661046,169.89739051482786,45.96622889305816,0.08698167646663964
7639,4.310321577989986,230.29070791359442,45.96622889305816,0.09290988790485996
7640,4.933649480100833,183.67130871395966,45.96622889305816,0.08481749859143184
7641,5.0377558296115446,189.72050459259614,45.96622889305816,0.08945965810156707
7642,5.947639496033388,175.7590583548872,45.96622889305816,0.09784490201527056
7643,5.060139864100402,186.59278755580587,45.96622889305816,0.08837577240942068
7644,4.330226484055915,214.51919894594477,45.96622889305816,0.08694660467508816
7645,4.2739549477794085,181.96209028163375,45.96622889305816,0.07279251183991539
7646,4.974718069714739,193.90193547991748,45.96622889305816,0.09028725846047922
7647,5.821111906789092,212.07766521077573,45.96622889305816,0.11555180415066389
7648,4.138833524918605,171.45683375559065,45.96622889305816,0.06642148889600961
7649,5.172448205858268,178.03884224067914,45.96622889305816,0.08619593019531475
7650,4.391418084998768,239.00450002484513,45.96622889305816,0.09823962880416608
7651,5.418962795323793,184.19745740248229,45.96622889305816,0.0934276981863224
7652,4.055646186696028,223.60835408786372,45.96622889305816,0.08488362809813511
7653,5.154475578238065,184.9066160041219,45.96622889305816,0.08920984517152251
7654,5.0546525427892135,231.72013762322834,45.96622889305816,0.10963038367501439
7655,4.126895791132509,218.55927674375738,45.96622889305816,0.08442451923111441
7656,5.725504354867797,201.6400142795771,45.96622889305816,0.10806033699614306
7657,5.921800518117365,178.53401178120524,45.96622889305816,0.09895792640455921
7658,5.442438271708457,193.98892615716917,45.96622889305816,0.09882032996210575
7659,4.758131455740341,210.90412737990235,45.96622889305816,0.09392849506233471
7660,5.218889980810667,189.37418674980003,45.96622889305816,0.0925070370918127
7661,4.750994089118491,198.39131946400795,45.96622889305816,0.08822324029951412
7662,5.985680660625978,223.88020103113288,45.96622889305816,0.12543105646741254
7663,4.732595541648613,189.05375247592073,45.96622889305816,0.0837453189549116
7664,5.7935128399965645,222.34070542830256,45.96622889305816,0.1205693172920588
7665,5.3070978362696355,217.1301549216814,45.96622889305816,0.10785817929498266
7666,4.113989509192682,167.41025559361847,45.96622889305816,0.06446456969878335
7667,4.63146168210064,197.80738299240124,45.96622889305816,0.08575045266208939
7668,5.421980300593594,222.57038960196977,45.96622889305816,0.11295388427706128
7669,5.769579735225232,181.67518604544247,45.96622889305816,0.09811053456057912
7670,5.496004239027322,239.5748502131998,45.96622889305816,0.12324353112265725
7671,4.416371613392809,165.57697351809844,45.96622889305816,0.06844494811535062
7672,5.7930320557353125,170.7918109716603,45.96622889305816,0.09260806799236958
7673,5.439552876551704,190.98602866579125,45.96622889305816,0.09723903711071387
7674,4.711035248508611,235.24711807549826,45.96622889305816,0.10373289875804602
7675,4.702283951891818,192.6118337748092,45.96622889305816,0.08477497406699007
7676,4.031391054600101,174.68412607866492,45.96622889305816,0.06591499417658994
7677,4.72297587132941,213.2748530937959,45.96622889305816,0.09428252980754302
7678,4.127866871613747,187.9606261901427,45.96622889305816,0.07262203497289092
7679,4.7305403267491135,223.28098778632756,45.96622889305816,0.09886403750367444
7680,4.549969712699782,231.35333574677577,45.96622889305816,0.09852810276627802
7681,5.887937846253131,177.72667939577173,45.96622889305816,0.09794712488214521
7682,4.755521183272975,218.6767845678188,45.96622889305816,0.09733670680989372
7683,4.537282033926598,226.0811382665414,45.96622889305816,0.09601430781070003
7684,5.947769515300251,210.50897698942407,45.96622889305816,0.1171927107968515
7685,4.3225979811602855,160.15479582888068,45.96622889305816,0.06479785701071816
7686,4.819766497835598,178.15105419033063,45.96622889305816,0.08036931076580481
7687,5.5478379521765095,197.58434521187917,45.96622889305816,0.10260113096585742
7688,5.264458881070764,208.50088060097818,45.96622889305816,0.10273950765850773
7689,4.0725831138028035,216.63962772555743,45.96622889305816,0.08258167847176703
7690,5.651420311635292,197.69811779517548,45.96622889305816,0.1045769548337019
7691,5.164101381078797,171.5025576647462,45.96622889305816,0.08289745728217779
7692,5.317435650959326,235.1702577370458,45.96622889305816,0.11704705389339401
7693,5.423911060153581,161.1577779321836,45.96622889305816,0.0818162705090152
7694,4.618844546478842,236.3143557365286,45.96622889305816,0.10216433197604333
7695,5.33648348742323,185.97543223732438,45.96622889305816,0.09289377145160232
7696,5.200903266078888,173.0634610698226,45.96622889305816,0.08424807954422717
7697,5.849281732119143,191.1980936465935,45.96622889305816,0.1046795739334511
7698,4.384184172099841,165.99330680593417,45.96622889305816,0.06811695337572117
7699,4.069957309871121,211.6052069398446,45.96622889305816,0.08061058126289486
7700,5.362869684884113,212.6835892283263,45.96622889305816,0.10675963332636605
7701,4.628255893655503,223.40192592563568,45.96622889305816,0.09677877583788773
7702,5.679798851972922,208.2459165031113,45.96622889305816,0.11070960427635457
7703,5.2309924078376175,175.39559424121825,45.96622889305816,0.08587734684459654
7704,5.716187218493708,166.76841343722626,45.96622889305816,0.0892269587044693
7705,5.604666225551618,193.49214523677944,45.96622889305816,0.10150535222737472
7706,4.196286754985056,164.9120532912481,45.96622889305816,0.06477290960057933
7707,5.976970131707263,205.52290342849585,45.96622889305816,0.11497863828427478
7708,4.8887881053407165,234.03408670895143,45.96622889305816,0.10709179035487916
7709,4.9260652414052215,227.7595063083056,45.96622889305816,0.10501528634297601
7710,5.707376096235295,220.00512860155544,45.96622889305816,0.11752902832597893
7711,4.190230077184046,236.3718999951579,45.96622889305816,0.09270636754961557
7712,5.254621216753544,192.68011192929652,45.96622889305816,0.09476634999219606
7713,5.532883142451539,165.9145088485404,45.96622889305816,0.08592345113940582
7714,4.35696839883845,214.20955197040828,45.96622889305816,0.08735727767498894
7715,5.259116485332963,201.95170132537953,45.96622889305816,0.09941139202937364
7716,5.349205072957526,235.9918426867993,45.96622889305816,0.11815771613039047
7717,4.260604485180399,187.42720578954152,45.96622889305816,0.07474457892393183
7718,4.5868980334869445,234.81771566956093,45.96622889305816,0.10081514834657188
7719,4.374420854146164,189.42332291734095,45.96622889305816,0.07755858246532774
7720,5.8117045092906805,213.60318070239205,45.96622889305816,0.11619490601037609
7721,4.062321522151407,236.81708255690427,45.96622889305816,0.09004573948818417
7722,4.120281079884087,201.7517401268001,45.96622889305816,0.0778072349506744
7723,4.484262116801563,210.5493553106171,45.96622889305816,0.08837323538812632
7724,4.5672465048783835,225.40606267307908,45.96622889305816,0.09635980085990091
7725,5.1303769522537435,185.03231178406622,45.96622889305816,0.08885312353000532
7726,5.731235268851051,222.17884419293,45.96622889305816,0.11918642372498937
7727,4.986276745659763,199.2977936956271,45.96622889305816,0.0930153701099191
7728,4.935757865563198,203.20572165637424,45.96622889305816,0.09387838876973498
7729,5.716332076120674,165.90163775615082,45.96622889305816,0.08876545267697056
7730,4.776857511926451,220.0101757568189,45.96622889305816,0.09836959960753094
7731,5.928115312451612,172.25234837745256,45.96622889305816,0.09557793498447101
7732,4.086941938763089,224.40795748418589,45.96622889305816,0.08584451860928895
7733,5.940822723741802,217.17512654376483,45.96622889305816,0.12076261954873267
7734,5.108098913022649,178.67039876709808,45.96622889305816,0.08542554412687185
7735,5.916722205350398,217.78175224264862,45.96622889305816,0.12060866651316891
7736,5.3882151407958405,230.55669675268277,45.96622889305816,0.1162782582862381
7737,5.751314589151362,166.4544818596213,45.96622889305816,0.0896062836192143
7738,4.039922655414646,177.81613031772565,45.96622889305816,0.06723881549131434
7739,5.820583093070519,202.69196616251767,45.96622889305816,0.11042791637405786
7740,5.295051577349739,187.67904206872294,45.96622889305816,0.09301689144460247
7741,4.849694686338545,184.00185537541722,45.96622889305816,0.08352422397919962
7742,5.880709168852116,192.96438323301751,45.96622889305816,0.10621423030049205
7743,5.67179439779647,172.43277097171043,45.96622889305816,0.09154110180326613
7744,4.634480113579977,174.5161930386585,45.96622889305816,0.07570291492626852
7745,4.586848861197196,213.40852950176136,45.96622889305816,0.09162248196019672
7746,4.282908832968216,202.8780513252796,45.96622889305816,0.08132980733620884
7747,4.006249255836641,238.64832279064655,45.96622889305816,0.08948952469891422
7748,4.071174457137679,220.35150128741833,45.96622889305816,0.08396756818007481
7749,5.738511396170661,239.69841022379552,45.96622889305816,0.12874792869555932
7750,5.3002471164842575,208.5261235803018,45.96622889305816,0.1034504626164174
7751,5.115154847859704,221.16890478405332,45.96622889305816,0.10589091509898452
7752,5.7414625023172015,202.21646284837723,45.96622889305816,0.10867130715122861
7753,5.440322487965869,236.99226586739374,45.96622889305816,0.12067982348501366
7754,4.2237076037502455,207.1781445126283,45.96622889305816,0.08190560704330888
7755,4.134732613892905,194.8516646179005,45.96622889305816,0.07540973224826704
7756,5.452296914003405,190.42436014227758,45.96622889305816,0.0971802141480905
7757,4.20021001936223,226.39206817951978,45.96622889305816,0.08900370021551637
7758,4.487988195698538,200.18719201628957,45.96622889305816,0.0840937738398399
7759,4.299616864293014,239.1464634824049,45.96622889305816,0.0962430924709783
7760,4.765414566693327,225.73402626307458,45.96622889305816,0.10068703790674369
7761,4.769105123016853,187.97217243406635,45.96622889305816,0.08390856713053589
7762,4.480989847465542,192.36301764172828,45.96622889305816,0.08068102184192727
7763,5.750509097226119,212.932478377555,45.96622889305816,0.11461040641487118
7764,4.10617871751712,203.2867165429424,45.96622889305816,0.07813087673251215
7765,4.995535578035378,214.95596638734105,45.96622889305816,0.1005095686419807
7766,5.51063758310184,205.25867766667525,45.96622889305816,0.10587153876696698
7767,5.751799535468788,211.36224568631565,45.96622889305816,0.11379076174947221
7768,4.676034460387034,190.10611747461397,45.96622889305816,0.0832050420029413
7769,5.71707190570004,180.7859347765947,45.96622889305816,0.09674179525829421
7770,4.285084941032161,220.18541012977693,45.96622889305816,0.08831283413304433
7771,4.8549759428617305,178.13360127447902,45.96622889305816,0.08094849504795326
7772,5.659184343117568,174.797089795917,45.96622889305816,0.09258995807526528
7773,5.464871490592789,187.2147045336237,45.96622889305816,0.09576256261343173
7774,5.424713924131066,221.8309845194753,45.96622889305816,0.11263539741728043
7775,4.314548378252859,225.9854458992751,45.96622889305816,0.09126235302102045
7776,5.236903060375566,228.72614596176035,45.96622889305816,0.11211563879334478
7777,4.062888682822002,220.54694515869372,45.96622889305816,0.08387099955151832
7778,5.971839237872977,216.23113840854646,45.96622889305816,0.12086545506030222
7779,5.835599663349438,193.18044992708514,45.96622889305816,0.1055175047372339
7780,5.40320784333119,205.3768044692083,45.96622889305816,0.1038673172858558
7781,4.670430991495677,209.85640862367782,45.96622889305816,0.09173922026256051
7782,4.721688744258574,235.94937849689939,45.96622889305816,0.10427784350851443
7783,5.595284515707454,229.66983884707207,45.96622889305816,0.12028237350723814
7784,5.271423267349245,227.2365056465676,45.96622889305816,0.11211967756608417
7785,4.733670265859539,212.91442112141792,45.96622889305816,0.09433631979113025
7786,4.667552837909286,207.5576229837261,45.96622889305816,0.0906783857167403
7787,4.142864146707424,223.36345030417183,45.96622889305816,0.08661411064332179
7788,4.843437480551663,238.71723866751995,45.96622889305816,0.1082214451671035
7789,5.71648598130968,209.14823322158503,45.96622889305816,0.11190749948603582
7790,4.531719945351862,210.39111061407684,45.96622889305816,0.08924138423876914
7791,5.51342441895806,197.77761012060628,45.96622889305816,0.1020644263231742
7792,5.18496706662286,230.10339178910556,45.96622889305816,0.11167214838106666
7793,4.274391066573168,199.95824679474592,45.96622889305816,0.07999989601847207
7794,5.731700849413103,191.29247409800433,45.96622889305816,0.10262596371523382
7795,5.768181616433646,204.6564094382029,45.96622889305816,0.11049436369359267
7796,4.802705784625704,239.32486928128435,45.96622889305816,0.10758448903194862
7797,4.323754797953747,187.78315279358583,45.96622889305816,0.07599648961627148
7798,4.439585782665325,238.6441871119926,45.96622889305816,0.09916745344441659
7799,4.300476816103234,169.5480029466189,45.96622889305816,0.06824724715116709
7800,4.52782571574581,208.68703918902116,45.96622889305816,0.08844250358575978
7801,4.529559821438369,186.16848510964815,45.96622889305816,0.07892925675997839
7802,5.068206152406613,210.8879920488534,45.96622889305816,0.10004190943693522
7803,5.159606445398815,209.1974155597495,45.96622889305816,0.1010296248327155
7804,5.341811645661072,230.18090326810642,45.96622889305816,0.11508897157864288
7805,5.350165426580559,217.67566453804497,45.96622889305816,0.10900663624837546
7806,4.7930347649812886,235.57255354825858,45.96622889305816,0.10568445627469576
7807,5.616509226235009,206.6213055986258,45.96622889305816,0.10862190792005956
7808,4.896854416891393,161.51330875486659,45.96622889305816,0.0740289101163779
7809,5.9730000292677925,171.32012805374788,45.96622889305816,0.09578042415669293
7810,5.018165573494004,187.3441946014849,45.96622889305816,0.08799562397275723
7811,4.652103033196132,193.55693549022223,45.96622889305816,0.08428182110620376
7812,5.144894979307138,160.8002751494754,45.96622889305816,0.07743532944773268
7813,4.308179968530654,209.05486749547794,45.96622889305816,0.08430046489499059
7814,5.478693215466543,214.00723575069688,45.96622889305816,0.10974412711717342
7815,5.981979470781373,163.81819272882606,45.96622889305816,0.09172398136303059
7816,5.0303908019253,193.4789292461087,45.96622889305816,0.09109850499790381
7817,4.39783089343437,231.23899918278775,45.96622889305816,0.0951865213453043
7818,4.287047787916602,200.36737771993165,45.96622889305816,0.08040095139256907
7819,4.384265408083557,194.91840940789632,45.96622889305816,0.07998813012207032
7820,5.58104287953169,216.047515203754,45.96622889305816,0.11286011378008466
7821,5.400826268237616,177.20571484285287,45.96622889305816,0.08958056137103773
7822,4.045713272753782,217.6053752067384,45.96622889305816,0.08240253415958942
7823,4.212219839417684,191.21537053457263,45.96622889305816,0.07538929420158215
7824,5.687845609399972,192.75841327110425,45.96622889305816,0.10262117685446222
7825,4.930860765687073,236.63513748404003,45.96622889305816,0.10921387606300263
7826,5.8181198343440625,167.27000843584074,45.96622889305816,0.091091234873009
7827,5.7336943320524965,199.56786619882442,45.96622889305816,0.10710284301138338
7828,5.595945546864249,188.16973534116298,45.96622889305816,0.09855963866146371
7829,5.914451049691358,223.72460957396595,45.96622889305816,0.1238522923812594
7830,4.898814394792964,188.85756705658088,45.96622889305816,0.08659667653063653
7831,4.422092160705582,182.0315255897416,45.96622889305816,0.07534427306437268
7832,4.8841284979848565,188.33745861063724,45.96622889305816,0.08609930305126084
7833,5.288233986475421,210.8431728617578,45.96622889305816,0.10436287984610527
7834,4.386985688707712,180.86086309376785,45.96622889305816,0.07426542408851447
7835,4.090394086926121,190.59661779701574,45.96622889305816,0.07297199006058291
7836,4.946901219205135,168.40743309039442,45.96622889305816,0.07797768601690823
7837,4.170258170973132,181.42496671214266,45.96622889305816,0.07081672570594517
7838,4.98284813333045,238.67475403457584,45.96622889305816,0.1113166129246976
7839,5.830147940480749,191.87344389785187,45.96622889305816,0.1047056927692473
7840,5.112166337727019,204.77298339199592,45.96622889305816,0.09798362052078562
7841,4.686165100536666,228.54905331981718,45.96622889305816,0.10024734071926278
7842,4.583231058965766,194.16833643479998,45.96622889305816,0.08329635758018855
7843,5.813799016321177,187.6737537329241,45.96622889305816,0.10212672458119032
7844,5.022178824217757,229.64688242157982,45.96622889305816,0.10795147365087854
7845,4.655010071174528,236.93613530011297,45.96622889305816,0.10323519299001761
7846,4.4071031228159505,214.73389650507562,45.96622889305816,0.08857877426067907
7847,4.1200740500284345,202.967469015098,45.96622889305816,0.0782721577955356
7848,4.318786257569434,210.27830195907936,45.96622889305816,0.08500256301568895
7849,5.233644723488506,193.31705409123487,45.96622889305816,0.09470006021782179
7850,5.849661207074284,231.31240502809356,45.96622889305816,0.1266500853453788
7851,5.46996231471634,217.57214907088863,45.96622889305816,0.11139443229560318
7852,4.13645608554104,185.88450975818907,45.96622889305816,0.07196933124548614
7853,4.406324547306594,191.08374027570787,45.96622889305816,0.07880904489444569
7854,4.218339960513856,185.46100917020755,45.96622889305816,0.07322679805895188
7855,5.141856801434058,173.29528465716743,45.96622889305816,0.08340317276343695
7856,4.2115105093930145,216.53469679960224,45.96622889305816,0.08535741095416907
7857,4.4938525894151145,198.2570086502009,45.96622889305816,0.08339177543040867
7858,5.676882570812694,190.28396127153653,45.96622889305816,0.10110856422397381
7859,4.197145664223303,222.82681287653037,45.96622889305816,0.08753814496790314
7860,5.477015367102807,208.81732649426277,45.96622889305816,0.10704991809343115
7861,5.07583410011838,220.17525326280358,45.96622889305816,0.10460483827686724
7862,4.706533995662797,186.37527944829512,45.96622889305816,0.08210419669993833
7863,5.254827937354981,173.3143161394497,45.96622889305816,0.08524497481279916
7864,5.266444588155304,229.36516178801628,45.96622889305816,0.11306308244492325
7865,5.030240303005995,166.63433065781072,45.96622889305816,0.07845652394792288
7866,5.325726952820419,229.54592572416902,45.96622889305816,0.11442589924328045
7867,4.39369207061241,208.97458230579363,45.96622889305816,0.08594070874613695
7868,4.394239720521603,225.5776885224466,45.96622889305816,0.09278029228747829
7869,4.5056753505330756,210.35432624785392,45.96622889305816,0.08871298512831595
7870,5.1786380659872915,189.98174787278577,45.96622889305816,0.09208805218486928
7871,5.800932460641448,232.10476416036423,45.96622889305816,0.1260252920803392
7872,4.680169235130977,187.84723845031337,45.96622889305816,0.08228908268563034
7873,5.309693135007057,182.71950347279918,45.96622889305816,0.09080926856552489
7874,4.607647814464335,161.6461192489056,45.96622889305816,0.0697140651237134
7875,4.187885361725478,212.64279360228815,45.96622889305816,0.08335301294768149
7876,4.641605832674192,166.499161486786,45.96622889305816,0.07233627764305127
7877,5.860413109639755,183.65622110677748,45.96622889305816,0.10074180409872288
7878,4.418212112546462,201.78675967904945,45.96622889305816,0.0834478356596488
7879,5.661424731530749,229.8097590341794,45.96622889305816,0.12177834115292589
7880,4.610173120400902,219.37271245771274,45.96622889305816,0.09466200266533766
7881,5.046346435526258,207.62467385777703,45.96622889305816,0.0980690286747127
7882,4.880030944364081,174.179885923975,45.96622889305816,0.07956030262703363
7883,5.6408663688675125,203.5293010327489,45.96622889305816,0.10746043675611612
7884,4.803706297937078,214.0265951954081,45.96622889305816,0.0962321165457174
7885,4.8512963469814725,227.92873861052865,45.96622889305816,0.10349818661457783
7886,4.2713887136089905,162.39370097191065,45.96622889305816,0.06492532377170852
7887,5.138787874919033,180.54749571406975,45.96622889305816,0.08684163837858205
7888,4.236426771936297,162.4263136342964,45.96622889305816,0.06440683238002307
7889,5.5407582659956,236.78452880575497,45.96622889305816,0.12280000217849774
7890,5.231498565286525,221.81007116781166,45.96622889305816,0.10861335286593563
7891,5.676942992704362,224.43404314613966,45.96622889305816,0.11925569153747675
7892,4.653519015520378,160.18811128621792,45.96622889305816,0.0697730362927144
7893,5.256259766350344,235.8065894959275,45.96622889305816,0.11601352049112404
7894,5.7750488364746015,160.38038072435705,45.96622889305816,0.08669274411054366
7895,5.808413644962621,160.86870475163985,45.96622889305816,0.08745908930243675
7896,5.062800812730387,228.21244615126858,45.96622889305816,0.1081448931747443
7897,4.832078796428335,214.708174217419,45.96622889305816,0.09710876598282582
7898,4.464982882533535,237.61041883163014,45.96622889305816,0.0993027159815982
7899,4.088174888394044,210.58167201222994,45.96622889305816,0.0805797442453938
7900,4.0695452472614555,163.34504187598486,45.96622889305816,0.06221966763450091
7901,4.540640097920731,161.2154505525413,45.96622889305816,0.06851719734754994
7902,4.414669595562148,172.31596017702054,45.96622889305816,0.07120320762892807
7903,5.82382574821002,163.31567581626635,45.96622889305816,0.08902502274791665
7904,5.22361434589703,213.64331283730257,45.96622889305816,0.10445668963160193
7905,5.642051793125773,189.3898082396743,45.96622889305816,0.10001600923189831
7906,4.363243227981763,169.7439057485768,45.96622889305816,0.06932333746247386
7907,4.285058285629048,201.92126862228713,45.96622889305816,0.0809868763224762
7908,5.193598630514356,223.07392537068046,45.96622889305816,0.10844088215768753
7909,5.60891967753904,227.4223549910187,45.96622889305816,0.11939557238120245
7910,4.31936305211493,219.62494661584304,45.96622889305816,0.08879269274321346
7911,4.1454517766263335,230.4445340466322,45.96622889305816,0.0894157714080483
7912,5.05071718318342,211.32235005780288,45.96622889305816,0.09990203414514773
7913,5.239575072083666,204.63829545718482,45.96622889305816,0.10035957781242034
7914,5.046699795947349,233.76855240912232,45.96622889305816,0.11042550845745353
7915,4.696745984125583,222.30354227768672,45.96622889305816,0.09772806602048416
7916,4.723908642313397,163.6711920714891,45.96622889305816,0.07236850221658915
7917,4.756012223569441,172.07092195439992,45.96622889305816,0.0765995638015286
7918,4.881168228125778,166.56047990475648,45.96622889305816,0.0760977100327841
7919,5.570894426259758,207.2682949362948,45.96622889305816,0.10807709225049064
7920,4.075719944686485,211.6416755949765,45.96622889305816,0.08073862976549567
7921,5.9092764102831135,165.06346939233313,45.96622889305816,0.09129797032633083
7922,4.713426791492469,231.58120824420232,45.96622889305816,0.10216824427783772
7923,4.066877728941316,233.48757341535253,45.96622889305816,0.08887932259197712
7924,5.977494614738722,191.1980494148703,45.96622889305816,0.10697406508394754
7925,4.929989768221491,239.05364971537216,45.96622889305816,0.11031059961350105
7926,4.119800371291562,185.45111894033025,45.96622889305816,0.07151242069921325
7927,4.12693445657789,219.70652770431215,45.96622889305816,0.08486847153888577
7928,5.302413008478566,229.07597147946763,45.96622889305816,0.11369174647920281
7929,4.380510513984425,203.60839375858598,45.96622889305816,0.08348265521808888
7930,5.426032676445747,182.54816216746596,45.96622889305816,0.09271195061972572
7931,5.779331849043088,175.83071650670718,45.96622889305816,0.0951148280110653
7932,4.236410749000048,182.47871035545543,45.96622889305816,0.07235792647326526
7933,5.595328264018405,217.1338370621248,45.96622889305816,0.11371792494708115
7934,5.7823269222382105,209.34314217966278,45.96622889305816,0.11330190958426757
7935,5.8363361366509485,203.45629914739246,45.96622889305816,0.1111443232482828
7936,5.836694765285126,229.61453994856362,45.96622889305816,0.12544178244166612
7937,4.9468837363604985,160.51772174298353,45.96622889305816,0.07432425066343729
7938,5.9715276460969555,199.76746685275344,45.96622889305816,0.11165702662314482
7939,5.481897392320892,196.18246323743008,45.96622889305816,0.10066231970873746
7940,4.724158672320299,188.65832843287106,45.96622889305816,0.08342117581558167
7941,4.710637929458908,206.3547555903926,45.96622889305816,0.09098505361373936
7942,5.615552526238006,205.5236790678851,45.96622889305816,0.10802647582191424
7943,5.0519873152307495,184.5308374030189,45.96622889305816,0.08725836130399059
7944,4.925639896644693,174.3837137469733,45.96622889305816,0.08039784895807013
7945,5.489355354562826,222.65419939337377,45.96622889305816,0.11440054282699369
7946,4.476994832246841,205.36065041647453,45.96622889305816,0.08605570621390765
7947,4.569595497680347,238.19199813882514,45.96622889305816,0.10187808530128267
7948,4.597674209020785,229.12399188086977,45.96622889305816,0.09860174701776948
7949,5.400642117821356,237.24822426336587,45.96622889305816,0.11992900161856163
7950,5.438932176883955,208.73365680092465,45.96622889305816,0.10626297574213164
7951,4.920895258473287,197.69077526844174,45.96622889305816,0.09105554003479906
7952,4.002485359492497,239.75351010376525,45.96622889305816,0.08981948795763124
7953,5.135252094814845,206.95732747511383,45.96622889305816,0.09947602542888133
7954,4.360889194745908,194.55971538663644,45.96622889305816,0.07941523454864267
7955,4.438168650899656,177.50589829303252,45.96622889305816,0.0737381841912069
7956,5.095080606477123,179.27167666437086,45.96622889305816,0.08549458099072238
7957,5.333198127969889,190.1308826264585,45.96622889305816,0.0949109304585959
7958,4.753392882329913,216.17644614126803,45.96622889305816,0.09618069992687012
7959,5.341445165762253,192.2940150103816,45.96622889305816,0.09613917489217552
7960,5.860172983025884,186.26002031679516,45.96622889305816,0.1021658918790122
7961,5.436740370173501,223.4951058377975,45.96622889305816,0.11373194331201017
7962,4.4365306524095285,197.9361133741674,45.96622889305816,0.082194805761429
7963,4.041927430973978,186.40758034256604,45.96622889305816,0.07052253739391048
7964,4.539953095563984,221.71859188666082,45.96622889305816,0.09421701190948176
7965,4.441450025572811,162.03484930966988,45.96622889305816,0.06736108257310723
7966,4.047306322598463,221.09713712833482,45.96622889305816,0.08375775791834217
7967,4.286741864878845,211.52318183662163,45.96622889305816,0.08487135811172553
7968,4.4031232447973325,177.729803262911,45.96622889305816,0.07324819894456087
7969,5.6128713776998795,214.56308640322516,45.96622889305816,0.11272388459750578
7970,5.309039669240184,234.2940007290854,45.96622889305816,0.11642680709110179
7971,5.7404149323941045,227.74610191232688,45.96622889305816,0.12236862682624984
7972,4.2722572848203075,173.27818663159405,45.96622889305816,0.06929104994484947
7973,5.964176646054664,206.12210966478716,45.96622889305816,0.11506703576455543
7974,5.098795639652684,200.45553450925215,45.96622889305816,0.09566685697608217
7975,5.471591906906455,207.57233265403912,45.96622889305816,0.10630630253388926
7976,4.299781804318112,168.1964787291507,45.96622889305816,0.06769228366274217
7977,4.605655234653609,229.6038484906668,45.96622889305816,0.09897976920290039
7978,4.804453973053778,229.7821755913385,45.96622889305816,0.10333233017235154
7979,5.1455459386745535,234.36140853397825,45.96622889305816,0.112873868065676
7980,5.768876645490447,190.07731098170137,45.96622889305816,0.10263544763097245
7981,5.102302808942699,216.77740713051753,45.96622889305816,0.1035275879025044
7982,4.091309852310595,172.79225115519594,45.96622889305816,0.06617020546227126
7983,5.460092799288504,233.16324520832828,45.96622889305816,0.11916150070226063
7984,4.607295844645024,191.52119631242334,45.96622889305816,0.08259215439680449
7985,5.748849056866765,181.29472287969443,45.96622889305816,0.09755328928567741
7986,5.852163771623904,171.2884882784547,45.96622889305816,0.09382541553210369
7987,4.504182330594883,162.83509167199398,45.96622889305816,0.06864988503763665
7988,4.186994000952439,180.40798338298956,45.96622889305816,0.07070236469230004
7989,5.310289742646566,176.06944335379671,45.96622889305816,0.08751410544569072
7990,5.878614860020493,187.89322016330766,45.96622889305816,0.10338605560755787
7991,5.037323004712144,213.19664233975547,45.96622889305816,0.10052081685223693
7992,4.272701460146648,215.016361282537,45.96622889305816,0.08599038746756468
7993,4.241132209777371,226.1025616422881,45.96622889305816,0.08975592820530473
7994,4.976154772543262,167.15160619184402,45.96622889305816,0.07785388380648683
7995,5.415272391432458,166.12632479465023,45.96622889305816,0.08420436649409715
7996,5.949075312422403,196.28967488105945,45.96622889305816,0.10930065671475575
7997,4.765830519629302,185.16623885692147,45.96622889305816,0.08259927739589312
7998,4.899834299614217,222.49311237507592,45.96622889305816,0.10204079029029452
7999,5.040311293443253,211.46527004254452,45.96622889305816,0.09976363382854106
8000,4.114782261521369,228.13433909865358,45.96622889305816,0.08786448513339498
8001,5.056806607660102,201.91149502686824,45.96622889305816,0.09556816297526756
8002,4.504701796029151,166.18236957409894,45.96622889305816,0.07006914894927388
8003,4.672129512462622,225.47950313714801,45.96622889305816,0.0986047396834479
8004,5.094073298656041,181.08932790911436,45.96622889305816,0.08634434421350909
8005,5.186186240742746,188.10384498548117,45.96622889305816,0.09131069120420603
8006,4.447383987950462,219.19103082855057,45.96622889305816,0.09124377732374597
8007,4.334501587247817,206.79004866613494,45.96622889305816,0.08389665593435086
8008,5.46735384314746,164.93138211087302,45.96622889305816,0.08440269793857756
8009,5.391443328890568,160.91619500640383,45.96622889305816,0.08120460311287549
8010,5.6236195741957244,182.24872005818884,45.96622889305816,0.09593040314439014
8011,4.307342305308552,170.42860454517634,45.96622889305816,0.06871123007350426
8012,4.871406919588061,183.0512335077577,45.96622889305816,0.08346471546336964
8013,4.937571449916548,227.6444833592298,45.96622889305816,0.10520742040525416
8014,4.209943246962579,180.84241759581184,45.96622889305816,0.07126107905796748
8015,4.226629355119922,210.9669267458429,45.96622889305816,0.08346115491886352
8016,5.24612434970817,227.87917914001366,45.96622889305816,0.11189716298073478
8017,5.459053040723959,215.95652320402127,45.96622889305816,0.11034673553227772
8018,4.321027600934921,225.53440316075952,45.96622889305816,0.09121697966328725
8019,4.014615891659874,217.19462559602198,45.96622889305816,0.08161480037888483
8020,5.629138122709756,178.12761701536758,45.96622889305816,0.09385318422311352
8021,4.623581549019832,179.36800241239754,45.96622889305816,0.07762459409064415
8022,5.639055613761442,193.66981136785682,45.96622889305816,0.10222194874413904
8023,4.7269259483857615,200.18092837400667,45.96622889305816,0.08856810375220489
8024,5.461071124116647,212.838939857836,45.96622889305816,0.10879395588783333
8025,5.4155032645394545,235.79616867931458,45.96622889305816,0.11952298062888059
8026,4.510266563905578,176.55165457577516,45.96622889305816,0.0745332142871465
8027,5.299733186258263,171.68445349693133,45.96622889305816,0.08516493608335132
8028,5.286927745829533,236.48151962209093,45.96622889305816,0.11702440221881422
8029,4.916907131858004,177.1765718731455,45.96622889305816,0.0815406461851383
8030,5.989749490079375,190.6341738991256,45.96622889305816,0.10687724853661353
8031,4.227741400707137,193.2894450779947,45.96622889305816,0.07648784107622861
8032,4.1753214757486194,166.65584526247102,45.96622889305816,0.06513078590772943
8033,4.095031035006918,196.33706417911532,45.96622889305816,0.07525499633829426
8034,4.918013819022373,218.6739165953574,45.96622889305816,0.10066130976804676
8035,5.0883094486167195,228.8129079855615,45.96622889305816,0.10897575452416232
8036,5.745791110889787,173.67361554504083,45.96622889305816,0.09340272081455193
8037,4.082538091312967,216.5063140311691,45.96622889305816,0.08273259765033261
8038,4.019963808841762,191.5100736097781,45.96622889305816,0.07205922967837744
8039,4.10800431717376,196.7100554679701,45.96622889305816,0.07563682686399008
8040,4.89936196187388,227.65990545824587,45.96622889305816,0.10440034310589938
8041,5.291198076170431,192.2004886905579,45.96622889305816,0.09518847212145928
8042,5.018702663526859,203.93048959749197,45.96622889305816,0.0957964635872964
8043,4.452314403810842,222.03184703125095,45.96622889305816,0.09252880328408784
8044,4.934405901211454,211.02753341928687,45.96622889305816,0.09746525938240039
8045,4.063695397122974,168.87037007123098,45.96622889305816,0.0642318529852504
8046,5.179104729162908,219.5387807135503,45.96622889305816,0.10642454198328019
8047,4.641597388413942,235.65829419702285,45.96622889305816,0.10238257438371946
8048,5.698606668132686,201.95919252291796,45.96622889305816,0.10772292971248786
8049,5.279799986574714,207.45335776003867,45.96622889305816,0.10252122524432865
8050,4.611317643651408,165.009416216365,45.96622889305816,0.07122125390956456
8051,5.609138410671976,196.84458723848022,45.96622889305816,0.10334643089586475
8052,5.6837124239573615,189.96291269695055,45.96622889305816,0.10105941146996311
8053,4.028568602134999,170.15333991745456,45.96622889305816,0.06416040409645102
8054,4.314461738847662,218.47804042857462,45.96622889305816,0.08822877768502181
8055,4.064138168040799,225.5458672885553,45.96622889305816,0.08579839955462402
8056,5.381353441527956,185.86714944648642,45.96622889305816,0.09362029475830268
8057,5.043937909105646,234.57378307445956,45.96622889305816,0.1107452358727969
8058,4.139485300972345,189.06807371460695,45.96622889305816,0.0732555263255186
8059,4.782004087872363,237.05331395421894,45.96622889305816,0.10610401617249088
8060,5.950454457539041,227.3084870031573,45.96622889305816,0.12660231165420313
8061,4.763993298361124,231.1519000502826,45.96622889305816,0.10307289121674358
8062,4.968130814431132,211.5245623695161,45.96622889305816,0.09836252677527615
8063,5.855800891817537,179.84615043922415,45.96622889305816,0.09857420802515139
8064,5.721559329080155,191.9396779982683,45.96622889305816,0.10279098229342486
8065,5.742474054590225,203.87364514829352,45.96622889305816,0.10958118141473659
8066,4.494611675421474,221.24186085142924,45.96622889305816,0.09307548908188194
8067,4.230302396223078,171.46944317069955,45.96622889305816,0.06789440701593083
8068,4.296332992029582,227.22677167730953,45.96622889305816,0.09137623957765037
8069,5.742503984424887,205.80846555060396,45.96622889305816,0.11062171537117413
8070,4.558748421792302,191.53669610998423,45.96622889305816,0.08172848839958734
8071,4.367207311653383,160.30515935886217,45.96622889305816,0.06552803687487253
8072,5.679271256508203,175.57045916596797,45.96622889305816,0.09332970774503024
8073,4.158188104570807,170.54453834453162,45.96622889305816,0.06637702693225513
8074,5.852122465649486,189.05832641849565,45.96622889305816,0.10355833606732587
8075,5.296175717397237,162.50290504778533,45.96622889305816,0.08055627275784719
8076,5.058232216496364,219.7336282182055,45.96622889305816,0.10403300393937003
8077,4.131170984635841,183.91419332863964,45.96622889305816,0.0711154996476896
8078,4.644037968920612,230.98294735929574,45.96622889305816,0.10040411887363355
8079,5.3303211480529855,229.2289883808758,45.96622889305816,0.11436648205445185
8080,4.751084558902215,207.29040744126883,45.96622889305816,0.09218235817465845
8081,5.03548503988403,182.08828498908133,45.96622889305816,0.08582210535606168
8082,4.844840093860913,179.59798336700166,45.96622889305816,0.0814435605915062
8083,4.032391127504892,237.4535309137524,45.96622889305816,0.0896225158531239
8084,5.916150935904907,225.93710653186997,45.96622889305816,0.12511306307112624
8085,4.349136805824337,161.61322170879077,45.96622889305816,0.06578938181476915
8086,4.391907758873071,229.72501401147238,45.96622889305816,0.09443594828717809
8087,4.306387970295826,178.68151926388526,45.96622889305816,0.07202257405875581
8088,5.382512967136761,198.19460562461845,45.96622889305816,0.09985107925644371
8089,5.3080090127139545,205.04496461831653,45.96622889305816,0.10187241669124772
8090,5.1449500932042715,229.81862814958163,45.96622889305816,0.11067314284898988
8091,4.435510560453768,171.13695686098882,45.96622889305816,0.07104986735566232
8092,4.809793505224788,202.76936671340223,45.96622889305816,0.09128609409597589
8093,4.980860253933086,203.18809452954142,45.96622889305816,0.09472802078512575
8094,4.972361152984181,201.4297810162362,45.96622889305816,0.0937480394615772
8095,5.863839214127935,163.99054568036377,45.96622889305816,0.09000708841863231
8096,5.883303043968463,206.97705413750103,45.96622889305816,0.11397753737499029
8097,4.09566294292141,164.27656334843454,45.96622889305816,0.06297608611912783
8098,5.143036824012701,215.12610514913163,45.96622889305816,0.1035591785830754
8099,5.040561811532799,195.90912656509062,45.96622889305816,0.09242925699334782
8100,4.554110640076104,208.52671393068567,45.96622889305816,0.08888758881461235
8101,5.7951788827635475,193.793065739208,45.96622889305816,0.10511892913372027
8102,5.391384707800084,161.38971695805878,45.96622889305816,0.08144267526756148
8103,4.89986647746567,220.9376414526899,45.96622889305816,0.10132807866146455
8104,5.683820512973344,202.9652586730938,45.96622889305816,0.1079786542224379
8105,5.133029018503334,171.07506306274175,45.96622889305816,0.08219327342085672
8106,4.590978478799639,213.39183354380285,45.96622889305816,0.09169779671687175
8107,5.533728845744176,166.55327528021698,45.96622889305816,0.08626743812899436
8108,5.921888714297713,236.2853797840557,45.96622889305816,0.13097033575673567
8109,4.375193237359451,163.61629921319096,45.96622889305816,0.06700383385856161
8110,4.682074692132768,236.6956198900347,45.96622889305816,0.10373000710417572
8111,4.886024957510632,185.09541425359026,45.96622889305816,0.08465004414957272
8112,5.789372783482937,170.74176266105295,45.96622889305816,0.092522450007356
8113,5.882181076463107,224.71984766030153,45.96622889305816,0.12372448939466597
8114,4.767155867559123,222.98963648297604,45.96622889305816,0.09949926673109544
8115,5.5122342054283715,206.3890597897169,45.96622889305816,0.10648542855591375
8116,5.562894091877524,200.0075670464446,45.96622889305816,0.10414131746180429
8117,5.684827205712158,223.46285742332378,45.96622889305816,0.11890454765401258
8118,5.8126604634194035,223.8027960876718,45.96622889305816,0.12176327258985471
8119,5.841892614150682,174.25386805409775,45.96622889305816,0.09528221521469862
8120,4.554624152360662,196.1974021889106,45.96622889305816,0.0836414679335069
8121,4.485635680047456,231.7362385119809,45.96622889305816,0.0972957342080252
8122,4.359529925472455,196.71117967903456,45.96622889305816,0.08026839049186528
8123,5.043271937181126,229.844366834482,45.96622889305816,0.1084980915884275
8124,4.518287731449964,237.5679796898909,45.96622889305816,0.10047028567850241
8125,4.583912834013827,173.03936136412617,45.96622889305816,0.07424327189883936
8126,4.507164406312675,230.48627794211853,45.96622889305816,0.09723538170068177
8127,4.304823867924726,162.55365109760106,45.96622889305816,0.06549798874912126
8128,4.583182408858912,203.56419230995579,45.96622889305816,0.08732616284513742
8129,4.713303877133072,172.85729401020583,45.96622889305816,0.07625863009898963
8130,4.728371454332021,215.40566443378833,45.96622889305816,0.09533328431422976
8131,4.872208135611193,205.8178465603127,45.96622889305816,0.09386089937313631
8132,5.894104741071886,219.85913334902065,45.96622889305816,0.12129369035850318
8133,5.607664284701852,183.04101110638763,45.96622889305816,0.09607408580175165
8134,5.022770611404673,187.56788806360842,45.96622889305816,0.0881815405357349
8135,4.969055049441534,168.95006779527822,45.96622889305816,0.07857927674827933
8136,5.036942042747498,202.0652008350089,45.96622889305816,0.09526521003125006
8137,5.149954536527297,178.76879012992464,45.96622889305816,0.08617294686490792
8138,4.442903159616959,189.41798501501813,45.96622889305816,0.07877055552083659
8139,5.075397223445373,186.94213732388195,45.96622889305816,0.08880820460165854
8140,5.412280463775157,206.8098505157484,45.96622889305816,0.10476768871882362
8141,4.225697863157425,177.91202033993198,45.96622889305816,0.07036870877529208
8142,5.2092166212727165,202.5562754929693,45.96622889305816,0.09876293079504425
8143,4.6783939081862025,173.75061538695857,45.96622889305816,0.0760849896053474
8144,5.840863695403545,195.95514780447078,45.96622889305816,0.10712962809793009
8145,4.425091898956976,217.6716183344813,45.96622889305816,0.09015710323695829
8146,4.511840337121158,181.25116658917509,45.96622889305816,0.07654386397949993
8147,5.654111822603919,232.62785009984964,45.96622889305816,0.12311244293554365
8148,4.936171833945123,210.5831749156967,45.96622889305816,0.09729483535714188
8149,4.722011976083232,210.68997273805482,45.96622889305816,0.09312082177411209
8150,5.456030742569222,217.68067729246258,45.96622889305816,0.11116614294592243
8151,4.081409488543635,167.88892998883946,45.96622889305816,0.06413691696777025
8152,5.415917024020754,202.54711039526507,45.96622889305816,0.10267717293811478
8153,5.886658617917049,168.28486338833716,45.96622889305816,0.09272348666848315
8154,5.97934973525622,170.6823464103356,45.96622889305816,0.09552529984809716
8155,4.062871191341704,231.91926352347133,45.96622889305816,0.08819535764395481
8156,5.008085866321899,182.93464795443,45.96622889305816,0.08575186696887593
8157,5.143602320325054,190.2022929948843,45.96622889305816,0.09157121584225361
8158,5.977227395740501,221.91869471450119,45.96622889305816,0.1241565157567322
8159,5.311879118649941,185.76744759080978,45.96622889305816,0.09236206753324384
8160,4.051688865386,223.7893955775669,45.96622889305816,0.08486946021088929
8161,4.0956104824874275,169.0508293159789,45.96622889305816,0.06480549023080542
8162,5.1779923258768745,220.55379809833516,45.96622889305816,0.10689362180604221
8163,4.817888787913568,207.12408026905828,45.96622889305816,0.09340351338569527
8164,5.947289503076095,182.50339217990432,45.96622889305816,0.10159348760377358
8165,4.087942749766133,177.7498917791345,45.96622889305816,0.06801269729625331
8166,4.892942401256371,222.1891261837924,45.96622889305816,0.10175804464202022
8167,4.838508446965875,207.11315909834806,45.96622889305816,0.09379831685095352
8168,5.131617176215795,199.02622090201342,45.96622889305816,0.09559614857814132
8169,4.318033301794322,165.4416080153545,45.96622889305816,0.06686619010462902
8170,4.405947779517338,181.61577904143195,45.96622889305816,0.07489775015357625
8171,4.375135107787004,175.39624569208112,45.96622889305816,0.0718269806874166
8172,5.216782861141042,196.36025630224688,45.96622889305816,0.09588092152268671
8173,4.500412531063285,178.8634869466141,45.96622889305816,0.07534420714119465
8174,4.286470196859601,215.34419163699798,45.96622889305816,0.08639902061096102
8175,4.951870954365789,213.16366454204766,45.96622889305816,0.0988003185597734
8176,4.756931132026845,166.80071612829872,45.96622889305816,0.07426781101537916
8177,5.646072978496845,163.32634538586035,45.96622889305816,0.08631347075767251
8178,4.734971942023783,206.81052966382185,45.96622889305816,0.09165705637357843
8179,5.328990232148903,198.54000485190107,45.96622889305816,0.09903046107675958
8180,5.5978080238894945,198.3670292637236,45.96622889305816,0.10393536330099883
8181,5.671636121386054,179.74851548102532,45.96622889305816,0.09542222100849705
8182,4.9450741665187135,162.4749686531013,45.96622889305816,0.07520299209000762
8183,5.156321896439963,192.2045396101587,45.96622889305816,0.09276400937110539
8184,5.362376691651915,219.3866939303573,45.96622889305816,0.11011423119753146
8185,4.866019543132526,208.67449512368793,45.96622889305816,0.09504276644539673
8186,5.464064122177441,226.94228498262243,45.96622889305816,0.11606654565590906
8187,4.210255510795474,203.83278512638284,45.96622889305816,0.0803264068020158
8188,5.849647013929647,182.72239848978202,45.96622889305816,0.10004543946107722
8189,5.257219598867461,182.5852097272567,45.96622889305816,0.08984575482868062
8190,5.607693637466149,219.46955133119346,45.96622889305816,0.11519520541939648
8191,5.899018148967318,215.91668344161025,45.96622889305816,0.11921798624925291
8192,4.978240127059536,203.2893380434919,45.96622889305816,0.09472536590881872
8193,5.558829824035608,219.0307599178114,45.96622889305816,0.11396312184931252
8194,4.235620163859025,183.9302910355174,45.96622889305816,0.07291990830894085
8195,5.364983986180164,168.0705737893683,45.96622889305816,0.08439873969646759
8196,5.319740572765008,229.07520945472234,45.96622889305816,0.11406289620500695
8197,4.735485907079966,177.44022918200346,45.96622889305816,0.07864886995434302
8198,5.708034635439052,198.5223387471645,45.96622889305816,0.10606493528066396
8199,5.664511874607374,166.247770188612,45.96622889305816,0.08814428703853257
8200,4.423571464420086,160.0832516525339,45.96622889305816,0.0662818762889458
8201,4.89629536918147,230.56789593503854,45.96622889305816,0.10566770957951309
8202,5.290554841877921,161.4271999264156,45.96622889305816,0.07993809291138779
8203,4.049488947178351,217.62505344652584,45.96622889305816,0.08248689526529128
8204,4.18559968949517,177.62004060448777,45.96622889305816,0.06958658180469188
8205,5.396864787923317,179.90585452807198,45.96622889305816,0.09087882068714026
8206,4.980382486475171,191.62443446820507,45.96622889305816,0.08932837468521636
8207,4.687552957820076,180.20701975311476,45.96622889305816,0.079066723176198
8208,4.815027276570456,174.62290882921155,45.96622889305816,0.07870019687026188
8209,5.909360441702708,185.31295584443387,45.96622889305816,0.10249958633635642
8210,5.457948339701075,183.41222104252057,45.96622889305816,0.09369869439714375
8211,4.524389588610766,198.6170090459046,45.96622889305816,0.08411090012660098
8212,5.465023051409184,160.3134478510968,45.96622889305816,0.0820045219927872
8213,4.342220690683094,221.94572988497376,45.96622889305816,0.09020581507223155
8214,4.705934040733278,228.43145907203814,45.96622889305816,0.10061844429513005
8215,4.266469755546258,225.03949937771606,45.96622889305816,0.08986762679528058
8216,5.244214687061167,173.47913659226785,45.96622889305816,0.08515370785108461
8217,4.02468829086047,230.51113345644518,45.96622889305816,0.08683603903120818
8218,4.577763220440313,179.30923841386073,45.96622889305816,0.07683017815475823
8219,4.3676971609254185,188.40086076535343,45.96622889305816,0.0770213718781172
8220,5.047718357360828,198.21519936418386,45.96622889305816,0.09365002925040615
8221,5.70243938731399,175.78720166224383,45.96622889305816,0.09382612473416393
8222,5.4930611235119535,232.73731235123444,45.96622889305816,0.11966201043893221
8223,4.073729252874208,220.0971805272678,45.96622889305816,0.08392328781305661
8224,4.548959632481456,195.81540878806166,45.96622889305816,0.08337479810350834
8225,4.122148426107834,183.5478033617173,45.96622889305816,0.07081881662634977
8226,4.224196046020531,178.6289488336866,45.96622889305816,0.07062716226085067
8227,4.065582275115048,235.1103579643453,45.96622889305816,0.08946854317775055
8228,5.790643209918271,212.07961231181872,45.96622889305816,0.11494804155078182
8229,4.650408434051278,235.46410509758675,45.96622889305816,0.10249239876053762
8230,5.9436312393441595,223.5624843746986,45.96622889305816,0.12437314962460588
8231,5.363212356974779,186.30388424837145,45.96622889305816,0.09352393073274558
8232,5.76656497084865,199.99319143022694,45.96622889305816,0.10794642132547497
8233,5.264697416475178,173.85952416855835,45.96622889305816,0.0856737449305745
8234,4.042873397930494,239.0013234896583,45.96622889305816,0.09044119588669026
8235,5.2429578168246875,214.82459628801988,45.96622889305816,0.10542320533877947
8236,4.100782278966224,193.7187361135645,45.96622889305816,0.07435568651081123
8237,4.568510734174911,226.8516651503584,45.96622889305816,0.09700463141973535
8238,4.971066159485467,190.76117397456989,45.96622889305816,0.08875960858334271
8239,4.2957018312835915,190.68376324078665,45.96622889305816,0.07666968731287264
8240,4.724154193085994,222.9600583706329,45.96622889305816,0.09858866421852147
8241,5.695040561167726,190.33924477144203,45.96622889305816,0.10146143773166491
8242,4.820569717276049,238.01800910063005,45.96622889305816,0.10739499327992752
8243,4.7563955256639705,210.28934080855265,45.96622889305816,0.09362052458147616
8244,4.269591221119539,194.3109456683978,45.96622889305816,0.07765320960944604
8245,4.483195388134461,179.43292201409545,45.96622889305816,0.07529491461520857
8246,4.468154235141242,197.9758742469618,45.96622889305816,0.08279731895501218
8247,4.588285992853986,225.3435545222196,45.96622889305816,0.0967768471607398
8248,4.897431659804663,164.38850512372446,45.96622889305816,0.07535562554528323
8249,4.877302601670217,167.9372952322803,45.96622889305816,0.0766659822508813
8250,4.294304517298683,170.82371897975824,45.96622889305816,0.06866206477196382
8251,5.585612997426283,194.3637117260222,45.96622889305816,0.1016159484080412
8252,4.0019530850768925,200.93679833631185,45.96622889305816,0.07526747030469981
8253,4.402492092641346,217.38678479819495,45.96622889305816,0.08957928106471776
8254,5.8832595525622065,173.62742741659432,45.96622889305816,0.0956119526795609
8255,4.5529239926882745,216.98261229878221,45.96622889305816,0.09246793996733
8256,5.264748506770087,226.26662446696812,45.96622889305816,0.11149977134035384
8257,5.298368422065426,175.27707758287983,45.96622889305816,0.08692468508665115
8258,5.670712517724177,172.86462909560566,45.96622889305816,0.09175286166548093
8259,4.1676438637391975,235.16056026918707,45.96622889305816,0.0917341276175391
8260,5.167600933230946,186.49244797450683,45.96622889305816,0.09020405611091958
8261,4.512751705836493,166.7763645524939,45.96622889305816,0.07044526229153172
8262,5.119925259882202,229.6238648171005,45.96622889305816,0.11004149761009226
8263,5.359847756655991,220.96147612625288,45.96622889305816,0.11085234003068406
8264,5.196847201061832,160.79075226073743,45.96622889305816,0.0782126252708898
8265,4.89018423725484,162.86308553737555,45.96622889305816,0.07454589421271247
8266,4.162605743686031,174.05691278652284,45.96622889305816,0.06781603653802586
8267,5.778756237403053,177.20967176115593,45.96622889305816,0.09585122002727803
8268,4.903526332336053,230.1182777116812,45.96622889305816,0.10561740081151422
8269,5.356234764606298,170.61194070326152,45.96622889305816,0.08553520011364452
8270,4.924678553003577,221.67495740234017,45.96622889305816,0.10218105223160201
8271,4.88776997196404,177.394009894742,45.96622889305816,0.08115692034245438
8272,5.287021467783153,192.60437280068737,45.96622889305816,0.09531320327438307
8273,5.027514594109952,169.99799688228308,45.96622889305816,0.07999686960362476
8274,5.810088416930899,233.6830429529003,45.96622889305816,0.12708251160638082
8275,4.60648620778031,183.40881255934002,45.96622889305816,0.07907984748518063
8276,4.341203749814128,206.86656167809764,45.96622889305816,0.0840574700098954
8277,4.398108729664033,209.15927818401028,45.96622889305816,0.08610313114459589
8278,5.891468740299599,174.4673926505713,45.96622889305816,0.09620855618422622
8279,4.451810259955261,167.29526334360227,45.96622889305816,0.06971016965280881
8280,4.629845805198952,230.529385546305,45.96622889305816,0.09990073160932665
8281,4.031903666138801,210.9020751106831,45.96622889305816,0.07959152914456014
8282,4.7680493809053885,185.4036480411701,45.96622889305816,0.08274368693076424
8283,4.344394142350569,226.61836738491235,45.96622889305816,0.09215102593158345
8284,5.6455785553771785,163.27271686547638,45.96622889305816,0.08627757362770135
8285,5.15313997877557,193.19669181782638,45.96622889305816,0.09318531422057123
8286,4.012482814351727,184.42694996741716,45.96622889305816,0.06926493293437228
8287,4.37603966974933,221.0759069714849,45.96622889305816,0.09055209748413164
8288,4.894628216715807,223.84038799261975,45.96622889305816,0.10254960884462964
8289,5.9376361427873325,192.11060222526433,45.96622889305816,0.10676791524535063
8290,5.110807040495049,237.8312432106005,45.96622889305816,0.11377169783464
8291,4.332551504246491,164.3339919369887,45.96622889305816,0.06664184129916434
8292,4.9392340184611205,199.029570353747,45.96622889305816,0.09201381925983888
8293,5.858048237031615,196.4506696749362,45.96622889305816,0.10771651792071521
8294,4.887952859132707,199.84931540638448,45.96622889305816,0.09143353745476247
8295,4.8912398142152975,231.90125531120765,45.96622889305816,0.10616904351562259
8296,5.235609156381973,223.7040721514773,45.96622889305816,0.10962685548137309
8297,4.3092456779821005,230.0780753872073,45.96622889305816,0.0928009323035274
8298,5.940092839244452,236.55035713222628,45.96622889305816,0.13152026932404565
8299,5.965547970613513,215.78647548235654,45.96622889305816,0.12048983583620393
8300,5.343009467087115,165.38710855152493,45.96622889305816,0.08271103339745646
8301,4.565841484926002,222.96413235477846,45.96622889305816,0.0952865676505997
8302,4.722197457232648,209.64158948708854,45.96622889305816,0.09266109660345472
8303,5.172977537359662,206.45693606807728,45.96622889305816,0.09996452787786787
8304,4.7408670490935,230.78578033141116,45.96622889305816,0.10241007204846767
8305,4.497910258063486,221.62949237052106,45.96622889305816,0.09330699149205127
8306,4.0507559973634235,227.07251005635567,45.96622889305816,0.08609471507025315
8307,5.516234882576566,238.31598923594254,45.96622889305816,0.12304721266335088
8308,4.241555121776693,224.28870865539352,45.96622889305816,0.08904476140129111
8309,4.618050366737651,179.83439639639113,45.96622889305816,0.07773333050156529
8310,4.410070602791079,217.4742531346004,45.96622889305816,0.08976958947336247
8311,5.8849166514715385,212.17354340874454,45.96622889305816,0.11687117070169385
8312,4.531617644428277,191.986480982676,45.96622889305816,0.08143287279311696
8313,4.482045167407151,165.58300063806504,45.96622889305816,0.06946528565944794
8314,5.534648840798022,168.35730058867065,45.96622889305816,0.08721634320762203
8315,5.298611219354202,194.26177746199437,45.96622889305816,0.09634413050044965
8316,4.145296135123072,184.12071941087822,45.96622889305816,0.07143878725495136
8317,4.150903426357092,210.34074198533074,45.96622889305816,0.08172254437864007
8318,5.334373882699324,231.58111735957888,45.96622889305816,0.11562784872624317
8319,4.5723260227007785,174.09317247951734,45.96622889305816,0.07450660553568637
8320,4.949181775309701,225.15296030731182,45.96622889305816,0.1043006260430138
8321,5.131668152314936,235.5177687522015,45.96622889305816,0.11312486950845098
8322,4.17748323094761,217.54112949483914,45.96622889305816,0.0850612857593703
8323,5.326181479123784,179.47276951234198,45.96622889305816,0.08947266503607318
8324,4.415835980637474,190.56165356014273,45.96622889305816,0.07876337099161299
8325,4.64504339403092,186.79827833895104,45.96622889305816,0.08121541978505532
8326,5.444415913687333,167.22452398434118,45.96622889305816,0.08521717085286316
8327,5.496654839850876,199.953046632737,45.96622889305816,0.1028732217099689
8328,4.347969205580157,213.55725562564177,45.96622889305816,0.08691137873388362
8329,4.747560068862056,170.6351126580521,45.96622889305816,0.07582540185802732
8330,5.175642944393329,185.59503187197043,45.96622889305816,0.08990969057203713
8331,4.567165048866446,198.2228832837219,45.96622889305816,0.08473763604561349
8332,5.039716348008869,216.22887167345667,45.96622889305816,0.10199893199972407
8333,4.984351976857962,202.68089065085263,45.96622889305816,0.09455779925157475
8334,5.14088645589081,234.18121013162647,45.96622889305816,0.11268494746608511
8335,4.202507322543722,213.0717973892399,45.96622889305816,0.08381278982754596
8336,4.07474399206424,180.72900057364083,45.96622889305816,0.06892932470853479
8337,5.581872083805205,188.90986143536082,45.96622889305816,0.09869845582598509
8338,4.053394906012029,201.06688408615003,45.96622889305816,0.0762843260764271
8339,4.875470379461695,234.14690431806068,45.96622889305816,0.10685154134728538
8340,5.884432793073024,182.30395502184757,45.96622889305816,0.10040990274782714
8341,5.64062851039453,201.17875542128684,45.96622889305816,0.10621490476100386
8342,5.080334292056246,169.13038504244454,45.96622889305816,0.08042476056823801
8343,5.673053674555371,208.47625396893702,45.96622889305816,0.11070043720033118
8344,5.9103948525053625,222.6322327833874,45.96622889305816,0.12316303608754472
8345,4.933242734619216,228.58217526998962,45.96622889305816,0.1055481668667628
8346,4.63643200575207,229.03823994816923,45.96622889305816,0.09939573317576582
8347,4.231710200487177,186.9221206386779,45.96622889305816,0.0740376228948771
8348,5.736486939629788,161.9174932344922,45.96622889305816,0.08693919797820747
8349,5.737175629596178,163.206982527444,45.96622889305816,0.08764209068812527
8350,5.317791387672366,211.0496115330129,45.96622889305816,0.10504894669606157
8351,4.1150703391992405,227.05724474142613,45.96622889305816,0.08745577150150578
8352,4.171839208093496,228.10972782102965,45.96622889305816,0.08907323314699435
8353,5.966258015416296,213.7696842046794,45.96622889305816,0.1193779165961471
8354,5.860537090291968,210.02563906882537,45.96622889305816,0.11520878126239169
8355,5.9620914127477,223.7473433660975,45.96622889305816,0.12486259791796013
8356,5.3585557884325965,239.11267623305142,45.96622889305816,0.11992955039359889
8357,4.967713898133147,198.69320516312308,45.96622889305816,0.09238797329612453
8358,5.703279143394662,213.94316332209695,45.96622889305816,0.11420862160469986
8359,4.288423818836884,184.63784913245274,45.96622889305816,0.07411298076734026
8360,5.169410662779037,161.2806020051559,45.96622889305816,0.07803672212277632
8361,5.020789855374341,178.7150012786763,45.96622889305816,0.08398638756361064
8362,4.4735938352645235,231.6270736230009,45.96622889305816,0.09698882999272448
8363,4.564372844852444,231.85930846295778,45.96622889305816,0.0990561622166617
8364,5.067441326765167,234.2292735905823,45.96622889305816,0.11109787424715112
8365,5.458448922518564,193.12173512873696,45.96622889305816,0.09866798388985543
8366,4.070373185556088,231.33158648277526,45.96622889305816,0.0881343109849773
8367,5.414679932125358,170.78080991472683,45.96622889305816,0.0865541125086194
8368,5.870305263837938,199.08947554621622,45.96622889305816,0.10939181725121716
8369,4.059092890307746,183.67007848473745,45.96622889305816,0.0697819739516325
8370,5.719607008865223,193.52917103255066,45.96622889305816,0.10360685116619636
8371,5.615566647036877,192.2216868187789,45.96622889305816,0.10103499369631538
8372,4.267899649658473,175.56962659240978,45.96622889305816,0.0701357480763652
8373,5.76241274256094,174.49902949276193,45.96622889305816,0.09411811635223379
8374,5.87089031277091,183.08331334007465,45.96622889305816,0.1006070879472278
8375,5.94327380258719,167.7467169234284,45.96622889305816,0.09331589293987158
8376,5.096786997811079,162.8466046389542,45.96622889305816,0.07768748119031668
8377,4.513184019218416,228.42847850724274,45.96622889305816,0.09649596141743365
8378,4.374013082724236,231.32205828957444,45.96622889305816,0.0947050143887294
8379,5.179614358546624,218.12640041600307,45.96622889305816,0.10575027548961596
8380,4.7188274002454405,238.79192608558319,45.96622889305816,0.10547015392087518
8381,5.653152342221629,232.93943651074974,45.96622889305816,0.12325642253557134
8382,4.291666819231814,181.34460479828994,45.96622889305816,0.07284613033709178
8383,5.681987067476501,213.56114162479292,45.96622889305816,0.1135790739558625
8384,4.769693899959724,197.1494702910562,45.96622889305816,0.08801606977745789
8385,4.877074774876656,204.62811245273832,45.96622889305816,0.09341154627235457
8386,4.97806527667323,196.37776771473693,45.96622889305816,0.0915016140390768
8387,4.655371520543943,195.90922235835401,45.96622889305816,0.08536602806587364
8388,4.354944299730579,175.26932786840928,45.96622889305816,0.0714437718057778
8389,5.3765766346686155,237.16567280322644,45.96622889305816,0.11935304923831745
8390,4.424781241305915,233.03527422199886,45.96622889305816,0.09651377829039154
8391,5.25114212059183,236.22589134501447,45.96622889305816,0.11610665614231205
8392,4.790506803412725,215.22493421857138,45.96622889305816,0.09650501748932828
8393,5.087715026034092,238.19953177851238,45.96622889305816,0.11343302914542983
8394,4.1209905227624795,164.69992414380553,45.96622889305816,0.06352883096005574
8395,5.728284987853774,164.27970943029015,45.96622889305816,0.08808143697648467
8396,5.81473833409258,167.5214923873732,45.96622889305816,0.09117516503808247
8397,4.22485927270083,186.46104197321125,45.96622889305816,0.07373542757985894
8398,5.453547907085648,206.1577517118818,45.96622889305816,0.10523365401536353
8399,5.817911309270294,210.370991013919,45.96622889305816,0.11455889026254927
8400,5.191399222711423,205.6296987997819,45.96622889305816,0.09991854835705752
8401,4.812110954095128,211.13453610362745,45.96622889305816,0.09509786338778471
8402,5.946100111833004,237.77166405736892,45.96622889305816,0.1323330014674738
8403,4.221755935474496,196.4458282154104,45.96622889305816,0.0776268175426485
8404,5.184669461915964,217.27400383407343,45.96622889305816,0.10543982834237417
8405,4.6010381104604,238.6348102420759,45.96622889305816,0.10276979135962754
8406,4.830516390184065,182.8291715374839,45.96622889305816,0.08266371138937921
8407,5.560142094357167,207.04401064015863,45.96622889305816,0.1077517695332407
8408,5.809080042771327,168.50933724741574,45.96622889305816,0.09162356374310122
8409,4.109338377028487,235.4516777342753,45.96622889305816,0.09056273758732523
8410,4.891980227051111,177.292508650021,45.96622889305816,0.08118035141300985
8411,5.486182326414042,239.79562164829767,45.96622889305816,0.12313665013463043
8412,5.9974863937899805,237.05399786001271,45.96622889305816,0.13307375266463728
8413,4.3131940270840055,228.02617911943958,45.96622889305816,0.0920575799953762
8414,4.248421064399804,188.54570486760107,45.96622889305816,0.0749756165335281
8415,4.356655064558089,188.48166322719214,45.96622889305816,0.07685960187438737
8416,4.495911183252609,231.74435530187657,45.96622889305816,0.0975220308183301
8417,5.97548170596895,173.9035742600737,45.96622889305816,0.09726515384916876
8418,4.259334853785179,173.14987591910582,45.96622889305816,0.06903030901392537
8419,5.1313768903962105,230.56644788272868,45.96622889305816,0.11074034484547407
8420,5.4910013988982795,193.7645454366726,45.96622889305816,0.09958678610864805
8421,5.918108581219153,203.08337956881516,45.96622889305816,0.11249498438841232
8422,5.569673901083645,199.9993592976133,45.96622889305816,0.10426396141637118
8423,5.3324801585662325,190.11101321609982,45.96622889305816,0.09488823607221897
8424,4.105101621817769,209.00936323325143,45.96622889305816,0.08030923767209489
8425,4.5777085163819295,204.05094293984155,45.96622889305816,0.08743042519581015
8426,5.302827240408321,196.13699045164316,45.96622889305816,0.09735154189662845
8427,4.314134990292969,224.41438125932885,45.96622889305816,0.0906192082706805
8428,4.344907705520595,170.34595210117996,45.96622889305816,0.06927686437357848
8429,4.634713582023414,164.65626092953931,45.96622889305816,0.07142939939260262
8430,4.706447184593375,220.60703222136874,45.96622889305816,0.09718257235749762
8431,5.580604116317898,196.5377352146999,45.96622889305816,0.10266041393252905
8432,4.367269216656793,237.89950537724116,45.96622889305816,0.09724770305564208
8433,5.647639872383119,160.41928717563138,45.96622889305816,0.0848006979349022
8434,5.214026917195933,235.62027178461364,45.96622889305816,0.11499044912053893
8435,5.858426633351321,191.9544969041258,45.96622889305816,0.10525800514831844
8436,5.222708235014431,209.30649739967726,45.96622889305816,0.10231853744841965
8437,5.459996759719939,235.31979375245507,45.96622889305816,0.12026152114576415
8438,4.932913496473142,164.93790564187483,45.96622889305816,0.07615524578882855
8439,5.443952951156279,235.69051678065787,45.96622889305816,0.12009704469868039
8440,5.741167586495245,161.95992927476055,45.96622889305816,0.08703293941024653
8441,5.765257672562027,171.78303418292907,45.96622889305816,0.09269895546654132
8442,5.95765202736043,219.30345621829613,45.96622889305816,0.12229155249911322
8443,4.252307140494942,168.06154665657095,45.96622889305816,0.06689117587373776
8444,4.555760985205104,178.3563508993895,45.96622889305816,0.07605457749779665
8445,4.008054897223231,231.22782239890878,45.96622889305816,0.08674602823600365
8446,4.252944427123111,239.14935542677335,45.96622889305816,0.09519952276339877
8447,4.527843209827469,205.95623831135535,45.96622889305816,0.08728551516294589
8448,5.396766948642545,184.09454083567408,45.96622889305816,0.09299303520694117
8449,4.911936808805323,221.83465672510962,45.96622889305816,0.10199009956232068
8450,4.129239283647945,188.93592154884715,45.96622889305816,0.07302312850732155
8451,5.579969799496098,186.55745752909024,45.96622889305816,0.09743619402345813
8452,4.118536331093729,175.02013808871948,45.96622889305816,0.06746938823583809
8453,5.354212774278623,237.3978658924143,45.96622889305816,0.11897296502341986
8454,4.4575742255956,201.40229995190575,45.96622889305816,0.08403086963618467
8455,4.4810204541905705,233.86458714612957,45.96622889305816,0.09808830706078309
8456,5.80022368676498,191.2962844255896,45.96622889305816,0.10385493207480476
8457,4.074122722330766,208.60224046335824,45.96622889305816,0.0795479375621618
8458,5.255460260610794,209.41912693416768,45.96622889305816,0.10301558898518089
8459,4.5920113304987105,161.91184814667398,45.96622889305816,0.06959169745926966
8460,4.06431162303637,222.31388357710568,45.96622889305816,0.08457255153217588
8461,5.062207133928984,181.69459828752258,45.96622889305816,0.08609100473820205
8462,5.829058905267122,230.7460412112706,45.96622889305816,0.1258950201329519
8463,5.632305318262346,209.74538296789925,45.96622889305816,0.11057436336689229
8464,5.2299557385073285,202.46067863564662,45.96622889305816,0.09910933232172227
8465,4.366405158261117,218.1858927519287,45.96622889305816,0.08917159750872315
8466,5.041479771171236,203.68052754367727,45.96622889305816,0.09611327787917869
8467,5.3768471386932,189.7610060519332,45.96622889305816,0.09550157033906238
8468,5.408779269474782,179.85366001121866,45.96622889305816,0.09105302679481429
8469,5.730976808824129,238.8857107281051,45.96622889305816,0.12814293661811363
8470,5.183674070200627,190.52852427046824,45.96622889305816,0.09244289535571745
8471,4.5766639373247475,231.4179804259423,45.96622889305816,0.09913384966342427
8472,4.6534069037583246,225.124446546472,45.96622889305816,0.09805495319232208
8473,4.817159404077612,230.37665019337098,45.96622889305816,0.1038736339953526
8474,4.863666483886585,206.23484862087923,45.96622889305816,0.09388618396997991
8475,4.245297781759109,238.04436955928895,45.96622889305816,0.09458928030710761
8476,5.1259658420668295,209.54853549129706,45.96622889305816,0.10053937625317726
8477,4.250909302297897,215.2438168114238,45.96622889305816,0.08564230987844558
8478,4.852910144281541,193.85291702663622,45.96622889305816,0.08805427371347545
8479,4.946568579315409,202.87439055939655,45.96622889305816,0.09393060323919857
8480,5.606974662472684,187.3543699800689,45.96622889305816,0.09832597682373455
8481,5.76146712662045,168.8646498785174,45.96622889305816,0.09106420088594556
8482,5.06112083918934,214.24617230257348,45.96622889305816,0.10149289182462501
8483,5.940773466026725,191.85404929001538,45.96622889305816,0.10668167128681047
8484,5.356949985108932,222.90533879226206,45.96622889305816,0.11176708152391797
8485,5.665145353019603,233.35705674446555,45.96622889305816,0.12373935402911855
8486,4.691762896720389,227.3974556280536,45.96622889305816,0.09986136686363661
8487,5.913827835882066,197.5496810607202,45.96622889305816,0.10935052154456146
8488,5.382472213018961,185.8390471251356,45.96622889305816,0.09362560027812859
8489,4.512618708496969,182.23721734268307,45.96622889305816,0.07697355834776587
8490,4.102843179175765,206.27360108024263,45.96622889305816,0.07921445100529859
8491,5.72355866140184,182.9685809860728,45.96622889305816,0.09802085964533375
8492,4.063450410329886,182.65028246766144,45.96622889305816,0.06946901818647228
8493,5.544039454087792,195.80975849502173,45.96622889305816,0.10161000968899273
8494,5.5342382503402066,177.36181125610352,45.96622889305816,0.09187425187229468
8495,5.283900126078741,218.48041373692286,45.96622889305816,0.10805452498060855
8496,5.61839478849281,214.72492310752855,45.96622889305816,0.11291991880542587
8497,5.821568192792824,170.08131596860832,45.96622889305816,0.09267710205603996
8498,5.101301736087913,195.98356739484788,45.96622889305816,0.09357859485898935
8499,5.9985654955545415,203.94805748111136,45.96622889305816,0.11450984505401085
8500,5.370514974429548,233.52247290229445,45.96622889305816,0.1173871237581985
8501,4.284982942522783,187.14304359834813,45.96622889305816,0.07505828456543533
8502,4.646631071060636,169.35343127984336,45.96622889305816,0.07365598491660107
8503,5.120000689059652,184.52433879122088,45.96622889305816,0.08842997982867307
8504,4.330333178161834,161.7513921141136,45.96622889305816,0.06556094250129316
8505,4.050109459720639,191.260985943712,45.96622889305816,0.07250517410255723
8506,5.221867032003841,177.0051913922019,45.96622889305816,0.08651425287253033
8507,5.820256264392383,176.81482034019245,45.96622889305816,0.09632446815161842
8508,4.5408409426820535,184.33315744926446,45.96622889305816,0.07834577853393508
8509,4.315502816805615,239.92728253117673,45.96622889305816,0.09691408243219339
8510,5.433919455774667,184.0313315261801,45.96622889305816,0.09360107011496854
8511,5.946365005616296,210.78114504644861,45.96622889305816,0.11731652007640667
8512,5.538691410317212,187.49612567871296,45.96622889305816,0.09720202571955196
8513,4.433457676171748,195.98444566211393,45.96622889305816,0.08132798653489821
8514,4.833429578129547,238.76377720892526,45.96622889305816,0.10801888371589091
8515,4.290238986910794,170.8137542974645,45.96622889305816,0.06859305911835781
8516,5.242367884596595,204.95330030126246,45.96622889305816,0.1005676400983569
8517,5.092455823168759,192.96244844528408,45.96622889305816,0.09197629686068508
8518,4.722243697522602,166.9704887588506,45.96622889305816,0.07380129165680706
8519,5.5849577242611375,195.71800831688896,45.96622889305816,0.1023119886977524
8520,5.79456095652022,199.64809655775284,45.96622889305816,0.1082833189174277
8521,5.807074026845796,233.92064669003352,45.96622889305816,0.12714572629855192
8522,5.118415411298725,223.79594025255392,45.96622889305816,0.10721698318419759
8523,4.20785143123031,169.37810232556907,45.96622889305816,0.06671039453111777
8524,5.400585971686749,164.06885908144005,45.96622889305816,0.08293596281061393
8525,5.42287069459158,178.4523993279887,45.96622889305816,0.09057899323468047
8526,4.469531729711434,188.81891277497468,45.96622889305816,0.07899204660210536
8527,5.848893535983893,216.8506382176835,45.96622889305816,0.11871627731920857
8528,5.503001744248104,222.64446928601046,45.96622889305816,0.11467992770471101
8529,5.663240002491106,173.62682406437781,45.96622889305816,0.09203597915118701
8530,5.883698340129875,191.7607106049801,45.96622889305816,0.10560533955085732
8531,5.123446138069046,224.8212869249656,45.96622889305816,0.10781407299793365
8532,5.705164015875066,200.48851210563515,45.96622889305816,0.10706153747902725
8533,5.089433231076063,192.76790469592476,45.96622889305816,0.09182902997215049
8534,4.0990440547687035,211.80864544133314,45.96622889305816,0.08126473388388349
8535,5.354415225898553,197.83930359986667,45.96622889305816,0.09915176975898099
8536,4.096218457541176,205.26827014802603,45.96622889305816,0.07870109616045075
8537,4.206153608841252,196.32237356896584,45.96622889305816,0.07729132882380495
8538,5.5968566918902,178.1618645226158,45.96622889305816,0.0933329052576683
8539,5.837773211707567,216.66246092720155,45.96622889305816,0.11838774265189135
8540,4.514968908599171,178.38077812053552,45.96622889305816,0.07538391124111646
8541,4.149268963368094,229.91095143260662,45.96622889305816,0.08929087831102084
8542,4.126042498510308,210.10435602388543,45.96622889305816,0.08114179339437833
8543,5.502910684849693,180.40868682156895,45.96622889305816,0.09292354253677065
8544,4.7608218080348115,183.5073276867882,45.96622889305816,0.08177323635799828
8545,5.603462489964038,239.63322863016572,45.96622889305816,0.1256838156267511
8546,5.941194677149161,165.56029272567082,45.96622889305816,0.09206738703761158
8547,5.355635538582574,206.797369447865,45.96622889305816,0.1036649335269952
8548,5.8600748280701,206.23537059667393,45.96622889305816,0.11312072028422356
8549,4.914916829185688,195.91404371346727,45.96622889305816,0.09012755517677878
8550,5.707232317383681,213.76845885108074,45.96622889305816,0.11419445763574915
8551,4.148116219697632,234.68185520851787,45.96622889305816,0.09111844030153961
8552,5.35747696849152,172.40395613728597,45.96622889305816,0.08645366099282628
8553,4.938690235558342,180.05287977730555,45.96622889305816,0.08323149736889572
8554,5.182752870463713,204.4990840300784,45.96622889305816,0.09920366490191873
8555,5.940525291184262,164.41304716125197,45.96622889305816,0.09141910735109145
8556,4.900634295050024,174.63093037509964,45.96622889305816,0.08010309774848527
8557,4.044029456786434,222.25310629885905,45.96622889305816,0.08412750297758406
8558,5.51529542343259,234.73632321042965,45.96622889305816,0.12117831982924598
8559,5.1766146128942925,180.46371111587237,45.96622889305816,0.08744028546797472
8560,4.7259685472091055,208.36560081715848,45.96622889305816,0.09217066021321571
8561,5.257582498145043,163.4074061223609,45.96622889305816,0.0804143731712447
8562,5.821427566613158,234.08474719831753,45.96622889305816,0.12754941266470646
8563,5.597022807676927,179.98435462331716,45.96622889305816,0.09429044394292083
8564,4.6961638741822185,216.19393519093742,45.96622889305816,0.095030409077227
8565,4.611476646298338,191.01958126484098,45.96622889305816,0.08245058683572377
8566,5.336497797901956,162.72115241631175,45.96622889305816,0.08127859629630463
8567,4.275679806325199,162.87978068522006,45.96622889305816,0.06518507946298664
8568,4.531394990806165,198.48711074380273,45.96622889305816,0.08418603954047565
8569,5.688182731931958,174.31298898728747,45.96622889305816,0.09280665893387625
8570,4.713738326318556,160.75442215249046,45.96622889305816,0.07092580068525622
8571,4.926885961603491,162.02611065471194,45.96622889305816,0.07471939831180475
8572,4.644598770650313,226.46737649360142,45.96622889305816,0.09845316921534894
8573,5.872094115978585,189.37957002891278,45.96622889305816,0.104088316068672
8574,4.566063751515985,220.68276849300523,45.96622889305816,0.09431618880528983
8575,5.395935343329732,190.2482869688748,45.96622889305816,0.09608671385008385
8576,5.810712312250754,196.2946814180793,45.96622889305816,0.10676127591280692
8577,5.871766954322585,230.7066762652616,45.96622889305816,0.126795786421446
8578,5.896841090486825,168.7045628977881,45.96622889305816,0.09311552627348052
8579,4.534110168080587,189.686847500991,45.96622889305816,0.080501715590905
8580,5.486826738004644,183.49507997323374,45.96622889305816,0.09423701455797154
8581,4.4140388592374045,187.4996681017568,45.96622889305816,0.07746624485451732
8582,4.621903068599652,225.16920267756123,45.96622889305816,0.09741047741657455
8583,5.979626413651901,184.3089533716443,45.96622889305816,0.1031564369958989
8584,4.103652797297461,217.73721355957883,45.96622889305816,0.08363327782675511
8585,4.961080819254199,194.7018074272269,45.96622889305816,0.09041117925540544
8586,4.702398032677346,197.63045006427177,45.96622889305816,0.08698594690462903
8587,4.2722684797470745,208.9726215051189,45.96622889305816,0.08356487667713035
8588,5.859641615712899,233.5344980777969,45.96622889305816,0.12808490419682408
8589,5.476237795956556,191.15325969663488,45.96622889305816,0.09798054604144664
8590,5.842425084526806,212.7806038310349,45.96622889305816,0.11635928341345148
8591,5.007465831573137,182.72624095272576,45.96622889305816,0.08564357019840096
8592,5.510496986931546,223.78852870041123,45.96622889305816,0.11542621082741986
8593,5.11794747533926,182.88536321273256,45.96622889305816,0.08760938312235174
8594,4.778222517136873,209.87137841845222,45.96622889305816,0.09386321687136595
8595,4.445989502192963,197.67599411149854,45.96622889305816,0.08226180093973426
8596,4.084359292617141,224.418000132403,45.96622889305816,0.08579411046379695
8597,4.763437531252988,195.6159204504536,45.96622889305816,0.0872168747284495
8598,5.77066695308488,191.70086231889215,45.96622889305816,0.10354423538735692
8599,4.95032648249005,183.63449469768742,45.96622889305816,0.08508714572597996
8600,5.614103935406911,194.8981867411269,45.96622889305816,0.10241512418470615
8601,4.963827515607934,199.3888947574913,45.96622889305816,0.0926389228849241
8602,5.352987475554466,203.3125024219677,45.96622889305816,0.10186762052267709
8603,4.869539268130414,212.3840846855404,45.96622889305816,0.09680230313228348
8604,5.274995432373611,216.8379812189389,45.96622889305816,0.10706149214233367
8605,4.9392237301726984,238.44714596077452,45.96622889305816,0.11023681984112405
8606,5.15088279710264,223.83843803616492,45.96622889305816,0.10791757639829155
8607,4.9316264363160505,186.96009080302417,45.96622889305816,0.08630082174544679
8608,5.04873990884155,206.1798267471293,45.96622889305816,0.09743276272357072
8609,4.617358861336093,220.3435430981436,45.96622889305816,0.0952291277741611
8610,4.855467147790778,212.84570082257432,45.96622889305816,0.0967323528187393
8611,4.5761866013584385,198.74189974984898,45.96622889305816,0.0851273297562899
8612,4.704930895147853,193.51177466657333,45.96622889305816,0.08521901174626167
8613,5.351882951293061,172.51776766342778,45.96622889305816,0.08642040259816422
8614,4.4908809469376605,188.7818937550329,45.96622889305816,0.07935380011646445
8615,4.546272635474933,173.95866851968617,45.96622889305816,0.07402482681934427
8616,5.633936776525714,172.98937985429546,45.96622889305816,0.09122361104464842
8617,5.283456449298685,196.1011475920379,45.96622889305816,0.0969781993090584
8618,4.3269168208938895,183.71970876849076,45.96622889305816,0.07440637447153023
8619,4.2188890908602525,167.66792137837388,45.96622889305816,0.06621005330694482
8620,4.717820936717966,220.41074940892477,45.96622889305816,0.09733075075518186
8621,4.795380980628172,205.51373535669396,45.96622889305816,0.09224435916889519
8622,4.256264304804458,230.51102317731846,45.96622889305816,0.09183244260655049
8623,4.660781778680948,175.14512238424084,45.96622889305816,0.07640691505511824
8624,4.707179805199438,237.5691884084609,45.96622889305816,0.10467109093090363
8625,5.259996713539701,169.68128051786016,45.96622889305816,0.08354015072892708
8626,4.323870687060852,221.01643929742502,45.96622889305816,0.08944851270295513
8627,5.690754513401417,166.59546451085436,45.96622889305816,0.08873784425163996
8628,4.587571269849477,163.78004565957107,45.96622889305816,0.07032660635917648
8629,4.248548649482725,171.02455226683568,45.96622889305816,0.06801033382057067
8630,4.874382621565663,161.01332281833058,45.96622889305816,0.0734610747860695
8631,5.4265213454132075,192.26360895695177,45.96622889305816,0.09765499329622078
8632,4.802563247513972,236.955170926905,45.96622889305816,0.10651606947090207
8633,4.662228302775235,163.30033676260115,45.96622889305816,0.07126174709852574
8634,4.8097178505487195,197.36387995211558,45.96622889305816,0.08885116435658533
8635,4.941058915924178,197.0986033646381,45.96622889305816,0.09115477595369013
8636,4.668569989874694,203.69613160282634,45.96622889305816,0.08901075896430319
8637,5.741385039655457,188.66369359144852,45.96622889305816,0.10138666898057105
8638,5.0700186400920835,227.8037495852836,45.96622889305816,0.10810512242527208
8639,4.797189052145783,170.904770995732,45.96622889305816,0.07673912966118744
8640,4.864931569762864,200.36693482553574,45.96622889305816,0.09123860554561278
8641,5.7371715501296165,228.23938057351958,45.96622889305816,0.12256437780714839
8642,5.536985503445183,190.61368761032404,45.96622889305816,0.09878780106529708
8643,4.5538713323218385,195.3152806758355,45.96622889305816,0.08325164553582998
8644,4.639176690585544,238.39363353770784,45.96622889305816,0.10351693758670302
8645,4.168824211932833,200.4641856157316,45.96622889305816,0.07822151537805629
8646,4.768255584613601,221.79274435220208,45.96622889305816,0.0989880364403578
8647,5.192776730628295,164.81382518506211,45.96622889305816,0.0801067546943193
8648,5.346588110109725,199.4101585522634,45.96622889305816,0.09979294878545864
8649,5.232410476455773,167.32325879047855,45.96622889305816,0.08194717180260193
8650,5.019533616005383,202.2685600699603,45.96622889305816,0.0950315031181311
8651,4.292488446440218,209.17183872533315,45.96622889305816,0.08404041681820038
8652,5.8178578442082145,162.03173460150686,45.96622889305816,0.08823462318796696
8653,4.505765209707807,186.32735654970028,45.96622889305816,0.07858162922299203
8654,5.088490032104791,219.20737391715613,45.96622889305816,0.10440467267642728
8655,5.321987729518465,196.94579549929892,45.96622889305816,0.09810619481777604
8656,5.9199439055900065,187.3478725044803,45.96622889305816,0.10381072067104302
8657,5.5680806814212165,226.0885860476266,45.96622889305816,0.11783112010128839
8658,4.201895572313378,163.50498151841077,45.96622889305816,0.06430608829882141
8659,5.972677471432973,188.67726849307567,45.96622889305816,0.10547863287624967
8660,5.336710647794378,162.34023398051374,45.96622889305816,0.08109156325132873
8661,5.527688373101117,188.17217530390892,45.96622889305816,0.09735870882521744
8662,5.162612503894931,163.84163843072733,45.96622889305816,0.07917164341829545
8663,4.215787260523656,225.84837111625643,45.96622889305816,0.08911924498731691
8664,5.108322230425636,222.15870563258608,45.96622889305816,0.10622273263669307
8665,4.322583276688049,186.22227098261015,45.96622889305816,0.07534437527413376
8666,5.702286544242879,206.8766389375926,45.96622889305816,0.1104171002561977
8667,5.338152514948305,176.51595824592036,45.96622889305816,0.08819638836268757
8668,5.111631381109613,218.7218429134584,45.96622889305816,0.10464718080684454
8669,4.345499971344394,183.95027914323873,45.96622889305816,0.07481971530500099
8670,4.017792880644881,237.03335729544398,45.96622889305816,0.08914004755503017
8671,5.791615824506122,167.37574507804547,45.96622889305816,0.09073359489472302
8672,5.664529102726534,203.6818062104595,45.96622889305816,0.10799207817606504
8673,5.929037308097731,200.75840722756712,45.96622889305816,0.11141246248390652
8674,4.413525284619603,228.4999509650099,45.96622889305816,0.09439469312068324
8675,5.876108670099094,202.45375307585678,45.96622889305816,0.11135032775035822
8676,4.8154028014110954,222.0078585483923,45.96622889305816,0.10006375990938973
8677,4.168323588912953,227.41612101653317,45.96622889305816,0.08872755669014312
8678,5.721622654831203,183.66584142728559,45.96622889305816,0.0983611174318337
8679,4.022582739533665,160.78501484425811,45.96622889305816,0.060537767985693346
8680,5.956113807469069,222.4338401381663,45.96622889305816,0.12400514254396007
8681,4.717427458554127,231.1531853614046,45.96622889305816,0.10206596871957488
8682,5.784536832679829,232.65751807166603,45.96622889305816,0.1259683759793558
8683,5.00350829418722,225.63581953209115,45.96622889305816,0.10567165700468975
8684,4.075273126956877,172.79929170579908,45.96622889305816,0.06591352340156925
8685,5.264930687666234,168.32121154641678,45.96622889305816,0.08294827432843126
8686,4.086667193673116,168.67003743212982,45.96622889305816,0.06451832167836134
8687,4.908839181161956,199.06494455972629,45.96622889305816,0.09146384202857774
8688,5.852013635550449,193.743267116378,45.96622889305816,0.10612257935396245
8689,5.028767964420344,225.29737337446952,45.96622889305816,0.1060458248017192
8690,5.62942122794623,186.12622351255087,45.96622889305816,0.09807248072410013
8691,5.4491441350662875,230.86913260034407,45.96622889305816,0.11775246723648775
8692,5.64678713841562,186.2681049679662,45.96622889305816,0.09845000937066317
8693,5.4799783166377525,219.02167713726152,45.96622889305816,0.11234190629243349
8694,4.484050278473332,213.57935963165744,45.96622889305816,0.08964077494624102
8695,4.1758419231090365,181.9318600280154,45.96622889305816,0.07110966922059236
8696,4.056691223017114,170.47417547164216,45.96622889305816,0.06473011815381291
8697,4.212892124669136,235.74180905371486,45.96622889305816,0.09295929029253211
8698,4.327656517821052,165.80223798617547,45.96622889305816,0.06716128871932173
8699,5.500516876095837,211.88113414458792,45.96622889305816,0.10908665858269595
8700,5.272179344013753,231.35509301328443,45.96622889305816,0.11416818277959295
8701,5.332911308140654,213.4618564269465,45.96622889305816,0.10655172665242181
8702,4.91390690928803,205.2546259122432,45.96622889305816,0.09440515884697576
8703,5.531904837961802,188.72913115955174,45.96622889305816,0.09772135717273975
8704,4.072110614503623,194.11716154356859,45.96622889305816,0.07398766945242319
8705,4.753791040090053,174.54145500534543,45.96622889305816,0.07766306542132559
8706,5.417553244240772,224.3595368770205,45.96622889305816,0.11376890337238546
8707,4.317121182800152,198.49702186718744,45.96622889305816,0.08020918131647428
8708,4.6522528271920285,205.43754540992504,45.96622889305816,0.08945795677522528
8709,4.187889793748831,234.72984325891747,45.96622889305816,0.09201092611204571
8710,4.127298104856785,225.80200295240945,45.96622889305816,0.08723072394114118
8711,4.389153052053548,221.67159900395896,45.96622889305816,0.09106817385012207
8712,4.564169213589163,223.1823523000846,45.96622889305816,0.09534489320158515
8713,5.831371397135217,234.85317367506264,45.96622889305816,0.12818670504074978
8714,5.7271210224483005,194.02758527122486,45.96622889305816,0.10401014169390427
8715,4.8574691713361045,236.19915327550044,45.96622889305816,0.1073900978590223
8716,5.782527619207555,198.79469020954372,45.96622889305816,0.10759654963404325
8717,4.795856961373481,167.53676052567664,45.96622889305816,0.07520594695408342
8718,4.72295745722533,197.6828459868948,45.96622889305816,0.0873894220635694
8719,5.661308132633369,185.9236200135509,45.96622889305816,0.09852063643013456
8720,4.605185825534799,162.11336020088928,45.96622889305816,0.06987821710212276
8721,4.079196481097444,224.64402872361808,45.96622889305816,0.08577196350549242
8722,4.3283101961365205,237.3121239877935,45.96622889305816,0.09614222148240972
8723,4.120334138083122,224.50247712715944,45.96622889305816,0.08658236064734197
8724,4.230194211776483,210.79171846150945,45.96622889305816,0.08346217532574125
8725,5.5135597655528095,178.08965340406968,45.96622889305816,0.09190658390190484
8726,5.121927696537017,222.45828708587206,45.96622889305816,0.10664926851845555
8727,4.341555510778287,201.79758437059886,45.96622889305816,0.08200440279588209
8728,5.065275841928327,221.41689098683233,45.96622889305816,0.10497592206602088
8729,4.722907935050976,211.6239581415481,45.96622889305816,0.09355137209997819
8730,5.900059657946677,216.7140424429718,45.96622889305816,0.11967937292641093
8731,4.0358625087671465,172.0697859037856,45.96622889305816,0.06500051979601545
8732,4.79627568317275,192.35040149195513,45.96622889305816,0.08635213579116195
8733,4.661203078787931,195.44977084049026,45.96622889305816,0.08527250848803229
8734,5.886750922292586,224.36003409453323,45.96622889305816,0.12362235328231679
8735,4.277754863860786,195.54167960080454,45.96622889305816,0.07829446912558588
8736,5.363177503754697,173.10149183050504,45.96622889305816,0.08689580891332306
8737,4.101387215595991,236.61684454293356,45.96622889305816,0.09083480339260563
8738,5.569308517319374,230.81747526402893,45.96622889305816,0.12032221321543272
8739,5.562754049607036,214.32124794202457,45.96622889305816,0.11159145409523256
8740,5.530170782254835,202.0239201362534,45.96622889305816,0.10457242665050308
8741,4.514255603324617,167.55623819934405,45.96622889305816,0.07079826191849266
8742,5.195017270970837,177.5503118616121,45.96622889305816,0.08633448126457437
8743,5.646108986983241,202.80662024645974,45.96622889305816,0.10717839111968665
8744,5.990734655313394,190.83018169765137,45.96622889305816,0.1070047351878216
8745,4.838721368757214,181.5597484222716,45.96622889305816,0.08222919441956195
8746,4.571970367480608,198.19450275572459,45.96622889305816,0.0848146472406536
8747,4.129074754535029,226.67285998847794,45.96622889305816,0.08760484359588101
8748,4.197282966751881,232.52495912003806,45.96622889305816,0.09135107750426236
8749,4.79809649327787,196.7881929302599,45.96622889305816,0.08837793791584703
8750,5.9283339496078185,219.1210636715437,45.96622889305816,0.1215885379024545
8751,4.557682087375489,184.44742069422057,45.96622889305816,0.07868509322175779
8752,4.299629685283999,211.10465902076768,45.96622889305816,0.08495808596752925
8753,5.321732879057635,231.14259404490093,45.96622889305816,0.11513540773607377
8754,4.568278679434149,165.38435440061744,45.96622889305816,0.07071684236326213
8755,4.4399803110364395,237.04910561105436,45.96622889305816,0.09851337865155192
8756,5.976419933761108,188.27194219379416,45.96622889305816,0.10531798882440364
8757,4.979810807486354,227.70266111689935,45.96622889305816,0.10613455376690448
8758,4.955503299708498,236.71759408761162,45.96622889305816,0.10979793102098025
8759,5.67526451896629,219.31570706570102,45.96622889305816,0.1165015473113211
8760,5.257074707131926,176.51158216302068,45.96622889305816,0.08685467613623313
8761,4.365731611875498,229.32585384652336,45.96622889305816,0.09370999212663884
8762,4.481728361209044,179.48464764476725,45.96622889305816,0.0752919743863091
8763,5.69212097918522,163.70643548153035,45.96622889305816,0.08721992783387995
8764,5.435559437614019,209.27087381732744,45.96622889305816,0.10647039997109944
8765,4.075872997496079,174.49637367679222,45.96622889305816,0.06657066539418886
8766,4.599849020702406,178.16825101036642,45.96622889305816,0.07670960434147556
8767,4.338442381126758,228.3030190484841,45.96622889305816,0.09270888059900688
8768,5.849831215083062,174.00723041039197,45.96622889305816,0.09527665007061505
8769,5.156597416578079,194.65610466524396,45.96622889305816,0.09395223237859204
8770,4.752712469566251,236.24756629683614,45.96622889305816,0.10509564819720586
8771,4.091586439220404,237.97547855466226,45.96622889305816,0.09113806175022829
8772,4.6352667172418505,205.5612074026974,45.96622889305816,0.0891849837555867
8773,5.862643093466962,211.61141414667952,45.96622889305816,0.11612036551244762
8774,5.534178749955848,167.7453655635337,45.96622889305816,0.08689195359049455
8775,5.139642229384009,184.8500673154712,45.96622889305816,0.08892591665060118
8776,4.838900228082619,178.99488567504264,45.96622889305816,0.08107055359589968
8777,5.231334740643404,202.8725053253693,45.96622889305816,0.09933711699880504
8778,4.25655189892189,218.3494990563553,45.96622889305816,0.08699333524474065
8779,4.568778059315146,206.92993658810838,45.96622889305816,0.08849102690368736
8780,5.736702735807094,191.81323254924177,45.96622889305816,0.10299514641897664
8781,5.279301550439979,228.97762819561245,45.96622889305816,0.11314760629060192
8782,5.244638465414927,238.6418899739178,45.96622889305816,0.11714886477370687
8783,4.162643057761878,189.01983512373408,45.96622889305816,0.07364654897718517
8784,5.405180655116936,199.06635992479823,45.96622889305816,0.10071263009340607
8785,4.5169386599790595,186.77494997528896,45.96622889305816,0.07896573287544593
8786,5.448447047499403,222.91387310613757,45.96622889305816,0.11368042300103971
8787,5.269446289252516,231.0993532720854,45.96622889305816,0.11398286292571588
8788,5.043308047899915,225.89448467015413,45.96622889305816,0.10663431222723481
8789,4.214550409927767,238.855037866914,45.96622889305816,0.09422399354989747
8790,5.749162412068748,231.47655211018946,45.96622889305816,0.12456253299364749
8791,5.760607723285305,227.38212267242912,45.96622889305816,0.12260282224355584
8792,4.170325566346269,232.828522412004,45.96622889305816,0.09088286122556835
8793,4.337620411476903,229.4250948325896,45.96622889305816,0.09314687998988097
8794,5.117026315055184,182.63158527967667,45.96622889305816,0.08747206676548239
8795,4.62966598361648,181.5796564400165,45.96622889305816,0.07868513565779364
8796,5.450670600708685,218.85066961525786,45.96622889305816,0.11165384045249886
8797,4.855221743289556,194.19079908395932,45.96622889305816,0.08824976690954234
8798,4.426644237790659,191.85255491243285,45.96622889305816,0.07949101742791907
8799,5.32537933006187,210.02000155396541,45.96622889305816,0.10468562599638462
8800,4.259655103822724,218.51576305615072,45.96622889305816,0.08712304711043072
8801,5.979532266447589,224.8728137702649,45.96622889305816,0.12585776540558447
8802,4.015848764664715,225.76939690193694,45.96622889305816,0.08486297854142859
8803,4.059987300132891,170.7412632612423,45.96622889305816,0.06488420893805358
8804,4.485037524807989,199.36529152550696,45.96622889305816,0.08369345215634671
8805,5.689235796188731,225.12342954258355,45.96622889305816,0.11988103363839141
8806,4.74486611399512,197.91638406758682,45.96622889305816,0.08789851925400652
8807,4.340760172761064,236.15161049182035,45.96622889305816,0.09594725452006757
8808,4.546330756353881,176.39701774016504,45.96622889305816,0.07506337991080159
8809,5.9750128491962355,176.93398089651816,45.96622889305816,0.09895231095199046
8810,4.3633267063554655,238.6295678150444,45.96622889305816,0.09745807651383452
8811,4.153138145042692,162.65254214400397,45.96622889305816,0.06322852946277757
8812,4.911789634255729,183.73274859552308,45.96622889305816,0.08446993869832167
8813,5.740064819868466,218.79744138510065,45.96622889305816,0.11755331602296507
8814,5.081285137787041,160.8047111463469,45.96622889305816,0.07648005351486901
8815,4.53108670033179,231.24011596169805,45.96622889305816,0.09807117971201282
8816,4.496640161775977,162.21536802882315,45.96622889305816,0.06827409938565937
8817,4.462057688392526,220.52811756776975,45.96622889305816,0.09210325948199981
8818,5.719445239503722,182.82098226789586,45.96622889305816,0.09787139825238468
8819,4.4644561602879955,226.99650704414464,45.96622889305816,0.09485573331659153
8820,4.392457215896719,189.06505193145415,45.96622889305816,0.07773107019258706
8821,4.761226290829318,191.6806974187669,45.96622889305816,0.08542265247310696
8822,4.150036706066904,227.5046065446166,45.96622889305816,0.08837267100100617
8823,4.430068367177206,189.3541043126902,45.96622889305816,0.07851651235373291
8824,5.274632883531057,224.28955450976017,45.96622889305816,0.11073301758321306
8825,5.174150300679607,188.93231093415827,45.96622889305816,0.09150000663286717
8826,4.010583308718201,199.6070731830205,45.96622889305816,0.074930618506528
8827,5.124484808240698,188.75956741922292,45.96622889305816,0.09053886213683005
8828,5.259005532929411,223.02700373782312,45.96622889305816,0.10978346308642879
8829,4.071104605544972,224.9148946777778,45.96622889305816,0.08570503315093485
8830,5.180961074493673,186.04352548387428,45.96622889305816,0.09021956708171387
8831,5.387745268721799,216.30844256511327,45.96622889305816,0.10908282415818249
8832,5.515850541836036,193.01383825347904,45.96622889305816,0.09964988133163181
8833,5.152907293077439,198.1111396819337,45.96622889305816,0.09555140429704764
8834,4.7278700633888056,170.3399530766581,45.96622889305816,0.07538030742061738
8835,5.838064059370683,170.19195519264255,45.96622889305816,0.09300016784487238
8836,5.29736734895649,191.9946791240823,45.96622889305816,0.09519740983259133
8837,5.642838281543116,197.70900170297975,45.96622889305816,0.10442389683166715
8838,4.372928948771507,172.0540247800097,45.96622889305816,0.07042277040675127
8839,4.78307669970468,202.79178926340572,45.96622889305816,0.09078906864617158
8840,5.258835772035356,227.90717394875227,45.96622889305816,0.1121820709525011
8841,4.748633588073706,222.49653892703597,45.96622889305816,0.09889350475484113
8842,4.449614671342973,230.26058457908536,45.96622889305816,0.09589983393511006
8843,4.194635721647125,224.30390320469513,45.96622889305816,0.08806572823345064
8844,4.536144458900102,212.53796628134262,45.96622889305816,0.09024003312976166
8845,5.087856713332468,206.24968487804645,45.96622889305816,0.09822092378243887
8846,5.960866692651965,207.87827189410672,45.96622889305816,0.11598300483678135
8847,4.430333642962193,192.84246835353449,45.96622889305816,0.07996776609168696
8848,4.193379253222985,186.8345564895724,45.96622889305816,0.07333261911785073
8849,4.585912035799952,211.49405559518652,45.96622889305816,0.09078199744106472
8850,5.827710865587152,182.51222485650248,45.96622889305816,0.09955562534412067
8851,5.695160595457461,230.08567952526215,45.96622889305816,0.12265109022922016
8852,5.265275573613815,215.90796712439686,45.96622889305816,0.10640587889399847
8853,5.596462334986904,189.77389913203498,45.96622889305816,0.09940904800220517
8854,5.97293846403286,190.54352459723495,45.96622889305816,0.1065266043322306
8855,4.169719882237691,218.6281401520932,45.96622889305816,0.08532745442290662
8856,4.669970482550258,162.21887885933074,45.96622889305816,0.07090737039224006
8857,4.358137126654711,189.54719218423347,45.96622889305816,0.07732040055585425
8858,4.425528953360989,170.91182077470248,45.96622889305816,0.07079671977862444
8859,4.325140579445958,210.11978855468888,45.96622889305816,0.08506345760850499
8860,4.256754954227162,222.66541006726322,45.96622889305816,0.08871708338427593
8861,5.6834906382260995,217.8786775956019,45.96622889305816,0.11590594932231303
8862,4.4902628552325625,206.11413423411474,45.96622889305816,0.08662742158729124
8863,4.122100488649059,235.41573326306516,45.96622889305816,0.09083012413357186
8864,4.014741010319618,177.7207056463497,45.96622889305816,0.06678384385994955
8865,4.165983675689921,239.57744914651892,45.96622889305816,0.0934198894706529
8866,4.081404234459349,160.13773025302086,45.96622889305816,0.06117572544888993
8867,4.201283451798552,230.50007392901622,45.96622889305816,0.09064187928771943
8868,4.801470208624267,235.57793197251783,45.96622889305816,0.10587287151561359
8869,5.918983994367792,218.08830340031972,45.96622889305816,0.1208246061845459
8870,4.337738586563008,237.68642925522948,45.96622889305816,0.09650362135590891
8871,4.876386008933339,197.16111417149884,45.96622889305816,0.08999019419379028
8872,5.273653287203957,217.28876494212832,45.96622889305816,0.10725676505009321
8873,5.924982808444079,237.67354618307544,45.96622889305816,0.13180861279466355
8874,4.827218289262765,171.36979707881602,45.96622889305816,0.07742960958901984
8875,5.831184880541808,169.5170552845511,45.96622889305816,0.09252222312240127
8876,5.105331600017761,173.29532764416885,45.96622889305816,0.08281073851663455
8877,4.716527333682868,202.37873580211107,45.96622889305816,0.08934352494601629
8878,5.409995674678347,238.01716088532086,45.96622889305816,0.12052608149919225
8879,5.837193390076205,201.63565941750062,45.96622889305816,0.110165921270074
8880,4.624843108153498,202.9561792795182,45.96622889305816,0.08785674958301705
8881,4.733336310787998,196.75911211603912,45.96622889305816,0.08717221186663905
8882,5.82871267705694,201.1400258223526,45.96622889305816,0.10973546235983514
8883,4.083304098045266,214.7241345211616,45.96622889305816,0.08206697663793554
8884,4.56195247869075,177.10823484391972,45.96622889305816,0.07562499524824262
8885,5.533010042436717,173.24411017535695,45.96622889305816,0.08972134717040944
8886,5.218554674202207,225.37263026735292,45.96622889305816,0.11008477519593285
8887,4.601102802019161,197.77894039319693,45.96622889305816,0.0851761157666814
8888,5.1552798961554265,211.2884065375966,45.96622889305816,0.10195388185450915
8889,5.943858713616079,231.10579559502153,45.96622889305816,0.1285745944312108
8890,4.418049863618644,203.6620695364729,45.96622889305816,0.08422026711133511
8891,4.315684123343614,164.80087261593707,45.96622889305816,0.06657098848562194
8892,4.7362131585925376,185.5843048899373,45.96622889305816,0.08227129499297003
8893,5.140931457367601,211.30012238496053,45.96622889305816,0.10167575615631416
8894,4.771190813811072,229.37955220388665,45.96622889305816,0.10243711411607992
8895,5.683497512569363,217.69216337819276,45.96622889305816,0.11580686854455906
8896,4.701487645196502,179.37482971454207,45.96622889305816,0.07893555188333685
8897,4.232124101306823,180.03684471971772,45.96622889305816,0.07131742204032122
8898,5.918215256056221,193.41298956272118,45.96622889305816,0.10714014843943687
8899,4.831411202971719,197.655816294342,45.96622889305816,0.08938393075656759
8900,5.295995551517596,233.60002400410193,45.96622889305816,0.11579674279306794
8901,4.228268224872416,225.62279431601948,45.96622889305816,0.08929380957244956
8902,4.897871636222278,181.97761948242606,45.96622889305816,0.08342596275532507
8903,5.087712209198879,203.23096243886872,45.96622889305816,0.09678058873586731
8904,4.266761346752456,167.76000654728952,45.96622889305816,0.06699812291330313
8905,5.253754469965191,218.83048473861112,45.96622889305816,0.10761020125690794
8906,5.229652100993606,188.23302283071658,45.96622889305816,0.09213920570303603
8907,5.1117108813488645,232.50875697992143,45.96622889305816,0.11124524203071208
8908,5.847766449320056,178.583122381015,45.96622889305816,0.09774763984201479
8909,4.190155356585567,212.26051730058907,45.96622889305816,0.0832482652770931
8910,4.348797201198805,224.08499822736297,45.96622889305816,0.09121321994820006
8911,4.561654127557169,172.0382057204735,45.96622889305816,0.07345529485840985
8912,5.632179033219058,176.68067362327324,45.96622889305816,0.09314109656804338
8913,4.01767751262312,225.7410089654221,45.96622889305816,0.0848909482571808
8914,4.187632683351744,193.57895380819267,45.96622889305816,0.07587567503345469
8915,4.791621696270676,171.43913946892206,45.96622889305816,0.07688973242520285
8916,4.0703612686489015,166.7751764961916,45.96622889305816,0.06353897649673232
8917,4.855028027060334,236.56719248015312,45.96622889305816,0.10750337673885765
8918,5.449885682611509,217.18338059912696,45.96622889305816,0.11078726222569336
8919,5.339424390597678,221.52943664585342,45.96622889305816,0.110713793791745
8920,5.058880562769839,238.8482223300915,45.96622889305816,0.11309731331163678
8921,5.2154583251442554,210.46971049581265,45.96622889305816,0.1027443459553138
8922,4.042341152415933,220.3721204573691,45.96622889305816,0.08338068567223052
8923,4.711752686339979,221.9020100786458,45.96622889305816,0.09786323589983933
8924,5.694932911074675,161.78322028509686,45.96622889305816,0.08623785321789228
8925,4.769507542802903,232.39555876786486,45.96622889305816,0.10374739787479645
8926,4.255891181834475,219.54446155315946,45.96622889305816,0.08745584683162293
8927,4.646440378533093,200.74863720123633,45.96622889305816,0.0873069513102367
8928,5.807247709928376,210.6362674000855,45.96622889305816,0.11449310946718393
8929,4.867382578445569,215.76708834161974,45.96622889305816,0.09830068249209865
8930,4.445783062143294,160.98306827180474,45.96622889305816,0.06698912671289095
8931,5.237219468276788,228.88993066526248,45.96622889305816,0.11220270057103882
8932,5.3991514458548755,201.553182345604,45.96622889305816,0.10185703219017321
8933,4.286651468572775,166.7941988896383,45.96622889305816,0.06692293273720275
8934,4.559754666338671,237.05835554942337,45.96622889305816,0.10117485545647473
8935,4.923821559927174,224.3744664170437,45.96622889305816,0.1034073925785946
8936,4.025851820784631,197.8043735524766,45.96622889305816,0.07453659071901757
8937,4.493736294620254,236.21936713109918,45.96622889305816,0.0993571060780815
8938,4.397346823854582,163.9772516902144,45.96622889305816,0.0674916696702488
8939,4.324027822915248,165.04550277300334,45.96622889305816,0.06679870198911021
8940,4.630774555983172,239.65702149414602,45.96622889305816,0.10387705885107443
8941,5.861085619754883,205.75611132325108,45.96622889305816,0.11287731173971749
8942,5.662052942713202,191.9932257247037,45.96622889305816,0.10175029569390427
8943,5.782030934626579,176.80961532911425,45.96622889305816,0.0956890270788533
8944,4.806339291559944,169.648944320332,45.96622889305816,0.07632054020995342
8945,5.8731962801952875,187.05426729547386,45.96622889305816,0.10282956155544686
8946,4.491977343788656,177.7467863566973,45.96622889305816,0.07473347268618132
8947,4.947886178123556,200.32569827773207,45.96622889305816,0.09277526733989346
8948,5.345545488153213,224.7324470597669,45.96622889305816,0.11244331972429619
8949,5.405367033244866,199.40587177041755,45.96622889305816,0.10088787622710588
8950,5.071370476956993,238.02981941654787,45.96622889305816,0.11298806052997183
8951,4.894170278897131,185.71945464384382,45.96622889305816,0.08507703064825074
8952,5.2912786505130365,213.82292679956035,45.96622889305816,0.10589872995605829
8953,5.874789098965028,188.1753087474054,45.96622889305816,0.10347388763621229
8954,5.0193635894571855,209.94554730854503,45.96622889305816,0.0986350281629705
8955,5.417544226546762,163.20437188129802,45.96622889305816,0.0827580220864223
8956,5.800665989427233,174.20863788092134,45.96622889305816,0.09458524490878058
8957,4.450410908491396,215.54950687793342,45.96622889305816,0.08978897086188083
8958,4.397716696607354,170.68412505882608,45.96622889305816,0.0702580719313528
8959,5.898687264745712,211.44541313560964,45.96622889305816,0.11674263422501935
8960,5.89472334784357,165.04816444575644,45.96622889305816,0.09106468192945893
8961,4.070901890738951,182.350919384393,45.96622889305816,0.06948234095399172
8962,4.076823587926038,195.0833407222996,45.96622889305816,0.07444198617037259
8963,5.923062854949756,188.55065679273915,45.96622889305816,0.10453223584678242
8964,5.464491531840834,211.7147690288485,45.96622889305816,0.10828710945222585
8965,4.064482337371339,178.56541907551596,45.96622889305816,0.06793263284162901
8966,5.260105054122403,167.36294725188344,45.96622889305816,0.08240044968908562
8967,4.914703326936383,214.2076038456232,45.96622889305816,0.09853897465855453
8968,4.679621757238276,184.97069167380693,45.96622889305816,0.08101949293228376
8969,5.446494052571861,193.50731813219755,45.96622889305816,0.09864845240666319
8970,5.063959444545721,175.9807869769334,45.96622889305816,0.0834125355901123
8971,5.579169314627101,207.97898866362766,45.96622889305816,0.10860875921743747
8972,5.945841002550538,220.4813426991355,45.96622889305816,0.12270463992239701
8973,5.19875315953092,209.15364241693814,45.96622889305816,0.10177485171445401
8974,4.665971780475372,195.63479203440176,45.96622889305816,0.08544055281013387
8975,5.346562572872869,201.2025907361626,45.96622889305816,0.10068947377585426
8976,5.908538914814049,204.272003273713,45.96622889305816,0.11297043393945717
8977,4.025423048600163,170.0999525136882,45.96622889305816,0.06409019161718725
8978,4.092294056756251,232.25021079788135,45.96622889305816,0.08896082432595287
8979,4.6303190894194515,226.89118096814894,45.96622889305816,0.0983341538204448
8980,4.891154208021,233.63865086403626,45.96622889305816,0.10696258594288613
8981,4.9644282779996125,228.81009719567578,45.96622889305816,0.10632129925342093
8982,5.343404334170709,181.29681077830327,45.96622889305816,0.09067426659571294
8983,5.153102066474598,181.44187447012015,45.96622889305816,0.08751492343872727
8984,4.399790524679904,185.53636575709763,45.96622889305816,0.07640765908229592
8985,4.5933729061153015,199.72491656732973,45.96622889305816,0.08586967151285746
8986,5.274126524744456,237.39410361641959,45.96622889305816,0.11719155602244095
8987,4.938340538212537,220.8775421192532,45.96622889305816,0.10209593349336471
8988,4.982083134101935,194.70445649478003,45.96622889305816,0.09079516263515514
8989,4.824655202236594,230.0556715213383,45.96622889305816,0.10389031776952524
8990,4.292405312052118,183.21514024632688,45.96622889305816,0.0736101888202238
8991,5.441778963309699,183.6627195313244,45.96622889305816,0.09354870003864628
8992,4.004427192863583,177.33759438402546,45.96622889305816,0.0664686814211226
8993,4.058773825163147,183.38991266692722,45.96622889305816,0.0696700533982265
8994,4.653437395815937,236.2583293909001,45.96622889305816,0.10290508909767346
8995,5.615987159612969,169.78477547804167,45.96622889305816,0.08924845353675759
8996,4.245688311458039,239.759500809831,45.96622889305816,0.09527956870997577
8997,5.343065763115991,210.03992589993624,45.96622889305816,0.10504326801977133
8998,5.176980645067508,171.97677432614336,45.96622889305816,0.08333399244339813
8999,4.528751177034998,194.59003367571918,45.96622889305816,0.08248498540291087
9000,4.892710386926483,237.66162093865296,45.96622889305816,0.10883896745345506
9001,4.087532243031689,161.17615446709843,45.96622889305816,0.061664871358782514
9002,5.829777416424288,230.20457559688364,45.96622889305816,0.12561507840700262
9003,4.579177302065757,185.70600687302016,45.96622889305816,0.07959563647122685
9004,5.18406865041253,176.16355523155403,45.96622889305816,0.0854796350323764
9005,5.750942929136187,181.56460308643503,45.96622889305816,0.09773409394020655
9006,4.119841275548501,202.61951454345842,45.96622889305816,0.07813355839358845
9007,5.466879333820516,236.4991863115863,45.96622889305816,0.12101661132089994
9008,5.249754878452095,168.1484837235474,45.96622889305816,0.08262430700771667
9009,5.324677475354248,167.4018179147172,45.96622889305816,0.08343136050760817
9010,4.388384142955496,183.72926465230935,45.96622889305816,0.07546730177348557
9011,4.110945080830525,189.27042036191565,45.96622889305816,0.0728283164107396
9012,5.534041812703064,164.29830221016454,45.96622889305816,0.08510427190391956
9013,4.991702285847195,178.1041571134733,45.96622889305816,0.0832144180778551
9014,5.132757442243573,199.3886406619111,45.96622889305816,0.09579150633838535
9015,4.332072887908558,228.2100499247885,45.96622889305816,0.0925350725545679
9016,5.000940404940592,238.8537570659659,45.96622889305816,0.11180458266897379
9017,5.969378220249539,180.08485633791955,45.96622889305816,0.10061949635902423
9018,5.766100436174451,217.56403789903632,45.96622889305816,0.11742083438206756
9019,4.864441137044108,225.20999972538348,45.96622889305816,0.10254074567610254
9020,4.8408065175155555,199.39264846045128,45.96622889305816,0.09034470733504701
9021,4.743618952209221,227.4864109535883,45.96622889305816,0.1010045883945849
9022,5.813411331923849,172.10129372753573,45.96622889305816,0.09364638920779689
9023,5.1796320705705,169.3532311594772,45.96622889305816,0.0821047432016792
9024,5.770809124125784,177.6174874461753,45.96622889305816,0.09593968336605294
9025,4.072151153264994,219.65042023018844,45.96622889305816,0.08372049304839504
9026,5.332458936697013,192.88412124673346,45.96622889305816,0.09627196700993922
9027,5.238290016515224,221.69704773004827,45.96622889305816,0.10869893721790376
9028,4.340228246592581,184.36341223116423,45.96622889305816,0.07489678148820422
9029,4.971125080705806,210.6521988549475,45.96622889305816,0.09801590095755022
9030,5.227354610546548,199.4944561536494,45.96622889305816,0.09760872561834469
9031,5.322906523437679,161.6805777156198,45.96622889305816,0.08055315233181638
9032,4.647082906425053,205.79553878946032,45.96622889305816,0.08951425989733049
9033,4.6124380430500915,235.32523471259123,45.96622889305816,0.10159559889130529
9034,5.927267141736032,189.70950268109385,45.96622889305816,0.10524935320068607
9035,4.463058995449589,177.93939219849796,45.96622889305816,0.07433281486765729
9036,4.887938969358432,236.60282802320415,45.96622889305816,0.10824841716203087
9037,4.472959554521381,186.48628730870905,45.96622889305816,0.07807603008860083
9038,5.118333885957978,205.5911623691066,45.96622889305816,0.09849380233748203
9039,5.325124999844058,218.23719708260887,45.96622889305816,0.10877633714193435
9040,5.582631502064683,199.29981284631126,45.96622889305816,0.10414098990841225
9041,4.142297942396207,214.1007815012617,45.96622889305816,0.08301095961706982
9042,5.18508896363084,177.12670997483778,45.96622889305816,0.08596390131152669
9043,5.707736028730881,219.3205995723506,45.96622889305816,0.11717073463885584
9044,4.843817514291655,237.5023277210242,45.96622889305816,0.1076791186879325
9045,5.353596808678003,234.39606390715767,45.96622889305816,0.1174550850439242
9046,5.457396795872254,216.84152963040927,45.96622889305816,0.11076532917999442
9047,4.435810667165353,193.53231465424116,45.96622889305816,0.08035304526142777
9048,5.2718841972011115,226.26046045898113,45.96622889305816,0.11164785334046601
9049,5.822418586731953,166.5434469447663,45.96622889305816,0.09076257786862788
9050,5.429622306675704,181.28235593145314,45.96622889305816,0.09212998612635254
9051,5.419889644638879,185.39279936845645,45.96622889305816,0.09405007686244969
9052,5.1418549053309,202.1407950536477,45.96622889305816,0.09728584057427853
9053,5.74411157777529,212.30773002241978,45.96622889305816,0.11414700555083017
9054,4.485942709296701,210.31496494700778,45.96622889305816,0.08830793871057795
9055,5.281603628876139,189.145463052476,45.96622889305816,0.09350559167446365
9056,4.525583606559524,232.77141104212856,45.96622889305816,0.09860071870471546
9057,4.307886119523799,171.3364810133847,45.96622889305816,0.06908597732327737
9058,5.178279203726132,184.6703655109639,45.96622889305816,0.08950731316206526
9059,5.00845879120971,181.42204146284618,45.96622889305816,0.08504915501008412
9060,4.736183765311103,192.65659196217896,45.96622889305816,0.08540597736510254
9061,5.124040481047875,166.3026018369585,45.96622889305816,0.07976042230255277
9062,4.864385093465485,214.9847510132843,45.96622889305816,0.09788394265897186
9063,5.418334036488222,181.67383713513465,45.96622889305816,0.09213698850302401
9064,5.086939206900783,190.73641550428508,45.96622889305816,0.09081676189988684
9065,4.073639163115736,194.5477235956271,45.96622889305816,0.07417961234743756
9066,5.347221185930099,235.63401413769887,45.96622889305816,0.11793480122013933
9067,4.2242850679649075,194.19512948481085,45.96622889305816,0.07678341082659296
9068,5.882312037788495,197.5570570168951,45.96622889305816,0.10877183503435549
9069,5.787426990308269,214.57271124603642,45.96622889305816,0.11623471708202021
9070,5.731993065671633,220.66312515856322,45.96622889305816,0.11838897750497834
9071,4.144415052761997,221.00062369899155,45.96622889305816,0.08572995395901052
9072,4.255708340380644,219.88752132220225,45.96622889305816,0.08758874202965855
9073,4.838099848318946,214.78096611898314,45.96622889305816,0.09726273269875181
9074,4.12105713057289,169.12091881145724,45.96622889305816,0.06523517224195871
9075,4.213164799041053,190.04129985589054,45.96622889305816,0.07494320947621655
9076,4.3393112057963235,160.63246470671905,45.96622889305816,0.06524240618530892
9077,5.758274862640918,220.13194243237857,45.96622889305816,0.11864550958160314
9078,5.136952027887872,217.93798459934015,45.96622889305816,0.10478866057371282
9079,4.604748997498148,216.44855790323825,45.96622889305816,0.09329030380939055
9080,5.040009868636266,167.10713847230562,45.96622889305816,0.07883194428907082
9081,5.329233306381948,239.480966284402,45.96622889305816,0.1194569945494256
9082,4.51208940990465,160.3640277292702,45.96622889305816,0.06772679140470944
9083,5.501445777861255,182.30650016233696,45.96622889305816,0.09387605687566869
9084,4.810435174194319,160.621715993667,45.96622889305816,0.07232100898046415
9085,4.128969474049603,216.71449677483147,45.96622889305816,0.08375398590941929
9086,5.92819722459976,207.24201666086736,45.96622889305816,0.11499429689180889
9087,5.684682116885912,176.46429160435605,45.96622889305816,0.09389422249760813
9088,4.1352319253429695,187.7635143012904,45.96622889305816,0.07267531553130768
9089,4.4163688727966335,209.33221709253425,45.96622889305816,0.08653210372319532
9090,5.912628759963504,178.49756965019017,45.96622889305816,0.09878449126078756
9091,5.8035860903057905,202.97373927814553,45.96622889305816,0.11025851334937917
9092,4.204101945876483,202.87960027052767,45.96622889305816,0.07983392248503063
9093,4.934124988489176,219.92120133178642,45.96622889305816,0.1015671098510384
9094,5.49737003606919,211.28175563858395,45.96622889305816,0.10871583770882431
9095,5.335683591994058,208.58390718691345,45.96622889305816,0.10417097163388271
9096,4.473542549238639,234.0431441977719,45.96622889305816,0.0979993838235042
9097,4.423579161521664,207.61221784533572,45.96622889305816,0.08596121793834963
9098,5.547542595311977,166.69439593391084,45.96622889305816,0.0865560629085207
9099,4.9003475633556635,162.39046658483676,45.96622889305816,0.07448404646977576
9100,4.452437361312223,210.89254078176137,45.96622889305816,0.08788907348196542
9101,5.826731432875308,184.3391793819955,45.96622889305816,0.10053528178033203
9102,5.669795815874512,201.98874668415502,45.96622889305816,0.1071939913952131
9103,5.521691324570639,224.80907856311504,45.96622889305816,0.11618814531043246
9104,5.271847867995478,193.81815916747956,45.96622889305816,0.09563859388379888
9105,5.168173354879695,215.29369901753245,45.96622889305816,0.10414639485768026
9106,5.72226585187545,203.867741524612,45.96622889305816,0.10919239490252416
9107,5.747251517725687,191.09408366763913,45.96622889305816,0.10279767535944553
9108,5.518748668215768,208.7701953136417,45.96622889305816,0.10784126221598861
9109,4.1550349494417596,200.16842038088498,45.96622889305816,0.07784775483798712
9110,5.52738196554772,213.7838203508906,45.96622889305816,0.11060382838128685
9111,5.127017087043319,223.42213265606827,45.96622889305816,0.10721777898792366
9112,5.806378379581568,171.47356608811143,45.96622889305816,0.09319194207683208
9113,4.510697694051233,239.1059651283144,45.96622889305816,0.10095085031037387
9114,4.483296963426174,226.18619932207005,45.96622889305816,0.09491600669518133
9115,5.064223701921744,190.79171832340882,45.96622889305816,0.0904374377771702
9116,5.454675209360323,220.26538712704706,45.96622889305816,0.11245816732569663
9117,4.544238227890833,160.88240483771773,45.96622889305816,0.0684298343906018
9118,5.556745542898374,215.15720493847246,45.96622889305816,0.1119057113832212
9119,4.240725447837254,162.95072451771048,45.96622889305816,0.06468034100166033
9120,5.3212046687505135,208.09468129468286,45.96622889305816,0.10364462687099821
9121,5.526291884768206,229.85699484920644,45.96622889305816,0.11889604071936646
9122,5.328046290666082,210.84963178925545,45.96622889305816,0.10515179362362964
9123,5.041296907672202,205.30116850062993,45.96622889305816,0.09687451605658777
9124,5.948034401723716,163.7249982982941,45.96622889305816,0.09115160392731841
9125,5.087267901653173,179.8014862468202,45.96622889305816,0.0856157636555192
9126,5.450768522341936,219.89266850990745,45.96622889305816,0.11218746575158886
9127,4.530646411235859,220.67139307420663,45.96622889305816,0.09357978755680511
9128,5.287946989472695,235.7294344999545,45.96622889305816,0.11667471692705103
9129,5.631152072493947,221.75314178575655,45.96622889305816,0.11688072214561769
9130,4.280943028619586,238.9398583949378,45.96622889305816,0.095742309410763
9131,5.592486304198658,227.40676526648375,45.96622889305816,0.11903759901398939
9132,5.503331766470901,228.36811928415858,45.96622889305816,0.11763512516861595
9133,5.217656850908018,161.04992132875572,45.96622889305816,0.07865238189361921
9134,4.926884282861545,179.8679376178163,45.96622889305816,0.0829472449890184
9135,4.622490044780279,182.04497840577176,45.96622889305816,0.0787645029958414
9136,5.262541667264625,223.03689570372111,45.96622889305816,0.10986215357315827
9137,5.738955582663993,229.92356925708654,45.96622889305816,0.12350717976860527
9138,4.040411556479323,220.33509638574128,45.96622889305816,0.08332688236718987
9139,5.860004470759119,221.8931260384107,45.96622889305816,0.12170758491363919
9140,4.232976146175345,236.59361077949845,45.96622889305816,0.09373994236780156
9141,5.00424649171443,205.93371422168244,45.96622889305816,0.09645883106367238
9142,4.565907697542109,227.73126989628034,45.96622889305816,0.09732527608662762
9143,5.754112471519429,225.27214260055902,45.96622889305816,0.12132818055294584
9144,4.414225895303238,170.1751993818299,45.96622889305816,0.07031154984512865
9145,5.952859401353479,229.78610271630643,45.96622889305816,0.12803397626964116
9146,5.712945486144963,222.39142812530432,45.96622889305816,0.11891974587159787
9147,4.213048263604068,201.1767911261662,45.96622889305816,0.07933232085775148
9148,4.230832305391201,193.80949468277927,45.96622889305816,0.0767497041038938
9149,4.323146723769511,198.35797431856156,45.96622889305816,0.08026486666930799
9150,5.343280673263709,227.28201606550917,45.96622889305816,0.1136707981178559
9151,4.161235916383174,231.366215727419,45.96622889305816,0.09011521646923476
9152,4.379352608196595,235.47836309712488,45.96622889305816,0.09652432454526504
9153,4.963597829988771,164.5428567912187,45.96622889305816,0.07644541946268674
9154,5.581772393025452,163.77664796787937,45.96622889305816,0.08556574780253981
9155,5.254841865589843,223.75267511855742,45.96622889305816,0.11005346895666725
9156,4.925788980448464,214.49337732416137,45.96622889305816,0.09889299710807667
9157,5.145043329615772,165.6251887341422,45.96622889305816,0.07976112510721228
9158,5.386836046006671,236.21279173089223,45.96622889305816,0.11910034478383114
9159,4.685655604152442,170.0924237512229,45.96622889305816,0.0745986869385067
9160,4.512671634087496,210.84377791558703,45.96622889305816,0.08905747367308085
9161,5.966862306723115,224.93846422111713,45.96622889305816,0.1256277525509607
9162,5.562116505043294,188.82761356572658,45.96622889305816,0.09830631901164655
9163,5.220045135429773,192.33389588893607,45.96622889305816,0.09397361540860463
9164,4.117460324412136,199.30883670626343,45.96622889305816,0.07681248688864391
9165,5.095772699435414,227.8071484431047,45.96622889305816,0.1086558827115157
9166,5.526285048454962,196.3325174830849,45.96622889305816,0.10155501307151879
9167,4.995112990300496,223.40848513807794,45.96622889305816,0.10445297861761481
9168,4.578147886591047,188.79364223484313,45.96622889305816,0.080900840049052
9169,5.8072357414361075,220.81859815127123,45.96622889305816,0.12002755336021753
9170,5.88660943514875,230.30841040748933,45.96622889305816,0.12689685793501115
9171,5.524931115453143,180.9124758114072,45.96622889305816,0.09355591129099249
9172,5.041982951271741,193.3350518050518,45.96622889305816,0.0912405344838914
9173,4.780535391315011,222.33220360387858,45.96622889305816,0.09948434820081231
9174,4.775072603778259,171.81673364637155,45.96622889305816,0.07679293855323059
9175,4.697131323629404,224.57578103131172,45.96622889305816,0.09873507717316268
9176,5.01554000125764,161.0114895422724,45.96622889305816,0.07558757542078173
9177,5.246232896293698,173.9881262335891,45.96622889305816,0.08543641686008419
9178,4.215446698135254,184.3502273728144,45.96622889305816,0.07273829696133441
9179,5.540431242380833,164.00475328692784,45.96622889305816,0.08505030072332248
9180,4.414427873614371,176.21769321309012,45.96622889305816,0.0728114677752282
9181,5.645541497337064,180.01267672427755,45.96622889305816,0.09512278181580384
9182,5.158699636573926,170.10102301368394,45.96622889305816,0.08213400801230457
9183,5.582021367292418,180.86151298338612,45.96622889305816,0.09449601688744744
9184,4.922345983746288,186.55368097301098,45.96622889305816,0.08595117295039893
9185,5.31491913919526,180.67556462753564,45.96622889305816,0.08988183513726762
9186,4.000837413045509,202.04009361885352,45.96622889305816,0.07565964732944526
9187,5.949795445834727,226.46896754204482,45.96622889305816,0.12612076136754594
9188,5.985878744280148,195.57968322395274,45.96622889305816,0.10957904274314118
9189,5.135595224333988,223.81288775132643,45.96622889305816,0.10758500040413842
9190,4.674584640483774,169.03169643038981,45.96622889305816,0.07395831816875577
9191,4.337657430707161,237.0022066788699,45.96622889305816,0.09622401823893403
9192,5.58054027154892,183.11178352232815,45.96622889305816,0.09564634704844444
9193,5.561608662899747,216.39598853509688,45.96622889305816,0.11264851769685223
9194,4.938593941631919,161.8202809873142,45.96622889305816,0.07480181211208287
9195,5.455968227475835,183.23400089870213,45.96622889305816,0.09357368783224154
9196,4.543092530951285,202.08521054834273,45.96622889305816,0.08593339347757886
9197,4.5318655341015255,217.31306247243697,45.96622889305816,0.09218042289414399
9198,4.583940960734514,224.53986760449916,45.96622889305816,0.09634037366586379
9199,4.874555537964875,201.32273099522178,45.96622889305816,0.0918551867960349
9200,4.070066095651285,161.63107142275325,45.96622889305816,0.06157467985982408
9201,4.423591813189238,187.83193444573777,45.96622889305816,0.07777147317916049
9202,4.352452217864505,200.1916873040428,45.96622889305816,0.08155599691866293
9203,5.202456787643938,224.26112383215408,45.96622889305816,0.10920394423085916
9204,5.027734675481235,189.38080220227204,45.96622889305816,0.08912184148322361
9205,5.847598583156926,194.8586525204592,45.96622889305816,0.10665300488492567
9206,4.561849531715197,166.0770738448256,45.96622889305816,0.07091310297685983
9207,4.369130944906862,215.28915786317359,45.96622889305816,0.08804264243326629
9208,4.3969431263545165,189.19333677522735,45.96622889305816,0.07786325118180128
9209,4.054964967406136,190.2467436051523,45.96622889305816,0.07220714721311423
9210,5.296025680280736,177.5491825131843,45.96622889305816,0.0880125508176104
9211,4.007696519398651,226.67120266919244,45.96622889305816,0.08502899090261742
9212,5.442061803778967,239.41639055590093,45.96622889305816,0.12195319914113505
9213,4.271042902296688,214.19957709715476,45.96622889305816,0.08563048260958664
9214,4.51471703792668,200.18253200507047,45.96622889305816,0.08459263687105244
9215,5.493416955347017,173.46617808290367,45.96622889305816,0.08919350330528365
9216,4.930944918999923,181.52842706322392,45.96622889305816,0.0837819847876239
9217,4.309874102901852,217.8255010591354,45.96622889305816,0.08787172548645389
9218,4.516829733525221,202.357624187134,45.96622889305816,0.08555179779749955
9219,5.385217536351492,195.44366188062114,45.96622889305816,0.09851462106672633
9220,4.266733189946083,160.97658772139008,45.96622889305816,0.06428861240584742
9221,4.7642154653272195,239.2408880755615,45.96622889305816,0.10668482500180831
9222,5.9455365793016215,195.86474962480122,45.96622889305816,0.10899916873466486
9223,4.83190465591195,211.69369814944793,45.96622889305816,0.09574192047097421
9224,5.6651601665078255,206.2584697874471,45.96622889305816,0.10937040819538424
9225,5.4482225430598135,161.91893182802707,45.96622889305816,0.08257114705634705
9226,5.7570291067987975,203.11088582043797,45.96622889305816,0.10944791035550878
9227,4.984835896163932,177.28585849716046,45.96622889305816,0.08271814929944762
9228,4.271738209451445,189.45055865744573,45.96622889305816,0.07574890660449216
9229,5.84010829716401,204.7347917005532,45.96622889305816,0.11191502609619189
9230,4.823943141285092,171.1344894138422,45.96622889305816,0.07727082914727355
9231,4.123777097135932,208.5047377887458,45.96622889305816,0.08047981303479589
9232,5.9163843800650575,195.8335197915967,45.96622889305816,0.10844742894225214
9233,4.473989655914624,190.1409754630381,45.96622889305816,0.07962446769143715
9234,5.020432020172286,220.29209867529212,45.96622889305816,0.10351799695976446
9235,4.906997875480321,234.12742931716997,45.96622889305816,0.10753355791629567
9236,5.281544321298967,169.6470598437193,45.96622889305816,0.08386545637479312
9237,4.228566460380095,204.11993162581092,45.96622889305816,0.08078940761748313
9238,5.605605386732673,202.66392653679824,45.96622889305816,0.10633465424004425
9239,5.607804268392898,166.42751329433972,45.96622889305816,0.08735621725864931
9240,4.657813484193099,163.8461214800141,45.96622889305816,0.07143221348287597
9241,4.712170185215233,205.50236052486156,45.96622889305816,0.09063869220961818
9242,5.851142977100585,196.81215099469776,45.96622889305816,0.10778751688542418
9243,4.7509271927507815,214.36174421218962,45.96622889305816,0.09532383491247355
9244,5.436314547402643,173.6902318323914,45.96622889305816,0.08838037110728282
9245,5.401152662973507,203.17247798631809,45.96622889305816,0.10271341740055297
9246,5.018337269524236,238.5076521738446,45.96622889305816,0.11203094822126008
9247,5.542344287996177,225.18876005741873,45.96622889305816,0.11681969251915651
9248,5.642647928898343,211.8072808297588,45.96622889305816,0.1118664063971652
9249,4.05130889151816,189.47773880932374,45.96622889305816,0.07185043457120588
9250,5.53373885126104,174.38185600698975,45.96622889305816,0.09032246978422709
9251,5.914801215718314,160.56780584021843,45.96622889305816,0.08889441473848536
9252,5.116831136581756,166.76031547249184,45.96622889305816,0.07986741745842688
9253,5.520860367005538,209.3465579636578,45.96622889305816,0.10818036354814284
9254,4.809777269654955,168.1098417837964,45.96622889305816,0.07568223584847071
9255,4.903462631250301,187.9714375038862,45.96622889305816,0.0862721420691974
9256,4.375830470687371,174.69567244847244,45.96622889305816,0.07155145732150223
9257,5.694955365075482,186.29819624667147,45.96622889305816,0.09930584778368591
9258,4.1987772730991395,172.65208353556568,45.96622889305816,0.06785322752541971
9259,5.322123764432293,189.5709813087928,45.96622889305816,0.09443493302913786
9260,4.1126960893954925,164.3896708446831,45.96622889305816,0.06328153320090643
9261,4.118919978001752,218.98363635835727,45.96622889305816,0.08442496058741863
9262,5.7000017344284375,227.61607284858152,45.96622889305816,0.12143776413793793
9263,5.0912414953993,191.378182195575,45.96622889305816,0.09119939797876742
9264,4.634583430787222,219.6298976877407,45.96622889305816,0.09527479273064338
9265,5.615781074053288,235.11411876003478,45.96622889305816,0.12358470555993001
9266,5.969645112141922,216.39767366590652,45.96622889305816,0.12091410067263339
9267,4.384710651209389,236.97374410979927,45.96622889305816,0.09725613766644721
9268,4.245360890215315,182.3396661245767,45.96622889305816,0.07245554353129836
9269,5.664639584878542,201.2193547105225,45.96622889305816,0.1066885674132978
9270,4.48858861325217,201.9076484401521,45.96622889305816,0.08482784279271018
9271,5.5409168658776835,181.89778779797652,45.96622889305816,0.09433761669780065
9272,5.001965477023904,182.97461129912585,45.96622889305816,0.08566577968011294
9273,4.79571637358249,176.9603886586523,45.96622889305816,0.07943381160304075
9274,5.415084622777782,185.13178339684123,45.96622889305816,0.09383439999582437
9275,5.013541920727283,224.36380733438705,45.96622889305816,0.10528664829367734
9276,4.283187948724325,212.9290907466916,45.96622889305816,0.0853646335232238
9277,4.66113452747999,199.04144204801563,45.96622889305816,0.08683823659019307
9278,5.43212093332947,233.8832895830422,45.96622889305816,0.11891714452488017
9279,5.721231786992795,232.00758084432658,45.96622889305816,0.12424175209834705
9280,4.0992346431325295,193.67844221284923,45.96622889305816,0.07431216436302547
9281,5.602608988433847,224.91892708132823,45.96622889305816,0.1179484303172523
9282,4.839446984622842,182.83301926492098,45.96622889305816,0.08281828187297606
9283,5.0975320258255294,219.7251469463969,45.96622889305816,0.10483723911384163
9284,5.383149305205334,180.05008064644815,45.96622889305816,0.09072053326759097
9285,4.000556956993363,230.8993538044672,45.96622889305816,0.08646075511891584
9286,4.890732087845255,226.59775365865477,45.96622889305816,0.1037302254941507
9287,5.742707490382765,235.10373069128906,45.96622889305816,0.1263723510121299
9288,4.705611912538794,212.7789942043119,45.96622889305816,0.09371750261944198
9289,5.192621041678929,173.13101080975488,45.96622889305816,0.08414674909972113
9290,4.873909267074786,194.44727494563423,45.96622889305816,0.08870643992948077
9291,4.3816988091908,189.99452525832717,45.96622889305816,0.07792188628322436
9292,4.8725396208921685,223.98085323115015,45.96622889305816,0.10215088244618518
9293,5.716501371809492,217.3689913940676,45.96622889305816,0.11630643686934788
9294,5.610229562630174,167.87778515197178,45.96622889305816,0.08815556067256869
9295,5.114030967705263,180.70522919811782,45.96622889305816,0.08649876813041431
9296,4.8372865217460665,216.24382445035576,45.96622889305816,0.09790872038293585
9297,5.893840744986968,188.5469225353269,45.96622889305816,0.10401445401802521
9298,5.1549652341186105,168.5677646741604,45.96622889305816,0.08133474646331276
9299,5.365087191294115,179.04502338124647,45.96622889305816,0.08991142632647892
9300,4.93805893057994,186.06469329102757,45.96622889305816,0.08599953214676082
9301,4.101310006867911,219.2598223055481,45.96622889305816,0.08417003431129719
9302,5.2387534017149235,225.40888070883668,45.96622889305816,0.11052864019924008
9303,5.892628969128637,192.86894345256854,45.96622889305816,0.1063768795534073
9304,5.512576646961623,184.7883770570648,45.96622889305816,0.09534658461070528
9305,4.865711364169645,226.87284320233917,45.96622889305816,0.10332483140220693
9306,5.7970122350189195,190.0759233741867,45.96622889305816,0.10313526163661874
9307,5.605553832093658,221.27120684880208,45.96622889305816,0.11609654111483605
9308,4.3729758983913625,210.04854318390963,45.96622889305816,0.08597508349579851
9309,4.992227299415663,165.0262809041464,45.96622889305816,0.07711223875530715
9310,5.094343538512279,238.36205920637877,45.96622889305816,0.11365831303112488
9311,5.559800576042867,176.07200610137238,45.96622889305816,0.09162740255267977
9312,4.442144707872635,185.52158547496933,45.96622889305816,0.07713704504504941
9313,4.035983011271542,165.88983150812487,45.96622889305816,0.06266787150400831
9314,5.4384982046619434,203.73197852879557,45.96622889305816,0.10370842554955713
9315,5.392112071265109,217.23315239246887,45.96622889305816,0.10963793910835626
9316,4.147334023239829,235.6699212566556,45.96622889305816,0.09148481621903325
9317,5.938711833031516,162.73114658585638,45.96622889305816,0.090456292913895
9318,4.135591909709498,225.57502998416305,45.96622889305816,0.08731815478167433
9319,5.216009800550062,239.33725314757592,45.96622889305816,0.1168488788739
9320,4.493817430962289,223.63891252953718,45.96622889305816,0.09406729269912172
9321,5.049348407557241,204.41466592320276,45.96622889305816,0.09661025723175864
9322,4.417776311212573,208.53932659949172,45.96622889305816,0.08623181707989792
9323,4.821351218059379,177.64968015570224,45.96622889305816,0.08016947656909344
9324,5.67412291843562,177.136248418448,45.96622889305816,0.09407669046392644
9325,4.600625752975953,166.94846699543925,45.96622889305816,0.07189111020116129
9326,5.352452094258897,182.70978113171168,45.96622889305816,0.09153568482177742
9327,5.915767248438535,219.32180420204367,45.96622889305816,0.12144195144122177
9328,5.80235386306405,175.7134031498553,45.96622889305816,0.09543000575709375
9329,5.2795574753316785,230.38726909522356,45.96622889305816,0.11384968877314705
9330,5.923032034836056,212.01711458091262,45.96622889305816,0.11754139752540921
9331,5.8952014886213,171.8102002231653,45.96622889305816,0.09480329802365084
9332,4.081127155515214,197.20690132584596,45.96622889305816,0.07533175480795404
9333,4.634627196329099,234.07981275071612,45.96622889305816,0.10154408156437819
9334,4.032168789853452,185.3639911562991,45.96622889305816,0.06995840903093023
9335,4.699494254120657,217.03821991306452,45.96622889305816,0.09546917958920366
9336,4.003719953711538,227.9922529900109,45.96622889305816,0.08543968361021395
9337,5.868897719260213,198.72908155164578,45.96622889305816,0.10916761316471066
9338,4.2163532805391455,164.05659762396604,45.96622889305816,0.06474504568764022
9339,4.516873329488899,170.7661938117152,45.96622889305816,0.07219641933564547
9340,5.005893675150948,192.81410935501168,45.96622889305816,0.09034336869481087
9341,4.383524368228564,226.65386961524203,45.96622889305816,0.09299560239325635
9342,5.200596444508975,210.10376870547515,45.96622889305816,0.10227343581071417
9343,5.3666831629893625,229.1847850904207,45.96622889305816,0.11512445512071781
9344,5.349857013755497,170.638574415736,45.96622889305816,0.08544668878093276
9345,4.766199327993613,201.72846302203106,45.96622889305816,0.08999434687396504
9346,4.370440353858578,235.21910393231505,45.96622889305816,0.09622183557394928
9347,4.50463833378108,221.76544481240052,45.96622889305816,0.0935038843886115
9348,5.903210490455596,181.98483250337284,45.96622889305816,0.10055399069081013
9349,4.911315747621545,179.90338043572362,45.96622889305816,0.0827014317839723
9350,5.644988297777323,223.61946831561133,45.96622889305816,0.11815402077618169
9351,5.786652882732708,165.0159759071947,45.96622889305816,0.08937772016287789
9352,5.4801002858554115,206.37188123081688,45.96622889305816,0.10585585345846858
9353,4.846967923716051,231.15837224884578,45.96622889305816,0.10487105137909013
9354,5.73470071519209,215.97884468883802,45.96622889305816,0.11593052968568206
9355,4.344139799636808,180.76978664858444,45.96622889305816,0.0735030714367844
9356,4.312159873080939,180.49933728562527,45.96622889305816,0.0728528111401686
9357,5.546328398140648,186.6881424005753,45.96622889305816,0.09691659860617202
9358,4.565231867310671,179.91167876003487,45.96622889305816,0.07687728633093648
9359,4.1009486877449985,187.2171480713215,45.96622889305816,0.07186307709732345
9360,4.188910421827041,204.9536686059426,45.96622889305816,0.08035864746765509
9361,4.369859151007118,181.73644483652217,45.96622889305816,0.07433362558817924
9362,4.956717163339728,190.48760534587367,45.96622889305816,0.08837648191208085
9363,4.643011447828846,236.52729260820075,45.96622889305816,0.10279141959563937
9364,4.116697147093254,230.4284437768723,45.96622889305816,0.08878934536106438
9365,5.8570711941444955,237.43235877502323,45.96622889305816,0.13016561024740755
9366,5.724124861593355,224.78789742190511,45.96622889305816,0.12043642967160706
9367,4.473446987937985,174.4118961835994,45.96622889305816,0.07302881398579185
9368,5.205444264927276,202.84010356400347,45.96622889305816,0.09882969911516487
9369,5.44175563157167,169.39812212200206,45.96622889305816,0.08628265011928259
9370,4.572158651425282,213.77878989185967,45.96622889305816,0.09148749888987949
9371,5.2237643375116605,187.88926962129108,45.96622889305816,0.09186739530216892
9372,4.2961796505014735,228.6296369877487,45.96622889305816,0.09193710183168935
9373,5.662265971875252,171.69662504787092,45.96622889305816,0.0909971672214743
9374,5.498595743088034,171.3534868503893,45.96622889305816,0.08819025259438758
9375,4.902870805442373,197.2893069667788,45.96622889305816,0.09053778084187623
9376,4.8036308690393135,187.37317937432834,45.96622889305816,0.08424670068103199
9377,4.935113763099711,216.93920424768064,45.96622889305816,0.10020999948697557
9378,4.66209683906442,206.410839758786,45.96622889305816,0.09007196548784324
9379,4.717254044872057,237.68678089201188,45.96622889305816,0.10494702771466319
9380,5.367467584556679,228.1817235224916,45.96622889305816,0.1146373492113952
9381,4.864195324198975,180.50784046401728,45.96622889305816,0.08218317683780824
9382,4.1579729252505695,225.3642416640182,45.96622889305816,0.08770866765884627
9383,5.396278194478614,225.69803995034405,45.96622889305816,0.1139981929183286
9384,5.358286470813383,163.02281118988313,45.96622889305816,0.08176174565202216
9385,4.849707810801938,186.5220883545991,45.96622889305816,0.08466846605384437
9386,4.867059617345408,213.44113364994186,45.96622889305816,0.09723455560429005
9387,5.132469943627177,210.85033842033192,45.96622889305816,0.10129233109750302
9388,4.420960933370319,199.6964176222788,45.96622889305816,0.08263476569482042
9389,4.470333272324911,200.88997103869758,45.96622889305816,0.08405702338275942
9390,4.590048243259012,177.37133818030603,45.96622889305816,0.0762037847268997
9391,5.8806279630370275,181.44066845841624,45.96622889305816,0.09986980241802966
9392,5.251870063275141,210.1131119436186,45.96622889305816,0.10328636097170998
9393,5.15337374195528,217.50144436466567,45.96622889305816,0.10491307933637374
9394,5.216711882581107,227.96983641105834,45.96622889305816,0.11131407653891982
9395,4.050957577175554,165.90148173798687,45.96622889305816,0.06290480331824362
9396,5.108236809442629,191.97276933020694,45.96622889305816,0.0917881255234197
9397,4.424091402655274,188.2217062001662,45.96622889305816,0.07794165901328934
9398,5.298880365080871,228.2515402159181,45.96622889305816,0.11320710380456213
9399,4.363082013236063,183.38537526581766,45.96622889305816,0.07489174046448133
9400,4.280068982160952,239.72929536934683,45.96622889305816,0.09603902142672013
9401,4.0398201059318195,172.61827332377493,45.96622889305816,0.06527165778662444
9402,4.7695772878294385,175.91419074914398,45.96622889305816,0.0785338003760556
9403,5.360382830661167,161.829122962466,45.96622889305816,0.08119482248863043
9404,5.029667151702314,175.73242147888104,45.96622889305816,0.08273075501821424
9405,5.263918661370947,169.38076123723044,45.96622889305816,0.08345437307568263
9406,4.394948655349857,226.40038607673762,45.96622889305816,0.09313369157276934
9407,5.80009138065318,188.90752646849185,45.96622889305816,0.10255573373857454
9408,5.175167521177128,214.03089474756908,45.96622889305816,0.10367564079844295
9409,5.521728091688431,202.858127818631,45.96622889305816,0.1048439267931236
9410,5.157253666207351,222.68723511600786,45.96622889305816,0.10749534678975547
9411,5.092837364280866,203.02852963820484,45.96622889305816,0.09678158397240418
9412,4.566017256746882,227.05658317224007,45.96622889305816,0.09703926432929964
9413,4.883655630031633,204.2170437295711,45.96622889305816,0.09334968695754026
9414,5.264853274625798,203.25340110905964,45.96622889305816,0.10016129770057607
9415,4.884780786565853,198.8429514060998,45.96622889305816,0.09091407579439197
9416,4.199886059833694,225.78233164545867,45.96622889305816,0.0887571422931501
9417,4.16175002713544,238.96306977806017,45.96622889305816,0.09308562701566846
9418,5.939623682256212,230.58674183499494,45.96622889305816,0.12819441703699194
9419,4.153262795883292,162.07379282924782,45.96622889305816,0.06300544104929051
9420,5.234686137456346,173.23328305398795,45.96622889305816,0.08487852659664412
9421,5.881197959262485,212.57653274031424,45.96622889305816,0.11701915716249074
9422,5.718136648580908,239.5319912075347,45.96622889305816,0.1282017351355757
9423,5.876617834605426,168.41391148561502,45.96622889305816,0.09263631272987752
9424,5.965063189889822,165.62149349072922,45.96622889305816,0.09247143431224537
9425,5.556854987894309,219.94686560620426,45.96622889305816,0.11439912156337598
9426,4.425913459347335,190.58178342800258,45.96622889305816,0.0789514577636069
9427,5.26125798679264,199.81010405323653,45.96622889305816,0.09839723454212741
9428,5.407739757967462,170.48460021979352,45.96622889305816,0.08629324242830608
9429,4.814198598561356,217.38388275798744,45.96622889305816,0.09795513159650363
9430,4.0160699300184275,212.02504752083433,45.96622889305816,0.07970109430225655
9431,5.081730814631314,233.9919536255489,45.96622889305816,0.11129827373633902
9432,5.924308023689435,215.12367787323382,45.96622889305816,0.11928935593317418
9433,5.0775712763877765,202.4473216912372,45.96622889305816,0.09621525004425942
9434,4.889191654888641,222.27351945209358,45.96622889305816,0.10171866148777985
9435,4.668613892347915,179.37319763021935,45.96622889305816,0.07838290534195463
9436,4.882977479334606,186.607386837454,45.96622889305816,0.08528828886908636
9437,5.628467718641866,182.015564876595,45.96622889305816,0.09589027324015893
9438,4.8040954213371245,181.60999772133314,45.96622889305816,0.08166335659766878
9439,5.076530975237032,184.48936248781303,45.96622889305816,0.08766257416217643
9440,5.253365633744755,224.50281095215843,45.96622889305816,0.11039140492241142
9441,5.49940870299427,184.12721244463896,45.96622889305816,0.09477849837232503
9442,5.130967260574777,190.61348435931578,45.96622889305816,0.09154375286207407
9443,5.300392411990277,229.72304914761565,45.96622889305816,0.11396944789413686
9444,5.680517773627378,230.97815229290904,45.96622889305816,0.12281026674566345
9445,4.805344030375103,224.9050318282843,45.96622889305816,0.1011578304763137
9446,4.753291999782733,168.1276376843521,45.96622889305816,0.07480135308179671
9447,5.1775071563379775,207.7181953353787,45.96622889305816,0.1006632846508099
9448,5.521819419838861,227.23735333892537,45.96622889305816,0.11744587582225646
9449,5.7904948236700005,216.17075951053178,45.96622889305816,0.11716245814801758
9450,5.253395094036308,161.24628869058085,45.96622889305816,0.07928766723745855
9451,4.22712583059023,171.20246351313583,45.96622889305816,0.06773779170073262
9452,4.5183282995694105,231.45930359582275,45.96622889305816,0.09788773378509531
9453,5.452127435913394,210.65961519367286,45.96622889305816,0.10750363113076536
9454,4.248830707688327,212.4086329560476,45.96622889305816,0.08447290696557216
9455,5.460296216243913,184.63630214812673,45.96622889305816,0.09436460922726406
9456,4.487440862262351,214.9211477421622,45.96622889305816,0.09027214003477822
9457,4.2407970868809794,206.5295954954592,45.96622889305816,0.08197957000882122
9458,5.9506913358510545,161.9732283537397,45.96622889305816,0.09021661146617402
9459,4.364877136613233,202.4128600956021,45.96622889305816,0.08269628002157682
9460,4.14192066715152,216.62154433308564,45.96622889305816,0.08398065793323836
9461,4.161479305177849,175.32881000477008,45.96622889305816,0.06829310727123858
9462,5.095421442874429,225.23072071731715,45.96622889305816,0.10741961355251062
9463,4.733885838556925,164.51052922258555,45.96622889305816,0.07289325244471635
9464,4.695692171260343,165.89415207420222,45.96622889305816,0.0729132647398931
9465,4.376708394477599,197.45317298211836,45.96622889305816,0.08088864822858222
9466,5.761704345714356,231.48486234891385,45.96622889305816,0.12483875077716057
9467,5.4082805236601095,227.38645838504624,45.96622889305816,0.11510644899573103
9468,5.069733899408009,236.44376601672352,45.96622889305816,0.11219897294224432
9469,5.669243135256585,212.5660492853533,45.96622889305816,0.11279629442948276
9470,4.467916170580811,220.88479794203442,45.96622889305816,0.09237334958848062
9471,5.750156542822162,198.28906108817458,45.96622889305816,0.10672207808991116
9472,4.726949567568897,189.18395097351907,45.96622889305816,0.08370301635495554
9473,5.504385649899251,236.0007901900088,45.96622889305816,0.12159008436620153
9474,4.801005715666857,168.51734897904402,45.96622889305816,0.07572733792766222
9475,4.084234129887611,226.52834217653793,45.96622889305816,0.08659823201680017
9476,4.621499290372485,225.84193539340487,45.96622889305816,0.09769297301309231
9477,4.231799377583159,163.15484915182037,45.96622889305816,0.06462505193885655
9478,4.619224853084601,185.2531818374633,45.96622889305816,0.08009596311505883
9479,5.9950330832741106,179.10354057278545,45.96622889305816,0.10050128253971918
9480,5.482716549114408,233.6762890947866,45.96622889305816,0.1199185282484869
9481,5.565182565292826,237.93991991801445,45.96622889305816,0.12394316319043512
9482,4.334887630191527,214.67986904708897,45.96622889305816,0.08710538698212275
9483,5.04406354125706,229.59958176319947,45.96622889305816,0.10839955271742081
9484,5.485908020353518,222.31957943966236,45.96622889305816,0.11415687790381664
9485,4.77263725595614,214.15266093860166,45.96622889305816,0.095666029810202
9486,5.762543971556733,175.7757245715067,45.96622889305816,0.09480887600891172
9487,4.062843244366363,184.91988951588044,45.96622889305816,0.07032172903409806
9488,5.726253453005508,197.1849076959909,45.96622889305816,0.10568663900259567
9489,4.513926944737107,232.8623708086321,45.96622889305816,0.09838518112879073
9490,4.084418540410295,224.5246363527813,45.96622889305816,0.08583612218982958
9491,5.5981645249847105,201.5216949022338,45.96622889305816,0.10559499007978229
9492,4.527664000494526,194.7647983897756,45.96622889305816,0.08253924739940516
9493,4.708300058637118,171.3345076250454,45.96622889305816,0.07550658388705189
9494,5.190131776808189,175.65498643302038,45.96622889305816,0.08533254851230174
9495,5.992227044399702,205.95346040091277,45.96622889305816,0.11551362220027216
9496,4.233918561430832,209.1680246265396,45.96622889305816,0.0828921957480983
9497,4.7602483903152315,174.853835655447,45.96622889305816,0.07790774375772512
9498,4.594375807665889,180.47268623469284,45.96622889305816,0.07760931455919562
9499,5.16540094979229,182.0553074060887,45.96622889305816,0.08802037836915691
9500,4.095892295019868,225.43597642754975,45.96622889305816,0.08642663442222091
9501,4.570866946253866,184.37284952848353,45.96622889305816,0.07888081628198144
9502,4.866620800433886,223.46350154316954,45.96622889305816,0.10179113487639208
9503,5.230217310609716,167.01390317608943,45.96622889305816,0.08176137910238172
9504,4.919310128429677,220.53550668113385,45.96622889305816,0.1015450068386401
9505,4.081476450808264,163.2329796139853,45.96622889305816,0.062359274230320234
9506,5.403981406783569,200.12399364858547,45.96622889305816,0.10122524949216223
9507,4.327549823218098,213.6207323679768,45.96622889305816,0.08652892833886941
9508,4.163593071449737,195.5710890742178,45.96622889305816,0.07621646118327939
9509,5.639731611589664,174.16976370879974,45.96622889305816,0.09194053959526365
9510,5.179262650645166,189.6611420024281,45.96622889305816,0.09194373574325646
9511,5.786686591226712,211.72863614602565,45.96622889305816,0.11467939951399708
9512,4.7183717856092215,199.1364213573533,45.96622889305816,0.0879465293010463
9513,5.05207611274105,238.75397677020723,45.96622889305816,0.1129006254039483
9514,5.490647605301505,217.11651118059171,45.96622889305816,0.1115815196045285
9515,5.96737102428812,172.25583468789054,45.96622889305816,0.09621279501734932
9516,4.9343255160411355,236.94002901561234,45.96622889305816,0.10943143201628941
9517,5.704718984315724,176.39245768727534,45.96622889305816,0.09418681603269503
9518,4.84291486828384,175.03318576677057,45.96622889305816,0.079341988545423
9519,5.4014015764619945,209.38566356427407,45.96622889305816,0.10585935858556758
9520,5.16246161851444,232.2449525173032,45.96622889305816,0.11222224916425722
9521,4.200769754535251,235.2398831498518,45.96622889305816,0.09249445166797406
9522,4.969072667746339,162.1620042002605,45.96622889305816,0.07542239167180986
9523,5.829577010356523,234.49609911904156,45.96622889305816,0.12795242320623199
9524,5.8874683830879695,226.7835960378013,45.96622889305816,0.1249729651381114
9525,4.556852096325392,182.9178249674348,45.96622889305816,0.07801835878120159
9526,4.656131428035023,178.0452444781433,45.96622889305816,0.07759459266875429
9527,5.816588705931806,202.78480905580602,45.96622889305816,0.11040268169628725
9528,4.53237540826751,221.7796678078759,45.96622889305816,0.09408566348308806
9529,5.2554051406921936,190.3417747460231,45.96622889305816,0.09363024604334469
9530,5.828346124485138,204.44072504183262,45.96622889305816,0.11152920238054889
9531,5.256362838715511,162.61011684298504,45.96622889305816,0.0800034557748804
9532,5.2597622155599835,193.02760279915026,45.96622889305816,0.09503014170902532
9533,5.496085267660841,163.50465190572723,45.96622889305816,0.08411228359869642
9534,4.771741566779567,165.24853366699188,45.96622889305816,0.07380578059434757
9535,5.862693108616876,193.5899954301914,45.96622889305816,0.10623213732509874
9536,4.278373064180164,219.45758896908822,45.96622889305816,0.08788304653832514
9537,5.763693475878329,222.02823474335264,45.96622889305816,0.11978017160157771
9538,5.701040579865616,227.7520218411469,45.96622889305816,0.12153244134683984
9539,5.978644391232647,189.06898032239567,45.96622889305816,0.10580321220398903
9540,4.697143205469123,168.92863114331155,45.96622889305816,0.07426991257770292
9541,5.715103692173504,234.44292657665144,45.96622889305816,0.12541142346241227
9542,4.564683152553224,209.2055126062964,45.96622889305816,0.0893839638571048
9543,4.489876863371456,228.95766730605956,45.96622889305816,0.09622002622087217
9544,4.0137715871421955,215.60875486146617,45.96622889305816,0.08100184193731277
9545,5.08589107832094,182.88352579104262,45.96622889305816,0.08705976478922187
9546,5.8460644451813515,198.36516606358063,45.96622889305816,0.10854375896396382
9547,5.049063207227747,166.66183767014383,45.96622889305816,0.07876310388610122
9548,4.823730657242704,172.72103446475558,45.96622889305816,0.0779837525156023
9549,5.108553593077602,206.27198480120504,45.96622889305816,0.09863113938045681
9550,4.488242476603379,235.47550300668587,45.96622889305816,0.0989231400887328
9551,4.605654459659714,212.33853673350728,45.96622889305816,0.09153686212297808
9552,5.95823092507086,224.29041405403333,45.96622889305816,0.1250846140016013
9553,5.492406795594058,164.73828039474685,45.96622889305816,0.08469018330875734
9554,5.0483115213847425,220.31014216521675,45.96622889305816,0.10410137983164576
9555,5.320939919821075,205.4195661850848,45.96622889305816,0.10230715591448461
9556,5.842082680999552,204.76475813633007,45.96622889305816,0.1119692477767328
9557,5.675250888875415,230.86595724162882,45.96622889305816,0.12263680063876436
9558,5.572457846336565,171.9902151692443,45.96622889305816,0.08970700976761392
9559,5.55011400483316,222.9778950263739,45.96622889305816,0.11583493627250338
9560,5.347387286640964,189.7169484766232,45.96622889305816,0.0949562638450184
9561,4.578009563650595,212.06203388711313,45.96622889305816,0.0908689409992167
9562,5.459483470591103,233.59688383395581,45.96622889305816,0.11936979532043952
9563,4.682846307061929,183.12666419689475,45.96622889305816,0.08026705656768224
9564,5.482849589468087,238.27606296077812,45.96622889305816,0.12228201778895614
9565,4.580971112073113,181.9451357889627,45.96622889305816,0.07801423447254448
9566,5.787398454805479,181.17909159517552,45.96622889305816,0.09814480366775569
9567,4.830715384269301,239.36386079096775,45.96622889305816,0.10822955689363178
9568,5.601601502237971,179.98611843877097,45.96622889305816,0.09436850386971704
9569,5.9048942683411925,227.48780499388013,45.96622889305816,0.12573207839330253
9570,5.948091716945935,192.25270492843848,45.96622889305816,0.10703503715535972
9571,5.334380054356879,190.5449799989564,45.96622889305816,0.09513872229553508
9572,4.884208967913461,213.69639814457787,45.96622889305816,0.09769386409179254
9573,4.82935844670014,193.52102701867187,45.96622889305816,0.08747691324341195
9574,5.083612245384869,168.57991029101376,45.96622889305816,0.08021472229192785
9575,5.971748128579986,226.15646041531397,45.96622889305816,0.1264114256419334
9576,4.9648539901888995,220.467958838249,45.96622889305816,0.10245373867374821
9577,5.9949593512603485,201.3163661791811,45.96622889305816,0.11296428923404259
9578,5.447360363841319,166.799962322815,45.96622889305816,0.0850467855226886
9579,5.912491727062344,173.26571832132117,45.96622889305816,0.09588684700841929
9580,5.601936851304301,199.0156054842401,45.96622889305816,0.10435209916686078
9581,5.288796711035653,207.6809042201667,45.96622889305816,0.1028085629860718
9582,4.830939527628727,236.1733189733111,45.96622889305816,0.10679189245914723
9583,4.620364966287864,178.49087549758372,45.96622889305816,0.07719126367222154
9584,5.788399425436741,183.53479703944743,45.96622889305816,0.0994380860052016
9585,4.215631009843299,172.53006412431054,45.96622889305816,0.06807744107917238
9586,4.714277636393525,230.27232875426847,45.96622889305816,0.10160913575840093
9587,5.3276054318925254,170.13496573525478,45.96622889305816,0.08484016016792084
9588,5.07056984986664,209.8229916948376,45.96622889305816,0.09958311188248757
9589,5.616084767876657,205.09095467850554,45.96622889305816,0.10780924626568858
9590,4.686935404731555,239.6697379236592,45.96622889305816,0.10514243189896348
9591,4.519190813403603,237.16536041958233,45.96622889305816,0.1003200604909524
9592,4.418504362178647,201.4414700235294,45.96622889305816,0.08331055331251946
9593,4.2209813389927255,231.4399696816145,45.96622889305816,0.09143819503632564
9594,4.978754448076211,230.7184142060243,45.96622889305816,0.10751741497985282
9595,5.649909004278644,175.2052161452258,45.96622889305816,0.09265403424845856
9596,4.117029320739562,233.33536722806443,45.96622889305816,0.0899167041343092
9597,5.124277962324589,228.206359289358,45.96622889305816,0.1094551677431582
9598,5.37968527293021,221.56769721425613,45.96622889305816,0.11156787510903156
9599,4.966619808746611,218.6652975112023,45.96622889305816,0.10165216446259134
9600,5.837396882352644,216.74540086391295,45.96622889305816,0.11842542759221739
9601,5.863598384806623,179.31471541934724,45.96622889305816,0.09841379892598272
9602,5.6058637394741,202.3801417067474,45.96622889305816,0.10619065061125424
9603,4.121513757727178,211.62804035011283,45.96622889305816,0.08164052955151072
9604,5.254627355062361,239.27260450921648,45.96622889305816,0.11768219171009932
9605,5.299605803863197,170.4579881700919,45.96622889305816,0.08455450942421153
9606,5.9823517987252135,185.1880995941171,45.96622889305816,0.10369572976239706
9607,5.394518480124913,207.86134564120022,45.96622889305816,0.10495479106617213
9608,4.710884204487978,192.53310777111508,45.96622889305816,0.08489531009605723
9609,5.306026949958147,229.7357599259644,45.96622889305816,0.11409691489899601
9610,5.893240813685433,239.28066104677742,45.96622889305816,0.1319889689919683
9611,4.233480963609244,175.0325970018106,45.96622889305816,0.06935733487034855
9612,4.411213107657986,237.8653908855427,45.96622889305816,0.09821213346040164
9613,4.194895737944145,215.76430220253266,45.96622889305816,0.08471817916004631
9614,5.915482242477848,206.02386931213022,45.96622889305816,0.11407317858541646
9615,4.015662781985291,165.25327875145334,45.96622889305816,0.062113094885392385
9616,5.419631470068782,191.86865386019946,45.96622889305816,0.0973306521327321
9617,5.011378244009445,163.6164026360585,45.96622889305816,0.07674672849792935
9618,5.796663247236489,232.43121907184636,45.96622889305816,0.12610966727774794
9619,5.204214683489672,198.10352430764996,45.96622889305816,0.09649909807695378
9620,4.787300700001206,175.82891076300263,45.96622889305816,0.07878741320512972
9621,5.879432173351184,199.14510124367493,45.96622889305816,0.10959250680306315
9622,4.2161290169724746,223.41980067599488,45.96622889305816,0.08816808355021072
9623,5.94368782981459,182.59327790694272,45.96622889305816,0.1015819687304556
9624,5.374272402028832,239.74599346378787,45.96622889305816,0.1205998818494577
9625,4.229752703523861,225.00928662197612,45.96622889305816,0.0890822685549213
9626,4.996679665622714,213.54488341235606,45.96622889305816,0.0998726392539058
9627,4.361454911809001,177.43677750559044,45.96622889305816,0.07243540244809299
9628,5.112055817447169,180.04061275192382,45.96622889305816,0.08614734914403309
9629,5.1935059431894395,167.01623399379042,45.96622889305816,0.08118862164090931
9630,5.5638611413797525,181.91783983823896,45.96622889305816,0.0947387001599741
9631,5.474001973854223,173.04214040086637,45.96622889305816,0.08866101049549871
9632,5.599105748595856,161.08045503596156,45.96622889305816,0.08441844856644783
9633,4.341621155201815,187.03051579290033,45.96622889305816,0.07600466428165384
9634,5.5598615193027,162.53639921800698,45.96622889305816,0.08458443597223324
9635,5.480609633227432,178.82720516041118,45.96622889305816,0.09173568486750293
9636,5.993286350297516,182.94974690095114,45.96622889305816,0.10262961267547771
9637,4.291484988988642,214.66088295711864,45.96622889305816,0.08622562636897771
9638,4.553336310028032,203.2181000588517,45.96622889305816,0.08660998512062949
9639,5.544263524247877,223.99343422594785,45.96622889305816,0.11623983949187429
9640,4.441305155988484,176.78200328635413,45.96622889305816,0.07348936820300317
9641,4.542675314387721,191.57655792503874,45.96622889305816,0.08145728140693506
9642,5.493939017457857,203.36169214904513,45.96622889305816,0.10457523041040429
9643,5.759746986895947,215.8806628724875,45.96622889305816,0.11638392456683394
9644,5.226565076195454,201.6514946009953,45.96622889305816,0.09864922010525508
9645,4.825268662889492,187.67323692296628,45.96622889305816,0.08476170664922292
9646,4.349807044989675,181.60890389543232,45.96622889305816,0.07394060134629835
9647,5.801951262663635,226.3565786515676,45.96622889305816,0.12292580077312232
9648,4.008991735777537,177.92345583739703,45.96622889305816,0.06676428695537055
9649,5.614564731127905,206.84494265692527,45.96622889305816,0.10870182833831066
9650,4.14256121933726,224.59415544259195,45.96622889305816,0.08708497559670036
9651,5.506756431242347,182.528471386289,45.96622889305816,0.09408108843350396
9652,5.487821016276017,230.93832673065867,45.96622889305816,0.11862379179107742
9653,5.294409933932031,219.49253432167373,45.96622889305816,0.1087710113071845
9654,4.097977402296978,205.20586237142894,45.96622889305816,0.07871095316606928
9655,5.50722675423349,197.007914802627,45.96622889305816,0.10155293546081855
9656,4.8091469256836845,205.0382196845397,45.96622889305816,0.09229511527175721
9657,5.349637331146049,225.3306164677099,45.96622889305816,0.11282891047326415
9658,5.632711699260522,216.2450892248267,45.96622889305816,0.11400912843693209
9659,5.967206518754144,203.04443196677687,45.96622889305816,0.11340651423150346
9660,4.886535979917503,186.4627284081393,45.96622889305816,0.08528427940780409
9661,4.2487217948367375,177.7983897872762,45.96622889305816,0.0707069276574409
9662,4.612152041155844,200.52278175911042,45.96622889305816,0.08656516975284631
9663,5.99553725229948,222.03680209492327,45.96622889305816,0.12460312035676999
9664,5.775588964643946,174.5091341095524,45.96622889305816,0.09433878753243685
9665,4.048152778464761,160.2197257062243,45.96622889305816,0.0607083916404433
9666,5.005258839724439,169.402780236739,45.96622889305816,0.07936388584055888
9667,4.378702870345268,174.2135746122159,45.96622889305816,0.07140083925383317
9668,5.427477259527902,236.2579892004153,45.96622889305816,0.12002186324859522
9669,4.24235581035381,168.54842097579356,45.96622889305816,0.06692796611772503
9670,4.659366018453517,211.01029592535525,45.96622889305816,0.0920251053426202
9671,4.738621854411862,182.27629530144256,45.96622889305816,0.08084591765234206
9672,4.230377327290389,196.63905592747562,45.96622889305816,0.07786185300086355
9673,4.070518592675123,210.2545310273831,45.96622889305816,0.08010708991657177
9674,5.647037714652963,237.48634665360018,45.96622889305816,0.1255264317466874
9675,4.644569426257273,226.00802409363118,45.96622889305816,0.09825285214312746
9676,5.013813524838772,181.41347653220586,45.96622889305816,0.08513606483227823
9677,4.19287498272811,195.75813617194873,45.96622889305816,0.07682588707443125
9678,5.734490021782388,235.80147197464657,45.96622889305816,0.1265660312117957
9679,4.924022461220921,221.84888401550512,45.96622889305816,0.10224759990642368
9680,4.425999576529782,219.5232631684867,45.96622889305816,0.09094268381535402
9681,4.043027401907415,193.45550784252916,45.96622889305816,0.07320885804247956
9682,5.538986074697182,189.32877203918105,45.96622889305816,0.09815733082252107
9683,4.206457093478021,237.6851015593275,45.96622889305816,0.09358242018543075
9684,4.597825209142162,163.37714641394373,45.96622889305816,0.07031040703874371
9685,4.816160395358804,215.7583758503476,45.96622889305816,0.09726228202741911
9686,4.76746053823456,232.0514727153588,45.96622889305816,0.10354932797130668
9687,4.426171691929423,206.29876402098847,45.96622889305816,0.0854674469428785
9688,4.2139674743037645,169.44546665700108,45.96622889305816,0.06683392733105327
9689,4.390594985855547,177.41315793246696,45.96622889305816,0.072909656505793
9690,5.319090790165645,227.88594990772984,45.96622889305816,0.11345687096911647
9691,5.731001856071026,210.2630335167215,45.96622889305816,0.11278966938852181
9692,4.813768417261018,181.1747887938882,45.96622889305816,0.08163169338167575
9693,4.5863633929249445,196.23073031559846,45.96622889305816,0.08423863700488594
9694,5.257972848540973,204.4214776900049,45.96622889305816,0.10060526542740994
9695,5.523243125839819,170.26542732836648,45.96622889305816,0.08802306405917665
9696,4.225812163418493,239.26344424417147,45.96622889305816,0.09463731010797234
9697,4.6319455002385705,237.71102965298442,45.96622889305816,0.10305964039720927
9698,4.578862606925757,165.17037093160027,45.96622889305816,0.07078897193759928
9699,5.015029885876176,175.78934139234175,45.96622889305816,0.08251671174562146
9700,5.7990528240403405,194.59704211949838,45.96622889305816,0.10562559009471836
9701,4.881994227466298,191.16849196796855,45.96622889305816,0.0873553331908352
9702,4.222093064736912,209.86141438832027,45.96622889305816,0.08293469392211388
9703,4.30923451310345,211.17695997841,45.96622889305816,0.08517703374753115
9704,4.800382958443905,228.24082687334283,45.96622889305816,0.10255221996963283
9705,5.040907422727317,231.0708575959317,45.96622889305816,0.1090259165952496
9706,4.050604069363125,218.0343947207067,45.96622889305816,0.08266480620997439
9707,5.117673619200847,173.51515843627828,45.96622889305816,0.08311623361337056
9708,4.211497246595898,218.97139971933763,45.96622889305816,0.0863176810393161
9709,4.751042872277413,166.1097173746007,45.96622889305816,0.0738685947868701
9710,5.390115895439713,183.27227772224276,45.96622889305816,0.09246358530340798
9711,4.600061042310023,166.5682350370156,45.96622889305816,0.07171857097517875
9712,4.845179670769821,233.05091484001647,45.96622889305816,0.10569064473275784
9713,5.720439610001113,186.48402137569872,45.96622889305816,0.09984972652292115
9714,4.613605404901426,229.30604948174076,45.96622889305816,0.09902202609925577
9715,5.479186491265523,176.3020495505514,45.96622889305816,0.09041683325498985
9716,5.7965618853039285,232.9586815908919,45.96622889305816,0.1263936412028551
9717,4.680877694664906,231.427144919573,45.96622889305816,0.10139521023159952
9718,5.327237824929634,230.04961538781114,45.96622889305816,0.11470951558913767
9719,4.770804058548821,191.8515731204915,45.96622889305816,0.08567079428065551
9720,5.005627470274128,181.08551836545004,45.96622889305816,0.08484340599061954
9721,5.074677160194891,200.73040874905047,45.96622889305816,0.09534489313147258
9722,4.37619223712407,231.64352989264026,45.96622889305816,0.09488387537892336
9723,4.209204558702501,230.58338632899148,45.96622889305816,0.09084559918796395
9724,5.075784890436877,198.5643271515369,45.96622889305816,0.09433661435972618
9725,5.716960967193676,196.25891505723547,45.96622889305816,0.10501962652078507
9726,4.605846890520534,172.63580598456616,45.96622889305816,0.07442455084145828
9727,5.375665445855676,226.64506192231372,45.96622889305816,0.11403924740672272
9728,5.020438761255112,182.599998563029,45.96622889305816,0.0858061255513137
9729,5.881655216147007,211.7248889166684,45.96622889305816,0.11655940582586367
9730,5.089710539139744,223.3698598937234,45.96622889305816,0.1064127102505508
9731,4.668189786321563,218.9049968768387,45.96622889305816,0.09564891060771186
9732,4.701370260528245,180.6440370664324,45.96622889305816,0.07949209353751106
9733,4.4653959451872085,230.68603027565558,45.96622889305816,0.09641777784951744
9734,5.6109493515133915,176.65936683059144,45.96622889305816,0.09277882471324336
9735,4.140389638615383,172.36797593916796,45.96622889305816,0.06679956643847479
9736,4.615116948336712,208.78599539224726,45.96622889305816,0.09019031916118637
9737,5.330891809046738,169.11463525021315,45.96622889305816,0.08438337871191898
9738,4.909296739961852,201.6776447025029,45.96622889305816,0.09267292978268665
9739,4.518401757171196,218.38537088137065,45.96622889305816,0.09236006615448927
9740,5.190415592190425,218.46624417348562,45.96622889305816,0.10613590417173188
9741,5.396974597854325,231.75180698427428,45.96622889305816,0.1170710063921705
9742,5.346097528939955,224.00955202168907,45.96622889305816,0.11209319901206839
9743,5.01887278343942,178.9778878456683,45.96622889305816,0.08407781461367474
9744,4.181748313368712,199.15626928643232,45.96622889305816,0.07795208240214814
9745,5.596673764842267,206.66686012793835,45.96622889305816,0.10826215865153761
9746,4.051641612621886,179.1366147484351,45.96622889305816,0.06793463314488009
9747,4.882142298865152,192.17658097647654,45.96622889305816,0.08781864762870019
9748,5.394620098952219,174.0590181449058,45.96622889305816,0.08788874119163402
9749,4.739626032009504,202.87973856708774,45.96622889305816,0.09000333485019411
9750,5.9674553067342035,234.01634317143194,45.96622889305816,0.1307107216509957
9751,4.76340747733729,186.72410252053027,45.96622889305816,0.08325186350320837
9752,5.899387476987771,228.9268337997604,45.96622889305816,0.12640942982910222
9753,5.42038966471718,209.7298985791272,45.96622889305816,0.10640614370634927
9754,5.457741184325146,216.77796953964986,45.96622889305816,0.11073984968694298
9755,5.673471540867169,217.8830954061526,45.96622889305816,0.11570397143973903
9756,5.300418905838081,234.9449161901746,45.96622889305816,0.11656068611662285
9757,5.881363435200141,193.34870737549235,45.96622889305816,0.10643761606621409
9758,5.997063304423954,191.4500863176242,45.96622889305816,0.10746574368980324
9759,4.4979915747459875,176.5903269562405,45.96622889305816,0.07434664874496372
9760,4.2378322890593,189.19418591376242,45.96622889305816,0.07504597432497022
9761,5.936185651508689,185.96035037826852,45.96622889305816,0.10332458731904454
9762,5.839107954912085,168.57505826107993,45.96622889305816,0.09213309740157494
9763,4.292864030825734,173.0470205974495,45.96622889305816,0.06953238212210325
9764,5.098997048285593,239.35073694131526,45.96622889305816,0.1142339984293948
9765,4.40806758609813,186.70465012219873,45.96622889305816,0.07703342865292993
9766,5.706694098863627,202.49674082591653,45.96622889305816,0.10816293907321113
9767,4.689669832380725,193.8170775006756,45.96622889305816,0.08507660628683879
9768,5.470151091273813,188.99002754732024,45.96622889305816,0.09676405490804599
9769,5.3246461288234785,224.07351313346336,45.96622889305816,0.1116752985764182
9770,4.113756978416659,219.98936396133084,45.96622889305816,0.08470638831782716
9771,5.888582704452301,166.43075775594315,45.96622889305816,0.09173186395874633
9772,4.163435541264944,209.2359009367067,45.96622889305816,0.08153872145344933
9773,5.352870294205017,196.98199708978922,45.96622889305816,0.09869362595493449
9774,5.871136739019942,170.1308375327097,45.96622889305816,0.09349342803950994
9775,4.236987107511257,160.822984667435,45.96622889305816,0.06377949982192488
9776,5.644117082900826,167.21246235331924,45.96622889305816,0.08833656454667745
9777,5.206774489921254,234.36881249620848,45.96622889305816,0.11422059986735388
9778,4.10531550273806,169.3901523350371,45.96622889305816,0.06508944172150892
9779,5.742084469564925,182.20442370488294,45.96622889305816,0.0979274267376758
9780,4.844667804888996,206.42104208917456,45.96622889305816,0.09360387287419525
9781,5.433089281589205,174.71674898612932,45.96622889305816,0.08884995876718893
9782,5.747493855305795,221.93137762765716,45.96622889305816,0.1193914078544781
9783,4.181193286154985,168.65901921502433,45.96622889305816,0.06600634174286985
9784,5.4144097247520815,197.81699522809686,45.96622889305816,0.10025142778724522
9785,4.905013492501942,177.4033974801829,45.96622889305816,0.08144754305275992
9786,5.424668048974659,169.12729054009205,45.96622889305816,0.08587420070135318
9787,4.746590723097681,217.77536870743947,45.96622889305816,0.0967534349957051
9788,5.961296874787978,176.98896375858314,45.96622889305816,0.098755839610834
9789,5.271882581813442,165.13382309679253,45.96622889305816,0.08148498936104993
9790,4.533953984688674,167.71894852650425,45.96622889305816,0.07117624753008481
9791,5.66141075927955,193.44536870243147,45.96622889305816,0.10250825754356413
9792,5.782852297219185,163.21681738219388,45.96622889305816,0.0883451787513445
9793,5.396681387088107,201.1524408924537,45.96622889305816,0.10160800731728202
9794,5.387032634168072,237.34211934668775,45.96622889305816,0.11967412788706942
9795,5.945445673496024,226.4570190541856,45.96622889305816,0.12602190783017292
9796,4.421334419286263,220.74831461872978,45.96622889305816,0.09135379856521367
9797,5.9146360742311295,187.70341615510677,45.96622889305816,0.10391447630747781
9798,4.698705843894402,198.23148953220488,45.96622889305816,0.08718198449770957
9799,5.390212043932113,179.82198225985684,45.96622889305816,0.09072447832102144
9800,4.316244194355026,182.92193927950467,45.96622889305816,0.07390054698954639
9801,5.291174970853327,163.36797667355202,45.96622889305816,0.08090864020643496
9802,5.85508760805147,204.60529335687824,45.96622889305816,0.11213110749443554
9803,4.2123574073975405,217.8503555052273,45.96622889305816,0.08589330909587672
9804,4.573453291649901,221.3285160623462,45.96622889305816,0.09474525499807605
9805,5.7604256621291805,200.2974293505363,45.96622889305816,0.10799553511556183
9806,4.369165927349525,197.79787233174952,45.96622889305816,0.08089021739392883
9807,5.142361339922933,188.77801603587318,45.96622889305816,0.09086358261148512
9808,5.538654100805411,181.71707836786095,45.96622889305816,0.09420540866460654
9809,5.682828173809481,195.00210732970015,45.96622889305816,0.10372410074383723
9810,5.173039684795108,164.4816505148838,45.96622889305816,0.07964144187799117
9811,4.42027685037897,195.08596923884008,45.96622889305816,0.08071446180659365
9812,5.477918603227665,237.70529331950553,45.96622889305816,0.12187939124655292
9813,4.145094437912814,234.95402510393234,45.96622889305816,0.09115765987756311
9814,4.616164776047907,238.61627022660196,45.96622889305816,0.10309965322288028
9815,4.089366962927103,200.71530324659173,45.96622889305816,0.07682674241272752
9816,5.555064809783898,188.03675601437476,45.96622889305816,0.09777047588393661
9817,5.947529956760098,233.98008661207223,45.96622889305816,0.13025409456483425
9818,4.662398535414504,160.32408452528978,45.96622889305816,0.06996551111619101
9819,4.350695119640544,162.60339926340194,45.96622889305816,0.0662161795413062
9820,5.359382831088282,171.28057276941308,45.96622889305816,0.08592088386954007
9821,4.959475709220914,174.99546775996782,45.96622889305816,0.08123410821982362
9822,5.733898083301465,183.5616344737805,45.96622889305816,0.09851621870159727
9823,5.395736842717176,206.87289309217113,45.96622889305816,0.10447928627918368
9824,4.750959030380141,220.79079714788276,45.96622889305816,0.09818340775163514
9825,4.228857893670012,216.8781079856543,45.96622889305816,0.08584493101885132
9826,4.358904863289351,166.5511052734687,45.96622889305816,0.06795176757059242
9827,5.935869777009172,173.76201795120542,45.96622889305816,0.09654172732607696
9828,4.529482167805399,160.81467269847502,45.96622889305816,0.06817891320014152
9829,5.353949411410812,220.79300991556008,45.96622889305816,0.11064592707302486
9830,4.0412874903636595,201.36753482704904,45.96622889305816,0.07617019170963589
9831,5.696154035121054,222.97346443166566,45.96622889305816,0.11888053624019228
9832,5.607758044566779,165.4548538421076,45.96622889305816,0.08684496172363751
9833,4.565962082755055,201.68843107678094,45.96622889305816,0.08619640181820142
9834,5.021671371530848,220.60407523695633,45.96622889305816,0.10369018942405915
9835,5.839366743101708,217.34052036764146,45.96622889305816,0.11879066221431789
9836,4.96331787997921,207.2354850998225,45.96622889305816,0.0962746750894139
9837,4.0075812743824715,196.05314426692433,45.96622889305816,0.07354141795240635
9838,4.227344647817491,218.5232508313322,45.96622889305816,0.08646516167566785
9839,5.562619317107829,239.97278236810592,45.96622889305816,0.12494450917549589
9840,4.925685674441293,166.96302676056808,45.96622889305816,0.07697733161750317
9841,4.2776328817325595,232.61195403713018,45.96622889305816,0.09313467165038003
9842,4.3917442379720315,189.04469265811576,45.96622889305816,0.07771008395596433
9843,4.266863263581041,225.51405559833796,45.96622889305816,0.09006544303414828
9844,4.6023710662262545,189.78385043749307,45.96622889305816,0.08175545371567351
9845,5.484913660412608,207.79255613547383,45.96622889305816,0.10667818789800251
9846,5.190923131991274,164.05212891914073,45.96622889305816,0.07970807434438201
9847,4.436516535560315,182.04287520274025,45.96622889305816,0.07559475075527546
9848,5.989876496465357,177.97643658096632,45.96622889305816,0.0997829234439324
9849,4.746563206858258,175.4040785450204,45.96622889305816,0.07792822866391709
9850,4.947995830280549,160.005682238804,45.96622889305816,0.07410381718323138
9851,5.607066486749924,230.62203061100902,45.96622889305816,0.12103538231727107
9852,4.980786789107496,227.60666305037068,45.96622889305816,0.10611060037663433
9853,4.009984879838376,194.98803200648686,45.96622889305816,0.07318575202493444
9854,4.340475784001619,191.23453097971583,45.96622889305816,0.07769257243322926
9855,4.84409214068456,214.30861926506023,45.96622889305816,0.09716903335740162
9856,5.604360229180534,235.34222045826016,45.96622889305816,0.12345302554259788
9857,4.599353637945672,215.1355167790634,45.96622889305816,0.09261573251571648
9858,5.674888205564946,192.0009042654113,45.96622889305816,0.10198503123808773
9859,5.121386838714368,214.94010302409316,45.96622889305816,0.10303407641961734
9860,4.157972330718751,209.7215063074239,45.96622889305816,0.08162071822784193
9861,5.085541065655352,184.69148711903296,45.96622889305816,0.08791437491186677
9862,5.989986465558031,166.52876513033078,45.96622889305816,0.09336647261043401
9863,5.9012276023283645,211.0081615220248,45.96622889305816,0.11655139271165534
9864,4.118750595028004,174.46764256238578,45.96622889305816,0.06725990293934742
9865,5.563884016489608,175.68068874917765,45.96622889305816,0.09149090896646393
9866,4.093499900483799,203.77622387440178,45.96622889305816,0.07807718432131752
9867,5.997177888220853,190.34608752614756,45.96622889305816,0.10684808289990091
9868,4.883812000879421,221.9153181784872,45.96622889305816,0.10144299616767308
9869,5.197544337167603,181.6196201610574,45.96622889305816,0.08835615624762905
9870,5.095253058703297,196.815901967784,45.96622889305816,0.09386459096066205
9871,4.032619970648814,168.59934504350096,45.96622889305816,0.06363836723656452
9872,5.209790417716647,171.90656740117186,45.96622889305816,0.08382789675834781
9873,5.538089911396255,199.29150802576476,45.96622889305816,0.10330578554628699
9874,4.17187443833893,236.1380759903344,45.96622889305816,0.09220895453414847
9875,5.676676706686523,211.11670688853332,45.96622889305816,0.11217410496737673
9876,5.491075406648435,213.21650204126215,45.96622889305816,0.1095857465648756
9877,4.025825397270241,209.65419408124683,45.96622889305816,0.07900131837092114
9878,4.489214634797725,235.8296003833883,45.96622889305816,0.09909335529845913
9879,4.818107113620969,216.37546745212092,45.96622889305816,0.09757988874917022
9880,4.297721659166365,197.84489978627047,45.96622889305816,0.07958642430651623
9881,4.20874594054324,192.52120393744352,45.96622889305816,0.07584153740656392
9882,5.120777430200149,210.59987694393695,45.96622889305816,0.10094152504713648
9883,4.790955777043757,172.7099425559221,45.96622889305816,0.07744891724305543
9884,5.319285523706938,160.95360128938506,45.96622889305816,0.08013640390021885
9885,5.6173170524993346,214.0233371164765,45.96622889305816,0.11252937769792966
9886,5.548477651390041,237.89274772492058,45.96622889305816,0.12354662681520034
9887,4.654191917408526,202.61589264808094,45.96622889305816,0.08826604019075343
9888,5.265212797287014,206.86595821043397,45.96622889305816,0.10194849199010901
9889,5.267374636612744,235.35887772488118,45.96622889305816,0.11603810865157799
9890,4.96783276323073,228.93717338134874,45.96622889305816,0.10645330088439994
9891,5.262476128996094,222.6028243792043,45.96622889305816,0.10964697583719415
9892,4.655863626996109,186.33108526863248,45.96622889305816,0.08120100666421567
9893,5.870507495675828,226.63965457848718,45.96622889305816,0.12453384443950845
9894,5.012573558093957,196.85945208193894,45.96622889305816,0.09236190451801168
9895,4.5023074919348565,176.60256619714687,45.96622889305816,0.07442314372437384
9896,4.4513416639881305,235.33573509958467,45.96622889305816,0.09805159378629155
9897,4.533186612210722,195.7091133446226,45.96622889305816,0.08304060328213796
9898,5.363917613035117,211.63886552030283,45.96622889305816,0.1062559778311627
9899,5.541932557423389,190.33152210044676,45.96622889305816,0.09872969736543406
9900,4.664850660553411,200.2104494743273,45.96622889305816,0.08741789292412903
9901,5.269451254362021,239.568155561716,45.96622889305816,0.11815995838887679
9902,5.1748109952266335,221.4194296810936,45.96622889305816,0.10724722625172195
9903,5.849034385092298,160.26716374394314,45.96622889305816,0.08774140298410105
9904,4.508016734191287,160.25989064618614,45.96622889305816,0.06762171956461019
9905,5.806856024445032,190.99482405794953,45.96622889305816,0.10380983602567247
9906,5.1600777450098345,198.66803921801127,45.96622889305816,0.09595334060335306
9907,5.506641373837781,189.455361857619,45.96622889305816,0.09764939191181365
9908,4.024411889560029,188.71189677810264,45.96622889305816,0.0710849319425127
9909,4.940702041417374,192.43563356622644,45.96622889305816,0.08899180314355663
9910,4.546027390648191,167.7223714990618,45.96622889305816,0.07136723831882172
9911,4.0561705592180495,232.8822617865062,45.96622889305816,0.08841551228850948
9912,4.131885797512062,191.76170309412694,45.96622889305816,0.07416278602399817
9913,4.1566326306772465,168.8891578361347,45.96622889305816,0.06570815326258035
9914,5.2949262306327265,233.91110952720905,45.96622889305816,0.11592753770258143
9915,4.696421030877612,219.6505078907066,45.96622889305816,0.0965550703760008
9916,5.561008554615324,211.23010955429356,45.96622889305816,0.10994746896654381
9917,5.737452751710692,174.93503599443434,45.96622889305816,0.09394458874041163
9918,4.150264168675177,196.48458993258666,45.96622889305816,0.07632733242832307
9919,5.068028626306888,189.7617941417793,45.96622889305816,0.09001682397769392
9920,5.843797885590702,169.87345357845592,45.96622889305816,0.09291729365940257
9921,5.865923612506667,193.80015209062583,45.96622889305816,0.1064060607407415
9922,5.666588544964796,190.22735159528716,45.96622889305816,0.10089519630735587
9923,5.016011537560989,215.0512002337398,45.96622889305816,0.10096625462402958
9924,4.947632392359389,229.9234707078146,45.96622889305816,0.10647718955056672
9925,5.074094276430163,161.45025821678297,45.96622889305816,0.07667841459526095
9926,5.597185084149067,199.53361225993183,45.96622889305816,0.10453496585947028
9927,5.346795435987322,185.8809565761424,45.96622889305816,0.0930259933441746
9928,5.397831718279546,217.78685735004504,45.96622889305816,0.11003398908170724
9929,5.997096813573132,189.18391992518764,45.96622889305816,0.10619428092274098
9930,4.439278799196813,198.54904095517995,45.96622889305816,0.08250040170339458
9931,5.383599133276834,198.53666762625966,45.96622889305816,0.10004359545239927
9932,5.723359901312344,237.054231307767,45.96622889305816,0.1269914894261484
9933,5.959848431268718,170.07268533883428,45.96622889305816,0.09487365515955377
9934,4.487065816411568,183.56529610856458,45.96622889305816,0.07709547130723224
9935,5.857329220744,222.4988065494446,45.96622889305816,0.12198408404670338
9936,4.242742605306071,195.06984466312474,45.96622889305816,0.07746627479410652
9937,5.858444210917649,176.49983817990332,45.96622889305816,0.09678375300793272
9938,5.107027165677265,215.13847773854238,45.96622889305816,0.10284000949808253
9939,4.129605824866077,194.54739777995272,45.96622889305816,0.07519862067912143
9940,5.836260924343537,160.94379673435895,45.96622889305816,0.08791941524148697
9941,5.266783309365675,229.92817948353726,45.96622889305816,0.11334790565810987
9942,4.859928236249555,180.71770544924087,45.96622889305816,0.08220654744148041
9943,5.453317580244552,189.35668144674293,45.96622889305816,0.0966534304198592
9944,4.668848246644273,180.836881805319,45.96622889305816,0.07902647611984767
9945,5.9215773045624545,219.62908745001667,45.96622889305816,0.12173153800071712
9946,4.277245695548059,183.79616975144722,45.96622889305816,0.07358283278682319
9947,5.79321972504743,226.3724413886814,45.96622889305816,0.12274940739298089
9948,4.704332138402954,216.73295399140255,45.96622889305816,0.09543304376543472
9949,4.20162702890441,171.9166994001291,45.96622889305816,0.06761007404607615
9950,5.801709239505691,203.4698269350799,45.96622889305816,0.11049225172969246
9951,4.272390574672949,199.24472755174392,45.96622889305816,0.0796771213098448
9952,4.927935581885843,239.74921830413342,45.96622889305816,0.11058547065791996
9953,4.029256319677027,219.17097948947045,45.96622889305816,0.08265779067290967
9954,5.512699405256949,222.00386781980174,45.96622889305816,0.1145514792328886
9955,5.55518117696768,216.77162587646083,45.96622889305816,0.11271364938003413
9956,4.847613787289454,163.9534104188104,45.96622889305816,0.07439167127989132
9957,5.935176727326228,179.3750928098416,45.96622889305816,0.09964870122233091
9958,4.610457997634872,172.21963269008185,45.96622889305816,0.07431946543810414
9959,4.663527040563477,186.2255302925953,45.96622889305816,0.08128858572083725
9960,4.719392484180693,192.28595044232057,45.96622889305816,0.0849394605693843
9961,5.335768862949283,237.67015445235776,45.96622889305816,0.11869912171533663
9962,5.044826609103099,239.52759770631346,45.96622889305816,0.11310391858178583
9963,4.110198255834797,190.0560723125522,45.96622889305816,0.0731173376166353
9964,4.060332092160203,207.78486037485143,45.96622889305816,0.07896803024869539
9965,5.958264798103617,176.97960694970894,45.96622889305816,0.09870039148981424
9966,5.435227421197512,221.05073312066867,45.96622889305816,0.1124567501740742
9967,4.20712156119954,194.61514910998864,45.96622889305816,0.07663683361994682
9968,4.279494695174839,188.17475976535593,45.96622889305816,0.07537541414660155
9969,5.613666341970441,183.25009116563075,45.96622889305816,0.09628677573273872
9970,5.8666459993887425,222.09947325581157,45.96622889305816,0.12195883311230307
9971,4.52637813799275,194.09529412522335,45.96622889305816,0.08223215794706798
9972,5.23548236587528,208.53878752217642,45.96622889305816,0.10219258714142712
9973,5.126061403996677,190.09700267617882,45.96622889305816,0.09120841782940492
9974,5.888071477719621,167.03243239120576,45.96622889305816,0.09205549713517153
9975,5.26615374153423,162.84640547967098,45.96622889305816,0.08026894582313908
9976,5.111443662753447,174.7446018783899,45.96622889305816,0.08360325678478832
9977,4.168602446838884,164.22423785198194,45.96622889305816,0.06407720839166614
9978,5.911212744456088,170.27527487558234,45.96622889305816,0.09421152389160463
9979,4.718866811436576,197.62552106130826,45.96622889305816,0.08728841276336073
9980,4.048770749638413,233.97065187560992,45.96622889305816,0.0886666745566182
9981,4.0306404684623365,232.92188132547048,45.96622889305816,0.08787396017657306
9982,4.063586308076296,192.82324575680704,45.96622889305816,0.07334064516506754
9983,5.565885308657081,161.9822777020075,45.96622889305816,0.08438739938220526
9984,5.61962732239287,197.63161922644014,45.96622889305816,0.10395366201545334
9985,4.942522682367541,174.89295878147936,45.96622889305816,0.0809090021154948
9986,4.467084855769079,223.8882001524373,45.96622889305816,0.09361194226360228
9987,4.020791053845197,185.50225612868212,45.96622889305816,0.0698130399948046
9988,4.640692002463542,181.66753661062137,45.96622889305816,0.0789107046863769
9989,4.621530172135657,169.8031215108323,45.96622889305816,0.07345262334244808
9990,4.333419064362588,204.5726076439381,45.96622889305816,0.08297629123779302
9991,5.123374864534917,234.37394522071972,45.96622889305816,0.11239353027355928
9992,5.064461430420926,195.0275273205952,45.96622889305816,0.09244959890264447
9993,4.19029169264697,218.88520576962316,45.96622889305816,0.08584925163794692
9994,4.892126510320035,220.73163385859957,45.96622889305816,0.1010736864695292
9995,4.387012356072855,209.2181043059105,45.96622889305816,0.08591004945471019
9996,5.4484667647847695,188.9396231897469,45.96622889305816,0.09635476570202749
9997,4.959794601642987,165.14819299281288,45.96622889305816,0.07666786446479291
9998,4.54058773761903,173.15882960073992,45.96622889305816,0.07359233154114656
9999,4.749311240091778,167.13461179614592,45.96622889305816,0.07429727358254558
